카테고리,카테고리명,검색어,기사제목,언론사,정규언론사,게시일,RSS게시일,RSS요약,본문전문,본문글자수,본문추출방식,본문품질점수,본문품질사유,중요도점수,본문사용가능,본문정제적용,원래RSS링크,링크,랭킹점수,사건태그,사건단계,원문날짜,원문날짜출처,날짜검증결과,날짜후보수,대표선택점수,개인정보보안사건키,개인정보보안대표보너스,전역사건키,전역사건기본키,전역사건대표보너스,이슈패밀리,정책규제의무,자사홍보성,링크상태,링크검증사유,본문정합성,v20_issue_id,v20_issue_group,v20_issue_family,v20_internal_category,v20_issue_score,v21_self_tier,v21_gov_tier,v21_competitor_tier,v21_competitor_scope,Gemini카테고리,Gemini내부카테고리,Gemini이슈유형,Gemini이슈그룹,Gemini중복그룹,Gemini관련성,Gemini중요도,Gemini대외협력중요도,Gemini관련도,Gemini판단사유,Gemini선정사유,선정단계,수집검색어,수집원카테고리,수집JSON카테고리,Gemini판단카테고리,최종카테고리,최종카테고리명,선정순서,본문상태,제외단계,최종카테고리검증결과,v25한국정부국회근거,최종카테고리재배치,v24대표기사정합성
자사_및_계열사_이슈,자사 및 계열사 이슈,네이버,네이버 검색 최고 80%…AI탭 출시 후 점유율 ‘껑충’,v.daum.net,v.daum.net,"Sun, 21 Jun 2026 04:37:23 GMT","Sun, 21 Jun 2026 04:37:23 GMT",네이버 검색 최고 80%…AI탭 출시 후 점유율 ‘껑충’ v.daum.net,"네이버 검색 최고 80%…AI탭 출시 후 점유율 ‘껑충’ 김성주 2026. 6. 21. 글자 수 10,000자 초과 시 일부만 음성으로 제공합니다. 가 매우 작은 폰트 작은 폰트 보통 폰트 큰 폰트 매우 큰 폰트 가 이 글자크기로 변경됩니다. (예시) 가장 빠른 뉴스가 있고 다양한 정보, 쌍방향 소통이 숨쉬는 다음뉴스를 만나보세요. 다음뉴스는 국내외 주요이슈와 실시간 속보, 문화생활 및 다양한 분야의 뉴스를 입체적으로 전달하고 있습니다. 글자 수 10,000자 초과 시 일부만 음성으로 제공합니다. 가 매우 작은 폰트 작은 폰트 보통 폰트 큰 폰트 매우 큰 폰트 가 이 글자크기로 변경됩니다. (예시) 가장 빠른 뉴스가 있고 다양한 정보, 쌍방향 소통이 숨쉬는 다음뉴스를 만나보세요. 다음뉴스는 국내외 주요이슈와 실시간 속보, 문화생활 및 다양한 분야의 뉴스를 입체적으로 전달하고 있습니다. 글자 수 10,000자 초과 시 일부만 음성으로 제공합니다. 글자 수 10,000자 초과 시 일부만 음성으로 제공합니다. 글자 수 10,000자 초과 시 일부만 음성으로 제공합니다. 가 매우 작은 폰트 작은 폰트 보통 폰트 큰 폰트 매우 큰 폰트 가 이 글자크기로 변경됩니다. (예시) 가장 빠른 뉴스가 있고 다양한 정보, 쌍방향 소통이 숨쉬는 다음뉴스를 만나보세요. 다음뉴스는 국내외 주요이슈와 실시간 속보, 문화생활 및 다양한 분야의 뉴스를 입체적으로 전달하고 있습니다. 가 매우 작은 폰트 작은 폰트 보통 폰트 큰 폰트 매우 큰 폰트 가 이 글자크기로 변경됩니다. (예시) 가장 빠른 뉴스가 있고 다양한 정보, 쌍방향 소통이 숨쉬는 다음뉴스를 만나보세요. 다음뉴스는 국내외 주요이슈와 실시간 속보, 문화생활 및 다양한 분야의 뉴스를 입체적으로 전달하고 있습니다. 가 매우 작은 폰트 작은 폰트 보통 폰트 큰 폰트 매우 큰 폰트 가 이 글자크기로 변경됩니다. (예시) 가장 빠른 뉴스가 있고 다양한 정보, 쌍방향 소통이 숨쉬는 다음뉴스를 만나보세요. 다음뉴스는 국내외 주요이슈와 실시간 속보, 문화생활 및 다양한 분야의 뉴스를 입체적으로 전달하고 있습니다. (예시) 가장 빠른 뉴스가 있고 다양한 정보, 쌍방향 소통이 숨쉬는 다음뉴스를 만나보세요. 다음뉴스는 국내외 주요이슈와 실시간 속보, 문화생활 및 다양한 분야의 뉴스를 입체적으로 전달하고 있습니다. 네이버 검색 점유율이 인공지능(AI) 검색 서비스 강화 이후 한때 80%를 넘어서며 국내 검색 시장에서 강세를 이어가고 있습니다. 시장조사업체 인터넷트렌드와 네이버에 따르면 AI탭 베타 서비스 출시 전인 올해 1월 1일∼4월 26일 네이버 평균 검색 점유율은 63.82%였으나 출시 후인 4월 27일∼6월 17일에는 66.34%로 집계됐습니다. AI탭 출시 이후 평균 검색 점유율이 2.52%포인트 상승한 것입니다. 특히 지난달 24일에는 네이버 검색 점유율이 81.34%까지 오르며 80%를 돌파했습니다. AI탭 베타 서비스 출시 이후 약 한 달 반 동안 검색 점유율이 70%를 웃돈 날도 모두 14차례에 달했습니다. 네이버는 이달 말 AI탭 정식 서비스를 시작하고 전체 이용자를 대상으로 서비스를 확대할 예정입니다. 업계에서는 네이버가 AI 검색과 기존 검색 생태계를 결합하며 재검색·교차검증 수요를 흡수하고 있다는 해석이 나옵니다. 이와 관련해 네이버 관계자는 “검색의 본질인 최신성과 신뢰성을 강화하는 동시에 탐색에서 구매, 예약, 방문까지 자연스럽게 연결되는 경험을 제공하려고 노력하고 있다”고 말했습니다. 김성주 기자 (flying94@kbs.co.kr) KBS에서 직접 확인하세요. 해당 언론사로 이동합니다. 이란 “호르무즈 재봉쇄”…밴스 美부통령 “상황 호전되고 있어” “너무도 밉지만 꼭 살아났으면”…‘문 닫은 홈플러스’ 못 떠나는 사람들 독일, 코트디부아르에 역전승 조 1위 네덜란드, 스웨덴에 ‘골 폭풍’ 조 선두 청와대 홍보소통수석·민정수석 등 인사 단행…“AI 수석은 왜 없어요?” [지금뉴스] [재난·안전 인사이드] “더위 왔는데 몸은 아직” 초여름 온열질환 주의 내 차는 어떤 유리?…침수 시 탈출법 달라 [크랩] 소방관이 힘든 줄 알았지만, 이 정도일 줄은… 로봇에게도 옷을…의류전시회까지 열려 [AI:너머] 무너지고 잠기고…‘호우 피해’ 잇따라 KBS에서 직접 확인하세요. 해당 언론사로 이동합니다.",2118,bs4_selector,86.0,category_guardrail_failed:v41_self_guard_actual_actor_absent,16.5,True,True,https://news.google.com/rss/articles/CBMiRkFVX3lxTE1nOWRlLUFpeWlQTWZLOXNuWF8zcG85STFsMUdFR3pyRXY5d1JvV1lhTklnWmstcy0wQ20yUDViU2dRM0lpTmc?oc=5,https://v.daum.net/v/ZOghhklwWs,207.0,"ai_agent,ai_infrastructure_security,platform_obligation,search_ads",ai_infrastructure_security,2026-06-21,visible_date_node,original_date_recent,2.0,130.95,,7.0,global_incident:platform_regulation:naver:platform_algorithm_ad_obligation:general,global_incident:platform_regulation:naver:platform_algorithm_ad_obligation,48.0,self:platform_obligation,Y,,ok,http_200,body_valid,I037,self_filler_reference:네이버 검색 최고 80 ai탭 출시 후 점유율 껑충,self_filler_reference,SELF_AFFILIATE_BUSINESS,583.5,OFF_TOPIC,,COMP_DOMESTIC_AI_PLATFORM,domestic,자사_및_계열사_이슈,SELF_AFFILIATE_BUSINESS,self_filler_reference,self_filler_reference:네이버 검색 최고 80 ai탭 출시 후 점유율 껑충,self_filler_reference:네이버 검색 최고 80 ai탭 출시 후 점유율 껑충,카카오가 경쟁사 전략·리스크·AI/플랫폼 대응을 비교 참고할 이슈,4.0,2.0,5.0,v26: 카카오 직접 주체가 없어 자사 섹션 제외/재분류 / v26.2: overseas structural industry candidate,v26: 카카오 직접 주체가 없어 자사 섹션 제외/재분류 / v26.2: overseas structural industry candidate,issue_selected,네이버,경쟁사/해외이슈,경쟁사_해외이슈,자사_및_계열사_이슈,자사_및_계열사_이슈,자사 및 계열사 이슈,1.0,본문추출성공,issue_representative_attempt,fail:v41_self_guard_actual_actor_absent,,,
자사_및_계열사_이슈,자사 및 계열사 이슈,카카오게임즈,"다날, 카카오게임즈 대표적 수혜주 부각-KTB투자證",아이뉴스24,아이뉴스24,"Sat, 20 Jun 2026 18:27:18 GMT","Sat, 20 Jun 2026 18:27:18 GMT","다날, 카카오게임즈 대표적 수혜주 부각-KTB투자證 아이뉴스24","[아이뉴스24 김종성 기자] KTB투자증권은 1일 다날에 대해 9월 상장 예정인 카카오게임즈의 성장의 대표적 수혜주로 꼽았다. 김재윤 KTB투자증권 연구원은 ""다날은 9월 상장예정인 카카오게임즈의 휴대폰 결제 전자결제대행사업자(PG)""라며 ""2015년부터 카카오게임즈의 휴대폰 결제 PG를 담당했고, 상장 이후 카카오게임즈의 성장에 따른 게임 내 결제액 증가 수혜주로 부각될 것""이라고 전망했다. 다날은 휴대폰 결제, 신용카드, 가상화폐, 간편결제를 아우르는 국내 유일의 종합 PG업체다. 특히 코로나19 재확산에 따른 거리두기 2.5단계 시행으로 언택트 소비가 증가하며 다날을 이용한 거래대금 증가로 이어지는 중이다. 김 연구원은 ""휴대폰결제의 경우 카드와 간편결제 사용이 어려운 계층의 대안으로 사용돼 배달의 민족, 쿠팡 등 배달앱 내에서 카파른 결제액 증가세를 보이고 있다""며 ""8월 배달의 민족 월결제액의 경우, 1월 대비 약 25% 이상 증가한 것으로 파악된다""고 설명했다. 그는 또 ""음식점과 카페 이용을 제한하는 거리두기 2.5단계 시행으로 하반기 결제액 증가세가 더욱 가속화 할 것""이라며 ""삼성페이 휴대폰 결제 PG 독점사업도 가맹점 확대에 따라 올해 하반기부터 본격적으로 실적에 반영될 것""이라고 내다봤다. /김종성 기자 stare@inews24.com [아이뉴스24 김종성 기자] KTB투자증권은 1일 다날에 대해 9월 상장 예정인 카카오게임즈의 성장의 대표적 수혜주로 꼽았다. 김재윤 KTB투자증권 연구원은 ""다날은 9월 상장예정인 카카오게임즈의 휴대폰 결제 전자결제대행사업자(PG)""라며 ""2015년부터 카카오게임즈의 휴대폰 결제 PG를 담당했고, 상장 이후 카카오게임즈의 성장에 따른 게임 내 결제액 증가 수혜주로 부각될 것""이라고 전망했다. 다날은 휴대폰 결제, 신용카드, 가상화폐, 간편결제를 아우르는 국내 유일의 종합 PG업체다. 특히 코로나19 재확산에 따른 거리두기 2.5단계 시행으로 언택트 소비가 증가하며 다날을 이용한 거래대금 증가로 이어지는 중이다. 김 연구원은 ""휴대폰결제의 경우 카드와 간편결제 사용이 어려운 계층의 대안으로 사용돼 배달의 민족, 쿠팡 등 배달앱 내에서 카파른 결제액 증가세를 보이고 있다""며 ""8월 배달의 민족 월결제액의 경우, 1월 대비 약 25% 이상 증가한 것으로 파악된다""고 설명했다. 그는 또 ""음식점과 카페 이용을 제한하는 거리두기 2.5단계 시행으로 하반기 결제액 증가세가 더욱 가속화 할 것""이라며 ""삼성페이 휴대폰 결제 PG 독점사업도 가맹점 확대에 따라 올해 하반기부터 본격적으로 실적에 반영될 것""이라고 내다봤다.",1285,bs4_selector,-10.0,date_failed:original_date_too_old>52h:2020-09-01,195.0,False,True,https://news.google.com/rss/articles/CBMiVkFVX3lxTE5ndUdoTHpRUTZFdk5ya3FwYkRUUEw2Zzh4dlNNWU5TZkpobHBMUmFwM0xJVXpLWFZNcVpQVWFEcmxNbVVzUEcxNGxmcndYazRieGplTktB?oc=5,https://mobile.inews24.com/v/mrlted/1295194,214.8,"earnings,financial_performance,kakao_games_management,market_power_platform,platform_obligation,strategy_mna_governance",kakao_games_earnings_outlook,2020-09-01,meta:article:published_time,original_date_too_old>52h,3.0,116.5,,7.0,global_incident:platform_regulation:kakao:platform_operator_obligation:policy_change,global_incident:platform_regulation:kakao:platform_operator_obligation,24.0,self:platform_obligation,Y,,,,,I045,global_incident:leadership_service:kakao:leadership_service,,,,,,,,,,,,,,,,,,,,카카오게임즈,자사 및 계열사 이슈,자사_및_계열사_이슈,자사_및_계열사_이슈,자사_및_계열사_이슈,자사 및 계열사 이슈,,,issue_representative_attempt,,,,
정부_국회,정부/국회,쿠팡,"해킹사고 KT, 수천억대 과징금 부과 전망…개인정보위 최종 처분 임박",엠투데이,엠투데이,"Thu, 18 Jun 2026 21:51:48 GMT","Thu, 18 Jun 2026 21:51:48 GMT","해킹사고 KT, 수천억대 과징금 부과 전망…개인정보위 최종 처분 임박 엠투데이","[엠투데이 이세민기자] KT가 대규모 개인정보 유출 및 무단 소액결제 사고와 관련해 수천억 원대 과징금 부과 가능성에 직면했다. 개인정보보호위원회(개인정보위)가 최종 제재 수위를 결정하는 절차에 들어가면서 업계의 관심이 집중되고 있다. 19일 ICT업계에 따르면 개인정보위는 최근 KT에 사전통지서를 전달한 뒤 의견 수렴 절차를 대부분 마무리했으며, 현재는 위원회의 최종 의결만 남겨둔 상태다. 이르면 이달 말, 늦어도 다음 달 초 전체회의를 통해 최종 처분이 확정될 것으로 전망된다. 업계에서는 최근 SK텔레콤과 쿠팡에 각각 1,347억 원, 6,247억원의 대규모 과징금이 부과된 점을 감안할 때 KT 역시 상당한 수준의 제재를 받을 가능성이 높다고 보고 있다. 특히 개인정보위가 과징금 산정 과정에서 적용하는 기준의 일관성과 형평성이 주요 변수로 꼽힌다. 과징금 규모를 결정하는 핵심 요소는 ‘위반행위 관련 매출액’이다. 현행 개인정보보호법은 위반 행위와 관련된 직전 3개년 평균 매출액의 최대 3%까지 과징금을 부과할 수 있도록 규정하고 있다. 앞서 개인정보위는 SK텔레콤 제재 당시 전체 연결 매출이 아닌 LTE·5G 개인 고객 관련 통신 매출만을 기준으로 삼았다. 법인 고객 매출 등 사고와 직접 관련이 없는 매출은 제외하는 방식을 적용했다. 전문가들은 이 같은 선례를 고려할 때 KT 역시 전체 매출이 아닌 무선 서비스 관련 매출을 기준으로 과징금이 산정될 가능성이 높다고 분석한다. KT의 2022~2024년 무선 매출 평균은 약 6조8,000억원 수준으로 추산된다. 법정 상한인 3%가 적용될 경우 과징금 규모는 2,000억원 안팎에 이를 수 있다는 계산이 나온다. 다만 실제 산정 과정에서는 위반행위와 직접 관련이 없는 매출이 제외될 수 있어 최종 금액은 달라질 수 있다. 특히 이번 사고가 핵심 서버가 아닌 통신장비인 펨토셀의 취약점을 이용한 해킹이라는 점에서 관련 매출 범위를 어디까지 인정할지가 핵심 포인트로 떠오르고 있다. 반면, 실제 피해 규모와 사고의 중대성은 과징금 상향 요인으로 작용할 수 있다. 이번 사건에서는 유출된 개인정보가 무단 소액결제에 악용되는 등 금전적 피해 사례가 확인됐다. 또한 민관합동조사단 조사 결과 KT가 인증서 유효기간 관리와 펨토셀 보안 체계 운영에서 미흡한 점을 드러냈고, 서버 장악에 활용된 악성코드를 2년 이상 방치한 사실도 확인됐다. 업계에서는 이러한 정황이 개인정보보호법상 중과실 또는 관리 소홀에 해당할 가능성이 높다고 보고 있다. 이에 따라 과징금 산정 과정에서 가중 요소가 반영될 수 있다는 관측도 나온다. 일각에서는 KT의 최종 과징금 규모가 수백억 원에서 최대 2,000억원 수준까지 확대될 수 있다는 전망도 나오고 있다. 최근 쿠팡에 대한 역대 최대 규모 과징금 부과 결정으로 개인정보위의 제재 기조가 한층 강화된 만큼 KT 역시 예외가 되기 어렵다는 분석이다. 한편, KT는 사고 이후 고객 신뢰 회복을 위해 위약금 면제와 약 4,500억 원 규모의 고객 보상 프로그램을 시행했다. 또, 정보보안실 신설과 최고정보보호책임자(CISO)와 개인정보보호책임자(CPO) 분리 운영, 2030년까지 정보보호 분야에 1조원을 투자하는 계획을 발표하는 등 재발 방지 대책 마련에 나서고 있다. SNS 기사보내기 이 기사를 공유합니다 [엠투데이 이세민기자] KT가 대규모 개인정보 유출 및 무단 소액결제 사고와 관련해 수천억 원대 과징금 부과 가능성에 직면했다. 개인정보보호위원회(개인정보위)가 최종 제재 수위를 결정하는 절차에 들어가면서 업계의 관심이 집중되고 있다. 19일 ICT업계에 따르면 개인정보위는 최근 KT에 사전통지서를 전달한 뒤 의견 수렴 절차를 대부분 마무리했으며, 현재는 위원회의 최종 의결만 남겨둔 상태다. 이르면 이달 말, 늦어도 다음 달 초 전체회의를 통해 최종 처분이 확정될 것으로 전망된다. 업계에서는 최근 SK텔레콤과 쿠팡에 각각 1,347억 원, 6,247억원의 대규모 과징금이 부과된 점을 감안할 때 KT 역시 상당한 수준의 제재를 받을 가능성이 높다고 보고 있다. 특히 개인정보위가 과징금 산정 과정에서 적용하는 기준의 일관성과 형평성이 주요 변수로 꼽힌다. 과징금 규모를 결정하는 핵심 요소는 ‘위반행위 관련 매출액’이다. 현행 개인정보보호법은 위반 행위와 관련된 직전 3개년 평균 매출액의 최대 3%까지 과징금을 부과할 수 있도록 규정하고 있다. 앞서 개인정보위는 SK텔레콤 제재 당시 전체 연결 매출이 아닌 LTE·5G 개인 고객 관련 통신 매출만을 기준으로 삼았다. 법인 고객 매출 등 사고와 직접 관련이 없는 매출은 제외하는 방식을 적용했다. 전문가들은 이 같은 선례를 고려할 때 KT 역시 전체 매출이 아닌 무선 서비스 관련 매출을 기준으로 과징금이 산정될 가능성이 높다고 분석한다. KT의 2022~2024년 무선 매출 평균은 약 6조8,000억원 수준으로 추산된다. 법정 상한인 3%가 적용될 경우 과징금 규모는 2,000억원 안팎에 이를 수 있다는 계산이 나온다. 다만 실제 산정 과정에서는 위반행위와 직접 관련이 없는 매출이 제외될 수 있어 최종 금액은 달라질 수 있다. 특히 이번 사고가 핵심 서버가 아닌 통신장비인 펨토셀의 취약점을 이용한 해킹이라는 점에서 관련 매출 범위를 어디까지 인정할지가 핵심 포인트로 떠오르고 있다. 반면, 실제 피해 규모와 사고의 중대성은 과징금 상향 요인으로 작용할 수 있다. 이번 사건에서는 유출된 개인정보가 무단 소액결제에 악용되는 등 금전적 피해 사례가 확인됐다. 또한 민관합동조사단 조사 결과 KT가 인증서 유효기간 관리와 펨토셀 보안 체계 운영에서 미흡한 점을 드러냈고, 서버 장악에 활용된 악성코드를 2년 이상 방치한 사실도 확인됐다. 업계에서는 이러한 정황이 개인정보보호법상 중과실 또는 관리 소홀에 해당할 가능성이 높다고 보고 있다. 이에 따라 과징금 산정 과정에서 가중 요소가 반영될 수 있다는 관측도 나온다. 일각에서는 KT의 최종 과징금 규모가 수백억 원에서 최대 2,000억원 수준까지 확대될 수 있다는 전망도 나오고 있다. 최근 쿠팡에 대한 역대 최대 규모 과징금 부과 결정으로 개인정보위의 제재 기조가 한층 강화된 만큼 KT 역시 예외가 되기 어렵다는 분석이다. 한편, KT는 사고 이후 고객 신뢰 회복을 위해 위약금 면제와 약 4,500억 원 규모의 고객 보상 프로그램을 시행했다. 또, 정보보안실 신설과 최고정보보호책임자(CISO)와 개인정보보호책임자(CPO) 분리 운영, 2030년까지 정보보호 분야에 1조원을 투자하는 계획을 발표하는 등 재발 방지 대책 마련에 나서고 있다. 키워드 #KT #KT해킹 #해킹과징금 #KT과징금 이세민 기자 dltpals@xmtoday.com 다른 기사 보기 이세민 기자 dltpals@xmtoday.com 고려아연·영풍·MBK, 충당부채 과소계상 놓고 양측 주장 팽팽 [엠투데이 이정근기자] 고려아연과 영풍, MBK가 금융위원회 증권선물위원회(증선위) 관련 회계 처리 문제를 두고 상반된 입장을 내놓으며 논란이 이어지고 있다. 이번 사안은 석포제련소 주변 및 지하수 정화 관련 법적 정화 의무를 충당부채에 반영하지 않은 점이 핵심 쟁점이다.고려아연은 충당부채 산정과 손상차손 처리 등 회계 판단은 전문가와 외부 감사인의 검증을 거친 합리적 결정이라고 설명했다. 회사는 충당부채 과소계상이 고의적인 회계 부정이 아니며, 재무제표에 끼치는 영향도 제한적이라고 강조했다.또한 이그니오 인수는 글로벌 자원순환 시 [엠투데이 이정근기자] 고려아연과 영풍, MBK가 금융위원회 증권선물위원회(증선위) 관련 회계 처리 문제를 두고 상반된 입장을 내놓으며 논란이 이어지고 있다. 이번 사안은 석포제련소 주변 및 지하수 정화 관련 법적 정화 의무를 충당부채에 반영하지 않은 점이 핵심 쟁점이다.고려아연은 충당부채 산정과 손상차손 처리 등 회계 판단은 전문가와 외부 감사인의 검증을 거친 합리적 결정이라고 설명했다. 회사는 충당부채 과소계상이 고의적인 회계 부정이 아니며, 재무제표에 끼치는 영향도 제한적이라고 강조했다.또한 이그니오 인수는 글로벌 자원순환 시 LG전자 美 법인 전 임원, 100억대 리베이트 수수 혐의로 기소 [엠투데이 이상원기자] LG전자 미국법인의 전 임원이 다른 업체와 공모, 100억대 리베이트를 챙긴 혐의로 미국 검찰에 기소됐다.미국 매체 NJ.com 보도에 따르면 LG전자 미국법인 전 영업 책임자 브라이언 노먼(Brian Normann. 46세) 이사가 뉴저지에 본사를 둔 업체를 공모자로 유도, LG전자를 상대로 수백만 달러를 사기 친 혐의를 받았다고 뉴저지 연방 검찰 당국이 전했다플로리다주 올랜도 거주하는 브라이언 노먼은 전자 통신을 이용해 사람을 속여 돈이나 자산을 빼앗는 사기 행위인 ‘Wire fraud’, 공공기관 등 관 [엠투데이 이상원기자] LG전자 미국법인의 전 임원이 다른 업체와 공모, 100억대 리베이트를 챙긴 혐의로 미국 검찰에 기소됐다.미국 매체 NJ.com 보도에 따르면 LG전자 미국법인 전 영업 책임자 브라이언 노먼(Brian Normann. 46세) 이사가 뉴저지에 본사를 둔 업체를 공모자로 유도, LG전자를 상대로 수백만 달러를 사기 친 혐의를 받았다고 뉴저지 연방 검찰 당국이 전했다플로리다주 올랜도 거주하는 브라이언 노먼은 전자 통신을 이용해 사람을 속여 돈이나 자산을 빼앗는 사기 행위인 ‘Wire fraud’, 공공기관 등 관 마세라티, '힘들이지 않아도 느껴지는 럭셔리 퍼포먼스' 브랜드로 간다 [엠투데이 이정근기자] 마세라티가 트라이던트 엠블럼 탄생 100주년을 맞아 브랜드 정체성을 재정비하며 방향성을 명확히 했다. 신차 한 대의 발표가 아니라, 브랜드가 어디에 서 있고 어디로 갈 것인지를 정리한 전략적 선언이다.2026년은 마세라티에게 이정표가 되는 해다. 1914년 창립 이후 112년의 역사에 더해, 브랜드 상징인 트라이던트 엠블럼이 사용된 지 100년이 되는 시점이기 때문이다. 마세라티는 이 시점을 브랜드 재정의의 계기로 삼았다. ""힘들이지 않아도 느껴지는 럭셔리 퍼포먼스""로 포지셔닝 재정립크리스티아노 피오리오 마세 [엠투데이 이정근기자] 마세라티가 트라이던트 엠블럼 탄생 100주년을 맞아 브랜드 정체성을 재정비하며 방향성을 명확히 했다. 신차 한 대의 발표가 아니라, 브랜드가 어디에 서 있고 어디로 갈 것인지를 정리한 전략적 선언이다.2026년은 마세라티에게 이정표가 되는 해다. 1914년 창립 이후 112년의 역사에 더해, 브랜드 상징인 트라이던트 엠블럼이 사용된 지 100년이 되는 시점이기 때문이다. 마세라티는 이 시점을 브랜드 재정의의 계기로 삼았다. ""힘들이지 않아도 느껴지는 럭셔리 퍼포먼스""로 포지셔닝 재정립크리스티아노 피오리오 마세 트럼프, 애플 반도체 인텔 위탁생산 발표. 인텔 주가 12% 급등 [엠투데이 이상원기자] 미국 반도체 기업 인텔(Intel)의 주가가 18일(현지시간) 12% 급등했다. 도널드 트럼프 미국 대통령이 애플이 인텔과 손잡고 미국 내에서 반도체를 설계·생산하기로 합의했다고 밝히면서 투자자들의 기대감이 커진 영향이다.트럼프 대통령은 17일(현지 시간) 자신의 SNS 플랫폼인 트루스소셜(Truth Social)을 통해 ""애플은 인텔과 미국에서 반도체를 설계·제조하는 것으로 합의했다""며 ""반도체는 미국에서 만들어질 필요가 있다""고 밝혔다.이번 발언은 트럼프 행정부가 추진해 온 제조업 및 첨단산업의 미국 회귀 [엠투데이 이상원기자] 미국 반도체 기업 인텔(Intel)의 주가가 18일(현지시간) 12% 급등했다. 도널드 트럼프 미국 대통령이 애플이 인텔과 손잡고 미국 내에서 반도체를 설계·생산하기로 합의했다고 밝히면서 투자자들의 기대감이 커진 영향이다.트럼프 대통령은 17일(현지 시간) 자신의 SNS 플랫폼인 트루스소셜(Truth Social)을 통해 ""애플은 인텔과 미국에서 반도체를 설계·제조하는 것으로 합의했다""며 ""반도체는 미국에서 만들어질 필요가 있다""고 밝혔다.이번 발언은 트럼프 행정부가 추진해 온 제조업 및 첨단산업의 미국 회귀 같은 DS사업부인데...메모리부문은 300조 이익, 시스템LSI사업부는 2~3조 적자 전망 [엠투데이 이상원기자] 삼성전자 DS(디바이스솔루션) 부문 시스템LSI사업부를 이끄는 박용인 사장이 올해 사업 실적과 관련해 ""연간 기준 적자가 불가피하다""고 밝혔다. 1분기 역대 최고 수준의 매출을 기록했음에도 불구하고 시장 환경 악화와 수요 둔화의 영향을 피하지 못했다는 설명이다.박 사장은 지난 18일 열린 사업 브리핑에서 ""올해 1분기 역대 최고 수준의 매출을 달성했지만 시장 변화와 수요 위축으로 연간 기준 적자가 불가피하다""고 말했다. 업계에서는 시스템LSI 사업부의 올해 영업손실 규모가 약 2조~3조원 수준에 이를 것으로 [엠투데이 이상원기자] 삼성전자 DS(디바이스솔루션) 부문 시스템LSI사업부를 이끄는 박용인 사장이 올해 사업 실적과 관련해 ""연간 기준 적자가 불가피하다""고 밝혔다. 1분기 역대 최고 수준의 매출을 기록했음에도 불구하고 시장 환경 악화와 수요 둔화의 영향을 피하지 못했다는 설명이다.박 사장은 지난 18일 열린 사업 브리핑에서 ""올해 1분기 역대 최고 수준의 매출을 달성했지만 시장 변화와 수요 위축으로 연간 기준 적자가 불가피하다""고 말했다. 업계에서는 시스템LSI 사업부의 올해 영업손실 규모가 약 2조~3조원 수준에 이를 것으로 갤럭시S27 두뇌 될까…삼성 엑시노스 2700 개발 공식화 [엠투데이 이세민 기자] 삼성전자가 차세대 모바일 칩인 ‘엑시노스 2700’ 개발을 진행 중이라고 확인했다. 박용인 삼성전자 시스템LSI사업부 사장은 엑시노스 2700이 차세대 플래그십 모델 탑재를 목표로 개발되고 있다고 밝힌 것으로 전해졌다.업계에서는 엑시노스 2700이 내년 출시될 갤럭시S27 시리즈에 적용될 가능성이 큰 것으로 보고 있다. 엑시노스 2700은 삼성전자 시스템LSI사업부가 설계하고 파운드리사업부가 생산을 맡는 자체 모바일 AP다. 업계에서는 이 칩이 삼성 파운드리의 2세대 2나노 공정을 기반으로 개발될 가능성을 [엠투데이 이세민 기자] 삼성전자가 차세대 모바일 칩인 ‘엑시노스 2700’ 개발을 진행 중이라고 확인했다. 박용인 삼성전자 시스템LSI사업부 사장은 엑시노스 2700이 차세대 플래그십 모델 탑재를 목표로 개발되고 있다고 밝힌 것으로 전해졌다.업계에서는 엑시노스 2700이 내년 출시될 갤럭시S27 시리즈에 적용될 가능성이 큰 것으로 보고 있다. 엑시노스 2700은 삼성전자 시스템LSI사업부가 설계하고 파운드리사업부가 생산을 맡는 자체 모바일 AP다. 업계에서는 이 칩이 삼성 파운드리의 2세대 2나노 공정을 기반으로 개발될 가능성을 SK, 작년 사회적가치 창출액 32조2천억. 8년째 계량화 발표 SK가 지난해 약 32조2천억 원의 사회적가치를 창출하며 사회적가치(SV) 측정 및 관리 체계의 성과를 입증했다.SK는 19일 발표를 통해 2025년 사회적가치 창출액이 32조2천억 원을 기록했다고 밝혔다. 이는 사회적가치 측정을 시작한 2018년 대비 약 두 배 증가한 규모로, 지난 8년간 누적 사회적가치 창출액은 약 155조 원에 달한다.사회적가치는 기업이 이해관계자들이 직면한 사회문제를 해결하거나 완화하는 과정에서 창출한 가치를 의미한다. SK는 경제적가치(EV)와 사회적가치(SV)를 동시에 추구하는 ‘더블보텀라인(DBL)’ SK가 지난해 약 32조2천억 원의 사회적가치를 창출하며 사회적가치(SV) 측정 및 관리 체계의 성과를 입증했다.SK는 19일 발표를 통해 2025년 사회적가치 창출액이 32조2천억 원을 기록했다고 밝혔다. 이는 사회적가치 측정을 시작한 2018년 대비 약 두 배 증가한 규모로, 지난 8년간 누적 사회적가치 창출액은 약 155조 원에 달한다.사회적가치는 기업이 이해관계자들이 직면한 사회문제를 해결하거나 완화하는 과정에서 창출한 가치를 의미한다. SK는 경제적가치(EV)와 사회적가치(SV)를 동시에 추구하는 ‘더블보텀라인(DBL)’",7790,bs4_selector,-10.0,date_failed:original_date_too_old>52h:2026-06-19,210.0,False,False,https://news.google.com/rss/articles/CBMib0FVX3lxTE0xYzVQN0ZRd3hTWXpoWjlQZXF5MnhsVVNud0RlQ251RDVoRFhTWXk1UWNVdUNZeWRyck53azk1MTl6VzVDaFdpenduV1dyUGo2dkdXdlpYYW9DTkZaTVRCYTkzbVViUUN5NEFlc2NyRdIBc0FVX3lxTE16ck03SzZuN2hsdGxLbVlfTVBQYUZSUHR3SndUX01tTEdqU2JycFVGVEZPR3k5dFJQVEVxQVFEWm5QOHl1OWxXSWlPNnJvRG1GYVgzXzB6V1NUdks0M295Z21LLWJ1b1hsQkJodzlXZUIxSVE?oc=5,https://www.autodaily.co.kr/news/articleView.html?idxno=545019,324.0,"antitrust_platform,earnings,financial_performance,legal_regulatory_enforcement,phishing_security,platform_obligation,policy_legislation,privacy_security_reliability,strategy_mna_governance",antitrust_general,2026-06-19,meta:article:published_time,original_date_too_old>52h,1.0,118.0,privacy_security:coupang:data_leak:sanction_or_penalty,77.0,global_incident:platform_enforcement:coupang:privacy_data_violation:sanction_penalty,global_incident:platform_enforcement:coupang:privacy_data_violation,56.0,self:platform_obligation,Y,,,,,I035,global_incident:platform_regulation:kt:platform_data_protection_obligation,,,,,,,,,,,,,,,,,,,,쿠팡,경쟁사/해외이슈,경쟁사_해외이슈,정부_국회,정부_국회,정부/국회,,,issue_representative_attempt,,,,
정부_국회,정부/국회,중소벤처기업부,중기부 장관이 총리로…RWA 완화 바라는 모태펀드 : 네이버 블로그,Naver Blog,,"Sun, 21 Jun 2026 22:14:48 GMT",,중기부 장관이 총리로…RWA 완화 바라는 모태펀드 : 네이버 블로그 Naver Blog,,0,domain_filter,-100.0,excluded_final_domain:blog.naver.com,0.0,False,,https://news.google.com/rss/articles/CBMijwFBVV95cUxQRlBaazR6SGZwWEpfT2lLWnozeEVtTWUxbkNUclRoWGptVk5XZ2tUUDVuSnNQYkF5dFBaR0lBZ1BZdnhlb05yVmU4TkhLOGEzRVZxY3BGZ0VpcXBCNkNFbVd5M1JUeHExakZ1dkhOTVZ2VFJhdUpTbWNZXzhfQVRwTUFlRWE2RW4zMllxbjFFZw?oc=5,https://blog.naver.com/PostView.naver?blogId=dealsite&logNo=224320838077&redirect=Dlog,,,,,,not_checked_domain_filtered,,,,0.0,,,0.0,,,,,,,I046,comp_domestic_strategy:중기부 장관이 총리로 rwa 완화 바라는 모태펀드 네이버 블로그,,,,,,,,,,,,,,,,,,,,중소벤처기업부,정부/국회,정부_국회,경쟁사_해외이슈,정부_국회,정부/국회,,,issue_representative_attempt,,,,
정부_국회,정부/국회,과학기술정보통신부,"AI 컨트롤타워 된 과기정통부…노사, 근무환경 개선 착수",이데일리,이데일리,"Fri, 19 Jun 2026 06:16:59 GMT","Fri, 19 Jun 2026 06:16:59 GMT","AI 컨트롤타워 된 과기정통부…노사, 근무환경 개선 착수 이데일리","[이데일리 김현아 기자] 과학기술정보통신부 노사가 직원 복지 향상과 근무환경 개선을 위한 협의에 나섰다. 부총리급 부처 승격 이후 업무 부담이 커진 상황에서 인사·복무·복지 전반의 제도 개선 방안을 논의하며 조직 내실 다지기에 나선 것이다.과기정통부 공무원노동조합은 지난 15일 정부세종청사에서 ‘2026년 상반기 과학기술정보통신부 노사협의회’를 개최했다고 밝혔다.협의회에는 배경훈 부총리 겸 과학기술정보통신부 장관과 정현석 노측 대표위원장(국가공무원노동조합)을 비롯해 노사 주요 관계자들이 참석했다.노측에서는 송영섭 전국공무원노동조합 과기정통부지부 위원, 강삼식 국가공무원노동조합 우정사업본부지부 위원 등이 자리했으며, 사측에서는 강상욱 기획조정실장, 박인환 우정사업본부장, 이충원 국립중앙과학관장 직무대행, 신재식 국립과천과학관장 직무대행, 정창림 국립전파연구원장, 최준호 중앙전파관리소장 등 주요 간부들이 참석했다.노사는 과기정통부 소속 공무원의 복지와 근무환경, 처우 개선 방안을 중심으로 다양한 현안을 논의했다.노사는 이날 상호 존중과 신뢰를 바탕으로 인사·복무·복지 분야를 중심으로 총 29개 안건을 논의했다. 배경훈 부총리와 사측 위원들은 노조 측이 제안한 안건에 대해 적극 검토하겠다는 입장을 밝혔으며, 부처 차원에서 해결이 어려운 사안은 인사혁신처와 정부청사관리본부 등 관계 기관에 건의하기로 했다.인사 분야에서는 자기개발비 지원 방식 개선, 노조 관련 교육비 지원, 소수 직렬 근속승진 기간 단축, 입직 경로에 따른 승진 차별 해소 방안 등이 주요 안건으로 다뤄졌다.복무·복지 분야에서는 장기재직 휴가와 자녀돌봄 휴가 제도 개선, 비연고지·원거리 근무자의 주거 안정 지원, 현업기관 공무원에 대한 안전·보건 지원 강화 등이 논의됐다.이와 함께 하위직 공무원 성과급 인상, 불법 단속 및 혼신조사 업무 수행 공무원의 휴일 대기수당 현실화, 청사 출입 게이트의 장애인 편의 개선, 필수실무관 제도 개선, 소속기관 중요직무급 확대 적용 등 현장 공무원들의 처우와 근무 여건 개선 방안도 폭넓게 논의됐다.과기정통부는 지난해 9월 부총리급 부처로 승격된 이후 국가 AI 정책과 전략기술 육성을 총괄하는 역할을 맡고 있다. 이에 따라 직원들의 업무 부담이 커지면서 근무 여건 개선 요구도 지속적으로 제기돼 왔다.배 부총리는 지난 6월 초 야근 직원들을 위한 휴게 공간인 ‘올빼미 라운지’를 마련했다. 간식과 휴식 공간을 제공하는 이 시설은 늦은 시간까지 근무하는 직원들 사이에서 호응을 얻고 있는 것으로 알려졌다.정현석 노측 대표위원장은 배 부총리를 비롯한 간부진의 직원 배려 노력에 감사를 표하면서도 현장의 어려움을 전했다. 그는 “여전히 휴일에도 쉬지 못하고 밤 11시가 넘도록 근무하는 직원들이 적지 않다”며 “최선을 다해 업무를 수행하고도 그에 상응하는 보상을 받지 못하는 직원들이 있다”고 말했다.이어 “과기정통부가 구성원들의 애로사항에 더욱 관심을 기울이고, 제도 개선과 입직 경로에 따른 차별 해소 노력을 지속해야 한다”며 “직원들이 일한 만큼 인정받고 보상받을 수 있는 조직 문화가 정착되길 기대한다”고 강조했다.",1531,newspaper3k,-10.0,date_failed:original_date_too_old>52h:2026-06-19,107.5,False,False,https://news.google.com/rss/articles/CBMigAFBVV95cUxQTmdjLXphR3UwRnRZdTQ1WXNZWFBLQWRMcjZvQlhCZ1NxazFvdkxiNVYxTXVaMWhOZmw5MXE2bkp2T1hlRk9JT3AyZ3E2Rm5YbUl6c1V1dUdXY3ZibUVHM3YxQlZ6cUVYV2NQaS1kdlRFYmVGTllzdmROandFOXFQRw?oc=5,https://www.edaily.co.kr/News/Read?newsId=04342726645483360&mediaCodeNo=257,102.0,"ai_infrastructure_security,labor_dispute,labor_negotiation,leadership_change,policy_legislation,privacy_security_reliability",labor_pay_dispute,2026-06-19,json_ld:datePublished,original_date_too_old>52h,4.0,68.25,,61.0,global_incident:labor_ir:science_ict_ministry:bonus_compensation_dispute:policy_change,global_incident:labor_ir:science_ict_ministry:bonus_compensation_dispute,0.0,,,,,,,I047,AI 정책 컨트롤타워 인선/공백,,,,,,,,,,,,,,,,,,,,과학기술정보통신부,정부/국회,정부_국회,정부_국회,정부_국회,정부/국회,,,issue_representative_attempt,,,,
정부_국회,정부/국회,국가AI전략위원회,"[단독] 하정우, 국가AI전략위로…李정부 AI 삼각축 재편 마무리",지디넷코리아,지디넷코리아,"Thu, 18 Jun 2026 23:32:12 GMT","Thu, 18 Jun 2026 23:32:12 GMT","[단독] 하정우, 국가AI전략위로…李정부 AI 삼각축 재편 마무리 지디넷코리아","하정우 전 청와대 인공지능(AI)미래기획수석이 임문영 전 국가AI전략위원회 상근 부위원장 후임으로 내정된 것으로 알려졌다. 이기혁 아마존웹서비스(AWS) 한국 스타트업 생태계 총괄이 청와대 AI미래기획수석에 내정된 데 이어 하 전 수석까지 전략위로 복귀하면서 이재명 정부의 AI 3강(G3) 전략은 배경훈 과학기술정보통신부 부총리 겸 장관, 이기혁 AI수석, 하정우 전략위 상근 부위원장 3각축으로 재편되는 분위기다. 19일 업계와 정치권에 따르면 하 전 수석은 국가AI전략위원회 상근 부위원장으로 내정돼 조만간 임 전 부위원장 후임 역할을 맡을 것으로 보인다. 임 전 부위원장은 광주 광산을 보궐선거 출마를 위해 지난달 초 전략위를 떠났고 해당 자리는 한 달 넘게 공석이었다. 이 자리를 채우게 될 하 전 수석은 지난 4월 부산 북갑 보궐선거 후보로 투입되며 청와대 AI미래기획수석 자리에서 물러났다. 하지만 이달 3일 치러진 선거에서 낙선해 공식 활동을 줄여 왔다. 하정우 전 청와대 AI미래기획수석 (사진=뉴스1) 하 전 수석은 네이버클라우드 AI이노베이션센터장 출신으로 초거대 AI, 소버린 AI, 산업 AI 전환, 그래픽처리장치(GPU) 인프라 등 주요 의제를 다뤄 온 인물이다. 지난해부터 올해 4월까지 청와대에선 AI 3강 전략과 독자 파운데이션 모델, AI 데이터센터, K-문샷 프로젝트 등 국가 AI 정책의 밑그림을 그렸다. 업계에선 하 전 수석의 전략위 이동을 두고 선거 차출로 흔들렸던 AI 정책 연속성을 다시 세우는 인선으로 해석했다. 하 전 수석의 사퇴 후 AI 3강 전략이 실행 단계로 넘어가는 시점에 핵심 설계자가 사라져 그간 AI 업계의 우려가 깊었지만, 전략위 복귀가 현실화되면 청와대 밖에서 다시 정부 AI 정책의 핵심 축을 맡게 된다는 점에서 기대감이 나온다. 업계 관계자는 ""하 전 수석은 AI 정책의 기술적 맥락과 정부 전략을 모두 이해하는 인물""이라며 ""국가AI전략위 상근 부위원장으로 이동하면 선거 차출로 흔들렸던 정책 연속성을 다시 확보하는 효과가 있을 것""이라고 말했다. 이번 인선으로 정부 AI 정책은 설계보다 실행과 확산에 방점이 찍힐 전망이다. 배경훈 부총리 겸 과기정통부 장관이 독자 파운데이션 모델과 GPU 인프라, 국가컴퓨팅센터 등 실행 사업을 맡고, 이 수석이 청와대에서 민간 스타트업 생태계와 글로벌 협력 전략을 조율하는 구도다. 하 전 수석이 국가AI전략위에 합류하면 AI 3강 전략을 민관 협력과 범부처 조율로 이어가는 연결고리 역할을 할 것으로 보인다. 특히 정부가 추진하는 '모두의 AI', 1인 1 AI 에이전트, AI 국민비서 고도화 등 국민 체감형 AI 정책은 공공 부문에서 먼저 작동해야 민간과 산업 영역으로 확산될 수 있다. 이에 하 전 수석이 전략위 상근 부위원장을 맡게 되면 기술 전략과 현장 적용 사이를 조율하는 역할에 더 집중할 것으로 보인다.",1414,newspaper3k,-10.0,date_failed:original_date_too_old>52h:2026-06-19,164.0,False,False,https://news.google.com/rss/articles/CBMiVkFVX3lxTE1LUjZ5emFlTzEtZHNJQmdPZmlxYTU1VjJrZ3Izd3g1RHgyVjRXdzFkZDdVSE1YLXhRdWgwWnpzUC1oVzV0UjNqSlRQYURQZzBQS09CamJn?oc=5,https://zdnet.co.kr/view?no=20260619080711,106.0,"ai_agent,ai_infrastructure_security,aidc_datacenter,government_ai,k_moonshot,platform_obligation,policy_legislation",aidc_gpu_npu,2026-06-19,url_date,original_date_too_old>52h,4.0,97.8,,61.0,global_incident:platform_regulation:naver:platform_data_protection_obligation:executive_or_org_change,global_incident:platform_regulation:naver:platform_data_protection_obligation,32.0,government:platform_obligation,Y,,,,,I047,AI 정책 컨트롤타워 인선/공백,,,,,,,,,,,,,,,,,,,,국가AI전략위원회,정부/국회,정부_국회,정부_국회,정부_국회,정부/국회,,,issue_representative_attempt,,,,
정부_국회,정부/국회,국가AI전략위원회,"하정우, 국가AI전략위 상근부위원장 내정…李정부 'AI 3각 체제' 완성",매일일보,매일일보,"Fri, 19 Jun 2026 07:32:08 GMT","Fri, 19 Jun 2026 07:32:08 GMT","하정우, 국가AI전략위 상근부위원장 내정…李정부 'AI 3각 체제' 완성 매일일보","배경훈·이기혁·하정우 AI 정책 실행축 구축 부산 보선 출마 후 전략위 복귀…정책 연속성 강화 AI G3 전략·민관 협력·범부처 조율 역할 맡을 듯 하정우 전 청와대 AI미래기획수석이 지난 16일 제주한라대 한라아트홀에서 열린 제주도지사직 인수위원회 주최 'AX 대전환, 제주의 내일을 말하다' 특강에서 강연하고 있다. 사진=연합뉴스 매일일보 = 김수빈 기자 | 하정우 전 청와대 AI미래기획수석이 국가AI전략위원회 상근 부위원장에 내정된 것으로 알려졌다. 청와대 AI미래기획수석에 이기혁 전 아마존웹서비스(AWS) 한국 스타트업 생태계 총괄이 합류한 데 이어 하 전 수석까지 국가AI전략위원회로 복귀하면서 이재명 정부의 인공지능(AI) 정책 추진 체계가 사실상 완성됐다는 평가가 나온다. 19일 업계와 정치권에 따르면 하 전 수석은 임문영 전 국가AI전략위원회 상근 부위원장 후임으로 내정돼 조만간 공식 업무를 시작할 예정이다. 임 전 부위원장이 지난달 광주 광산을 보궐선거 출마를 위해 사퇴한 이후 해당 자리는 한 달 넘게 공석이었다. 하 전 수석은 네이버클라우드 AI이노베이션센터장 출신으로 초거대 AI와 소버린 AI, 산업 AI 전환, 그래픽처리장치(GPU) 인프라 구축 등 국가 AI 정책을 설계해 온 대표적인 AI 전문가다. 지난해부터 올해 4월까지 청와대 AI미래기획수석으로 재직하며 AI G3 전략, 독자 파운데이션 모델, AI 데이터센터, K-문샷 프로젝트 등 핵심 정책을 총괄했다. 그는 지난 4월 부산 북갑 보궐선거 출마를 위해 청와대를 떠났지만 낙선 이후 공식 활동을 줄여왔다. 이번 전략위원회 복귀를 두고 업계에서는 선거 차출로 흔들렸던 AI 정책의 연속성을 다시 확보하는 인사라는 평가가 나온다. ADVERTISEMENT 정부 AI 정책도 설계 중심에서 실행 중심으로 무게추가 옮겨질 전망이다. 배경훈 과학기술정보통신부 부총리 겸 장관이 독자 AI 모델과 GPU 인프라, 국가컴퓨팅센터 구축 등 실행 사업을 맡고, 이기혁 AI미래기획수석이 글로벌 협력과 스타트업 생태계를 담당하는 가운데 하 전 수석은 국가AI전략위원회에서 민관 협력과 범부처 정책 조율을 담당하는 역할을 맡을 것으로 예상된다. 특히 정부가 추진 중인 '모두의 AI', 1인 1 AI 에이전트, AI 국민비서 고도화 등 국민 체감형 AI 정책도 전략위원회를 중심으로 공공과 민간을 연결하는 추진력이 강화될 것이라는 전망이 나온다. 여기에 한성숙 국무총리 후보자 인준이 마무리될 경우 총리실이 부처 간 정책 조정과 예산, 규제 개선을 총괄하며 AI 정책 추진에도 힘이 실릴 것이라는 관측이 나온다.",1280,newspaper3k,-10.0,date_failed:original_date_too_old>52h:2026-06-19,179.0,False,False,https://news.google.com/rss/articles/CBMiZEFVX3lxTFBjRXFiejhBdUE1UTA1eVhLUDAya2N6SVRHV19YUVljODBpOHlTLXJKNmVIdVJWRHhhSUZkSUlUejRFU2hlNzV2NmMzU0VtOVdqc2ZkS1hyakx5b0ZoUFRTN0lyRjk?oc=5,https://www.m-i.kr/news/articleView.html?idxno=1383424,100.0,"ai_agent,ai_infrastructure_security,aidc_datacenter,government_ai,k_moonshot,labor_dispute,platform_obligation,policy_legislation,strategy_mna_governance",labor_general,2026-06-19,meta:article:published_time,original_date_too_old>52h,1.0,96.3,,7.0,global_incident:platform_regulation:naver:platform_data_protection_obligation:executive_or_org_change,global_incident:platform_regulation:naver:platform_data_protection_obligation,32.0,government:platform_obligation,Y,,,,,I047,AI 정책 컨트롤타워 인선/공백,,,,,,,,,,,,,,,,,,,,국가AI전략위원회,정부/국회,정부_국회,정부_국회,정부_국회,정부/국회,,,issue_representative_attempt,,,,
정부_국회,정부/국회,국가AI전략위원회,"하정우, 국가AI전략위 상근부위원장 내정...이재명 정부 'AI G3' 체제 재편",KBC광주방송,KBC광주방송,"Fri, 19 Jun 2026 05:04:23 GMT","Fri, 19 Jun 2026 05:04:23 GMT","하정우, 국가AI전략위 상근부위원장 내정...이재명 정부 'AI G3' 체제 재편 KBC광주방송","홈 뉴스 정치 하정우, 국가AI전략위 상근부위원장 내정...이재명 정부 'AI G3' 체제 재편 하정우 전 청와대 AI미래기획수석이 공석인 국가AI전략위원회 상근 부위원장에 내정된 것으로 알려졌습니다. 이에 따라 이재명 정부의 AI 정책 추진 체 작성 : 2026-06-19 14:04:23 하정우 전 청와대 AI미래기획수석이 공석인 국가AI전략위원회 상근 부위원장에 내정된 것으로 알려졌습니다. 이에 따라 이재명 정부의 AI 정책 추진 체 하정우 전 청와대 AI미래기획수석이 공석인 국가AI전략위원회 상근 부위원장에 내정된 것으로 알려졌습니다. 이에 따라 이재명 정부의 AI 정책 추진 체계는 배경훈 과학기술정보통신부 장관, 이기혁 AI미래기획수석, 하정우 국가AI전략위원회 상근 부위원장을 중심으로 한 'AI G3' 체제로 재편될 전망입니다. 하 전 수석은 네이버클라우드 AI이노베이션센터장 출신으로, 초거대 AI와 소버린 AI, 산업 AI 전환, GPU 인프라 구축 등 국가 AI 전략 수립에 핵심 역할을 해왔습니다. 청와대 재직 당시에는 AI 3강 전략과 독자 파운데이션 모델, AI 데이터센터, K-문샷 프로젝트 등의 정책 설계에 참여했습니다. 지난 4월 부산 북갑 보궐선거 출마를 위해 수석직에서 물러났으나 선거 이후 국가AI전략위원회로 복귀하게 되면서, 선거 차출로 인한 정책 공백 우려를 해소하고 AI 정책의 연속성을 확보할 수 있을 것이라는 평가가 나오고 있습니다. 정부의 AI 정책은 앞으로 실행과 확산에 무게가 실릴 것으로 전망됩니다. 배경훈 장관이 AI 인프라와 국가 프로젝트를 담당하고, 이기혁 수석이 글로벌 협력과 스타트업 생태계 지원을 맡으며, 하 전 수석은 범부처 조율과 민관 협력의 연결고리 역할을 수행할 것으로 예상됩니다. 또한 정부가 추진하는 '모두의 AI', '1인 1 AI 에이전트', 'AI 국민비서' 등 국민 체감형 정책의 확산 과정에서도 하 전 수석이 기술 전략과 현장 적용을 연결하는 역할을 담당할 것으로 보입니다. 한편 네이버 대표와 중소벤처기업부 장관을 지낸 한성숙 총리 후보자가 인준될 경우, 총리실 차원에서 AI 정책 조정과 예산·규제 개선을 지원하며 정부 AI 전략 추진에 힘을 보탤 것이라는 전망도 제기됐습니다. #하정우 #AI미래기획수석 #국가AI전략위원회 #배경훈 #이기혁 #이재명정부 정지용 기자 zerobase@ikbc.co.kr 이재명 대통령 ""보복 대행 절대 안 돼""...'경찰 무더기 검거' 칭찬 지난해 전남광주 음주운전 8,320건 적발...광산구서 최다 적발 전남 6차산업 우수제품, 중국·일본 수출길 넓힌다 정지용 기자 zerobase@ikbc.co.kr",1303,bs4_selector,-10.0,date_failed:original_date_too_old>52h:2026-06-19,182.0,False,False,https://news.google.com/rss/articles/CBMiYEFVX3lxTFB4UERjNDBZNkdoWENrSUxtZGVMdDdfemhDb1FSNC1GQTMtX1NQVDZkVTd3Z0FBaVFsNFdkamFlVjhvQXR4M2FLRUJ0TThzajJPTUlYLTkwRC1iWlNPVXpieA?oc=5,https://news.ikbc.co.kr/article/view/kbc202606190032,100.0,"ai_agent,ai_infrastructure_security,aidc_datacenter,government_ai,k_moonshot,labor_dispute,legal_regulatory_enforcement,platform_obligation,policy_legislation",labor_general,2026-06-19,json_ld:datePublished,original_date_too_old>52h,9.0,99.4,,7.0,global_incident:platform_regulation:naver:platform_data_protection_obligation:executive_or_org_change,global_incident:platform_regulation:naver:platform_data_protection_obligation,32.0,government:platform_obligation,Y,,,,,I047,AI 정책 컨트롤타워 인선/공백,,,,,,,,,,,,,,,,,,,,국가AI전략위원회,정부/국회,정부_국회,정부_국회,정부_국회,정부/국회,,,issue_representative_attempt,,,,
정부_국회,정부/국회,국가AI전략위원회,"""미국산 AI 차단에 날벼락""…韓 보안 진영, 독자 'AI 방패' 만든다[미토스 수출통제②]",뉴시스,뉴시스,"Fri, 19 Jun 2026 23:00:00 GMT","Fri, 19 Jun 2026 23:00:00 GMT","""미국산 AI 차단에 날벼락""…韓 보안 진영, 독자 'AI 방패' 만든다[미토스 수출통제②] 뉴시스","[서울=뉴시스] 박세준 티오리 대표 겸 캐노피 초대 위원장이 17일 오후 서울 강남구 오크우드 호텔에서 열린 '프로젝트 캐노피' 출범식에서 발표하고 있다. 2026.06.18. (사진=티오리 제공) *재판매 및 DB 금지 [서울=뉴시스] 프로젝트 캐노피 CI. 2026.06.17. (사진=티오리 제공) *재판매 및 DB 금지 [서울=뉴시스] 이영환 기자 = 김진수 한국정보보호산업협회 신임 회장 내정자가 24일 오후 서울 서초구 엘타워에서 열린 2026 한국정보보호산업협회 상반기 기자간담회에 참석해 인사말을 하고 있다. 2026.02.24. [email protected] [서울=뉴시스] 국가인공지능전략위원회는 18일 오전 10시 서울 중구 서울스퀘어에서 '보안취약점 상시 신고조치제' 제도화 방안을 구체화하기 위한 세미나를 열었다. 배경훈 국가AI전략위 부위원장이자 부총리 겸 과학기술정보통신부 장관이 인사말을 하고 있다. 2026.06.18. (사진=국가인공지능전략위원회 제공) *재판매 및 DB 금지 홍명보호, 축구 팬들 환호 속 3차전 결전지 몬테레이 입성 한성숙 ""'모두의 창업' 개인정보 유출 사과… 피해범위 조사중"" 정청래 대표, '당·정·청 원팀', 김민석 총리, '다시 이기는 민주당' 이재명 대통령 지지율 46.7%…첫 '데드크로스' ""미·이란 스위스 첫 담판 '진전' ""호르무즈 안전통항 체계 합의"" 중재국 공동성명…고위급 위원회 설치해 후속 협상 관리 미국과 이란이 양해각서(MOU) 이행을 감독하고 후속 협상을 관리하기 위한 고위급 위원회를 설치하기로 합의했다. 양측은 60일 이내 최종 합의 도출을 목표로 한 로드맵에도 의견을 모았으며, 추가 기술 협상을 즉시 시작하기로 했다. 알자지라에 따르면 중재국인 카타르와 파키스탄은 22일(현지 시간) 스위스에서 열린 미국과 이란 간 회담 종료 후 이 SK하이닉스, 삼성전자 제치고 코스피 시총 1위 별의 죽음 풀 열쇠 찾았다…희귀 왜소신성 발견 '닷새 만에 선발' 김하성 밀워키전 3타수 무안타 윤형빈 ""사업실패 20억 손해 부인 정경미에게 말 안했다"" AI 수요 폭발에 고성능 MLCC '품귀' 조짐…납기 최대 5개월로 늘어 전청조 웃통벗고 고유정 왕따다?…교도관 입 열어 '백발 장발' 배용준, 추가 포착…""박수진 챙기는 다정함"" ""최고 연 19%"" 청년미래적금 어디서 가입할까…은행별 우대금리는? 신동엽, 절친 송승헌에게 ""소지섭 멀리하라""고 조언한 이유…왜? ""착하고 명랑하게 살았는데…"" 故옥희, 추모행렬 계속 박봄, 소속사와 결별 후 근황…청순해진 분위기 김희철, 금테크 대박났다…""감정가 3400만원, 다 팔고 주식 살 것"" 이 대통령 국정지지율 46.7%, 부정평가 49.7%…취임 후 첫 오차범위 내 역전 이 대통령 ""혹여라도 보복대행 절대 하면 안돼…구속되는 중대범죄"" 靑 홍보수석 성기홍·민정수석 한찬식·사회수석 김경자 장동혁, 이르면 오늘 당무 복귀…사퇴론 속 당직 개편 등 주목 김 총리 ""당에 돌아가 대통령 국정 방향·계획, 차질 없도록 도움될 것"" 여야, 후반기 국회 원 구성 협상 난항…법사위 줄다리기 팽팽 美-이란 협상, '레바논' 80분 논의후 교착…""비공개 대화중""(종합) 美-이란, '레바논'으로 협상 시작…'호르무즈·핵-제재' 이어갈듯 파키스탄·카타르 ""미·이란, 60일 내 최종 합의 로드맵 합의"" 스페이스X, MSCI ESG평가 최하위…""우크라 침공한 러시아와 동급"" 이란 ""스위스 18시간 회담 종료…석유 판매·동결자산 협의 진전"" 트럼프 ""이란 대통령 입조심하라"" 이란 ""美위협 개의치 않아""(종합) ""이란, 트럼프 '헤즈볼라 방치시 타격'에 항의하며 협상장 이탈"" 신규 원전부지 확보·발전公 통합 논의…12차 전기본 속도 한국 선박 2척 호르무즈 추가 탈출…목적지는 제3국 ""급식업체와도 교섭""…이유는 한달 뒤 통보에 기업 '혼란' 국립생물자원관, 2학기 생물다양성교육 참가단체 모집 한투 'ACE K반도체TOP2+·ACE 코리아AI전력TOP10 ETF', 2종 내일 상장 제이엘케이, 범부처 의료기기 국책과제 선정…12억 규모 9000선 올라선 코스피, 미·이란 협상 주시…방향성 어디로? 이형주 FIU원장 ""가상자산 규제차익 차단…글로벌 공조체계 서둘러야"" ""K-신약 투자""…글로벌 투자사 승부수는 '뉴코' ""300만닉스 코앞""…SK하이닉스·SK스퀘어 또 '신고가' '미·이란 종전 합의' 무색…기름값 왜 여전히 2000원대인가 봤더니 새 배보다 비싼 중고선…조선 시장 '기현상'에 K조선 웃는다 오픈AI, 삼성전자에 챗GPT 공급…""세계 최대 규모급"" 물리치료 전문가의 조언 ""40대, 운동량보다 '잘 움직이는 법' 익혀야"" 日 라인야후 子회사 된 카카오게임즈…글로벌·내부 '투톱 사령탑' 세웠다 과기정통부·방미통위·우주청(6월20일 월요일) ""입안 상처가 3주째 안 나아요""…'이 질환' 신호? ""젊은 내가 알츠하이머?""…'이 검사'로 조기진단 30대 여성, 두 자녀 태우고 음주운전…중앙선 넘어 차량 충돌 ""러브버그 나타났다"" SNS 목격담 잇따라…이번주 절정 예상 종합특검, 오늘 홍장원 3차 소환…'CIA에 계엄 정당화 메시지' 의혹 지진 취약성 드러난 인천공항…45개 시설 내진평가 나선다 경기남부 낮 최고 29도, 흐리고 일부 지역 소나기 서울 마지막 가변차로 폐지…소공로 차로폭, 3m 이상 인천, 흐리다 오후에 곳곳 소나기…""5~40㎜ 뿌린다"" 서울 가맹점 1년 매출 4억1800만원…창업비 1억1350만원 동북아역사재단·서울평생교육진흥원 MOU…""역사 인식 제고"" 6월1~20일 수출 620억 달러, 무역 흑자 175억 달러…반도체 188.4%↑ '여고생 살해' 장윤기, 계획범행 시인…""성범죄 목적 여부는 추후 표명"" 6월1~20일 수출 620억 달러, 반도체 188.4%↑'역대 최고' 흐린 대구·경북, 일부 최대 30㎜ 비…낮 최고 21~26도 정이한 둘러싼 의혹 확산…부친 병원·학적 논란까지 한교총 ""남북은 하나의 민족""…한국전쟁 76주년 연합 예배 ""결혼 포기했다던 청년들, 설렘을 말하기 시작했다""…9쌍 맺어준 '시그널 피정' 반값여행 성과 공유…문체부·관광공사, 지방정부 협의회 개최 인도네시아 단체관광객, 연말까지 무비자…첫 입국자 맞아 '신성' 야말 데뷔골…'무적함대' 스페인, 사우디 4-0 완파 홍명보호, 전세기 편으로 32강 결정될 몬테레이로 이동 스페인, 사우디 4-0 완파…카보베르데는 우루과이와 2-2 비겨(종합) 김주형, '메이저' US 오픈 최종 3위…개인 최고 순위 경신 꿈 이룬 '스페인 신성' 야말 ""지난 대회는 교실에서 봤는데…"" 홍명보호, 조 2위하면 '교민 30만명' LA서 32강전 호날두 감싼 콘세이상 ""동료들에게 본보기 되는 선수"" 안영미, 첫째 이어 둘째도 美서 낳나 '추측' 1 ""K-신약 투자""…글로벌 투자사 승부수는 '뉴코' 2 오픈AI, 삼성전자에 챗GPT 공급…""세계 최대 규모급"" 3 물리치료 전문가의 조언 ""40대, 운동량보다 '잘 움직이는 법' 익혀야"" 4 [오늘의 주요일정]식품의약품안전처(6월22일 월요일) 5 日 라인야후 子회사 된 카카오게임즈…글로벌·내부 '투톱 사령탑' 세웠다 6 [오늘의 주요일정] 과기정통부·방미통위·우주청(6월20일 월요일) 7 ""입안 상처가 3주째 안 나아요""…'이 질환' 신호? 1 AI 수요 폭발에 고성능 MLCC '품귀' 조짐…납기 최대 5개월로 늘어 2 전청조 웃통벗고 고유정 왕따다?…교도관 입 열어 3 '백발 장발' 배용준, 추가 포착…""박수진 챙기는 다정함"" 4 ""최고 연 19%"" 청년미래적금 어디서 가입할까…은행별 우대금리는? 5 신동엽, 절친 송승헌에게 ""소지섭 멀리하라""고 조언한 이유…왜? 6 ""착하고 명랑하게 살았는데…"" 故옥희, 추모행렬 계속 7 박봄, 소속사와 결별 후 근황…청순해진 분위기 9000피 환호 뒤에 숨은 38조 '빚투'의 그늘 엔하이픈 출신 에반 ""제 욕심만을 위해 음악 만든 적, 단 한 번도 없다"" ""배달 기사 시끄러워"" 가게주인 흉기 협박 50대 검거 대표이사 : 염영남 주소 : 서울 중구 퇴계로 173 남산스퀘어빌딩 (구 극동빌딩) 12층 사업자등록번호 : 102-81-36588 발행인 : 염영남 편집인 : 염영남 고충처리인 : 김경원 통신판매업신고 : 서울중구 0398호 문의 02-721-7400 [email protected]",4044,bs4_selector,-10.0,date_failed:original_date_too_old>52h:2026-06-19,252.5,False,False,https://news.google.com/rss/articles/CBMiYEFVX3lxTE9EWnpxTl83OWhkZ0ZOTE9xRS1FeUR0ZV9UYkZRbkJ6VDBkanFKVEhBRzFWdU9KYlJoVm55aWs1elNGXzFQUkVOYnpmRW9udDMwN2dodXJLSFA0NGpLLVlKbtIBeEFVX3lxTE5NYm1neHBycW9iYWhzM1lYWVNuVG94SVFwWnVFSVBNdGkwdG9lMFJqZ1BmUW9GX2hVUmwxOUlmWFdBOFM5V2pYZC1xdkJObEZGdG1nWnU2WVFIbkNMZ1h0a3ZtM2I0UlU2QXRmdHp6ZVpVQVVKLWxDNw?oc=5,https://www.newsis.com/view/NISX20260619_0003676243,-9.0,"ai_infrastructure_security,government_ai,legal_regulatory_enforcement,phishing_security,platform_obligation,policy_legislation,privacy_security_reliability,strategy_mna_governance",security_privacy_leak,2026-06-19,url_date,original_date_too_old>52h,5.0,172.75,privacy_security:toss:data_leak:sanction_or_penalty,77.0,global_incident:platform_enforcement:kakao:privacy_data_violation:sanction_penalty,global_incident:platform_enforcement:kakao:privacy_data_violation,56.0,self:platform_obligation,Y,,,,,I047,AI 정책 컨트롤타워 인선/공백,,,,,,,,,,,,,,,,,,,,국가AI전략위원회,정부/국회,정부_국회,경쟁사_해외이슈,정부_국회,정부/국회,,,issue_representative_attempt,,,,
경쟁사_해외이슈,경쟁사/해외이슈,네이버,네이버NAVER 주가 시장의 시선은 AI 인프라로…엔비디아 등 협력 가능성 주목,CBC뉴스,CBC뉴스,"Sun, 21 Jun 2026 15:00:00 GMT","Sun, 21 Jun 2026 15:00:00 GMT",네이버NAVER 주가 시장의 시선은 AI 인프라로…엔비디아 등 협력 가능성 주목 CBC뉴스,"[CBC뉴스] 최근 네이버 주가가 조정을 받으면서 시장에서는 종전 협상 연기와 글로벌 투자심리 위축 등을 원인으로 거론하고 있다. 다만 업계에서는 단기적인 외부 변수보다 시장의 AI 인프라 사업 확대에 더욱 주목해야 한다는 분석이 나온다. 증권가에 따르면 최근 글로벌 AI 시장은 단순한 생성형 AI 경쟁을 넘어 데이터센터와 전력, 냉각, 반도체를 아우르는 인프라 경쟁 단계로 진입하고 있다. 이에 따라 대규모 데이터센터 운영 경험을 보유한 기업들의 가치가 재평가되고 있다는 평가다. AI 서비스 확산으로 데이터 처리량이 급증하면서 데이터센터의 규모뿐 아니라 전력 효율성과 냉각 기술의 중요성이 더욱 커지고 있다. 차세대 AI 반도체의 발열이 증가하면서 안정적인 운영 능력이 새로운 경쟁 요소로 부상하고 있기 때문이다. 시장에서는 엔비디아의 GPU 기술력과 네이버의 데이터센터 운영 역량 등에 대해 주목하고 있다. 실제로 글로벌 빅테크 기업들은 AI 모델 개발뿐 아니라 데이터센터 확장과 전력 확보 경쟁에 막대한 자금을 투입하고 있다. 이에 따라 국내에서도 AI 서비스 기업에서 AI 인프라 공급 기업으로의 전환 가능성이 주요 투자 포인트로 떠오르고 있다. 전문가들은 네이버 주가의 단기 변동성보다 중장기 AI 데이터센터 전략과 AI 팩토리 구축 계획이 향후 기업가치에 더욱 큰 영향을 미칠 수 있다고 분석했다. 업계 관계자는 ""AI 시장의 승부는 이제 소프트웨어만으로 결정되지 않는다""며 ""전력, 서버, 냉각, 운영 기술을 모두 확보한 기업들이 새로운 경쟁 우위를 확보할 가능성이 높다""고 말했다.젠슨황 한국 방문도 눈여겨 볼마나한 사안이다. [본 기사는 시장에서 제기되는 다양한 의견과 투자 심리를 소개한 것으로 특정 종목에 대한 투자 권유가 아니다. 투자 결정에 따른 책임은 투자자 본인에게 있다.AI 조력으로 작성.] ★ 네티즌 어워즈 투표하러 가기 ▶ ▮ CBC뉴스ㅣCBCNEWS 심우일 기자 [CBC뉴스] 최근 네이버 주가가 조정을 받으면서 시장에서는 종전 협상 연기와 글로벌 투자심리 위축 등을 원인으로 거론하고 있다. 다만 업계에서는 단기적인 외부 변수보다 시장의 AI 인프라 사업 확대에 더욱 주목해야 한다는 분석이 나온다. 증권가에 따르면 최근 글로벌 AI 시장은 단순한 생성형 AI 경쟁을 넘어 데이터센터와 전력, 냉각, 반도체를 아우르는 인프라 경쟁 단계로 진입하고 있다. 이에 따라 대규모 데이터센터 운영 경험을 보유한 기업들의 가치가 재평가되고 있다는 평가다. AI 서비스 확산으로 데이터 처리량이 급증하면서 데이터센터의 규모뿐 아니라 전력 효율성과 냉각 기술의 중요성이 더욱 커지고 있다. 차세대 AI 반도체의 발열이 증가하면서 안정적인 운영 능력이 새로운 경쟁 요소로 부상하고 있기 때문이다. 시장에서는 엔비디아의 GPU 기술력과 네이버의 데이터센터 운영 역량 등에 대해 주목하고 있다. 실제로 글로벌 빅테크 기업들은 AI 모델 개발뿐 아니라 데이터센터 확장과 전력 확보 경쟁에 막대한 자금을 투입하고 있다. 이에 따라 국내에서도 AI 서비스 기업에서 AI 인프라 공급 기업으로의 전환 가능성이 주요 투자 포인트로 떠오르고 있다. 전문가들은 네이버 주가의 단기 변동성보다 중장기 AI 데이터센터 전략과 AI 팩토리 구축 계획이 향후 기업가치에 더욱 큰 영향을 미칠 수 있다고 분석했다. 업계 관계자는 ""AI 시장의 승부는 이제 소프트웨어만으로 결정되지 않는다""며 ""전력, 서버, 냉각, 운영 기술을 모두 확보한 기업들이 새로운 경쟁 우위를 확보할 가능성이 높다""고 말했다.젠슨황 한국 방문도 눈여겨 볼마나한 사안이다. [본 기사는 시장에서 제기되는 다양한 의견과 투자 심리를 소개한 것으로 특정 종목에 대한 투자 권유가 아니다. 투자 결정에 따른 책임은 투자자 본인에게 있다.AI 조력으로 작성.] 삭제한 댓글은 다시 복구할 수 없습니다. 그래도 삭제하시겠습니까? 계정을 선택하시면 로그인·계정인증 을 통해 댓글을 남기실 수 있습니다. 회원 로그인 이름 비밀번호 자동등록방지 계정을 선택하시면 로그인·계정인증 을 통해 댓글을 남기실 수 있습니다. 로봇주, 차익실현 매물에 일제히 약세…일부 종목은 선별적 강세 [CBC뉴스] 국내 로봇 관련주가 전반적인 차익실현 매물 출회 속에 약세를 나타냈다. 최근 인공지능(AI)과 휴머노이드 로봇 산업 성장 기대감으로 급등했던 종목들이 조정을 받는 가... 2026-06-22 조선주 일제히 약세…한화오션 8%대 급락, 동일스틸럭스는 강세 [CBC뉴스] 국내 조선주가 차익실현 매물과 투자심리 위축 영향으로 일제히 하락세를 보였다. 반면 조선 기자재 관련 종목인 동일스틸럭스는 두 자릿수 상승률을 기록하며 시장의 주목을... 2026-06-22 효성중공업, 장중 384만원 기록…전일 대비 0.39% 하락 [CBC뉴스] 효성중공업이 장중 소폭 약세를 나타냈다. 시장 데이터에 따르면 효성중공업 주가는 오전 현재 384만 원으로 전일 대비 1만5,000원(0.39%) 하락했다. 거래량은... 2026-06-22 삼성전기, 증권가 목표가 280만원 제시에도 강보합…MLCC·ABF 업사이클 기대 [CBC뉴스] 삼성전기가 장중 강보합 흐름을 이어가는 가운데 증권가가 목표주가를 잇달아 상향 조정하면서 중장기 성장성에 대한 기대감이 커지고 있다.22일 장중 삼성전기는 전 거래일... 2026-06-22 광통신·광반도체주 혼조세…AI 인프라 확대 기대감은 지속, 광전자 빛과전자 빛샘전자 대한광통신은 하락세 [CBC뉴스] 광통신 및 광반도체 관련 종목들이 장중 혼조세를 보인 가운데 인공지능(AI) 데이터센터와 차세대 네트워크 투자 확대 기대감은 여전히 시장의 관심을 받고 있다.최근 글... 2026-06-22 삼성전자·SK하이닉스, 신흥시장 이익 반등 견인…블룸버그 ""강세장 핵심 동력"" [CBC뉴스] 삼성전자와 SK하이닉스 등 한국 반도체 기업들이 신흥시장(EM) 기업들의 실적 개선을 이끌며 글로벌 증시 강세장의 주요 동력으로 부상하고 있다고 블룸버그통신이 21일... 2026-06-22 [속보] 팬젠, 질병관리청 국립보건연구원과 27.5억원 규모 연구용역 계약 체결 [CBC뉴스] 팬젠이 질병관리청 국립보건연구원과 중증열성혈소판감소증후군(SFTS) 치료용 항체 개발 관련 연구용역 계약을 체결했다고 22일 공시했다.계약 내용은 '중증열성혈소판감소... 2026-06-22 두산로보틱스, 오토메이트 2026 참가…북미 자동화 시장 공략 본격화 [CBC뉴스] 두산로보틱스가 북미 최대 규모 자동화 전시회인 Automate 2026에 참가해 협동로봇 기반 자동화 솔루션을 선보였다.두산로보틱스는 이번 전시회에서 제조 현장의 생... 2026-06-22 [속보] 우진아이엔에스, 152억 규모 SK에코플랜트 HVAC·소방공사 수주 [CBC뉴스] 우진아이엔에스가 SK에코플랜트와 152억5100만원 규모의 공사 계약을 체결했다고 22일 공시했다.이번 계약은 ‘용인 Cluster 1기 Ph-2 OBL Ph-2 H... 2026-06-22 S2W, FIDO 얼라이언스 합류…다크웹 위협 분석·패스워드리스 보안 강화 빅데이터 분석 인공지능(AI) 기업 에스투더블유(S2W)가 글로벌 온라인 인증 표준화 기구인 FIDO 얼라이언스(FIDO Alliance)에 공식 회원사로 합류했다.FIDO 얼라이... 2026-06-22 리플(엑스알피 XRP), 1.20달러 재돌파 가능할까…“CLARITY 법안 기대감에도 시장은 신중” [CBC뉴스] 리플(엑스알피 XRP) 가격이 1.20달러 돌파 시도에 다시 실패한 뒤 좁은 가격 범위에 갇혀 있는 모습이라고 해외 코인매체 코인게이프가 전했다.코인게이프에 따르면 ... 2026-06-22 리플XRP 운명의 1.13달러…미·이란 휴전 양상 속 핵심 지지선 시험대 [CBC뉴스] 리플(XRP)이 단기 조정을 이어가는 가운데 시장의 시선이 1.13달러 지지선에 집중되고 있다. 미국과 이란 간 휴전 협상 움직임으로 글로벌 위험회피 심리가 일부 완... 2026-06-22 미국·이란 휴전 협상에도 XRP 약세…목표가 도달 후 차익실현 압력 확대 [CBC뉴스] 리플(XRP)이 최근 상승 목표 구간에 도달한 이후 차익실현 매물이 쏟아지면서 약세 흐름을 보이고 있다. 미국과 이란 간 휴전 협상 가능성이 거론되며 글로벌 금융시장... 2026-06-22 중동 휴전 협상 관측 속 리플 생태계 확장...크로스체인 확장 가속 [CBC뉴스] 크로스체인 인프라 플랫폼 스퀴드(Squid)는 최근 RLUSD와 다양한 암호화폐 간 스왑 서비스를 지원한다고 밝혔다.이번 지원으로 이용자들은 단일 거래만으로 RLUS... 2026-06-21 리플X, 양자컴퓨터 시대 대비 본격화…XRPL 보안 업그레이드 공개 [CBC뉴스] 리플(XRP) 생태계 개발을 담당하는 리플X(RippleX)가 양자컴퓨팅 시대를 대비한 차세대 보안 전략을 공개하면서 시장의 관심을 끌고 있다.리플X의 최고 엔지니어... 2026-06-21 리플XRP, 금리 동결·중동 긴장 완화 속 반등 모색…“2달러 돌파가 장기 상승 분수령” [CBC뉴스] 리플(XRP)이 미국 연방준비제도(Fed)의 기준금리 동결과 중동 지역 긴장 완화 기대감 속에서 반등 가능성을 모색하고 있다. 다만 시장에서는 XRP가 본격적인 상승... 2026-06-21 리플, 아프리카 핀테크 투자 확대…플러터웨이브 지분 인수 주목 [CBC뉴스] 리플(XRP)이 아프리카 대표 핀테크 기업 플러터웨이브(Flutterwave)에 투자하며 글로벌 금융 시장 공략을 확대하고 있다.블룸버그 보도에 따르면 리플은 최근 ... 2026-06-21 RLUSD 활용성 확대…스퀴드, 리플XRP 스테이블코인 크로스체인 스왑 지원 [CBC뉴스] 리플(XRP)이 발행한 달러 연동 스테이블코인 RLUSD의 활용 범위가 확대되고 있다.크로스체인 인프라 플랫폼 스퀴드(Squid)는 최근 RLUSD와 다양한 암호화폐... 2026-06-20 리플X, 양자컴퓨터 시대 대비 나선다…미 금리 동결 속 XRPL 보안 강화 [CBC뉴스] 리플(XRP) 생태계 개발을 담당하는 리플X(RippleX)가 양자컴퓨팅 시대를 대비한 차세대 보안 전략을 공개했다.리플X의 최고 엔지니어 아요 아키니엘레(Ayo A... 2026-06-20 리플XRP, 2달러 돌파가 분수령…미 연준 금리 동결 속 9.5달러 전망 재조명 [CBC뉴스] 가상자산 XRP가 주요 저항선으로 꼽히는 2달러 돌파 여부에 시장의 관심이 집중되고 있다. 미국 연방준비제도(Fed)가 기준금리를 동결한 가운데 XRP의 중장기 상승... 2026-06-20 하츠투하츠, 오늘 톡쏘는 상큼함으로 컴백 [CBC뉴스] 그룹 하츠투하츠(카르멘, 지우, 유하, 스텔라, 주은, 에이나, 이안, 예온)가 오늘 (22일) 미니 2집 'Lemon Tang'을 발매하고 컴백한다.이번 앨범은 동... 2026-06-22 아이덴티티, '제35회 서가대' '글로벌 루키상' 수상 [CBC뉴스]그룹 아이덴티티(idntt)가 서울가요대상에서 'SMA 글로벌 루키상'을 수상했다.아이덴티티는 지난 20일 인천 인스파이어 아레나에서 열린 '제35회 서울가요대상'에서... 2026-06-22 나나, ‘2026 KISF’ 글로벌 OTT 어워즈 '조연배우상' 수상! [CBC뉴스]배우 나나가 ‘2026 KISF 글로벌 OTT 어워즈’에서 조연배우상을 수상했다.나나는 지난 20일 부산 영화의전당에서 열린 ‘2026 코리아국제스트리밍페스티벌 글로벌... 2026-06-22 환희, ‘불후의 명곡’→‘살림남’까지 종횡무진 주말 접수 [CBC뉴스]환희가 주말 예능 프로그램에서 가창력과 따뜻한 가족의 모습을 선보였다.환희는 지난 20일 방송된 KBS 2TV '불후의 명곡'과 '살림하는 남자들 시즌2'에 잇달아 출... 2026-06-22 아홉, 본격 컴백 카운트다운 돌입 [CBC뉴스]그룹 아홉(AHOF)이 세 번째 미니앨범을 발매하고 컴백한다.소속사 F&F엔터테인먼트는 22일 공식 SNS 채널을 통해 아홉의 미니 3집 'RUN TO YOU(런 투 ... 2026-06-22 로봇주, 차익실현 매물에 일제히 약세…일부 종목은 선별적 강세 [CBC뉴스] 국내 로봇 관련주가 전반적인 차익실현 매물 출회 속에 약세를 나타냈다. 최근 인공지능(AI)과 휴머노이드 로봇 산업 성장 기대감으로 급등했던 종목들이 조정을 받는 가... 2026-06-22 조선주 일제히 약세…한화오션 8%대 급락, 동일스틸럭스는 강세 [CBC뉴스] 국내 조선주가 차익실현 매물과 투자심리 위축 영향으로 일제히 하락세를 보였다. 반면 조선 기자재 관련 종목인 동일스틸럭스는 두 자릿수 상승률을 기록하며 시장의 주목을... 2026-06-22 로봇주, 차익실현 매물에 일제히 약세…일부 종목은 선별적 강세 [CBC뉴스] 국내 로봇 관련주가 전반적인 차익실현 매물 출회 속에 약세를 나타냈다. 최근 인공지능(AI)과 휴머노이드 로봇 산업 성장 기대감으로 급등했던 종목들이 조정을 받는 가... 2026-06-22 [CBC뉴스] 국내 로봇 관련주가 전반적인 차익실현 매물 출회 속에 약세를 나타냈다. 최근 인공지능(AI)과 휴머노이드 로봇 산업 성장 기대감으로 급등했던 종목들이 조정을 받는 가... 2026-06-22 조선주 일제히 약세…한화오션 8%대 급락, 동일스틸럭스는 강세 [CBC뉴스] 국내 조선주가 차익실현 매물과 투자심리 위축 영향으로 일제히 하락세를 보였다. 반면 조선 기자재 관련 종목인 동일스틸럭스는 두 자릿수 상승률을 기록하며 시장의 주목을... 2026-06-22 [CBC뉴스] 국내 조선주가 차익실현 매물과 투자심리 위축 영향으로 일제히 하락세를 보였다. 반면 조선 기자재 관련 종목인 동일스틸럭스는 두 자릿수 상승률을 기록하며 시장의 주목을... 2026-06-22 효성중공업, 장중 384만원 기록…전일 대비 0.39% 하락 [CBC뉴스] 효성중공업이 장중 소폭 약세를 나타냈다. 시장 데이터에 따르면 효성중공업 주가는 오전 현재 384만 원으로 전일 대비 1만5,000원(0.39%) 하락했다. 거래량은... 2026-06-22 삼성전기, 증권가 목표가 280만원 제시에도 강보합…MLCC·ABF 업사이클 기대 [CBC뉴스] 삼성전기가 장중 강보합 흐름을 이어가는 가운데 증권가가 목표주가를 잇달아 상향 조정하면서 중장기 성장성에 대한 기대감이 커지고 있다.22일 장중 삼성전기는 전 거래일... 2026-06-22 광통신·광반도체주 혼조세…AI 인프라 확대 기대감은 지속, 광전자 빛과전자 빛샘전자 대한광통신은 하락세 [CBC뉴스] 광통신 및 광반도체 관련 종목들이 장중 혼조세를 보인 가운데 인공지능(AI) 데이터센터와 차세대 네트워크 투자 확대 기대감은 여전히 시장의 관심을 받고 있다.최근 글... 2026-06-22 효성중공업, 장중 384만원 기록…전일 대비 0.39% 하락 [CBC뉴스] 효성중공업이 장중 소폭 약세를 나타냈다. 시장 데이터에 따르면 효성중공업 주가는 오전 현재 384만 원으로 전일 대비 1만5,000원(0.39%) 하락했다. 거래량은... 2026-06-22 [CBC뉴스] 효성중공업이 장중 소폭 약세를 나타냈다. 시장 데이터에 따르면 효성중공업 주가는 오전 현재 384만 원으로 전일 대비 1만5,000원(0.39%) 하락했다. 거래량은... 2026-06-22 삼성전기, 증권가 목표가 280만원 제시에도 강보합…MLCC·ABF 업사이클 기대 [CBC뉴스] 삼성전기가 장중 강보합 흐름을 이어가는 가운데 증권가가 목표주가를 잇달아 상향 조정하면서 중장기 성장성에 대한 기대감이 커지고 있다.22일 장중 삼성전기는 전 거래일... 2026-06-22 [CBC뉴스] 삼성전기가 장중 강보합 흐름을 이어가는 가운데 증권가가 목표주가를 잇달아 상향 조정하면서 중장기 성장성에 대한 기대감이 커지고 있다.22일 장중 삼성전기는 전 거래일... 2026-06-22 광통신·광반도체주 혼조세…AI 인프라 확대 기대감은 지속, 광전자 빛과전자 빛샘전자 대한광통신은 하락세 [CBC뉴스] 광통신 및 광반도체 관련 종목들이 장중 혼조세를 보인 가운데 인공지능(AI) 데이터센터와 차세대 네트워크 투자 확대 기대감은 여전히 시장의 관심을 받고 있다.최근 글... 2026-06-22 [CBC뉴스] 광통신 및 광반도체 관련 종목들이 장중 혼조세를 보인 가운데 인공지능(AI) 데이터센터와 차세대 네트워크 투자 확대 기대감은 여전히 시장의 관심을 받고 있다.최근 글... 2026-06-22 삼성전자·SK하이닉스, 신흥시장 이익 반등 견인…블룸버그 ""강세장 핵심 동력"" [CBC뉴스] 삼성전자와 SK하이닉스 등 한국 반도체 기업들이 신흥시장(EM) 기업들의 실적 개선을 이끌며 글로벌 증시 강세장의 주요 동력으로 부상하고 있다고 블룸버그통신이 21일... 2026-06-22 [속보] 팬젠, 질병관리청 국립보건연구원과 27.5억원 규모 연구용역 계약 체결 [CBC뉴스] 팬젠이 질병관리청 국립보건연구원과 중증열성혈소판감소증후군(SFTS) 치료용 항체 개발 관련 연구용역 계약을 체결했다고 22일 공시했다.계약 내용은 '중증열성혈소판감소... 2026-06-22 두산로보틱스, 오토메이트 2026 참가…북미 자동화 시장 공략 본격화 [CBC뉴스] 두산로보틱스가 북미 최대 규모 자동화 전시회인 Automate 2026에 참가해 협동로봇 기반 자동화 솔루션을 선보였다.두산로보틱스는 이번 전시회에서 제조 현장의 생... 2026-06-22 [속보] 우진아이엔에스, 152억 규모 SK에코플랜트 HVAC·소방공사 수주 [CBC뉴스] 우진아이엔에스가 SK에코플랜트와 152억5100만원 규모의 공사 계약을 체결했다고 22일 공시했다.이번 계약은 ‘용인 Cluster 1기 Ph-2 OBL Ph-2 H... 2026-06-22 S2W, FIDO 얼라이언스 합류…다크웹 위협 분석·패스워드리스 보안 강화 빅데이터 분석 인공지능(AI) 기업 에스투더블유(S2W)가 글로벌 온라인 인증 표준화 기구인 FIDO 얼라이언스(FIDO Alliance)에 공식 회원사로 합류했다.FIDO 얼라이... 2026-06-22 삼성전자·SK하이닉스, 신흥시장 이익 반등 견인…블룸버그 ""강세장 핵심 동력"" [CBC뉴스] 삼성전자와 SK하이닉스 등 한국 반도체 기업들이 신흥시장(EM) 기업들의 실적 개선을 이끌며 글로벌 증시 강세장의 주요 동력으로 부상하고 있다고 블룸버그통신이 21일... 2026-06-22 [CBC뉴스] 삼성전자와 SK하이닉스 등 한국 반도체 기업들이 신흥시장(EM) 기업들의 실적 개선을 이끌며 글로벌 증시 강세장의 주요 동력으로 부상하고 있다고 블룸버그통신이 21일... 2026-06-22 [속보] 팬젠, 질병관리청 국립보건연구원과 27.5억원 규모 연구용역 계약 체결 [CBC뉴스] 팬젠이 질병관리청 국립보건연구원과 중증열성혈소판감소증후군(SFTS) 치료용 항체 개발 관련 연구용역 계약을 체결했다고 22일 공시했다.계약 내용은 '중증열성혈소판감소... 2026-06-22 [CBC뉴스] 팬젠이 질병관리청 국립보건연구원과 중증열성혈소판감소증후군(SFTS) 치료용 항체 개발 관련 연구용역 계약을 체결했다고 22일 공시했다.계약 내용은 '중증열성혈소판감소... 2026-06-22 두산로보틱스, 오토메이트 2026 참가…북미 자동화 시장 공략 본격화 [CBC뉴스] 두산로보틱스가 북미 최대 규모 자동화 전시회인 Automate 2026에 참가해 협동로봇 기반 자동화 솔루션을 선보였다.두산로보틱스는 이번 전시회에서 제조 현장의 생... 2026-06-22 [CBC뉴스] 두산로보틱스가 북미 최대 규모 자동화 전시회인 Automate 2026에 참가해 협동로봇 기반 자동화 솔루션을 선보였다.두산로보틱스는 이번 전시회에서 제조 현장의 생... 2026-06-22 [속보] 우진아이엔에스, 152억 규모 SK에코플랜트 HVAC·소방공사 수주 [CBC뉴스] 우진아이엔에스가 SK에코플랜트와 152억5100만원 규모의 공사 계약을 체결했다고 22일 공시했다.이번 계약은 ‘용인 Cluster 1기 Ph-2 OBL Ph-2 H... 2026-06-22 [CBC뉴스] 우진아이엔에스가 SK에코플랜트와 152억5100만원 규모의 공사 계약을 체결했다고 22일 공시했다.이번 계약은 ‘용인 Cluster 1기 Ph-2 OBL Ph-2 H... 2026-06-22 S2W, FIDO 얼라이언스 합류…다크웹 위협 분석·패스워드리스 보안 강화 빅데이터 분석 인공지능(AI) 기업 에스투더블유(S2W)가 글로벌 온라인 인증 표준화 기구인 FIDO 얼라이언스(FIDO Alliance)에 공식 회원사로 합류했다.FIDO 얼라이... 2026-06-22 빅데이터 분석 인공지능(AI) 기업 에스투더블유(S2W)가 글로벌 온라인 인증 표준화 기구인 FIDO 얼라이언스(FIDO Alliance)에 공식 회원사로 합류했다.FIDO 얼라이... 2026-06-22 리플(엑스알피 XRP), 1.20달러 재돌파 가능할까…“CLARITY 법안 기대감에도 시장은 신중” [CBC뉴스] 리플(엑스알피 XRP) 가격이 1.20달러 돌파 시도에 다시 실패한 뒤 좁은 가격 범위에 갇혀 있는 모습이라고 해외 코인매체 코인게이프가 전했다.코인게이프에 따르면 ... 2026-06-22 리플XRP 운명의 1.13달러…미·이란 휴전 양상 속 핵심 지지선 시험대 [CBC뉴스] 리플(XRP)이 단기 조정을 이어가는 가운데 시장의 시선이 1.13달러 지지선에 집중되고 있다. 미국과 이란 간 휴전 협상 움직임으로 글로벌 위험회피 심리가 일부 완... 2026-06-22 미국·이란 휴전 협상에도 XRP 약세…목표가 도달 후 차익실현 압력 확대 [CBC뉴스] 리플(XRP)이 최근 상승 목표 구간에 도달한 이후 차익실현 매물이 쏟아지면서 약세 흐름을 보이고 있다. 미국과 이란 간 휴전 협상 가능성이 거론되며 글로벌 금융시장... 2026-06-22 중동 휴전 협상 관측 속 리플 생태계 확장...크로스체인 확장 가속 [CBC뉴스] 크로스체인 인프라 플랫폼 스퀴드(Squid)는 최근 RLUSD와 다양한 암호화폐 간 스왑 서비스를 지원한다고 밝혔다.이번 지원으로 이용자들은 단일 거래만으로 RLUS... 2026-06-21 리플X, 양자컴퓨터 시대 대비 본격화…XRPL 보안 업그레이드 공개 [CBC뉴스] 리플(XRP) 생태계 개발을 담당하는 리플X(RippleX)가 양자컴퓨팅 시대를 대비한 차세대 보안 전략을 공개하면서 시장의 관심을 끌고 있다.리플X의 최고 엔지니어... 2026-06-21 리플XRP, 금리 동결·중동 긴장 완화 속 반등 모색…“2달러 돌파가 장기 상승 분수령” [CBC뉴스] 리플(XRP)이 미국 연방준비제도(Fed)의 기준금리 동결과 중동 지역 긴장 완화 기대감 속에서 반등 가능성을 모색하고 있다. 다만 시장에서는 XRP가 본격적인 상승... 2026-06-21 리플, 아프리카 핀테크 투자 확대…플러터웨이브 지분 인수 주목 [CBC뉴스] 리플(XRP)이 아프리카 대표 핀테크 기업 플러터웨이브(Flutterwave)에 투자하며 글로벌 금융 시장 공략을 확대하고 있다.블룸버그 보도에 따르면 리플은 최근 ... 2026-06-21 RLUSD 활용성 확대…스퀴드, 리플XRP 스테이블코인 크로스체인 스왑 지원 [CBC뉴스] 리플(XRP)이 발행한 달러 연동 스테이블코인 RLUSD의 활용 범위가 확대되고 있다.크로스체인 인프라 플랫폼 스퀴드(Squid)는 최근 RLUSD와 다양한 암호화폐... 2026-06-20 리플X, 양자컴퓨터 시대 대비 나선다…미 금리 동결 속 XRPL 보안 강화 [CBC뉴스] 리플(XRP) 생태계 개발을 담당하는 리플X(RippleX)가 양자컴퓨팅 시대를 대비한 차세대 보안 전략을 공개했다.리플X의 최고 엔지니어 아요 아키니엘레(Ayo A... 2026-06-20 리플XRP, 2달러 돌파가 분수령…미 연준 금리 동결 속 9.5달러 전망 재조명 [CBC뉴스] 가상자산 XRP가 주요 저항선으로 꼽히는 2달러 돌파 여부에 시장의 관심이 집중되고 있다. 미국 연방준비제도(Fed)가 기준금리를 동결한 가운데 XRP의 중장기 상승... 2026-06-20 리플(엑스알피 XRP), 1.20달러 재돌파 가능할까…“CLARITY 법안 기대감에도 시장은 신중” [CBC뉴스] 리플(엑스알피 XRP) 가격이 1.20달러 돌파 시도에 다시 실패한 뒤 좁은 가격 범위에 갇혀 있는 모습이라고 해외 코인매체 코인게이프가 전했다.코인게이프에 따르면 ... 2026-06-22 [CBC뉴스] 리플(엑스알피 XRP) 가격이 1.20달러 돌파 시도에 다시 실패한 뒤 좁은 가격 범위에 갇혀 있는 모습이라고 해외 코인매체 코인게이프가 전했다.코인게이프에 따르면 ... 2026-06-22 리플XRP 운명의 1.13달러…미·이란 휴전 양상 속 핵심 지지선 시험대 [CBC뉴스] 리플(XRP)이 단기 조정을 이어가는 가운데 시장의 시선이 1.13달러 지지선에 집중되고 있다. 미국과 이란 간 휴전 협상 움직임으로 글로벌 위험회피 심리가 일부 완... 2026-06-22 [CBC뉴스] 리플(XRP)이 단기 조정을 이어가는 가운데 시장의 시선이 1.13달러 지지선에 집중되고 있다. 미국과 이란 간 휴전 협상 움직임으로 글로벌 위험회피 심리가 일부 완... 2026-06-22 미국·이란 휴전 협상에도 XRP 약세…목표가 도달 후 차익실현 압력 확대 [CBC뉴스] 리플(XRP)이 최근 상승 목표 구간에 도달한 이후 차익실현 매물이 쏟아지면서 약세 흐름을 보이고 있다. 미국과 이란 간 휴전 협상 가능성이 거론되며 글로벌 금융시장... 2026-06-22 [CBC뉴스] 리플(XRP)이 최근 상승 목표 구간에 도달한 이후 차익실현 매물이 쏟아지면서 약세 흐름을 보이고 있다. 미국과 이란 간 휴전 협상 가능성이 거론되며 글로벌 금융시장... 2026-06-22 중동 휴전 협상 관측 속 리플 생태계 확장...크로스체인 확장 가속 [CBC뉴스] 크로스체인 인프라 플랫폼 스퀴드(Squid)는 최근 RLUSD와 다양한 암호화폐 간 스왑 서비스를 지원한다고 밝혔다.이번 지원으로 이용자들은 단일 거래만으로 RLUS... 2026-06-21 [CBC뉴스] 크로스체인 인프라 플랫폼 스퀴드(Squid)는 최근 RLUSD와 다양한 암호화폐 간 스왑 서비스를 지원한다고 밝혔다.이번 지원으로 이용자들은 단일 거래만으로 RLUS... 2026-06-21 리플X, 양자컴퓨터 시대 대비 본격화…XRPL 보안 업그레이드 공개 [CBC뉴스] 리플(XRP) 생태계 개발을 담당하는 리플X(RippleX)가 양자컴퓨팅 시대를 대비한 차세대 보안 전략을 공개하면서 시장의 관심을 끌고 있다.리플X의 최고 엔지니어... 2026-06-21 [CBC뉴스] 리플(XRP) 생태계 개발을 담당하는 리플X(RippleX)가 양자컴퓨팅 시대를 대비한 차세대 보안 전략을 공개하면서 시장의 관심을 끌고 있다.리플X의 최고 엔지니어... 2026-06-21 리플XRP, 금리 동결·중동 긴장 완화 속 반등 모색…“2달러 돌파가 장기 상승 분수령” [CBC뉴스] 리플(XRP)이 미국 연방준비제도(Fed)의 기준금리 동결과 중동 지역 긴장 완화 기대감 속에서 반등 가능성을 모색하고 있다. 다만 시장에서는 XRP가 본격적인 상승... 2026-06-21 [CBC뉴스] 리플(XRP)이 미국 연방준비제도(Fed)의 기준금리 동결과 중동 지역 긴장 완화 기대감 속에서 반등 가능성을 모색하고 있다. 다만 시장에서는 XRP가 본격적인 상승... 2026-06-21 리플, 아프리카 핀테크 투자 확대…플러터웨이브 지분 인수 주목 [CBC뉴스] 리플(XRP)이 아프리카 대표 핀테크 기업 플러터웨이브(Flutterwave)에 투자하며 글로벌 금융 시장 공략을 확대하고 있다.블룸버그 보도에 따르면 리플은 최근 ... 2026-06-21 [CBC뉴스] 리플(XRP)이 아프리카 대표 핀테크 기업 플러터웨이브(Flutterwave)에 투자하며 글로벌 금융 시장 공략을 확대하고 있다.블룸버그 보도에 따르면 리플은 최근 ... 2026-06-21 RLUSD 활용성 확대…스퀴드, 리플XRP 스테이블코인 크로스체인 스왑 지원 [CBC뉴스] 리플(XRP)이 발행한 달러 연동 스테이블코인 RLUSD의 활용 범위가 확대되고 있다.크로스체인 인프라 플랫폼 스퀴드(Squid)는 최근 RLUSD와 다양한 암호화폐... 2026-06-20 [CBC뉴스] 리플(XRP)이 발행한 달러 연동 스테이블코인 RLUSD의 활용 범위가 확대되고 있다.크로스체인 인프라 플랫폼 스퀴드(Squid)는 최근 RLUSD와 다양한 암호화폐... 2026-06-20 리플X, 양자컴퓨터 시대 대비 나선다…미 금리 동결 속 XRPL 보안 강화 [CBC뉴스] 리플(XRP) 생태계 개발을 담당하는 리플X(RippleX)가 양자컴퓨팅 시대를 대비한 차세대 보안 전략을 공개했다.리플X의 최고 엔지니어 아요 아키니엘레(Ayo A... 2026-06-20 [CBC뉴스] 리플(XRP) 생태계 개발을 담당하는 리플X(RippleX)가 양자컴퓨팅 시대를 대비한 차세대 보안 전략을 공개했다.리플X의 최고 엔지니어 아요 아키니엘레(Ayo A... 2026-06-20 리플XRP, 2달러 돌파가 분수령…미 연준 금리 동결 속 9.5달러 전망 재조명 [CBC뉴스] 가상자산 XRP가 주요 저항선으로 꼽히는 2달러 돌파 여부에 시장의 관심이 집중되고 있다. 미국 연방준비제도(Fed)가 기준금리를 동결한 가운데 XRP의 중장기 상승... 2026-06-20 [CBC뉴스] 가상자산 XRP가 주요 저항선으로 꼽히는 2달러 돌파 여부에 시장의 관심이 집중되고 있다. 미국 연방준비제도(Fed)가 기준금리를 동결한 가운데 XRP의 중장기 상승... 2026-06-20 하츠투하츠, 오늘 톡쏘는 상큼함으로 컴백 [CBC뉴스] 그룹 하츠투하츠(카르멘, 지우, 유하, 스텔라, 주은, 에이나, 이안, 예온)가 오늘 (22일) 미니 2집 'Lemon Tang'을 발매하고 컴백한다.이번 앨범은 동... 2026-06-22 아이덴티티, '제35회 서가대' '글로벌 루키상' 수상 [CBC뉴스]그룹 아이덴티티(idntt)가 서울가요대상에서 'SMA 글로벌 루키상'을 수상했다.아이덴티티는 지난 20일 인천 인스파이어 아레나에서 열린 '제35회 서울가요대상'에서... 2026-06-22 나나, ‘2026 KISF’ 글로벌 OTT 어워즈 '조연배우상' 수상! [CBC뉴스]배우 나나가 ‘2026 KISF 글로벌 OTT 어워즈’에서 조연배우상을 수상했다.나나는 지난 20일 부산 영화의전당에서 열린 ‘2026 코리아국제스트리밍페스티벌 글로벌... 2026-06-22 환희, ‘불후의 명곡’→‘살림남’까지 종횡무진 주말 접수 [CBC뉴스]환희가 주말 예능 프로그램에서 가창력과 따뜻한 가족의 모습을 선보였다.환희는 지난 20일 방송된 KBS 2TV '불후의 명곡'과 '살림하는 남자들 시즌2'에 잇달아 출... 2026-06-22 아홉, 본격 컴백 카운트다운 돌입 [CBC뉴스]그룹 아홉(AHOF)이 세 번째 미니앨범을 발매하고 컴백한다.소속사 F&F엔터테인먼트는 22일 공식 SNS 채널을 통해 아홉의 미니 3집 'RUN TO YOU(런 투 ... 2026-06-22 하츠투하츠, 오늘 톡쏘는 상큼함으로 컴백 [CBC뉴스] 그룹 하츠투하츠(카르멘, 지우, 유하, 스텔라, 주은, 에이나, 이안, 예온)가 오늘 (22일) 미니 2집 'Lemon Tang'을 발매하고 컴백한다.이번 앨범은 동... 2026-06-22 [CBC뉴스] 그룹 하츠투하츠(카르멘, 지우, 유하, 스텔라, 주은, 에이나, 이안, 예온)가 오늘 (22일) 미니 2집 'Lemon Tang'을 발매하고 컴백한다.이번 앨범은 동... 2026-06-22 아이덴티티, '제35회 서가대' '글로벌 루키상' 수상 [CBC뉴스]그룹 아이덴티티(idntt)가 서울가요대상에서 'SMA 글로벌 루키상'을 수상했다.아이덴티티는 지난 20일 인천 인스파이어 아레나에서 열린 '제35회 서울가요대상'에서... 2026-06-22 [CBC뉴스]그룹 아이덴티티(idntt)가 서울가요대상에서 'SMA 글로벌 루키상'을 수상했다.아이덴티티는 지난 20일 인천 인스파이어 아레나에서 열린 '제35회 서울가요대상'에서... 2026-06-22 나나, ‘2026 KISF’ 글로벌 OTT 어워즈 '조연배우상' 수상! [CBC뉴스]배우 나나가 ‘2026 KISF 글로벌 OTT 어워즈’에서 조연배우상을 수상했다.나나는 지난 20일 부산 영화의전당에서 열린 ‘2026 코리아국제스트리밍페스티벌 글로벌... 2026-06-22 [CBC뉴스]배우 나나가 ‘2026 KISF 글로벌 OTT 어워즈’에서 조연배우상을 수상했다.나나는 지난 20일 부산 영화의전당에서 열린 ‘2026 코리아국제스트리밍페스티벌 글로벌... 2026-06-22 환희, ‘불후의 명곡’→‘살림남’까지 종횡무진 주말 접수 [CBC뉴스]환희가 주말 예능 프로그램에서 가창력과 따뜻한 가족의 모습을 선보였다.환희는 지난 20일 방송된 KBS 2TV '불후의 명곡'과 '살림하는 남자들 시즌2'에 잇달아 출... 2026-06-22 [CBC뉴스]환희가 주말 예능 프로그램에서 가창력과 따뜻한 가족의 모습을 선보였다.환희는 지난 20일 방송된 KBS 2TV '불후의 명곡'과 '살림하는 남자들 시즌2'에 잇달아 출... 2026-06-22 아홉, 본격 컴백 카운트다운 돌입 [CBC뉴스]그룹 아홉(AHOF)이 세 번째 미니앨범을 발매하고 컴백한다.소속사 F&F엔터테인먼트는 22일 공식 SNS 채널을 통해 아홉의 미니 3집 'RUN TO YOU(런 투 ... 2026-06-22 [CBC뉴스]그룹 아홉(AHOF)이 세 번째 미니앨범을 발매하고 컴백한다.소속사 F&F엔터테인먼트는 22일 공식 SNS 채널을 통해 아홉의 미니 3집 'RUN TO YOU(런 투 ... 2026-06-22",16486,bs4_selector,20.0,suspicious_long_noisy_body,54.5,False,False,https://news.google.com/rss/articles/CBMiaEFVX3lxTFBDQ29KVUMzcklVeUFJb2trMGozeVRkSHpYbV80eWVqZUdNLWNNUkpYallQTDJNMjhwTnlHaGZKbWczdDdLYlBUVXlnVGdIMmNpWW9OWmVaQ2l0VXl3REFQbjNhQjhYZXdY?oc=5,https://www.cbci.co.kr/news/articleView.html?idxno=583567,357.5,"ai_infrastructure_security,aidc_datacenter,financial_performance,labor_dispute,platform_obligation,policy_legislation",labor_general,2026-06-22,meta:article:published_time,original_date_recent,13.0,95.15,,7.0,,,0.0,,,,,,,I001,국가 AI 인프라/AIDC/GPU 정책,,,,,,,,,,,,,,,,,,,,네이버,경쟁사/해외이슈,경쟁사_해외이슈,경쟁사_해외이슈,경쟁사_해외이슈,경쟁사/해외이슈,,,issue_representative_attempt,,,,
경쟁사_해외이슈,경쟁사/해외이슈,쿠팡,"KT, 최대 2000억대 과징금 초읽기…쿠팡 6246억 제재 후폭풍에 ‘비상’",이코노미트리뷴,이코노미트리뷴,"Fri, 19 Jun 2026 02:39:17 GMT","Fri, 19 Jun 2026 02:39:17 GMT","KT, 최대 2000억대 과징금 초읽기…쿠팡 6246억 제재 후폭풍에 ‘비상’ 이코노미트리뷴","KT, 최대 2000억대 과징금 초읽기…쿠팡 6246억 제재 후폭풍에 ‘비상’ 가 가 기사의 본문 내용은 이 글자크기로 변경됩니다. 스크롤 이동 상태바 KT, 최대 2000억대 과징금 초읽기…쿠팡 6246억 제재 후폭풍에 ‘비상’ 가 가 기사의 본문 내용은 이 글자크기로 변경됩니다. KT, 최대 2000억대 과징금 초읽기…쿠팡 6246억 제재 후폭풍에 ‘비상’ 가 가 기사의 본문 내용은 이 글자크기로 변경됩니다. 기사의 본문 내용은 이 글자크기로 변경됩니다. [이코노미트리뷴 = 김용현 기자] 쿠팡에 역대 최대 개인정보 과징금이 부과되면서 개인정보 유출 조사를 받고 있는 KT의 제재 수위에도 관심이 쏠리고 있다. KT는 유출 규모만 놓고 보면 쿠팡보다 작지만, 유출 인지 지연과 신고 누락, 무선 소액결제를 통한 실제 금전 피해가 발생했다는 점에서 과징금 산정 과정에서 불리한 요인이 적지 않다는 평가가 나온다. 19일 업계에 따르면 개인정보보호위원회는 KT 개인정보 유출 사건에 대한 조사를 마치고 사전 통지서를 발송한 상태다. KT의 의견서 제출과 개보위 심의 절차가 마무리되면 이르면 이달 말 최종 처분이 나올 가능성이 거론된다. KT가 긴장하는 배경에는 최근 쿠팡 사례가 있다. 개보위는 지난 11일 약 3750만명의 개인정보가 유출된 쿠팡에 과징금 6246억8100만원을 부과했다. 이는 국내 개인정보 유출 사건 가운데 역대 최대 규모로, 지난해 해킹 사태를 겪은 SK텔레콤 과징금 1348억원을 크게 웃도는 수준이다. 개인정보 유출 사건에 대한 제재 수위가 높아지는 가운데 KT 사건은 쿠팡과는 다른 방향의 가중 요인이 있다는 분석이 나온다. 쿠팡은 유출 규모가 압도적으로 컸던 반면 KT는 유출 인지까지 상당 기간이 걸렸고, 이 과정에서 신고가 지연됐다는 점이 쟁점으로 꼽힌다. 여기에 무선 소액결제를 통한 실제 금전 피해가 발생한 점도 과징금 산정에서 부담으로 작용할 수 있다. 현행 개인정보보호법상 과징금 상한은 위반행위 관련 매출액의 3%다. KT의 경우 무선 소액결제와 통신 서비스가 연결된 사건인 만큼 무선사업 매출이 과징금 산정 범위에 포함될 가능성이 거론된다. KT의 최근 3년 무선사업 매출은 2023년 6조8000억원, 2024년 6조9600억원, 2025년 7조1800억원 수준으로, 평균 매출 약 6조9000억원을 기준으로 단순 계산하면 상한은 2000억원대 초반까지 올라갈 수 있다. 다만 실제 처분액이 상한에 근접할지는 아직 불확실하다. KT가 피해자 보상안과 고객 케어 프로그램을 마련한 점은 감경 사유로 반영될 수 있지만, 신고 지연과 실제 2차 피해 발생은 감경 폭을 제한하는 요인으로 거론된다. 기존 보도와 법조계에서는 KT 과징금 규모를 수백억원대에서 1000억원대 이상으로 보는 시각과, 쿠팡 이후 강화된 제재 기조를 감안해 2000억원대 가능성까지 열어둬야 한다는 관측이 함께 나오고 있다. 최종 과징금 규모에 따라 향후 회사 재무상태에 부담으로 작용할 가능성도 배제하기 어렵다. KT의 2025년 사업보고서에 따르면 별도 기준 기타충당부채는 2024년 말 397억3200만원에서 2025년 말 2477억1000만원으로 급증했다. 증가분의 대부분은 당기 중 ‘전입 및 대체’ 2164억6900만원으로 반영됐다. 회사가 지난해 12월 이사회에서 ‘소액결제 피해 및 침해사고 관련 고객 보답 패키지’를 의결한 점을 고려하면, 이는 고객 보상과 케어 프로그램, 보안 강화 등 회사 차원의 사고 수습 비용이 상당 부분 포함된 것으로 추정된다. KT는 사업보고서에서 무단 소액결제 및 침해사고와 관련해 개인정보보호위원회 조사를 받고 있다고 밝히면서도 “진행 중인 조사의 결과 및 해당 사건과 관련해 부담할 의무를 합리적으로 추정할 수 없다”고 기재했다. 해당 내용은 우발부채와 약정사항 주석에 포함됐다. 회계상 충당부채는 과거 사건으로 현재 의무가 존재하고, 자원 유출 가능성이 높으며, 금액을 신뢰성 있게 추정할 수 있을 때 재무제표에 부채로 인식된다. 반면 우발부채는 금액이나 발생 가능성을 합리적으로 추정하기 어려운 경우 재무상태표에 부채로 계상하지 않고 주석으로 공시한다. 다시 말해 KT는 회사 차원의 사고 대응 비용 일부를 충당부채로 반영한 정황이 있지만, 개보위 조사 결과에 따른 과징금 부담은 공시상 아직 특정 금액으로 재무제표에 반영되지 않은 셈이다. 물론 KT의 2025년 말 연결 기준 부채총계가 14조4510억원에 달하는 만큼, 과징금이 수천억원대에 이르더라도 재무비율상 증분 부담은 제한적일 수 있다. 증권가 역시 통신업 특성상 현금창출력이 안정적인 데다 본업 실적 변동성이 크지 않다는 점을 들어, 과징금이 KT의 실적과 주가에 미치는 영향은 제한적일 가능성에 무게를 두고 있다. 그럼에도 쿠팡 사례 이후 개보위가 대기업 개인정보 유출 사건에 강경한 잣대를 적용하고 있다는 점에서, KT 처분은 향후 통신·플랫폼 기업의 개인정보 리스크 비용을 가늠하는 또 하나의 기준점이 될 전망이다. kyh-official@economytribune.co.kr 김용현 kyh-official@economytribune.co.kr",2510,bs4_selector,-10.0,date_failed:original_date_too_old>52h:2026-06-19,175.0,False,False,https://news.google.com/rss/articles/CBMid0FVX3lxTE5GNVl0WU5qLVd0Q0g0aF9TUU1DSlVJSFVxLU1UNUR2bUpNZ1JSZWhjTExINzNaN3M0eXQ3TU13OWJIWWhSVEg0ZFFRcXlocWRIUkJmcUhvRlVRNVBoeVg4RlZKeFR4dE14cHVEQmNpYXhFZjBvcmR3?oc=5,https://www.economytribune.co.kr/news/articleView.html?idxno=3903124,325.0,"antitrust_platform,earnings,financial_performance,legal_regulatory_enforcement,phishing_security,platform_obligation,policy_legislation,privacy_security_reliability,strategy_mna_governance",antitrust_general,2026-06-19,json_ld:datePublished,original_date_too_old>52h,4.0,104.5,privacy_security:coupang:data_leak:sanction_or_penalty,47.0,global_incident:platform_enforcement:coupang:privacy_data_violation:sanction_penalty,global_incident:platform_enforcement:coupang:privacy_data_violation,56.0,government:platform_obligation,Y,,,,,I002,global_incident:platform_regulation:coupang:platform_operator_obligation,,,,,,,,,,,,,,,,,,,,쿠팡,경쟁사/해외이슈,경쟁사_해외이슈,경쟁사_해외이슈,경쟁사_해외이슈,경쟁사/해외이슈,,,issue_representative_attempt,,,,
산업동향,산업동향,스테이블코인,달러 스테이블코인이 신흥국 통화주권을 잠식하는 법 — 투자자가 알아야 할 화폐 권력의 이동,네이버 프리미엄콘텐츠,네이버 프리미엄콘텐츠,"Fri, 19 Jun 2026 03:20:00 GMT","Fri, 19 Jun 2026 03:20:00 GMT",달러 스테이블코인이 신흥국 통화주권을 잠식하는 법 — 투자자가 알아야 할 화폐 권력의 이동 네이버 프리미엄콘텐츠,"달러 스테이블코인이 신흥국 통화주권을 잠식하는 법 — 투자자가 알아야 할 화폐 권력의 이동 안녕하세요! 오늘은 조금 묵직하지만, 글로벌 투자자라면 반드시 짚고 넘어가야 할 주제를 들고 왔습니다. 바로 달러 스테이블코인이 신흥국 통화주권을 어떻게 잠식하는가 에 관한 이야기입니다. 암호화폐 투자에 관심 있으신 분들도, 혹은 신흥국 자산에 포트폴리오를 두고 계신 분들도 이 흐름을 모르면 큰 그림을 놓칠 수 있습니다. 달러 스테이블코인과 신흥국 통화주권 — 왜 지금 이 이야기인가? '스테이블코인은 그냥 암호화폐 거래소에서 쓰는 거 아닌가요?' 하고 생각하신 분들 계실 겁니다. 맞습니다, 불과 몇 년 전까지는 그랬습니다. 그런데 지금은 다릅니다. 현재 글로벌 스테이블코인 시장 규모는 약 3,150억 달러 , 우리 돈으로 약 430조 원에 달합니다. 그리고 이 중 98%가 달러 기반 입니다. 문제는 이 달러 스테이블코인이 단순히 트레이더들의 거래 도구를 넘어, 신흥국 일반 시민들의 '일상 결제 수단'으로 빠르게 침투하고 있다는 점입니다. BIS(국제결제은행) 총괄을 비롯한 주요 중앙은행 고위 인사들, 그리고 IMF·세계은행 회의에서도 이 문제가 공식 의제로 올라왔습니다. 단순한 기술 트렌드 이야기가 아니라, 국제 통화 질서의 재편 을 논하는 수준까지 온 겁니다. 달러화(Dollarisation)란 무엇인가 — '동네 슈퍼'가 달러로만 결제받기 시작한다면? 여러분이 어떤 나라의 중앙은행 총재라고 상상해 보세요. 경기가 과열되면 금리를 올려서 사람들이 돈을 덜 쓰게 만들고, 경기가 침체되면 금리를 내려서 소비를 자극합니다. 이게 바로 통화정책 전달 경로 입니다. 그런데 만약 동네 슈퍼마켓, 식당, 온라인 쇼핑몰이 전부 자국 화폐 대신 달러 스테이블코인으로만 결제를 받기 시작한다면 어떻게 될까요? 중앙은행이 금리를 아무리 바꿔도, 사람들이 이미 달러 기반 자산으로 거래하고 있으니 그 정책이 실물경제에 닿지 않는 상황이 벌어집니다. 이것이 바로 '달러화(Dollarisation)'의 핵심 문제입니다. 중앙은행이 존재하지만, 통화정책의 실효성이 사실상 무력화되는 상태입니다. 이 비유가 과장처럼 들리시나요? 실제로 아르헨티나, 터키, 나이지리아 같은 고인플레이션 국가에서는 이미 이런 현상이 진행 중입니다. 자국 통화 가치가 빠르게 떨어지는 상황에서 시민들이 달러 스테이블코인으로 자산을 보호하는 건 지극히 합리적인 선택이기 때문입니다. 달러 스테이블코인이 신흥국 통화주권을 무너뜨리는 3가지 경로 ① 자본 통제의 무력화 — 암호화폐 규제의 한계 신흥국 정부가 경제 위기 때 꺼내 드는 카드 중 하나가 바로 자본 통제 입니다. 외화가 빠르게 해외로 빠져나가지 못하도록 막는 장치죠. 그런데 달러 스테이블코인은 스마트폰 하나만 있으면 국경을 넘어 즉시 전송이 가능합니다. 경제/비즈니스 평균 주 54 회 신규 업데이트",1413,bs4_selector,-10.0,date_failed:original_date_too_old>52h:2026-06-19,70.0,False,False,https://news.google.com/rss/articles/CBMiiwFBVV95cUxPcG9WeUltakVnQWFFMXJ4bW4xTWI5blpjV0RlVkRmancxVS13czJOQUlZSzd1cEo0eHZGVUp2X2hyNXVFbnloREI1Q1Z0a1VEcXZqTzZqMHIzMEFpT1c0cVNIWmx4cm1ySS1vdEhKTjV2QTRLRnVzOTdUN2xnNmROVFU3YmZtOXhVS1d3?oc=5,https://contents.premium.naver.com/santainsite/santainfo/contents/260619122040721at,-29.5,"digital_asset_stablecoin,policy_legislation,stablecoin",stablecoin_general,2026-06-19,meta:publish-date,original_date_too_old>52h,11.0,21.0,,0.0,global_incident:digital_asset_policy:naver:stablecoin_policy:general,global_incident:digital_asset_policy:naver:stablecoin_policy,28.0,,,,,,,I105,comp_domestic_strategy:달러 스테이블코인이 신흥국 통화주권을 잠식하는 법 투자자가 알아야 할 화폐 권력의 이동,,,,,,,,,,,,,,,,,,,,스테이블코인,정부/국회,정부_국회,경쟁사_해외이슈,산업동향,산업동향,,,issue_representative_attempt,,,,
경쟁사_해외이슈,경쟁사/해외이슈,네이버,"네이버 투자에 엔비디아도 찜한 K-AI, 휴머노이드로 비바테크 접수",초이스스탁,초이스스탁,"Sat, 20 Jun 2026 19:30:00 GMT","Sat, 20 Jun 2026 19:30:00 GMT","네이버 투자에 엔비디아도 찜한 K-AI, 휴머노이드로 비바테크 접수 초이스스탁","두산 4개 계열사, 엔비디아와 로봇·원전·소재 전방위 동맹 2026.06.22 04:35 젠슨 황 “AI, 산업혁명처럼 일자리 바꾼다…미국이 주도해야” 2026.06.22 03:00 HBM 특허 소송이 이끄는 넷리스트 270% 랠리, 삼성·엔비디아에 던진 고위험 승부수 2026.06.21 06:42 초이스스탁US 프리미엄 1. [기간결제]유료서비스가 1개월(결제 기준)을 초과하여 지속되는 기간결제의 경우 계약 경과일에 따라 환불 금액이 달라집니다. ∙ 결제일로부터 7일 이내 해지 요청 시, 결제금액에서 이용일수를 차감한 금액을 환불합니다. ∙ 결제일로부터 7일 초과 해지 요청 시, 결제금액에서 이용일수와 환불수수료(서비스 결제금액의 10%)를 차감한 금액을 환불합니다. 2. [정기결제]1개월 단위의 정기결제(월간플랜)의 경우 계약 경과일에 따라 환불 금액이 달라집니다. ∙ 결제일로부터 7일 이내 해지 요청 시, 결제금액에서 이용일수를 차감한 금액을 환불합니다. ∙ 결제일로부터 7일 초과 해지 요청 시, 결제금액에서 이용일수와 환불수수료(서비스 결제금액의 10%)를 차감한 금액을 환불합니다. 3. [연간정기결제] 1년 단위의 정기결제(연간플랜)의 경우 계약 경과일에 따라 환불 금액이 달라집니다. ∙ 결제일로부터 3일 이내 해지 요청 시, 결제금액 전액을 환불합니다. ∙ 결제일로부터 90일 이내 해지 요청 시, 결제금액에서 이용일수를 차감한 금액의 70%에 해당하는 금액을 환불합니다. ∙ 결제일로부터 90일을 초과하여 해지 요청 시, 결제금액에서 이용일수를 차감한 금액의 30%에 해당하는 금액을 환불합니다. 경쟁사는 기업의 사업 영역을 분석하여 관련성이 높은 기업 순으로 제공합니다. 스마트 스코어는 우량주 발굴을 위한 최적의 솔루션입니다. 20년 이상 축적된 방대한 금융 빅데이터를 기반으로, 22개 핵심 요인(Factor)을 심층 분석하여 기업의 성장성, 수익성, 안전성, 독점력, 현금창출력을 종합적으로 평가합니다. 높은 스마트스코어는 장기적 투자 가치가 뛰어난 우량주를 의미하며, 투자자에게 과학적이고 객관적인 투자 의사결정 기준을 제공합니다. 성공적인 투자를 위해서는 스마트스코어 분석 후 당사의 체계적인 밸류에이션 및 수급분석 도구를 함께 활용하시기 바랍니다. 특히 투자 경험이 적으신 분들은 종목별 AI 매매신호 서비스를 통해 최적의 매매 타이밍을 포착하실 수 있어 더욱 안정적인 투자가 가능합니다. 이동평균선은 주가의 지지선과 저항선의 역할을 합니다. 단기 이동평균선이 장기 이동평균선을 상향 돌파 (골든크로스)하면 매수 시점, 하향 돌파(데드크로스)하면 매도 시점으로 판단합니다. 예를 들어 20일 이평선이 60일선을 상향 돌파하면 매수,하향 돌파하면 매도를 검토합니다. 초이스스탁의 이동평균선은 최근 주가 변동에 가중치를 두는 지수이동평균(EMA)을 적용해 현재 시장 동향을 더 잘 반영하며, 단순이동평균에 비해 추세 전환을 신속하게 포착할 수 있습니다. 주가 및 EPS(주당순이익) 차트는 기업의 주가와 주당순이익 사이의 관계를 시각화한 것입니다. 이 차트를 통해 투자자는 주당순이익 변화가 주가에 어떤 영향을 미치는지 살펴보고, 앞으로의 주가 변동을 예측할 수 있게 됩니다. 주가는 예상(추정) 주당순이익의 방향을 따라갑니다. 예상 주당순이익의 증가 폭이 클수록 미래 주가 상승률도 높습니다. 예상 주당순이익 상승률이 전년대비 하락하면 주가도 상승 탄력이 떨어집니다. 차트 왼쪽(주가)과 오른쪽(주당순이익)값을 연결한 선은 PER(주가/주당순이익)을 의미하며, 주가가 주당순이익 차트보다 아래에 있으면 저평가로 판단합니다. 초이스스탁의 밸류에이션 차트와 함께 보면 더욱 유용합니다. 주가(Price): 주가는 주식이 시장에서 거래되는 가격을 나타냅니다. 차트에서 주가는 주식 시장에서의 가격 변동을 보여줍니다. 주가가 상승하면 주식 시장에서의 수요가 높아진 것으로 해석되고, 주가가 하락하면 수요가 감소했다고 해석합니다. EPS(Earnings Per Share): EPS는 기업의 순이익을 발행된 주식 수로 나눈 값으로, 주당순이익을 의미합니다. EPS는 기업의 수익성을 나타내는 지표로 활용됩니다. EPS가 높을수록 기업이 순이익을 주주들과 나눠갖는 비율이 높다는 것을 의미하며, 투자자들은 높은 EPS를 선호합니다. 주가 및 EPS(주당순이익) 차트는 기업의 주가와 주당순이익 사이의 관계를 시각화한 것입니다. 이 차트를 통해 투자자는 주당순이익 변화가 주가에 어떤 영향을 미치는지 살펴보고, 앞으로의 주가 변동을 예측할 수 있게 됩니다. 주가는 예상(추정) 주당순이익의 방향을 따라갑니다. 예상 주당순이익의 증가 폭이 클수록 미래 주가 상승률도 높습니다. 예상 주당순이익 상승률이 전년대비 하락하면 주가도 상승 탄력이 떨어집니다. 차트 왼쪽(주가)과 오른쪽(주당순이익)값을 연결한 선은 PER(주가/주당순이익)을 의미하며, 주가가 주당순이익 차트보다 아래에 있으면 저평가로 판단합니다. 초이스스탁의 밸류에이션 차트와 함께 보면 더욱 유용합니다. 주가(Price): 주가는 주식이 시장에서 거래되는 가격을 나타냅니다. 차트에서 주가는 주식 시장에서의 가격 변동을 보여줍니다. 주가가 상승하면 주식 시장에서의 수요가 높아진 것으로 해석되고, 주가가 하락하면 수요가 감소했다고 해석합니다. EPS(Earnings Per Share): EPS는 기업의 순이익을 발행된 주식 수로 나눈 값으로, 주당순이익을 의미합니다. EPS는 기업의 수익성을 나타내는 지표로 활용됩니다. EPS가 높을수록 기업이 순이익을 주주들과 나눠갖는 비율이 높다는 것을 의미하며, 투자자들은 높은 EPS를 선호합니다. 20년간 축적된 금융 데이터와 AI 기술로 최적의 투자 타이밍을 알려드려요! 🔍 어떻게 판단하나요? 스마트스코어/ 밸류에이션 / 수급분석을 종합적으로 분석해서 신호를 신속하게 제시합니다. 📊 매매신호 종류 💡참고사항 : 매수 신호가 나온 후 3일이 지나면 자동으로 보유 신호로 바뀝니다. 세 가지 조건(스마트스코어, 밸류에이션, 수급분석)을 모두 만족할 때만 매수나 보유 신호가 나오니까 더 신뢰할 수 있어요! 스마트 스코어는 우량주 발굴을 위한 최적의 솔루션입니다. 20년 이상 축적된 방대한 금융 빅데이터를 기반으로, 22개 핵심 요인(Factor)을 심층 분석하여 기업의 성장성, 수익성, 안전성, 독점력, 현금창출력을 종합적으로 평가합니다. 높은 스마트스코어는 장기적 투자 가치가 뛰어난 우량주를 의미하며, 투자자에게 과학적이고 객관적인 투자 의사결정 기준을 제공합니다. 성공적인 투자를 위해서는 스마트스코어 분석 후 당사의 체계적인 밸류에이션 및 수급분석 도구를 함께 활용하시기 바랍니다. 특히 투자 경험이 적으신 분들은 종목별 AI 매매신호 서비스를 통해 최적의 매매 타이밍을 포착하실 수 있어 더욱 안정적인 투자가 가능합니다. 배당 스코어는 배당매력주 발굴을 위한 평가 솔루션입니다. 단순히 현재의 배당률만 보는 것이 아니라, 과거부터 미래까지의 배당 지급 능력을 종합적으로 분석하여 점수화하여 나타냅니다. 결제 처리중 입니다... 중복결제가 될 수 있으니 페이지를 새로고침 하거나 이동하지 마시고 잠시 기다려주세요. 구독취소 처리중 입니다... 취소 에러가 날 수 있으니 페이지를 새로 고침하거나 이동하지 마시고 잠시 기다려주세요. 카드변경 처리중 입니다... 카드변경 에러가 날 수 있으니 페이지를 새로 고침하거나 이동하지 마시고 잠시 기다려주세요.",3637,trafilatura,88.0,body_validation_failed:body_keyword_mismatch:hits=1/terms=11,109.5,False,False,https://news.google.com/rss/articles/CBMiZ0FVX3lxTE5VVGRWSThPZ29ZNXRLbldlaTBoZnc1bFV2REtVNFltSG1RekVJYTZoZVUyTkduR2toQkdSNERhRVRZVlNLUjloX2JQYmxUcmxKTlZnVEg4Z01pOFlqR0NZal9OQTJkUVE?oc=5,https://www.choicestock.co.kr/stock/news_view/154492?bu=,345.0,"ai_infrastructure_security,earnings,financial_performance,market_power_platform,platform_obligation",ai_infrastructure_security,2026-06-22,json_ld:datePublished,original_date_recent,3.0,207.85,,0.0,global_incident:platform_regulation:naver:platform_data_protection_obligation:executive_or_org_change,global_incident:platform_regulation:naver:platform_data_protection_obligation,24.0,competitor:platform_obligation,Y,,ok,http_200,body_keyword_mismatch:hits=1/terms=11,I004,comp_domestic_ai_platform:네이버 투자에 엔비디아도 찜한 k ai 휴머노이드로 비바테크 접수,,,,,,,,,,,,,,,,,,,,네이버,경쟁사/해외이슈,경쟁사_해외이슈,경쟁사_해외이슈,경쟁사_해외이슈,경쟁사/해외이슈,,본문오염의심_대체필요,issue_representative_attempt,,,,
경쟁사_해외이슈,경쟁사/해외이슈,네이버,"“40만원 간다"" vs ”시간 필요”…NAVER AI팩토리 두고 엇갈린 시선",쿠키뉴스,쿠키뉴스,"Sat, 20 Jun 2026 14:56:42 GMT","Sat, 20 Jun 2026 14:56:42 GMT","“40만원 간다"" vs ”시간 필요”…NAVER AI팩토리 두고 엇갈린 시선 쿠키뉴스",,0,failed,0.0,empty,13.5,False,False,https://news.google.com/rss/articles/CBMiY0FVX3lxTE8wazBwVU9Pd2c1b1dXOXhwR2VBbkk3OXhzdmh6MzN0MmFDQkpfWHJ6bFptZFNyS0diOFY3dWZBMi0xNXMyTEw0RHktTFRWZ2xyVkRHYVFSVkNlMEkyTVdZUHN1SQ?oc=5,https://www.kukinews.com/article/view/kuk202606090013,226.5,ai_infrastructure_security,ai_infrastructure_security,,no_original_date_found,no_original_date_found_kept,0.0,-23.55,,0.0,,,0.0,,,,,,,I005,comp_domestic_ai_platform:40만원 간다 vs 시간 필요 naver ai팩토리 두고 엇갈린 시선,,,,,,,,,,,,,,,,,,,,네이버,경쟁사/해외이슈,경쟁사_해외이슈,경쟁사_해외이슈,경쟁사_해외이슈,경쟁사/해외이슈,,,issue_representative_attempt,,,,
경쟁사_해외이슈,경쟁사/해외이슈,중국 AI,"[미-중 경쟁] 미국, 빅테크 주축 대규모 투자 vs 중국, 기업 경쟁과 규제 병행",위키리크스한국,위키리크스한국,"Fri, 19 Jun 2026 20:51:00 GMT","Fri, 19 Jun 2026 20:51:00 GMT","[미-중 경쟁] 미국, 빅테크 주축 대규모 투자 vs 중국, 기업 경쟁과 규제 병행 위키리크스한국","중국이 AI 분야에서 미국을 앞서고 있다는 글로벌 인식이 빠르게 확산되고 있다는 조사 결과가 나왔다. 15개국을 대상으로 한 여론조사에서 응답자의 다수가 중국의 AI 기술력과 혁신 역량이 미국보다 뛰어나다고 평가했으며, 미국 내부에서도 자국이 우위를 유지하고 있다는 확신은 절반 수준에 그친 것으로 나타났다. 전문가들은 단순한 기술 경쟁을 넘어 미국과 중국이 각각 추구하는 AI 산업 모델과 정책 방향에 대한 세계 여론이 반영된 결과일 수 있다고 분석하고 있다. 퓨처리즘에 따르면 AI 패권 경쟁은 미국과 중국이 전혀 다른 방식으로 산업을 육성하면서 새로운 국면을 맞이하고 있다. 미국은 거대 기술 기업을 중심으로 초거대 AI 모델 개발과 대규모 투자에 집중하고 있는 반면, 중국은 치열한 기업 경쟁과 정부 주도의 규제를 병행하며 산업 생태계를 확대하고 있다. 두 나라가 추구하는 방향이 크게 다른 만큼 단순히 기술 성능이나 특허 건수만으로 우위를 판단하기는 어렵다는 평가도 나온다. 이런 가운데 영국 여론조사 기관 퍼블릭 퍼스트가 실시한 글로벌 조사에서는 세계가 실제로 어느 나라를 AI 선도국으로 인식하는지 보여주는 흥미로운 결과가 공개됐다. 조사 결과 15개국 가운데 11개국 응답자들이 중국이 AI 역량과 혁신 측면에서 미국보다 앞서 있다고 답했으며, 미국이 우세하다고 평가한 국가는 미국과 일본, 인도, 베트남 등 일부 국가에 그쳤다. 특히 미국 내부에서도 AI 경쟁력에 대한 자신감은 예상보다 높지 않은 것으로 나타났다. 미국 응답자의 51%만이 자국이 AI 경쟁에서 앞서 있다고 답했으며, 24%는 중국이 더 우세하다고 평가했고, 25%는 어느 쪽이 선두인지 판단하기 어렵다고 응답했다. 미국의 가까운 이웃 국가들도 비슷한 시각을 보였다. 멕시코에서는 미국이 AI 경쟁에서 앞서 있다고 답한 비율이 36%에 그친 반면, 중국이 우세하다는 응답은 49%를 기록하며 더 높은 비중을 차지했다. 캐나다 역시 미국보다 중국을 높게 평가하는 의견이 많았는데, 미국을 선택한 응답자는 27%에 불과했고 중국을 선택한 비율은 40%에 달했다. 전통적으로 미국과 가까운 관계를 유지해 온 국가들에서도 비슷한 흐름이 나타났다. 프랑스와 캐나다에서는 중국의 AI 경쟁력을 더 높게 평가하는 의견이 우세했으며, 영국에서도 미국보다 중국이 앞서 있다는 응답이 더 많은 것으로 조사됐다. 전문가들은 이러한 결과를 단순히 중국의 기술력이 미국을 완전히 추월했다는 의미로 해석하기는 어렵다고 설명한다. 오히려 미국식 AI 산업 구조와 거대 기술 기업 중심의 시장 지배력, 그리고 노동시장과 사회 전반에 미치는 영향에 대한 우려가 세계 여론에 반영됐을 가능성도 있다는 분석이다. 실제로 미국의 AI 산업은 막대한 자본과 소수 기업 중심의 생태계를 구축하고 있는 반면, 중국은 강력한 규제와 기업 간 경쟁을 동시에 활용하는 다른 모델을 제시하고 있다. 전문가들은 앞으로 AI 경쟁은 단순히 누가 더 뛰어난 기술을 개발하느냐를 넘어 어떤 국가가 사회적 신뢰를 얻고 지속 가능한 산업 생태계를 구축하느냐의 경쟁으로 확대될 가능성이 높다고 전망한다. 특히 미국의 거대 기술 기업들이 현재와 같은 방식으로 AI 산업을 확대할 경우 기술 경쟁력과는 별개로 글로벌 신뢰와 정당성 측면에서 새로운 도전에 직면할 수 있다는 지적도 나오고 있다. 결국 AI 패권 경쟁의 승부는 기술력뿐 아니라 각국이 구축하는 산업 모델과 사회적 신뢰, 그리고 세계 시장의 평가가 함께 결정하게 될 것이라는 분석이 힘을 얻고 있다. [인공지능 줌인] AI시대 성평등 해법은…여성의 참여보다 권력 구조를 바꿔야 [인공지능 줌인] AI시대 성평등 해법은…여성의 참여보다 권력 구조를 바꿔야 [AI 프리즘] AI-SOC 시대 열린다…AI가 만들 5가지 새로운 보안 직업 [AI 프리즘] AI-SOC 시대 열린다…AI가 만들 5가지 새로운 보안 직업 미·이란 MOU 뒤 한국 선사 운용 선박 2척 첫 통과…호르무즈엔 22척 대기 미·이란 MOU 뒤 한국 선사 운용 선박 2척 첫 통과…호르무즈엔 22척 대기 [인공지능 줌인] ""AI의 도덕적 기준은 기업이 정해선 안 된다""...교황과 AI 개발자들의 경고 [인공지능 줌인] ""AI의 도덕적 기준은 기업이 정해선 안 된다""...교황과 AI 개발자들의 경고 [AI 프리즘] 경찰 수사까지 번진 AI 부작용…영국, 경찰 증거 조작 혐의 조사 [AI 프리즘] 경찰 수사까지 번진 AI 부작용…영국, 경찰 증거 조작 혐의 조사 [월드 투데이] 중국, 가전부터 서비스까지...""AI를 일상으로"" 소비 혁신 추진 [월드 투데이] 중국, 가전부터 서비스까지...""AI를 일상으로"" 소비 혁신 추진 [인공지능 줌인] AI시대 성평등 해법은…여성의 참여보다 권력 구조를 바꿔야 [AI 프리즘] AI-SOC 시대 열린다…AI가 만들 5가지 새로운 보안 직업 미·이란 MOU 뒤 한국 선사 운용 선박 2척 첫 통과…호르무즈엔 22척 대기 [인공지능 줌인] ""AI의 도덕적 기준은 기업이 정해선 안 된다""...교황과 AI 개발자들의 경고 [AI 프리즘] 경찰 수사까지 번진 AI 부작용…영국, 경찰 증거 조작 혐의 조사 [월드 투데이] 중국, 가전부터 서비스까지...""AI를 일상으로"" 소비 혁신 추진",2558,bs4_selector,68.0,relevance_failed:v43_not_true_competitor,-7.0,True,False,https://news.google.com/rss/articles/CBMib0FVX3lxTFBXWnZUbTB4ZjIxcUJadEIzT2ZOandmeVppb3FOU2RJWHhYUkFEaU10dFY1NFBSQXlVa1ZXUjBaLXJzT3lsMEI5Nk1NOTc0WTl0NHRzeEdxRTdYaDMzRW1YU21ZQjcxUVlGb2NHWlQ2SQ?oc=5,http://www.wikileaks-kr.org/news/articleView.html?idxno=188749,111.0,"ai_infrastructure_security,labor_dispute,policy_legislation",labor_general,2026-06-20,meta:article:published_time,original_date_recent,2.0,106.3,,7.0,,,0.0,,,,ok,http_200,body_valid,I060,government_ai_core_policy:미 중 경쟁 미국 빅테크 주축 대규모 투자 vs 중국 기업 경쟁과 규제 병행,government_ai_core_policy,GOV_AI_DIGITAL_POLICY,419.5,,GOV_AI_CORE_POLICY,COMP_GENERAL_LOW_RELEVANCE,other,정부_국회,GOV_AI_DIGITAL_POLICY,government_ai_core_policy,government_ai_core_policy:미 중 경쟁 미국 빅테크 주축 대규모 투자 vs 중국 기업 경쟁과 규제 병행,government_ai_core_policy:미 중 경쟁 미국 빅테크 주축 대규모 투자 vs 중국 기업 경쟁과 규제 병행,카카오 AI agent/AI 서비스 전략과 연결되는 핵심 정책환경,5.0,4.0,5.0,v26: 해외 정부·규제기관 이슈는 경쟁사/해외로 분류 / v26.2: overseas structural industry candidate,v26: 해외 정부·규제기관 이슈는 경쟁사/해외로 분류 / v26.2: overseas structural industry candidate,issue_selected,중국 AI,경쟁사/해외이슈,경쟁사_해외이슈,정부_국회,경쟁사_해외이슈,경쟁사/해외이슈,7.0,본문추출성공,issue_representative_attempt,reassign:v26_2_foreign_policy_to_competitor_overseas,N:foreign_policy,정부_국회->경쟁사_해외이슈:v26_2_foreign_policy_to_competitor_overseas,pass:representative_aligned
경쟁사_해외이슈,경쟁사/해외이슈,네이버,'80조 AI팩토리' 꿈꾸는 네이버…자금 조달은 어떻게?[NW리포트],v.daum.net,v.daum.net,"Fri, 19 Jun 2026 04:39:02 GMT","Fri, 19 Jun 2026 04:39:02 GMT",'80조 AI팩토리' 꿈꾸는 네이버…자금 조달은 어떻게?[NW리포트] v.daum.net,"'80조 AI팩토리' 꿈꾸는 네이버…자금 조달은 어떻게?[NW리포트] 유선희 기자 2026. 6. 19. 글자 수 10,000자 초과 시 일부만 음성으로 제공합니다. 가 매우 작은 폰트 작은 폰트 보통 폰트 큰 폰트 매우 큰 폰트 가 이 글자크기로 변경됩니다. (예시) 가장 빠른 뉴스가 있고 다양한 정보, 쌍방향 소통이 숨쉬는 다음뉴스를 만나보세요. 다음뉴스는 국내외 주요이슈와 실시간 속보, 문화생활 및 다양한 분야의 뉴스를 입체적으로 전달하고 있습니다. 닫기 유선희 기자 2026. 6. 19. 글자 수 10,000자 초과 시 일부만 음성으로 제공합니다. 가 매우 작은 폰트 작은 폰트 보통 폰트 큰 폰트 매우 큰 폰트 가 이 글자크기로 변경됩니다. (예시) 가장 빠른 뉴스가 있고 다양한 정보, 쌍방향 소통이 숨쉬는 다음뉴스를 만나보세요. 다음뉴스는 국내외 주요이슈와 실시간 속보, 문화생활 및 다양한 분야의 뉴스를 입체적으로 전달하고 있습니다. 글자 수 10,000자 초과 시 일부만 음성으로 제공합니다. 글자 수 10,000자 초과 시 일부만 음성으로 제공합니다. 글자 수 10,000자 초과 시 일부만 음성으로 제공합니다. 가 매우 작은 폰트 작은 폰트 보통 폰트 큰 폰트 매우 큰 폰트 가 이 글자크기로 변경됩니다. (예시) 가장 빠른 뉴스가 있고 다양한 정보, 쌍방향 소통이 숨쉬는 다음뉴스를 만나보세요. 다음뉴스는 국내외 주요이슈와 실시간 속보, 문화생활 및 다양한 분야의 뉴스를 입체적으로 전달하고 있습니다. 가 매우 작은 폰트 작은 폰트 보통 폰트 큰 폰트 매우 큰 폰트 가 이 글자크기로 변경됩니다. (예시) 가장 빠른 뉴스가 있고 다양한 정보, 쌍방향 소통이 숨쉬는 다음뉴스를 만나보세요. 다음뉴스는 국내외 주요이슈와 실시간 속보, 문화생활 및 다양한 분야의 뉴스를 입체적으로 전달하고 있습니다. 가 매우 작은 폰트 작은 폰트 보통 폰트 큰 폰트 매우 큰 폰트 가 이 글자크기로 변경됩니다. (예시) 가장 빠른 뉴스가 있고 다양한 정보, 쌍방향 소통이 숨쉬는 다음뉴스를 만나보세요. 다음뉴스는 국내외 주요이슈와 실시간 속보, 문화생활 및 다양한 분야의 뉴스를 입체적으로 전달하고 있습니다. (예시) 가장 빠른 뉴스가 있고 다양한 정보, 쌍방향 소통이 숨쉬는 다음뉴스를 만나보세요. 다음뉴스는 국내외 주요이슈와 실시간 속보, 문화생활 및 다양한 분야의 뉴스를 입체적으로 전달하고 있습니다. 네이버가 엔비디아와 손잡고 AI 팩토리 사업에 뛰어들면서 자금 조달 방안에 관심이 쏠리고 있다. 200메가와트(MW) 규모 AI 팩토리를 구축하고 장기적으로 2030년 1기가와트(GW)까지 확대한다는 계획인데, 증권가에서는 1GW 구축에 최대 80조원이 필요할 것으로 내다본다. 따라서 네이버 단독 투자보다 프로젝트 파이낸싱(PF)과 외부 투자 유치로 무게 추가 기우는데, 그 구조가 성패를 가를 것으로 점쳐진다. 19일 정보기술(IT) 업계에 따르면 네이버와 엔비디아의 협력은 글로벌 수요 발굴부터 자본 협력까지 AI 인프라 밸류체인 전 단계를 아우르는 통합 파트너십이다. 네이버는 데이터센터를 구축해 민간 기업과 정부·개발자들에게 컴퓨팅 자원을 제공하고, 엔비디아는 GPU 공급과 글로벌 고객 확보, 사업 리스크 분담에 참여하는 형태다. 이번 협력은 네이버가 추진해 온 AI 인프라 사업이 본격적인 사업 모델로 모습을 드러냈다는 점에서 의미를 지닌다. 지난해 네이버는 엔비디아와의 협력을 통해 GPU 6만장을 확보한 동시에 올해까지 1조원 이상의 GPU 투자를 진행한다고 밝혔다. 그동안 컴퓨팅 자원 확보와 데이터센터 투자에 집중했다면, 이번 AI 팩토리 사업은 이를 수익화할 수 있는 구조를 마련했다는 평가가 나온다. 네이버 미래 전략 차원에서도 중요한 분기점으로 작용하고 있다. 네이버의 핵심 사업에 검색·광고·커머스·콘텐츠 등 플랫폼에 AI 인프라가 추가되기 때문이다. 네이버에 따르면 GW급 AI 팩토리가 완전 가동될 경우 연간 20조원 규모의 신규 매출이 더해질 것으로 예상된다. 문제는 건설에 필요한 자금이다. 현재 네이버는 초기 200MW 구축을 위해 네이버와 전략적 파트너가 각각 10억달러 이상을 출자하고 이후 특수목적법인(SPV)을 통해 외부 자금을 유치하는 방안을 검토 중이다. 200MW 규모까지는 정식 계약은 아니지만 고객을 대부분 확보한 상태다. 그간 자금 조달 및 부채를 최소화하는 전략을 유지해 온 네이버의 기조를 고려하면 파격적인 결정이다. 지난 1분기 기준 네이버 현금성 자산은 약 6조4000억원 수준으로 단독 투자에는 한계가 있기 때문으로 분석된다. 다만 1GW급 AI 팩토리 구축 비용에 대한 구체적인 자금 조달 계획이 제시되지 않았다는 점에서 의구심도 존재한다. 증권업계에서는 1GW급 AI 팩토리 구축 비용을 500억~600억달러(약 70조~80조원) 수준으로 추산하고 있다. 1GW는 원자력발전소 1기 발전용량에 맞먹는 수준으로, 글로벌 AI 업계로 시야를 넓히면 코어위브, 오픈AI·오라클 연합의 스타게이트 프로젝트, 메타 등이 추진하는 초대형 AI 인프라와 견주는 규모다. 오동환 삼성증권 연구원은 보고서를 통해 ""네이버의 가용 현금을 크게 웃도는 규모인 만큼 외부 투자 유치나 유상증자 등 자금 조달 계획에 대한 추가 공개가 필요하다""고 진단했다. 1GW 데이터센터 건설에는 프로젝트 파이낸싱(PF)과 인프라 펀드, 전략적 투자자(SI) 유치가 핵심이 될 것으로 예상된다. 유상증자를 통해 자금조달 할 가능성은 높지 않다. 1GW 구축에 필요한 자금 규모가 수십조원대에 달하는 만큼 증자만으로 조달하기 어렵고, 대규모 신주 발행 시 기존 주주 지분가치 희석 우려도 크기 때문이다. 최근 국내 증시에서 대형 유상증자에 대한 투자자들의 반감이 커진 점도 부담 요인이다. 업계에서는 네이버 AI 팩토리 사업이 스타게이트 프로젝트와 유사한 방식으로 추진될 가능성이 높다고 보고 있다. 총 투자 규모 약 5000억달러(약 700조원)에 달하는 해당 프로젝트는 오픈AI가 단독으로 자금을 투입한 것이 아니라 소프트뱅크·오라클·MGX 등이 참여한 합작 투자회사를 설립해 진행하는 중이다. 미 정부와의 협력을 바탕으로 미국 전역에 차세대 데이터센터를 구축하는 것을 목표로 한다. SI 후보는 중동 국부펀드, 글로벌 인프라 펀드, 국내 금융권 등이 잠재적 투자 후보군으로 거론되는 중이다. 특히 사우디아라비아와 UAE 등 중동 자본은 최근 AI 인프라 투자에 적극적으로 나서고 있어 잠재 투자자로 꼽힌다. 네이버는 사우디아라비아 국부펀드(PIF) 및 관련 기관과 디지털 트윈 플랫폼 구축 및 스마트시티 신도시 개발 프로젝트를 공동 추진하는 등 이미 우호적인 협력 관계를 맺고 있기도 하다. 한 투자업계 관계자는 ""1GW급 AI 팩토리는 사실상 국가 인프라 사업에 가까운 규모""라며 ""GPU 확보뿐 아니라 수십조원 규모의 자금을 장기간 조달해야 하는 만큼 PF와 전략적 투자자 유치 역량이 사업 성패를 좌우할 것""이라고 평가했다. 유선희 기자 point@newsway.co.kr 네이버가 엔비디아와 손잡고 AI 팩토리 사업에 뛰어들면서 자금 조달 방안에 관심이 쏠리고 있다. 200메가와트(MW) 규모 AI 팩토리를 구축하고 장기적으로 2030년 1기가와트(GW)까지 확대한다는 계획인데, 증권가에서는 1GW 구축에 최대 80조원이 필요할 것으로 내다본다. 따라서 네이버 단독 투자보다 프로젝트 파이낸싱(PF)과 외부 투자 유치로 무게 추가 기우는데, 그 구조가 성패를 가를 것으로 점쳐진다. 19일 정보기술(IT) 업계에 따르면 네이버와 엔비디아의 협력은 글로벌 수요 발굴부터 자본 협력까지 AI 인프라 밸류체인 전 단계를 아우르는 통합 파트너십이다. 네이버는 데이터센터를 구축해 민간 기업과 정부·개발자들에게 컴퓨팅 자원을 제공하고, 엔비디아는 GPU 공급과 글로벌 고객 확보, 사업 리스크 분담에 참여하는 형태다. 이번 협력은 네이버가 추진해 온 AI 인프라 사업이 본격적인 사업 모델로 모습을 드러냈다는 점에서 의미를 지닌다. 지난해 네이버는 엔비디아와의 협력을 통해 GPU 6만장을 확보한 동시에 올해까지 1조원 이상의 GPU 투자를 진행한다고 밝혔다. 그동안 컴퓨팅 자원 확보와 데이터센터 투자에 집중했다면, 이번 AI 팩토리 사업은 이를 수익화할 수 있는 구조를 마련했다는 평가가 나온다. 네이버 미래 전략 차원에서도 중요한 분기점으로 작용하고 있다. 네이버의 핵심 사업에 검색·광고·커머스·콘텐츠 등 플랫폼에 AI 인프라가 추가되기 때문이다. 네이버에 따르면 GW급 AI 팩토리가 완전 가동될 경우 연간 20조원 규모의 신규 매출이 더해질 것으로 예상된다. 문제는 건설에 필요한 자금이다. 현재 네이버는 초기 200MW 구축을 위해 네이버와 전략적 파트너가 각각 10억달러 이상을 출자하고 이후 특수목적법인(SPV)을 통해 외부 자금을 유치하는 방안을 검토 중이다. 200MW 규모까지는 정식 계약은 아니지만 고객을 대부분 확보한 상태다. 그간 자금 조달 및 부채를 최소화하는 전략을 유지해 온 네이버의 기조를 고려하면 파격적인 결정이다. 지난 1분기 기준 네이버 현금성 자산은 약 6조4000억원 수준으로 단독 투자에는 한계가 있기 때문으로 분석된다. 다만 1GW급 AI 팩토리 구축 비용에 대한 구체적인 자금 조달 계획이 제시되지 않았다는 점에서 의구심도 존재한다. 증권업계에서는 1GW급 AI 팩토리 구축 비용을 500억~600억달러(약 70조~80조원) 수준으로 추산하고 있다. 1GW는 원자력발전소 1기 발전용량에 맞먹는 수준으로, 글로벌 AI 업계로 시야를 넓히면 코어위브, 오픈AI·오라클 연합의 스타게이트 프로젝트, 메타 등이 추진하는 초대형 AI 인프라와 견주는 규모다. 오동환 삼성증권 연구원은 보고서를 통해 ""네이버의 가용 현금을 크게 웃도는 규모인 만큼 외부 투자 유치나 유상증자 등 자금 조달 계획에 대한 추가 공개가 필요하다""고 진단했다. 1GW 데이터센터 건설에는 프로젝트 파이낸싱(PF)과 인프라 펀드, 전략적 투자자(SI) 유치가 핵심이 될 것으로 예상된다. 유상증자를 통해 자금조달 할 가능성은 높지 않다. 1GW 구축에 필요한 자금 규모가 수십조원대에 달하는 만큼 증자만으로 조달하기 어렵고, 대규모 신주 발행 시 기존 주주 지분가치 희석 우려도 크기 때문이다. 최근 국내 증시에서 대형 유상증자에 대한 투자자들의 반감이 커진 점도 부담 요인이다. 업계에서는 네이버 AI 팩토리 사업이 스타게이트 프로젝트와 유사한 방식으로 추진될 가능성이 높다고 보고 있다. 총 투자 규모 약 5000억달러(약 700조원)에 달하는 해당 프로젝트는 오픈AI가 단독으로 자금을 투입한 것이 아니라 소프트뱅크·오라클·MGX 등이 참여한 합작 투자회사를 설립해 진행하는 중이다. 미 정부와의 협력을 바탕으로 미국 전역에 차세대 데이터센터를 구축하는 것을 목표로 한다. SI 후보는 중동 국부펀드, 글로벌 인프라 펀드, 국내 금융권 등이 잠재적 투자 후보군으로 거론되는 중이다. 특히 사우디아라비아와 UAE 등 중동 자본은 최근 AI 인프라 투자에 적극적으로 나서고 있어 잠재 투자자로 꼽힌다. 네이버는 사우디아라비아 국부펀드(PIF) 및 관련 기관과 디지털 트윈 플랫폼 구축 및 스마트시티 신도시 개발 프로젝트를 공동 추진하는 등 이미 우호적인 협력 관계를 맺고 있기도 하다. 한 투자업계 관계자는 ""1GW급 AI 팩토리는 사실상 국가 인프라 사업에 가까운 규모""라며 ""GPU 확보뿐 아니라 수십조원 규모의 자금을 장기간 조달해야 하는 만큼 PF와 전략적 투자자 유치 역량이 사업 성패를 좌우할 것""이라고 평가했다. 유선희 기자 point@newsway.co.kr 뉴스웨이에서 직접 확인하세요. 해당 언론사로 이동합니다. 스트래티지 우선주 폭락···마이클 세일러, 비트코인 쇼핑 멈추나 - 뉴스웨이 가동률 106% 벽 부딪힌 K2 전차···현대로템, 철도·방산 풀 케파에 행복한 비명 - 뉴스웨이 월 6만2000원 넘으면 무제한, 적게 쓰면 환급···기후동행카드 플러스 출시 - 뉴스웨이 비트코인 횡보 속 알트코인 강세···유니스왑 20% 급등에 자금 이동 가속 - 뉴스웨이 일본은행 금리인상 31년 만에 '최고 수준'···비트코인은 왜 올랐나 - 뉴스웨이 결국 돈으로 풀었나...트럼프, 454조원 이란 재건기금 카드 '만지작' - 뉴스웨이 美 휘발유 갤런당 4달러 아래로...국내 주유소 '2000원대' 벽 깨지나 - 뉴스웨이 2년 2개월 만에 마주 앉았지만···최태원·노소영 끝내 합의 불발 - 뉴스웨이 비트코인 바닥 찍었나?···스탠다드차타드 ""암호화폐 겨울 끝났다"" - 뉴스웨이 중동 리스크 해소되자 비트코인 폭등···암호화폐 시장 '들썩' - 뉴스웨이 뉴스웨이에서 직접 확인하세요. 해당 언론사로 이동합니다.",6211,bs4_selector,-10.0,date_failed:original_date_too_old>52h:2026-06-19,136.5,False,True,https://news.google.com/rss/articles/CBMiRkFVX3lxTE9idF9zS3JPUFBDTGhYTmF3Z3QyNGFIcWF5Wm1uanp5ZVp6dlZCRkZTd1FRUnlZUUdDdFdjXzkxXzhMOXAzSnc?oc=5,https://v.daum.net/v/X5dAniiPj9,223.5,"ai_infrastructure_security,aidc_datacenter,platform_obligation",aidc_gpu_npu,2026-06-19,visible_date_node,original_date_too_old>52h,2.0,73.55,,0.0,global_incident:platform_regulation:naver:platform_content_moderation_obligation:announcement,global_incident:platform_regulation:naver:platform_content_moderation_obligation,32.0,self:platform_obligation,Y,,,,,I006,global_incident:mna_capital:naver:mna_capital,,,,,,,,,,,,,,,,,,,,네이버,경쟁사/해외이슈,경쟁사_해외이슈,경쟁사_해외이슈,경쟁사_해외이슈,경쟁사/해외이슈,,,issue_representative_attempt,,,,
경쟁사_해외이슈,경쟁사/해외이슈,네이버,[매드업 IPO]광고와 AI 사이…매드업의 몸값 계산법 : 네이버 블로그,Naver Blog,,"Mon, 22 Jun 2026 01:28:59 GMT",,[매드업 IPO]광고와 AI 사이…매드업의 몸값 계산법 : 네이버 블로그 Naver Blog,,0,domain_filter,-100.0,excluded_final_domain:blog.naver.com,0.0,False,,https://news.google.com/rss/articles/CBMijwFBVV95cUxQYlgyY0g4aldyb0RPdXd6WEx4VGgxaERyY00wLWZBU2NQcUxxZWhmUXpzNVVVSVNJX0tHVU1pUFQ2WFY0bGJ0Y2JVWHZody1qcXVhM2lrWVl1cVJ3ZEJacHA2WlIwZ2hzbmd6NF9LUk5LVm1qZWphOTQ1Rl9LODExMzRaUGMxQ2QxQ2E1Nm4yNA?oc=5,https://blog.naver.com/PostView.naver?blogId=dealsite&logNo=224322789893&redirect=Dlog,,,,,,not_checked_domain_filtered,,,,0.0,global_incident:mna_capital:naver:mna_capital:general,global_incident:mna_capital:naver:mna_capital,0.0,,,,,,,I006,global_incident:mna_capital:naver:mna_capital,,,,,,,,,,,,,,,,,,,,네이버,경쟁사/해외이슈,경쟁사_해외이슈,경쟁사_해외이슈,경쟁사_해외이슈,경쟁사/해외이슈,,,issue_representative_attempt,,,,
경쟁사_해외이슈,경쟁사/해외이슈,금융감독원,"네이버클라우드, 국가 AI센터 SPC에 1044억 출자…지분 26.1% 확보",ppss.kr,ppss.kr,"Fri, 19 Jun 2026 03:03:31 GMT","Fri, 19 Jun 2026 03:03:31 GMT","네이버클라우드, 국가 AI센터 SPC에 1044억 출자…지분 26.1% 확보 ppss.kr","(PPSS 이주환 기자) 네이버클라우드가 참여하는 국가 AI 컴퓨팅센터 구축 특수목적법인(SPC)의 사명이 ‘한국에이아이컴퓨팅센터’로 확정됐다. 초대 대표이사에는 삼성SDS 최고재무책임자(CFO) 출신인 안정태 부사장이 선임됐다. 네이버클라우드는 18일 정정공시를 통해 국가 AI 컴퓨팅센터 구축을 위한 SPC의 회사명을 ‘한국에이아이컴퓨팅센터 주식회사’로 확정했다고 밝혔다. 기존 공시에서는 회사명이 ‘국가 AI 컴퓨팅 센터’로 미확정 상태였으나, 이번 정정공시를 통해 사명과 대표이사, 취득예정일자 등이 구체화됐다. 공시에 따르면 한국에이아이컴퓨팅센터의 주요 사업은 클라우드 컴퓨팅 및 데이터센터 운영업이다. 설립 시 자본금은 56억 6,000만 원, 발행주식총수는 113만 2,000주다. 네이버클라우드는 해당 법인의 주식 104만 4,000주를 총 1044억 원에 현금 취득한다. 이는 네이버클라우드 자기자본 대비 15.89%에 해당하는 규모다. 최종 출자 완료 후 네이버클라우드의 지분율은 26.10%가 된다. 취득 목적은 국가 AI 컴퓨팅센터 구축을 위한 SPC 설립 및 유상증자 참여다. 네이버클라우드는 지난 5월 29일 1차 출자금 납입을 마쳤으며, 잔여 출자금은 2027년까지 2차에 걸쳐 분할 납입할 예정이다. 이번 정정공시는 국가 AI 컴퓨팅센터 사업의 법인 설립과 지배구조가 본격적으로 구체화되고 있다는 점에서 의미가 있다. 특히 네이버클라우드가 1,000억 원이 넘는 자금을 출자하고 26%대 지분을 확보하면서, 향후 국가 AI 인프라 구축 과정에서 핵심 민간 사업자로 참여하는 구조가 보다 명확해졌다. 국가 AI 컴퓨팅센터 구축 사업은 국내 AI 연구개발과 산업 육성을 위해 대규모 그래픽처리장치(GPU) 기반 컴퓨팅 자원을 공공과 민간에 제공하는 것을 목표로 한다. 삼성SDS가 주관사를 맡은 컨소시엄에는 네이버클라우드를 비롯해 삼성물산, 삼성전자, 카카오, 클러쉬, KT, 전라남도, 서남해안기업도시개발 등이 참여한다. 과학기술정보통신부는 올해 3분기 착공을 목표로 관련 인허가와 부지 조성 절차를 진행하고 있으며, 2028년까지 첨단 AI 반도체 1만 5,000장 규모의 국가 AI 컴퓨팅센터를 구축할 계획이다. 총사업비는 2조 5,000억 원 규모로 알려졌다. 센터가 완공되면 중소기업과 스타트업, 대학, 연구기관 등은 대규모 AI 연산 자원을 활용할 수 있게 된다. 정부는 이용 활성화를 위해 요금 지원, 기술 컨설팅, 교육 프로그램 등을 제공하고, 글로벌 기업과의 협력을 통한 AI 서비스 해외 진출 지원도 추진할 방침이다. 아울러 센터 내에는 연구개발 공간과 실증 환경도 조성된다. 이를 통해 국산 AI 반도체의 개발과 검증을 지원하고, 향후 상용 서비스 적용까지 연계한다는 구상이다. 이주환 기자 777@ppss.kr (PPSS 이주환 기자) 네이버클라우드가 참여하는 국가 AI 컴퓨팅센터 구축 특수목적법인(SPC)의 사명이 ‘한국에이아이컴퓨팅센터’로 확정됐다. 초대 대표이사에는 삼성SDS 최고재무책임자(CFO) 출신인 안정태 부사장이 선임됐다. 네이버클라우드는 18일 정정공시를 통해 국가 AI 컴퓨팅센터 구축을 위한 SPC의 회사명을 ‘한국에이아이컴퓨팅센터 주식회사’로 확정했다고 밝혔다. 기존 공시에서는 회사명이 ‘국가 AI 컴퓨팅 센터’로 미확정 상태였으나, 이번 정정공시를 통해 사명과 대표이사, 취득예정일자 등이 구체화됐다. 공시에 따르면 한국에이아이컴퓨팅센터의 주요 사업은 클라우드 컴퓨팅 및 데이터센터 운영업이다. 설립 시 자본금은 56억 6,000만 원, 발행주식총수는 113만 2,000주다. 네이버클라우드는 해당 법인의 주식 104만 4,000주를 총 1044억 원에 현금 취득한다. 이는 네이버클라우드 자기자본 대비 15.89%에 해당하는 규모다. 최종 출자 완료 후 네이버클라우드의 지분율은 26.10%가 된다. 취득 목적은 국가 AI 컴퓨팅센터 구축을 위한 SPC 설립 및 유상증자 참여다. 네이버클라우드는 지난 5월 29일 1차 출자금 납입을 마쳤으며, 잔여 출자금은 2027년까지 2차에 걸쳐 분할 납입할 예정이다. 이번 정정공시는 국가 AI 컴퓨팅센터 사업의 법인 설립과 지배구조가 본격적으로 구체화되고 있다는 점에서 의미가 있다. 특히 네이버클라우드가 1,000억 원이 넘는 자금을 출자하고 26%대 지분을 확보하면서, 향후 국가 AI 인프라 구축 과정에서 핵심 민간 사업자로 참여하는 구조가 보다 명확해졌다. 국가 AI 컴퓨팅센터 구축 사업은 국내 AI 연구개발과 산업 육성을 위해 대규모 그래픽처리장치(GPU) 기반 컴퓨팅 자원을 공공과 민간에 제공하는 것을 목표로 한다. 삼성SDS가 주관사를 맡은 컨소시엄에는 네이버클라우드를 비롯해 삼성물산, 삼성전자, 카카오, 클러쉬, KT, 전라남도, 서남해안기업도시개발 등이 참여한다. 과학기술정보통신부는 올해 3분기 착공을 목표로 관련 인허가와 부지 조성 절차를 진행하고 있으며, 2028년까지 첨단 AI 반도체 1만 5,000장 규모의 국가 AI 컴퓨팅센터를 구축할 계획이다. 총사업비는 2조 5,000억 원 규모로 알려졌다. 센터가 완공되면 중소기업과 스타트업, 대학, 연구기관 등은 대규모 AI 연산 자원을 활용할 수 있게 된다. 정부는 이용 활성화를 위해 요금 지원, 기술 컨설팅, 교육 프로그램 등을 제공하고, 글로벌 기업과의 협력을 통한 AI 서비스 해외 진출 지원도 추진할 방침이다. 아울러 센터 내에는 연구개발 공간과 실증 환경도 조성된다. 이를 통해 국산 AI 반도체의 개발과 검증을 지원하고, 향후 상용 서비스 적용까지 연계한다는 구상이다. '뒤돌아본 순간 시선 집중'...치어리더 우수한, 치명적 섹시 뒤태에 팬들 '심쿵' 페이커, 국가대표 유니폼 입는다…ENC 2026 대표팀 확정 [단독] 동양레저 ‘정면충돌’…파인크리크·파인밸리 인수안에 주주들 “이사회 전면 교체” '골프는 몰라도 유현주는 안다'...화이트룩으로 뽐낸 '골프여신' 비주얼 트럼프 “미 군함 10척 빨리 건조 가능하나”...한미 조선협력 급물살 타나 레이싱모델 천세라,환한 미소로 팬들과 눈맞춤 '존재감 과시' ""지갑 잃어버렸엉""… 최준희, 신혼 여행지서 보인 의외의 여유 ""일본 가지 말아라""던 중국, 돌연 태도 변화…단체관광 빗장 풀리나 이주환 기자 기자페이지 777@ppss.kr 타임폴리오 위드타임, AUM 1조 돌파…사모재간접 공모펀드 최초 타임폴리오 위드타임, AUM 1조 돌파…사모재간접 공모펀드 최초",3150,bs4_selector,-10.0,date_failed:original_date_too_old>52h:2026-06-19,159.5,False,False,https://news.google.com/rss/articles/CBMiZEFVX3lxTE5GeHNTMllhMzMtTzNlTGx5NTR1RkM3al9UdU55ckdUTlloUUtWak5hYlhjZDNDdDRTNDhXc2NmNUh0N2J1a25uY2JCOUctemtBc28yREUtazl2c1M0R1FVU2FGOUI?oc=5,https://www.ppss.kr/news/articleView.html?idxno=299301,21.5,"ai_infrastructure_security,aidc_datacenter,financial_performance,leadership_change,platform_obligation,strategy_mna_governance",aidc_national_center,2026-06-19,json_ld:datePublished,original_date_too_old>52h,4.0,90.65,,7.0,global_incident:platform_regulation:kakao:platform_data_protection_obligation:policy_change,global_incident:platform_regulation:kakao:platform_data_protection_obligation,32.0,self:platform_obligation,Y,,,,,I006,global_incident:mna_capital:naver:mna_capital,,,,,,,,,,,,,,,,,,,,금융감독원,정부/국회,정부_국회,경쟁사_해외이슈,경쟁사_해외이슈,경쟁사/해외이슈,,,issue_representative_attempt,,,,
경쟁사_해외이슈,경쟁사/해외이슈,플랫폼 시장점유율,IPO 나선 레몬헬스케어 “상급병원 점유율 80% 확보” : 네이버 블로그,Naver Blog,,"Fri, 19 Jun 2026 13:35:58 GMT",,IPO 나선 레몬헬스케어 “상급병원 점유율 80% 확보” : 네이버 블로그 Naver Blog,,0,domain_filter,-100.0,excluded_final_domain:blog.naver.com,0.0,False,,https://news.google.com/rss/articles/CBMijwFBVV95cUxNcm1tSGE3UXZMYmM4YjNmYVFSckpUSzE4bzlXbVNUWmNLbTBfN25jTlFYcVZNa04wVVNXLW9kWW5laXZiM2JlN2t2T1VjY2ZwWlY3Y09kQXdhNG1JTFdJSDNac01iVXZianFzUzhQYTlTMVlPb21VLXY1OEVtSm5GUWNrZFdPNzNkNl9LZnN2dw?oc=5,https://blog.naver.com/PostView.naver?blogId=dealsite&logNo=224320647636&redirect=Dlog,,,,,,not_checked_domain_filtered,,,,0.0,global_incident:mna_capital:naver:mna_capital:general,global_incident:mna_capital:naver:mna_capital,0.0,,,,,,,I006,global_incident:mna_capital:naver:mna_capital,,,,,,,,,,,,,,,,,,,,플랫폼 시장점유율,산업동향,산업동향,경쟁사_해외이슈,경쟁사_해외이슈,경쟁사/해외이슈,,,issue_representative_attempt,,,,
경쟁사_해외이슈,경쟁사/해외이슈,구글,"[주목 e-기업] 앤트로픽, ‘미토스 AI’ 충격 속 지분구조 재조명…""아마존·구글·GIC·삼성·SK까지""",이코노미톡뉴스,이코노미톡뉴스,"Fri, 19 Jun 2026 04:14:30 GMT","Fri, 19 Jun 2026 04:14:30 GMT","[주목 e-기업] 앤트로픽, ‘미토스 AI’ 충격 속 지분구조 재조명…""아마존·구글·GIC·삼성·SK까지"" 이코노미톡뉴스","[김지현 기자 @이코노미톡뉴스] 최근 앤트로픽(Anthropic)이 개발한 사이버 보안 전문 AI 모델 ‘미토스(Mythos)’가 전 세계 금융권과 정계에 큰 충격을 주면서, 이 기업의 지분 구조와 향후 행보에 대한 시장의 관심이 그 어느 때보다 뜨겁다. 미토스는 기존의 취약점을 인간 전문가보다 훨씬 빠르게 찾아내고 해킹에 악용될 소지가 있어, 현재 극소수의 파트너에게만 제한적으로 제공되는 상황이다. 2023Y 핵심주주: 아마존 40억 USD+구글 20억 달러 앤트로픽은 2021년 오픈AI(OpenAI) 출신인 다리오 아모데이(Dario Amodei)와 다니엘라 아모데이(Daniela Amodei) 남매를 주축으로 설립되었다. AI의 안전성과 윤리를 강조하며 출범한 이후, 글로벌 빅테크들의 막대한 자금을 빨아들이며 급성장했다. 주요 지분 투자를 보면, 초기 설립 자금 및 5억 8,000만 달러 규모의 투자를 유치했다. 이 과정에서 샘 뱅크먼프리드의 FTX(가상화폐 거래소 FTX, 2022년 11월 파산) 자금이 투입되기도 했다고 알려져있다. 2023년부터는 빅테크 기업들이 본격 참여하기 시작했다. 아마존이 최대 40억 달러, 구글이 최대 20억 달러 규모의 투자를 단행하며 핵심 주주로 올라섰다. 아마존은 기술 대기업 중 최대 지분을 보유한 상태다. 최근에는 시리즈 H라운드에서 650억 달러를 추가 유치하며 기업 가치가 약 9,650억 달러(약 1,440조 원)로 폭등했다. 현재 여러 차례의 대규모 투자 유치로 인해 지분율이 상당 부분 희석 및 재편되었다. 최신 기준으로 현재 알려진 주요 기관 및 창업자의 추정 지분율은 다음과 같다. < 지분 구조 (2026년 기준, 추정치) > (1) 창업팀 (아모데이 남매 등): 21% (이사회를 통제하는 장기이익신탁(LTBT) 구조 활용) (2) 직원 옵션 풀 : 19% (핵심 인재 보상용) (3) 아마존(Amazon) : 9% (기술 대기업 중 최대 지분 보유) (4) GIC(싱가포르 국부펀드) : 8% (주요 재무적 투자자) (5) 마이크로소프트(Microsoft) : 7% (최근 펀딩 라운드 등에서 지분 확대) (6) 코투(Coatue)·구글 (Google) : 각 6% (초기 및 중기 핵심 투자자) (7) 엔비디아(Nvidia) : 5% (AI 인프라 파트너십 기반 투자) (8) SKT(SK텔레콤) : 약 0.3% (초기 2023년 투자시 2% 지분율) (9) LG테크놀로지벤처스 : 미공개 (후발) 삼성전자 : 미공개 (조단위 투자) (후발) SK하이닉스 : 미공개 < 지분 구조 (2026년 기준, 추정치) > (1) 창업팀 (아모데이 남매 등): 21% (이사회를 통제하는 장기이익신탁(LTBT) 구조 활용) (2) 직원 옵션 풀 : 19% (핵심 인재 보상용) (3) 아마존(Amazon) : 9% (기술 대기업 중 최대 지분 보유) (4) GIC(싱가포르 국부펀드) : 8% (주요 재무적 투자자) (5) 마이크로소프트(Microsoft) : 7% (최근 펀딩 라운드 등에서 지분 확대) (6) 코투(Coatue)·구글 (Google) : 각 6% (초기 및 중기 핵심 투자자) (7) 엔비디아(Nvidia) : 5% (AI 인프라 파트너십 기반 투자) (8) SKT(SK텔레콤) : 약 0.3% (초기 2023년 투자시 2% 지분율) (9) LG테크놀로지벤처스 : 미공개 (후발) 삼성전자 : 미공개 (조단위 투자) (후발) SK하이닉스 : 미공개 (1) 창업팀 (아모데이 남매 등): 21% (이사회를 통제하는 장기이익신탁(LTBT) 구조 활용) (2) 직원 옵션 풀 : 19% (핵심 인재 보상용) (3) 아마존(Amazon) : 9% (기술 대기업 중 최대 지분 보유) (4) GIC(싱가포르 국부펀드) : 8% (주요 재무적 투자자) (5) 마이크로소프트(Microsoft) : 7% (최근 펀딩 라운드 등에서 지분 확대) (6) 코투(Coatue)·구글 (Google) : 각 6% (초기 및 중기 핵심 투자자) (7) 엔비디아(Nvidia) : 5% (AI 인프라 파트너십 기반 투자) (8) SKT(SK텔레콤) : 약 0.3% (초기 2023년 투자시 2% 지분율) (9) LG테크놀로지벤처스 : 미공개 (후발) 삼성전자 : 미공개 (조단위 투자) (후발) SK하이닉스 : 미공개 특이한 점은 앤트로픽은 지분율과 별개로 ‘장기이익신탁(LTBT)’이라는 독립 기구가 클래스 T 보통주를 통해 이사회를 통제하는 구조를 가지고 있어, 빅테크 투자자들이 경영권을 마음대로 휘두르지 못하도록 방어하고 있다. 싱가포르 국부펀드 GIC: '8% 보유' 주목 지분 8%의 GIC(Government of Singapore Investment Corporation) 싱가포르 국부펀드도 눈길을 끈다. GIC는 앤트로픽의 기술력이 입증되고 엔터프라이즈 AI 시장의 주도권을 잡기 시작한 중후기 성장 단계부터 막대한 자본을 쏟아부어 지분을 빠르게 늘려왔다. '시리즈 F'부터 참여를 시작해, 올해 2월에는 '시리즈 G'를 주도했다고 평가받는다. 이때는 앤트로픽이 폭발적으로 성장하던 시기. 이어 '시리즈 H(5월)'에서도 자본 그룹(Capital Group), 코투(Coatue) 등과 함께 공동 주도를 통해 앤트로픽의 기업가치를 약 9,650억 달러로 끌어올렸다. GIC는 1981년 싱가포르의 외환보유고를 관리하고 미래 세대의 재정을 확보하기 위해 설립된 국영 투자사로, 운용자산(AUM)만 약 900조 원을 상회하는 것으로 추정되는 세계 최대 규모의 '슈퍼 국부펀드' 중 하나이다. 우리나라의 국민연금(NPS)의 1,526조 원(올해 Q1 기준)보다는 운용 규모는 작지만 해외 시장만 투자하기에 글로벌 투자 시장에서의 파급력은 규모 이상이라 평가 받는다. LG테크놀로지벤처스(미공개)· SK텔레콤(0.3% 추정) 그렇다면 국내 핵심 대기업들이 앤트로픽에 선제적으로, 혹은 전략적으로 대규모 지분 투자 현황은 어떨까. LG는 2023년 그룹의 기업형 벤처캐피털(CVC)인 LG테크놀로지벤처스를 통해 앤트로픽에 지분 투자를 단행했다. 그러나 구체적인 투자 금액과 지분율은 공개하지 않았다. 현재는 단순한 재무적 투자를 넘어 전략적 파트너십으로 발전했다. 올해 6월 초, LG CNS는 앤트로픽과 기업용 AI 모델인 '클로드 엔터프라이즈(Claude Enterprise)' 도입 계약을 체결하여 LG그룹 전 계열사에 이를 적용하고 외부 기업의 AI 전환(AX) 사업도 돕고 있다. SK텔레콤은 2023년 8월, 약 1억 달러(당시 약 1,300억 원)를 투자해 앤트로픽 지분 약 2%를 확보했다. 이후 구글, 아마존 등의 천문학적인 후속 투자가 이어지며 신주가 발행되어 현재 SK텔레콤의 지분율은 약 0.2~0.3% 수준으로 희석되었다. 하지만 앤트로픽의 기업 가치가 당시보다 수십 배 이상 폭등하면서, 희석된 지분율에도 불구하고 SK텔레콤이 보유한 지분 가치는 현재 수조 원대(초기 투자금의 20배 이상)에 이르는 것으로 평가받고 있다. 후발 주자 : 삼성전자(조 단위 투자) & SK하이닉스 삼성전자와 SK하이닉스의 앤프로픽 투자는 가장 최근인 2026년 5월, 시리즈 H 투자 라운드에 두 회사가 '전략적 인프라 파트너'로 새롭게 합류했다. 단순 벤처 투자를 넘어 조 단위의 대규모 지분 투자를 단행한 것으로 알려지면서 특히 삼성전자는 단독으로 수조 원 수준을 투자한 것으로 추정되고 있다. 이같은 투자는 앤트로픽이 AI 에이전트와 데이터센터를 가동하는 데 필수적인 고대역폭메모리(HBM) 및 첨단 메모리 반도체 공급망을 확고히 다지기 위한 'AI-반도체 동맹'의 성격으로 분석된다. 결국, 국내에서는 SK텔레콤이 선제적 투자로 엄청난 재무적 차익과 파트너십을 얻어냈고, LG CNS는 지분 투자를 발판으로 자사 AI 솔루션 사업의 핵심 파트너로 앤트로픽을 활용하고 있으며, 최근에는 삼성전자와 SK하이닉스가 글로벌 AI 반도체 주도권을 쥐기 위해 대규모 지분을 확보한 것으로 볼 수 있다. 한편, 현재 미토스 AI에 대한 미국 정부의 수출통제와는 별도로 최첨단 AI 모델 '미토스5'와 '페이블5'의 앤트로픽社 서울 오피스가 17일 개소했다.",3992,bs4_selector,-10.0,date_failed:original_date_too_old>52h:2026-06-19,65.0,False,False,https://news.google.com/rss/articles/CBMibEFVX3lxTE9GRXJhc2hSRmF0ZzFpeWVhcUlpQjBfd2ZZTTRNSnhidG9LNTloVGgweF9SMThiX1pLN3ktdWxTV2VaakM2M1V3VW5ralk0bTVPUG1kRTNaZjhjbnEzRTV1eEJVSDQ0TnlXMHFEeg?oc=5,http://www.economytalk.kr/news/articleView.html?idxno=422073,226.5,"ai_infrastructure_security,phishing_security,platform_obligation,privacy_security_reliability,strategy_mna_governance",security_hacking_incident,2026-06-19,json_ld:datePublished,original_date_too_old>52h,4.0,27.5,privacy_security:toss:data_leak:initial_investigation_response,23.0,global_incident:digital_asset_policy:toss:digital_asset_policy:announcement,global_incident:digital_asset_policy:toss:digital_asset_policy,0.0,,,,,,,I007,global_incident:ai_security_policy:toss:anthropic_glasswing_security,,,,,,,,,,,,,,,,,,,,구글,경쟁사/해외이슈,경쟁사_해외이슈,경쟁사_해외이슈,경쟁사_해외이슈,경쟁사/해외이슈,,,issue_representative_attempt,,,,
경쟁사_해외이슈,경쟁사/해외이슈,중국 AI,美 ‘AI 미토스’ 차단에 흔들리는 정재헌호 SK텔레콤…‘중국 연계’ 의혹 실체,뉴스필드,뉴스필드,"Fri, 19 Jun 2026 07:16:22 GMT","Fri, 19 Jun 2026 07:16:22 GMT",美 ‘AI 미토스’ 차단에 흔들리는 정재헌호 SK텔레콤…‘중국 연계’ 의혹 실체 뉴스필드,"Homepage 경제 美 ‘AI 미토스’ 차단에 흔들리는 정재헌호 SK텔레콤…‘중국 연계’ 의혹 실체 경제 주요 기사 美 ‘AI 미토스’ 차단에 흔들리는 정재헌호 SK텔레콤…‘중국 연계’ 의혹 실체 진용준 기자｜ [email protected] Posted on 2026-06-19 16:16:22 와이어드 ‘중국 통신 진출 20년’ 지목했지만…차이나유니콤 지분은 2009년 청산, 중국 지주법인만 존속 미국이 앤트로픽의 초고성능 인공지능(AI) 모델 ‘미토스(Mythos)’ 수출을 전면 차단한 배경에 SK텔레콤의 ‘중국 연계 의혹’이 자리했다는 외신 보도가 잇따르고 있다. 그러나 의혹의 핵심 근거로 거론된 ‘SK텔레콤의 중국 통신산업 진출 이력’은 17년 전 청산된 투자를 가리키는 것으로 확인됐다. 19일 정보기술(IT)업계와 미국 정보기술 전문매체 와이어드(WIRED), 워싱턴포스트(WP) 보도 등을 종합하면, 미 정부는 지난 12일 국가안보를 이유로 미토스5와 페이블5(Fable 5)에 대한 수출통제를 단행해 두 모델을 전면 비활성화했다. 와이어드와 WP는 그 방아쇠로 백악관이 앤트로픽에 ‘SK텔레콤의 미토스 접근권을 회수하라’고 지시한 점을 지목했다. 두 모델은 이날 현재까지 복구되지 않았다. ■ ‘중국 연계설’의 뿌리는 2009년 청산된 차이나유니콤…지주법인은 존속 와이어드는 SK텔레콤을 ‘중국과의 연관성이 의심되는 한국 최대 이동통신사’로 지목하며, 그 근거로 중국 국영 통신사 차이나유니콤(China Unicom) 지분 보유 이력을 들었다. 하지만 SK텔레콤의 차이나유니콤 투자는 현재 진행형이 아니다. SK텔레콤은 2006년 7월 차이나유니콤이 발행한 10억달러 규모 전환사채(CB)를 인수해 2007년 지분 6.6%(2대 주주)를 확보했으나, 2009년 9월 보유 지분 전량을 약 100억홍콩달러(당시 약 1조5000억원)에 되팔았다. 통신사업자 간 지분 관계가 정리된 지 17년이 지난 셈으로, ‘20년 진출’이라는 표현은 최초 투자 시점(2006년)만을 기준으로 한 해석이다. 다만 SK텔레콤의 중국 관련 법인이 완전히 소멸한 것은 아니다. 본지가 전자공시시스템 사업보고서를 확인한 결과, SK텔레콤은 현재도 ‘SK Telecom China Holdings Co., Ltd.’(지분 100%)와 ‘SK China Company Ltd.’(지분 27.3%)를 보유하고 있다. 그러나 2007년 베이징에 설립된 SK Telecom China Holdings의 공시상 사업 내용은 ‘투자업(지주회사)’이며, SK China Company 역시 컨설팅·투자가 주력이다. 통신망을 직접 운영하는 사업체가 아닌 투자관리·지주 목적의 법인이라는 점에서, 와이어드가 제기한 ‘중국 통신산업 연관’ 의혹의 직접적인 근거로 보기는 어렵다는 지적이 나온다. SK텔레콤은 의혹을 부인하고 있다. 회사 측은 “해외 언론의 익명 정부 관계자발 보도라 사실 여부를 확인하기 어렵다”면서도 “중국과 연계돼 있다는 것은 전혀 사실이 아니다”라고 밝혔다. 경쟁사인 LG유플러스는 “미토스 접근권을 부여받은 바 없다”고 밝혔다. ■ 아시아 유일 글래스윙 파트너의 역설…‘수일 내 정상화’ 속 ‘워싱턴 인가제’ 논란 SK텔레콤은 2023년 8월 앤트로픽에 1억달러(약 1321억원)를 투자한 데 이어, 아시아 이동통신사로는 유일하게 앤트로픽 보안 협의체 ‘프로젝트 글래스윙’에 참여한 핵심 파트너다. 글래스윙 합류는 2025년 유심(USIM) 해킹 사태 이후 보안 강화 차원으로 평가됐다. 투자 지분의 장부가액은 사업보고서 기준 2024년 말 1485억원에서 2025년 말 1조3762억원으로 불어났는데, 이는 매각으로 실현한 수익이 아닌 회계상 미실현 평가이익이며 같은 기간 지분율은 0.7%에서 0.3%로 희석됐다. 앤트로픽의 가까운 아시아 파트너가 도리어 수출통제를 촉발한 당사자로 지목된 것은 역설적이라는 평가가 나온다. WP에 따르면 앤트로픽은 당초 미토스 조기 접근 기관 111곳 명단을 승인받았으나, 이후 제출한 추가 명단에 ‘중국 연계가 의심되는 한국 통신사’가 포함되면서 수출통제가 발동됐다. 이 여파로 글래스윙 2차 참여로 접근권을 확보했던 삼성전자, SK하이닉스, SK텔레콤, 한국인터넷진흥원(KISA) 등의 활용 계획도 멈춰섰다. 앤트로픽은 지난 17일 서울사무소를 열고 과학기술정보통신부와 양해각서(MOU)를 체결했으며, 크리스 시아우리 국제부문 총괄은 “수일 내로 모델이 다시 이용 가능해질 것”이라고 밝혔다. 과기정통부는 “앤트로픽과 소통하며 사실관계를 파악 중”이라고 밝혔다. 한편 SK텔레콤은 내부적으로는 AI 전환(AX)에 속도를 내고 있다. 정재헌 SK텔레콤 사장은 지난 11일 ‘2026 뉴 이천포럼’ 키노트에서 ‘사람과 AI가 원팀’을 내세우며 AI 에이전트에 사번을 부여해 구성원처럼 관리하는 ‘AX 혁신 2.0’을 제시했고, 회사는 이를 16일 공식화했다. 안으로는 AI를 업무 주체로 끌어들이는 공격적 전환에 나선 반면, 밖으로는 미토스 차단으로 최첨단 외부 모델 접근이 막힌 셈이어서 외부 AI 의존 리스크가 한층 부각됐다. 이번 사태로 고급 AI 모델 접근권이 사실상 미 정부의 사전 승인(라이선싱) 대상으로 전환됐다는 ‘워싱턴 인가제’ 우려와 함께, 국내 독자 AI(소버린 AI) 역량 확보 논의도 다시 불붙고 있다. Tagged: AI 규제 Anthropic AX 혁신 2.0 Glasswing SK텔레콤 USIM 해킹 미토스 차단 소버린 AI 워싱턴 인가제 정재헌 SK텔레콤 CEO 중국 연계 의혹 차이나유니콤 LEAVE A RESPONSE 응답 취소 진용준 기자｜ [email protected] View all posts 연관기사 사회 “노태우 비자금서 하이닉스 특혜 매각까지”…시민사회, SK그룹 ‘권력형 특혜 의혹’ 대통령실 진정 2026-06-12 경제 ‘역대급 보안 참사’ 남기고 떠난 SK텔레콤 전 대표, ‘34억+자사주’ 챙기고 그룹 AI 수장으로 2026-05-26 경제 SK텔레콤 ‘실적 반등’의 허상, 기저효과 걷어내면 5대 핵심지표 일제히 ‘역성장’ 2026-05-07 경제 판사 출신 SK텔레콤 새 CEO 정재헌號, 첫 과제 ‘비통신 리스크’ 직면 2025-11-20 경제 SK텔레콤 ‘위탁소사장제도’, 유심 사태로 다시 도마 위…본사 책임론 확산 2025-07-16 경제 정부 조사 당일 ‘보상안’ 꺼낸 SK텔레콤… 짧은 기간·실효성 논란에 실적 전망도 ‘먹구름’ 2025-07-07 경제 SK텔레콤 알고도 2년 간 해킹 방치… 2021년부터 시작 2025-07-05 경제 SK텔레콤 T1 불공정 운영 논란… ‘낙하산 인사’ 의혹까지 2025-06-09 경제 SK텔레콤 신분증 스캐너 보안 논란… 복사본 통과 의혹에 SKT “전 통신사 시스템 한계” 2025-05-15 Homepage 경제 美 ‘AI 미토스’ 차단에 흔들리는 정재헌호 SK텔레콤…‘중국 연계’ 의혹 실체 경제 주요 기사 美 ‘AI 미토스’ 차단에 흔들리는 정재헌호 SK텔레콤…‘중국 연계’ 의혹 실체 진용준 기자｜ [email protected] Posted on 2026-06-19 16:16:22 Homepage 경제 美 ‘AI 미토스’ 차단에 흔들리는 정재헌호 SK텔레콤…‘중국 연계’ 의혹 실체 美 ‘AI 미토스’ 차단에 흔들리는 정재헌호 SK텔레콤…‘중국 연계’ 의혹 실체 진용준 기자｜ [email protected] Posted on 2026-06-19 16:16:22 진용준 기자｜ [email protected] Posted on 2026-06-19 16:16:22 와이어드 ‘중국 통신 진출 20년’ 지목했지만…차이나유니콤 지분은 2009년 청산, 중국 지주법인만 존속 미국이 앤트로픽의 초고성능 인공지능(AI) 모델 ‘미토스(Mythos)’ 수출을 전면 차단한 배경에 SK텔레콤의 ‘중국 연계 의혹’이 자리했다는 외신 보도가 잇따르고 있다. 그러나 의혹의 핵심 근거로 거론된 ‘SK텔레콤의 중국 통신산업 진출 이력’은 17년 전 청산된 투자를 가리키는 것으로 확인됐다. 19일 정보기술(IT)업계와 미국 정보기술 전문매체 와이어드(WIRED), 워싱턴포스트(WP) 보도 등을 종합하면, 미 정부는 지난 12일 국가안보를 이유로 미토스5와 페이블5(Fable 5)에 대한 수출통제를 단행해 두 모델을 전면 비활성화했다. 와이어드와 WP는 그 방아쇠로 백악관이 앤트로픽에 ‘SK텔레콤의 미토스 접근권을 회수하라’고 지시한 점을 지목했다. 두 모델은 이날 현재까지 복구되지 않았다. ■ ‘중국 연계설’의 뿌리는 2009년 청산된 차이나유니콤…지주법인은 존속 와이어드는 SK텔레콤을 ‘중국과의 연관성이 의심되는 한국 최대 이동통신사’로 지목하며, 그 근거로 중국 국영 통신사 차이나유니콤(China Unicom) 지분 보유 이력을 들었다. 하지만 SK텔레콤의 차이나유니콤 투자는 현재 진행형이 아니다. SK텔레콤은 2006년 7월 차이나유니콤이 발행한 10억달러 규모 전환사채(CB)를 인수해 2007년 지분 6.6%(2대 주주)를 확보했으나, 2009년 9월 보유 지분 전량을 약 100억홍콩달러(당시 약 1조5000억원)에 되팔았다. 통신사업자 간 지분 관계가 정리된 지 17년이 지난 셈으로, ‘20년 진출’이라는 표현은 최초 투자 시점(2006년)만을 기준으로 한 해석이다. 다만 SK텔레콤의 중국 관련 법인이 완전히 소멸한 것은 아니다. 본지가 전자공시시스템 사업보고서를 확인한 결과, SK텔레콤은 현재도 ‘SK Telecom China Holdings Co., Ltd.’(지분 100%)와 ‘SK China Company Ltd.’(지분 27.3%)를 보유하고 있다. 그러나 2007년 베이징에 설립된 SK Telecom China Holdings의 공시상 사업 내용은 ‘투자업(지주회사)’이며, SK China Company 역시 컨설팅·투자가 주력이다. 통신망을 직접 운영하는 사업체가 아닌 투자관리·지주 목적의 법인이라는 점에서, 와이어드가 제기한 ‘중국 통신산업 연관’ 의혹의 직접적인 근거로 보기는 어렵다는 지적이 나온다. SK텔레콤은 의혹을 부인하고 있다. 회사 측은 “해외 언론의 익명 정부 관계자발 보도라 사실 여부를 확인하기 어렵다”면서도 “중국과 연계돼 있다는 것은 전혀 사실이 아니다”라고 밝혔다. 경쟁사인 LG유플러스는 “미토스 접근권을 부여받은 바 없다”고 밝혔다. ■ 아시아 유일 글래스윙 파트너의 역설…‘수일 내 정상화’ 속 ‘워싱턴 인가제’ 논란 SK텔레콤은 2023년 8월 앤트로픽에 1억달러(약 1321억원)를 투자한 데 이어, 아시아 이동통신사로는 유일하게 앤트로픽 보안 협의체 ‘프로젝트 글래스윙’에 참여한 핵심 파트너다. 글래스윙 합류는 2025년 유심(USIM) 해킹 사태 이후 보안 강화 차원으로 평가됐다. 투자 지분의 장부가액은 사업보고서 기준 2024년 말 1485억원에서 2025년 말 1조3762억원으로 불어났는데, 이는 매각으로 실현한 수익이 아닌 회계상 미실현 평가이익이며 같은 기간 지분율은 0.7%에서 0.3%로 희석됐다. 앤트로픽의 가까운 아시아 파트너가 도리어 수출통제를 촉발한 당사자로 지목된 것은 역설적이라는 평가가 나온다. WP에 따르면 앤트로픽은 당초 미토스 조기 접근 기관 111곳 명단을 승인받았으나, 이후 제출한 추가 명단에 ‘중국 연계가 의심되는 한국 통신사’가 포함되면서 수출통제가 발동됐다. 이 여파로 글래스윙 2차 참여로 접근권을 확보했던 삼성전자, SK하이닉스, SK텔레콤, 한국인터넷진흥원(KISA) 등의 활용 계획도 멈춰섰다. 앤트로픽은 지난 17일 서울사무소를 열고 과학기술정보통신부와 양해각서(MOU)를 체결했으며, 크리스 시아우리 국제부문 총괄은 “수일 내로 모델이 다시 이용 가능해질 것”이라고 밝혔다. 과기정통부는 “앤트로픽과 소통하며 사실관계를 파악 중”이라고 밝혔다. 한편 SK텔레콤은 내부적으로는 AI 전환(AX)에 속도를 내고 있다. 정재헌 SK텔레콤 사장은 지난 11일 ‘2026 뉴 이천포럼’ 키노트에서 ‘사람과 AI가 원팀’을 내세우며 AI 에이전트에 사번을 부여해 구성원처럼 관리하는 ‘AX 혁신 2.0’을 제시했고, 회사는 이를 16일 공식화했다. 안으로는 AI를 업무 주체로 끌어들이는 공격적 전환에 나선 반면, 밖으로는 미토스 차단으로 최첨단 외부 모델 접근이 막힌 셈이어서 외부 AI 의존 리스크가 한층 부각됐다. 이번 사태로 고급 AI 모델 접근권이 사실상 미 정부의 사전 승인(라이선싱) 대상으로 전환됐다는 ‘워싱턴 인가제’ 우려와 함께, 국내 독자 AI(소버린 AI) 역량 확보 논의도 다시 불붙고 있다. Tagged: AI 규제 Anthropic AX 혁신 2.0 Glasswing SK텔레콤 USIM 해킹 미토스 차단 소버린 AI 워싱턴 인가제 정재헌 SK텔레콤 CEO 중국 연계 의혹 차이나유니콤 LEAVE A RESPONSE 응답 취소 와이어드 ‘중국 통신 진출 20년’ 지목했지만…차이나유니콤 지분은 2009년 청산, 중국 지주법인만 존속 미국이 앤트로픽의 초고성능 인공지능(AI) 모델 ‘미토스(Mythos)’ 수출을 전면 차단한 배경에 SK텔레콤의 ‘중국 연계 의혹’이 자리했다는 외신 보도가 잇따르고 있다. 그러나 의혹의 핵심 근거로 거론된 ‘SK텔레콤의 중국 통신산업 진출 이력’은 17년 전 청산된 투자를 가리키는 것으로 확인됐다. 19일 정보기술(IT)업계와 미국 정보기술 전문매체 와이어드(WIRED), 워싱턴포스트(WP) 보도 등을 종합하면, 미 정부는 지난 12일 국가안보를 이유로 미토스5와 페이블5(Fable 5)에 대한 수출통제를 단행해 두 모델을 전면 비활성화했다. 와이어드와 WP는 그 방아쇠로 백악관이 앤트로픽에 ‘SK텔레콤의 미토스 접근권을 회수하라’고 지시한 점을 지목했다. 두 모델은 이날 현재까지 복구되지 않았다. ■ ‘중국 연계설’의 뿌리는 2009년 청산된 차이나유니콤…지주법인은 존속 와이어드는 SK텔레콤을 ‘중국과의 연관성이 의심되는 한국 최대 이동통신사’로 지목하며, 그 근거로 중국 국영 통신사 차이나유니콤(China Unicom) 지분 보유 이력을 들었다. 하지만 SK텔레콤의 차이나유니콤 투자는 현재 진행형이 아니다. SK텔레콤은 2006년 7월 차이나유니콤이 발행한 10억달러 규모 전환사채(CB)를 인수해 2007년 지분 6.6%(2대 주주)를 확보했으나, 2009년 9월 보유 지분 전량을 약 100억홍콩달러(당시 약 1조5000억원)에 되팔았다. 통신사업자 간 지분 관계가 정리된 지 17년이 지난 셈으로, ‘20년 진출’이라는 표현은 최초 투자 시점(2006년)만을 기준으로 한 해석이다. 다만 SK텔레콤의 중국 관련 법인이 완전히 소멸한 것은 아니다. 본지가 전자공시시스템 사업보고서를 확인한 결과, SK텔레콤은 현재도 ‘SK Telecom China Holdings Co., Ltd.’(지분 100%)와 ‘SK China Company Ltd.’(지분 27.3%)를 보유하고 있다. 그러나 2007년 베이징에 설립된 SK Telecom China Holdings의 공시상 사업 내용은 ‘투자업(지주회사)’이며, SK China Company 역시 컨설팅·투자가 주력이다. 통신망을 직접 운영하는 사업체가 아닌 투자관리·지주 목적의 법인이라는 점에서, 와이어드가 제기한 ‘중국 통신산업 연관’ 의혹의 직접적인 근거로 보기는 어렵다는 지적이 나온다. SK텔레콤은 의혹을 부인하고 있다. 회사 측은 “해외 언론의 익명 정부 관계자발 보도라 사실 여부를 확인하기 어렵다”면서도 “중국과 연계돼 있다는 것은 전혀 사실이 아니다”라고 밝혔다. 경쟁사인 LG유플러스는 “미토스 접근권을 부여받은 바 없다”고 밝혔다. ■ 아시아 유일 글래스윙 파트너의 역설…‘수일 내 정상화’ 속 ‘워싱턴 인가제’ 논란 SK텔레콤은 2023년 8월 앤트로픽에 1억달러(약 1321억원)를 투자한 데 이어, 아시아 이동통신사로는 유일하게 앤트로픽 보안 협의체 ‘프로젝트 글래스윙’에 참여한 핵심 파트너다. 글래스윙 합류는 2025년 유심(USIM) 해킹 사태 이후 보안 강화 차원으로 평가됐다. 투자 지분의 장부가액은 사업보고서 기준 2024년 말 1485억원에서 2025년 말 1조3762억원으로 불어났는데, 이는 매각으로 실현한 수익이 아닌 회계상 미실현 평가이익이며 같은 기간 지분율은 0.7%에서 0.3%로 희석됐다. 앤트로픽의 가까운 아시아 파트너가 도리어 수출통제를 촉발한 당사자로 지목된 것은 역설적이라는 평가가 나온다. WP에 따르면 앤트로픽은 당초 미토스 조기 접근 기관 111곳 명단을 승인받았으나, 이후 제출한 추가 명단에 ‘중국 연계가 의심되는 한국 통신사’가 포함되면서 수출통제가 발동됐다. 이 여파로 글래스윙 2차 참여로 접근권을 확보했던 삼성전자, SK하이닉스, SK텔레콤, 한국인터넷진흥원(KISA) 등의 활용 계획도 멈춰섰다. 앤트로픽은 지난 17일 서울사무소를 열고 과학기술정보통신부와 양해각서(MOU)를 체결했으며, 크리스 시아우리 국제부문 총괄은 “수일 내로 모델이 다시 이용 가능해질 것”이라고 밝혔다. 과기정통부는 “앤트로픽과 소통하며 사실관계를 파악 중”이라고 밝혔다. 한편 SK텔레콤은 내부적으로는 AI 전환(AX)에 속도를 내고 있다. 정재헌 SK텔레콤 사장은 지난 11일 ‘2026 뉴 이천포럼’ 키노트에서 ‘사람과 AI가 원팀’을 내세우며 AI 에이전트에 사번을 부여해 구성원처럼 관리하는 ‘AX 혁신 2.0’을 제시했고, 회사는 이를 16일 공식화했다. 안으로는 AI를 업무 주체로 끌어들이는 공격적 전환에 나선 반면, 밖으로는 미토스 차단으로 최첨단 외부 모델 접근이 막힌 셈이어서 외부 AI 의존 리스크가 한층 부각됐다. 이번 사태로 고급 AI 모델 접근권이 사실상 미 정부의 사전 승인(라이선싱) 대상으로 전환됐다는 ‘워싱턴 인가제’ 우려와 함께, 국내 독자 AI(소버린 AI) 역량 확보 논의도 다시 불붙고 있다. 와이어드 ‘중국 통신 진출 20년’ 지목했지만…차이나유니콤 지분은 2009년 청산, 중국 지주법인만 존속 미국이 앤트로픽의 초고성능 인공지능(AI) 모델 ‘미토스(Mythos)’ 수출을 전면 차단한 배경에 SK텔레콤의 ‘중국 연계 의혹’이 자리했다는 외신 보도가 잇따르고 있다. 그러나 의혹의 핵심 근거로 거론된 ‘SK텔레콤의 중국 통신산업 진출 이력’은 17년 전 청산된 투자를 가리키는 것으로 확인됐다. 19일 정보기술(IT)업계와 미국 정보기술 전문매체 와이어드(WIRED), 워싱턴포스트(WP) 보도 등을 종합하면, 미 정부는 지난 12일 국가안보를 이유로 미토스5와 페이블5(Fable 5)에 대한 수출통제를 단행해 두 모델을 전면 비활성화했다. 와이어드와 WP는 그 방아쇠로 백악관이 앤트로픽에 ‘SK텔레콤의 미토스 접근권을 회수하라’고 지시한 점을 지목했다. 두 모델은 이날 현재까지 복구되지 않았다. ■ ‘중국 연계설’의 뿌리는 2009년 청산된 차이나유니콤…지주법인은 존속 와이어드는 SK텔레콤을 ‘중국과의 연관성이 의심되는 한국 최대 이동통신사’로 지목하며, 그 근거로 중국 국영 통신사 차이나유니콤(China Unicom) 지분 보유 이력을 들었다. 하지만 SK텔레콤의 차이나유니콤 투자는 현재 진행형이 아니다. SK텔레콤은 2006년 7월 차이나유니콤이 발행한 10억달러 규모 전환사채(CB)를 인수해 2007년 지분 6.6%(2대 주주)를 확보했으나, 2009년 9월 보유 지분 전량을 약 100억홍콩달러(당시 약 1조5000억원)에 되팔았다. 통신사업자 간 지분 관계가 정리된 지 17년이 지난 셈으로, ‘20년 진출’이라는 표현은 최초 투자 시점(2006년)만을 기준으로 한 해석이다. 다만 SK텔레콤의 중국 관련 법인이 완전히 소멸한 것은 아니다. 본지가 전자공시시스템 사업보고서를 확인한 결과, SK텔레콤은 현재도 ‘SK Telecom China Holdings Co., Ltd.’(지분 100%)와 ‘SK China Company Ltd.’(지분 27.3%)를 보유하고 있다. 그러나 2007년 베이징에 설립된 SK Telecom China Holdings의 공시상 사업 내용은 ‘투자업(지주회사)’이며, SK China Company 역시 컨설팅·투자가 주력이다. 통신망을 직접 운영하는 사업체가 아닌 투자관리·지주 목적의 법인이라는 점에서, 와이어드가 제기한 ‘중국 통신산업 연관’ 의혹의 직접적인 근거로 보기는 어렵다는 지적이 나온다. SK텔레콤은 의혹을 부인하고 있다. 회사 측은 “해외 언론의 익명 정부 관계자발 보도라 사실 여부를 확인하기 어렵다”면서도 “중국과 연계돼 있다는 것은 전혀 사실이 아니다”라고 밝혔다. 경쟁사인 LG유플러스는 “미토스 접근권을 부여받은 바 없다”고 밝혔다. ■ 아시아 유일 글래스윙 파트너의 역설…‘수일 내 정상화’ 속 ‘워싱턴 인가제’ 논란 SK텔레콤은 2023년 8월 앤트로픽에 1억달러(약 1321억원)를 투자한 데 이어, 아시아 이동통신사로는 유일하게 앤트로픽 보안 협의체 ‘프로젝트 글래스윙’에 참여한 핵심 파트너다. 글래스윙 합류는 2025년 유심(USIM) 해킹 사태 이후 보안 강화 차원으로 평가됐다. 투자 지분의 장부가액은 사업보고서 기준 2024년 말 1485억원에서 2025년 말 1조3762억원으로 불어났는데, 이는 매각으로 실현한 수익이 아닌 회계상 미실현 평가이익이며 같은 기간 지분율은 0.7%에서 0.3%로 희석됐다. 앤트로픽의 가까운 아시아 파트너가 도리어 수출통제를 촉발한 당사자로 지목된 것은 역설적이라는 평가가 나온다. WP에 따르면 앤트로픽은 당초 미토스 조기 접근 기관 111곳 명단을 승인받았으나, 이후 제출한 추가 명단에 ‘중국 연계가 의심되는 한국 통신사’가 포함되면서 수출통제가 발동됐다. 이 여파로 글래스윙 2차 참여로 접근권을 확보했던 삼성전자, SK하이닉스, SK텔레콤, 한국인터넷진흥원(KISA) 등의 활용 계획도 멈춰섰다. 앤트로픽은 지난 17일 서울사무소를 열고 과학기술정보통신부와 양해각서(MOU)를 체결했으며, 크리스 시아우리 국제부문 총괄은 “수일 내로 모델이 다시 이용 가능해질 것”이라고 밝혔다. 과기정통부는 “앤트로픽과 소통하며 사실관계를 파악 중”이라고 밝혔다. 한편 SK텔레콤은 내부적으로는 AI 전환(AX)에 속도를 내고 있다. 정재헌 SK텔레콤 사장은 지난 11일 ‘2026 뉴 이천포럼’ 키노트에서 ‘사람과 AI가 원팀’을 내세우며 AI 에이전트에 사번을 부여해 구성원처럼 관리하는 ‘AX 혁신 2.0’을 제시했고, 회사는 이를 16일 공식화했다. 안으로는 AI를 업무 주체로 끌어들이는 공격적 전환에 나선 반면, 밖으로는 미토스 차단으로 최첨단 외부 모델 접근이 막힌 셈이어서 외부 AI 의존 리스크가 한층 부각됐다. 이번 사태로 고급 AI 모델 접근권이 사실상 미 정부의 사전 승인(라이선싱) 대상으로 전환됐다는 ‘워싱턴 인가제’ 우려와 함께, 국내 독자 AI(소버린 AI) 역량 확보 논의도 다시 불붙고 있다. Tagged: AI 규제 Anthropic AX 혁신 2.0 Glasswing SK텔레콤 USIM 해킹 미토스 차단 소버린 AI 워싱턴 인가제 정재헌 SK텔레콤 CEO 중국 연계 의혹 차이나유니콤 진용준 기자｜ [email protected] View all posts 연관기사 사회 “노태우 비자금서 하이닉스 특혜 매각까지”…시민사회, SK그룹 ‘권력형 특혜 의혹’ 대통령실 진정 2026-06-12 경제 ‘역대급 보안 참사’ 남기고 떠난 SK텔레콤 전 대표, ‘34억+자사주’ 챙기고 그룹 AI 수장으로 2026-05-26 경제 SK텔레콤 ‘실적 반등’의 허상, 기저효과 걷어내면 5대 핵심지표 일제히 ‘역성장’ 2026-05-07 경제 판사 출신 SK텔레콤 새 CEO 정재헌號, 첫 과제 ‘비통신 리스크’ 직면 2025-11-20 경제 SK텔레콤 ‘위탁소사장제도’, 유심 사태로 다시 도마 위…본사 책임론 확산 2025-07-16 경제 정부 조사 당일 ‘보상안’ 꺼낸 SK텔레콤… 짧은 기간·실효성 논란에 실적 전망도 ‘먹구름’ 2025-07-07 경제 SK텔레콤 알고도 2년 간 해킹 방치… 2021년부터 시작 2025-07-05 경제 SK텔레콤 T1 불공정 운영 논란… ‘낙하산 인사’ 의혹까지 2025-06-09 경제 SK텔레콤 신분증 스캐너 보안 논란… 복사본 통과 의혹에 SKT “전 통신사 시스템 한계” 2025-05-15 사회 “노태우 비자금서 하이닉스 특혜 매각까지”…시민사회, SK그룹 ‘권력형 특혜 의혹’ 대통령실 진정 2026-06-12 경제 ‘역대급 보안 참사’ 남기고 떠난 SK텔레콤 전 대표, ‘34억+자사주’ 챙기고 그룹 AI 수장으로 2026-05-26 경제 SK텔레콤 ‘실적 반등’의 허상, 기저효과 걷어내면 5대 핵심지표 일제히 ‘역성장’ 2026-05-07 경제 판사 출신 SK텔레콤 새 CEO 정재헌號, 첫 과제 ‘비통신 리스크’ 직면 2025-11-20 경제 SK텔레콤 ‘위탁소사장제도’, 유심 사태로 다시 도마 위…본사 책임론 확산 2025-07-16 경제 정부 조사 당일 ‘보상안’ 꺼낸 SK텔레콤… 짧은 기간·실효성 논란에 실적 전망도 ‘먹구름’ 2025-07-07 경제 SK텔레콤 알고도 2년 간 해킹 방치… 2021년부터 시작 2025-07-05 경제 SK텔레콤 T1 불공정 운영 논란… ‘낙하산 인사’ 의혹까지 2025-06-09 경제 SK텔레콤 신분증 스캐너 보안 논란… 복사본 통과 의혹에 SKT “전 통신사 시스템 한계” 2025-05-15 사회 “노태우 비자금서 하이닉스 특혜 매각까지”…시민사회, SK그룹 ‘권력형 특혜 의혹’ 대통령실 진정 2026-06-12 경제 ‘역대급 보안 참사’ 남기고 떠난 SK텔레콤 전 대표, ‘34억+자사주’ 챙기고 그룹 AI 수장으로 2026-05-26 경제 SK텔레콤 ‘실적 반등’의 허상, 기저효과 걷어내면 5대 핵심지표 일제히 ‘역성장’ 2026-05-07 경제 판사 출신 SK텔레콤 새 CEO 정재헌號, 첫 과제 ‘비통신 리스크’ 직면 2025-11-20 경제 SK텔레콤 ‘위탁소사장제도’, 유심 사태로 다시 도마 위…본사 책임론 확산 2025-07-16 경제 정부 조사 당일 ‘보상안’ 꺼낸 SK텔레콤… 짧은 기간·실효성 논란에 실적 전망도 ‘먹구름’ 2025-07-07 경제 SK텔레콤 알고도 2년 간 해킹 방치… 2021년부터 시작 2025-07-05 경제 SK텔레콤 T1 불공정 운영 논란… ‘낙하산 인사’ 의혹까지 2025-06-09 경제 SK텔레콤 신분증 스캐너 보안 논란… 복사본 통과 의혹에 SKT “전 통신사 시스템 한계” 2025-05-15",12947,bs4_selector,-10.0,date_failed:original_date_too_old>52h:2025-07-05,142.0,False,False,https://news.google.com/rss/articles/CBMioAJBVV95cUxQZm9KdWdNLXI3ckdyN015RTNIXzcwczJ6UmNDbHN2UEFwdzBMVXg1dTB3S215TFpzN2x0NFdJMERibldfWV9lWUR0Mng0YXZHV2U5UHNRMzdFdmlTRy02dHhYTzFuTEh2REcySTl3eDZNVzB4TXJlTnRDbnl5RE5ua2U0TjlyZmtjeWE0cVZlWmNMOEY2bHdaYVZhUkRxeEZRQks5Q2drd24taXFWdFU0RUFoZGVyd2drYXZpNzZCTDVoZnQxZmFtYmNnNEE4UktrNURlZUpfS2FPckpUQVBQQUpfdGNXM1M3Zk1tdEVfbVljVFJSM0VqLWVWWFhUTU9Dc2psZ1N1aXJaSlVGUk9FTzg3UVZab01wR3MwVGthWjQ?oc=5,https://newsfield.net/%E7%BE%8E-ai-%EB%AF%B8%ED%86%A0%EC%8A%A4-%EC%B0%A8%EB%8B%A8%EC%97%90-%ED%9D%94%EB%93%A4%EB%A6%AC%EB%8A%94-%EC%A0%95%EC%9E%AC%ED%97%8C%ED%98%B8-sk%ED%85%94%EB%A0%88%EC%BD%A4,189.0,"ai_infrastructure_security,financial_performance,phishing_security,platform_obligation,policy_legislation,privacy_security_reliability,strategy_mna_governance",security_general,2025-07-05,time_tag,original_date_too_old>52h,27.0,70.4,privacy_security:toss:data_leak:initial_investigation_response,63.0,global_incident:platform_regulation:toss:platform_operator_obligation:investigation_or_consultation,global_incident:platform_regulation:toss:platform_operator_obligation,32.0,government:platform_obligation,Y,,,,,I007,global_incident:ai_security_policy:toss:anthropic_glasswing_security,,,,,,,,,,,,,,,,,,,,중국 AI,경쟁사/해외이슈,경쟁사_해외이슈,경쟁사_해외이슈,경쟁사_해외이슈,경쟁사/해외이슈,,,issue_representative_attempt,,,,
경쟁사_해외이슈,경쟁사/해외이슈,중국 AI,"美, AI ‘미토스’ 수출 금지 중심에 韓 통신사?… 와이어드 “中 통신산업 진출 20년돼” - 조선비즈",Chosunbiz,Chosunbiz,"Fri, 19 Jun 2026 01:16:00 GMT","Fri, 19 Jun 2026 01:16:00 GMT","美, AI ‘미토스’ 수출 금지 중심에 韓 통신사?… 와이어드 “中 통신산업 진출 20년돼” - 조선비즈 Chosunbiz","입력 2026.06.19. 07:46 | 업데이트 2026.06.19. 10:16 미국 트럼프 행정부가 이달 12일(현지시각) 앤트로픽의 최상위·고성능 인공지능(AI) 모델인 클로드 '미토스5'와 '페이블5'에 대해 외국인 접속을 차단하는 수출 금지 조치를 내린 논란의 중심에 SK텔레콤이 있었다는 보도가 나왔다. 와이어드는 17일(현지시각) ""미 정부가 앤트로픽의 AI 모델에 수출 통제를 가한 것은 한국 통신 대기업 SK텔레콤(017670) 에 미토스 모델 접근 권한을 부여한 것을 둘러싼 갈등 때문이었다""고 보도했다. 이는 이달 15일 워싱턴포스트(WP)가 백악관이 앤트로픽이 제출한 접근 권한 부여 리스트 중 중국과 연계된 것으로 의심되는 '한국의 통신 회사'를 발견한 뒤 제재를 검토하기 시작했다고 보도한 것에 대한 후속보도다. WP는 수출 차단의 결정적 계기를 야기한 회사를 특정하지는 않았지만, 와이어드는 SK텔레콤을 지목했다. 와이어드는 '앤트로픽의 미토스 논란의 중심에 선 한국 통신 대기업'이란 제목의 기사에서 SK텔레콤을 지목해 보도했다. 특히 와이어드는 미국이 국가 안보를 이유로 중국 통신 기업에 대한 제재 수위를 높이고 있는 가운데 SK텔레콤이 중국 2위 통신 사업자 차이나유니콤과 합작 투자사를 설립해 투자하고 있는 상황을 언급했다. ◇ ""백악관, 제재 전 SK텔레콤 미토스 접근권 취소 요구""… 앤트로픽 ""즉시 응했다"" 논란은 앤트로픽이 이달 9일(현지 시각) 사이버 보안 등 민감한 분야에서의 악용 우려를 차단하기 위해 승인받은 소수 기관과 기업에는 '미토스5'를, 일반 사용자에게는 미토스급 모델에 안전장치를 적용한 '페이블5'를 출시하는 과정에서 시작됐다. 앤트로픽 관계자를 인용한 와이어드 보도를 종합하면, 회사가 미토스5 이용 기관을 확대한 직후인 이달 초 백악관은 SK텔레콤이 중국과 연관됐다는 의혹을 제기하며 해당 기업의 미토스5 접근 권한을 취소하라고 명령했다고 한다. 트럼프 정부의 앤트로픽 제재가 있기 며칠 전의 이야기다. 와이어드는 ""(앤트로픽) 관계자는 회사가 즉시 (백악관) 요구에 응했고, 이때 당시에는 미국 정부가 해당 (AI) 모델에 대한 수출 통제를 위협하지는 않았다고 전했다""고 보도했다. 앤트로픽은 미토스5를 '프로젝트 글래스윙'이라는 프로그램을 통해 소수의 신뢰할 수 있는 기관에만 초기 접근 권한을 부여했다. 프로젝트 글래스윙은 미토스를 기반으로, 세계 기업들이 사이버 취약점 검증과 대응 체계를 공동 구축하는 국제 협력 체계다. WP에 따르면 앤트로픽은 트럼프 행정부의 AI 모델 수출 금지 조치가 있기 몇 주 전 최신 모델인 '미토스5'에 대한 우선 접근 권한을 부여받은 기관 111곳의 명단을 제출했다고 한다. 이후 지난 2일(현지 시각) 앤트로픽은 미토스 기반 보안 협의체 '프로젝트 글래스윙' 참여 대상을 15국 150개 기관으로 확대했다. WP는 앤트로픽이 며칠 동안 새로운 접근 권한을 받은 기관을 밝히지 않자, 미국 정부 고위 관계자들은 수출 통제를 통해 해당 기술을 회수하는 방안을 검토하기 시작했다고 전했다. WP는 관계자의 말을 인용해 ""앤트로픽이 마침내 기관 목록을 제출했을 때, 트럼프 행정부는 한 기관이 중국과 연관 있다고 의심되는 한국의 통신 회사라는 사실을 발견했다""고 전했다. 백악관의 우려는 앤디 재시 아마존 최고경영자(CEO)가 트럼프 정부에 페이블5 모델에서 발견한 취약점인 '탈옥(안전장치 우회 기법)' 우려를 제기하며 커졌다고 한다. 앤트로픽은 이러한 위험이 자사에만 국한된 것은 아니라고 반박했다. 이러한 일련의 사건들이 결국 백악관으로 하여금 앤트로픽이 AI 기술을 안전하게 보호할 수 있을 것이라 믿지 못하게 만들었다고 행정부 관계자는 전했다. 앤트로픽 관계자는 SK텔레콤의 미토스 접근 권한과 아마존이 지적한 취약점은 별개의 문제로 보고 있다고 말했다. 또한 미 정부가 앤트로픽에 보낸, 미토스5와 페이블5에 대한 접근을 미국인으로만 제한하라는 서한에는 한국 회사나 중국에 대한 언급이 없다고 덧붙였다. 와이어드는 백악관과 앤트로픽이 클로드 미토스와 페이블5를 다시 온라인에서 이용할 수 있도록 하는 문제를 놓고 며칠간 협상을 벌였지만, 여전히 의견 차이를 보이고 있다고 전했다. 앤트로픽은 국적에 따라 기술 접근을 제한하는 것이 현실적으로 개인정보 보호와도 관련 있어 실행하기 어렵기 때문에, 전체 고객을 대상으로 논란이 된 두 모델을 비활성화하는 것이 더 나은 선택이라고 판단했다고 한다. ◇ SK텔레콤 ""중국과 무관"" 반박에도… 와이어드 ""차이나유니콤 투자·합작사 설립"" 백악관과 앤트로픽의 갈등을 몰랐던 것으로 추정된 SK텔레콤은 지난 4일 언론에 ""회사가 '프로젝트 글래스윙'에 합류하며, '미토스'의 조기 접근 권한을 획득했음을 알려드린다""는 이메일을 보냈다. SK텔레콤은 앤트로픽에 여러 차례 투자할 만큼 사이가 돈독하다. 2023년에는 통신 산업에 특화된 AI 모델 개발을 위한 상업적 파트너십을 체결하면서 1억달러(약 1320억원)를 투자했다. SK텔레콤과 함께 국내 기업으로는 삼성전자, SK하이닉스가 프로젝트 글래스윙 참여 기관으로 포함된 것으로 알려졌다. 정부 기관으로는 한국인터넷진흥원(KISA)이 참여한 것으로 전해진다. 앤트로픽은 와이어드에 논평을 거부하고, 백악관은 논평 요청에 즉시 응답하지 않았다고 한다. SK텔레콤은 앞서 보도된 WP 기사와 관련해서는 ""당사는 중국과 아무런 관련이 없다""며 ""미토스에 대한 외국 국적자의 이용 접근이 제한된 것은 13일 일괄적인 것이라 앤트로픽으로부터 별도로 연락받은 것도 없다""고 했다. 와이어드 보도에 대해서도 ""앤트로픽으로부터 별도로 연락받은 게 없다""는 입장을 반복했다. 미 정부의 앤트로픽 제재에 자사가 관련됐다는 것에 선을 그은 것이다. 하지만, 와이어드는 ""SK텔레콤 자체는 중국에서 큰 규모의 사업을 운영하지는 않지만 회사는 반도체, 에너지 등 다양한 산업 분야에서 중국 내 광범위한 사업을 영위하는 SK그룹이라는 큰 대기업의 계열사""라며 ""2024년 기준 SK텔레콤의 중국 매출은 투자 관련 활동을 통해 190만달러(약 29억2695만원)에 불과했고 현지 직원은 7명뿐이었지만, 회사의 중국 통신 산업 진출 역사는 20년 이상 거슬러 올라간다""고 했다. 특히 SK텔레콤이 2004년 중국 국영 통신 사업자 차이나유니콤과 합작 투자 회사인 유니스크(UNISK) 인포메이션 테크놀로지를 설립해 중국에서 무선 인터넷 및 모바일 콘텐츠 서비스를 제공하기 시작한 것과 관련해 ""중국 기업과 중국 통신 사업자 간의 최초 합작 투자""라 언급했다. 또한 2006년에는 SK텔레콤이 차이나유니콤의 홍콩 상장 자회사가 발행한 전환사채에 10억달러(1조5408억원)를 투자했고, 이는 결국 약 6.6%의 지분으로 전환된 사례도 소개했다. 해당 지분은 2009년 13억달러(2조30억원)에 중국 통신사에 되팔렸지만, 이후에도 합작 사업과 관련된 소규모 지분을 유지해 왔다고 한다. SK텔레콤은 2025년 미국 증권거래위원회(SEC)에 제출한 연례 보고서에서 차이나유니콤에 약 1700만달러(262억원) 규모의 투자 상황을 기재했다. 와이어드는 ""2021년 도널드 트럼프 미국 행정부는 중국 군사 및 정보 부문과 연계된 기업들을 겨냥한 광범위한 조치의 일환으로 차이나유니콤에 대한 미국 투자를 제한했다""며 ""올해 4월, 미국 연방통신위원회(FCC)는 국가 안보를 이유로 미국 통신사들이 차이나유니콤을 비롯한 중국 통신사와 연결하는 것을 금지하는 방안을 제안했고, 차이나유니콤은 최근 이러한 조치가 전 세계 통신망을 교란할 수 있다고 경고했다""고 했다. 실제로 미 연방통신위원회는 지난달 30일(현지 시각) 모든 전자기기에 대한 중국 연구소의 인증 시험을 금지하는 안건은 물론 차이나모바일, 차이나텔레콤, 차이나유니콤의 미국 내 데이터센터 운영을 금지하는 안을 통과시켰다. 3개 통신사는 이미 미국 내 통신 산업 운영을 금지당한 바 있다. 연방통신위원회는 화웨이, ZTE 등의 장비를 사용하는 통신사와의 상호 통신 연결을 금지하는 방안도 검토 중이다. 오늘의 핫뉴스 ""뚜껑 열면 상상초월"" 삼전닉스 2분기 예상 실적, 무려… 27년 만에 '왕좌' 교체… SK하이닉스, 삼성전자 시총 제쳤다 ""뉴욕 6조 개발, 함께 합시다"" 美 회장님의 韓 향한 러브콜 [단독] MSD ""사실무근"" 당혹, 삼천당 '먹는 항암제' 거품 논란 400번 전화 끝에 예약… ""아기 낳을 곳이 없다"" 분만 대란 ""뚜껑 열면 상상초월"" 삼전닉스 2분기 예상 실적, 무려… 27년 만에 '왕좌' 교체… SK하이닉스, 삼성전자 시총 제쳤다 ""뉴욕 6조 개발, 함께 합시다"" 美 회장님의 韓 향한 러브콜 [단독] MSD ""사실무근"" 당혹, 삼천당 '먹는 항암제' 거품 논란 400번 전화 끝에 예약… ""아기 낳을 곳이 없다"" 분만 대란 ""뚜껑 열면 상상초월"" 삼전닉스 2분기 예상 실적, 무려… 27년 만에 '왕좌' 교체… SK하이닉스, 삼성전자 시총 제쳤다 ""뉴욕 6조 개발, 함께 합시다"" 美 회장님의 韓 향한 러브콜 [단독] MSD ""사실무근"" 당혹, 삼천당 '먹는 항암제' 거품 논란 400번 전화 끝에 예약… ""아기 낳을 곳이 없다"" 분만 대란 IT",4477,bs4_selector,-10.0,date_failed:original_date_too_old>52h:2026-06-19,143.0,False,False,https://news.google.com/rss/articles/CBMiggFBVV95cUxQMmU0ek1nOHBQYnBTeXVJWjh6VlBZcUJybDRkeUhscmNzQkZjOVNTaXVTZTRjc0pRdHVLMXA1aThpcEdLRF9lVmNoYjMxUS1jRDFqRjlfOUVscVJkb1dxbHNzMGJfWERqc2lDckdWQlYxeGlMTC1sdDJQbnRhOUpDT2930gGWAUFVX3lxTE1Gcm00TEZsaWdKNmFuQ0Y5ZDk5VElyVkdhMGRCWm1SZkxwV00wUHBBei1HV2dlWk5ZZTBzbGtMbDB5aVlBQ0JFMm9tSWFSR2RLc1ZzX0JtN1RlaUwxdktaUThwemQzeGZ6SnRjbTZYMHpTNzFVb0hDRGFKcFgwdTlYdHVsTGl6SHRtR3REQmxxRGh5Y0loZw?oc=5,https://biz.chosun.com/it-science/ict/2026/06/19/ZRDF3SPJQNFJPFS3FT22BHWJ74?outputType=amp,189.0,"ai_agent,ai_infrastructure_security,legal_regulatory_enforcement,phishing_security,platform_obligation,policy_legislation,privacy_security_reliability",security_general,2026-06-19,url_date,original_date_too_old>52h,11.0,82.1,,23.0,global_incident:platform_enforcement:toss:privacy_data_violation:sanction_penalty,global_incident:platform_enforcement:toss:privacy_data_violation,56.0,government:platform_obligation,Y,,,,,I007,global_incident:ai_security_policy:toss:anthropic_glasswing_security,,,,,,,,,,,,,,,,,,,,중국 AI,경쟁사/해외이슈,경쟁사_해외이슈,경쟁사_해외이슈,경쟁사_해외이슈,경쟁사/해외이슈,,,issue_representative_attempt,,,,
경쟁사_해외이슈,경쟁사/해외이슈,AI기본법,"앤트로픽, 한국 사업 본격화…글래스윙 논란엔 '침묵' : 네이버 블로그",Naver Blog,,"Fri, 19 Jun 2026 20:41:09 GMT",,"앤트로픽, 한국 사업 본격화…글래스윙 논란엔 '침묵' : 네이버 블로그 Naver Blog",,0,domain_filter,-100.0,excluded_final_domain:blog.naver.com,0.0,False,,https://news.google.com/rss/articles/CBMijwFBVV95cUxNeFgxUG5SMDRvWW9pQ3FFNmwyWENJQjJUb2lFMnVkRHJGb2tuSG5JZS1Bb05FUWIxX0VMX1RCLTNDb2l6MV9IR1BWdGtVRGllYmxOZ2dKdU42aFI2MjRhQ09sVVZmelZfMGdzM1QxQ2JUY3VHdUNGcHo1Z09TQ1FqUmxibEhqRVJhUE0xaGszaw?oc=5,https://blog.naver.com/PostView.naver?blogId=dealsite&logNo=224321076735&redirect=Dlog,,,,,,not_checked_domain_filtered,,,,0.0,global_incident:ai_security_policy:naver:anthropic_glasswing_security:general,global_incident:ai_security_policy:naver:anthropic_glasswing_security,0.0,,,,,,,I008,global_incident:ai_security_policy:naver:anthropic_glasswing_security,,,,,,,,,,,,,,,,,,,,AI기본법,정부/국회,정부_국회,경쟁사_해외이슈,경쟁사_해외이슈,경쟁사/해외이슈,,,issue_representative_attempt,,,,
정부_국회,정부/국회,네이버,네이버 검색 80% 찍었다…AI탭 출시 후 점유율 '껑충',연합뉴스,연합뉴스,"Sat, 20 Jun 2026 21:45:01 GMT","Sat, 20 Jun 2026 21:45:01 GMT",네이버 검색 80% 찍었다…AI탭 출시 후 점유율 '껑충' 연합뉴스,"AI탭 베타 출시 후 평균 검색 점유율 2.52%포인트 상승 베타 한달 만에 MAU 300만명…이달 말 정식 출시 예정 (서울=연합뉴스) 한상용 기자 = 네이버 검색 점유율이 인공지능(AI) 검색 서비스 강화 이후 한때 80%를 넘어서며 국내 검색 시장에서 강세를 이어가고 있다. 21일 시장조사업체 인터넷트렌드와 네이버에 따르면 AI탭 베타 서비스 출시 전인 올해 1월 1일∼4월 26일 네이버 평균 검색 점유율은 63.82%였으나 출시 후인 4월 27일∼6월 17일에는 66.34%로 집계됐다. AI탭 출시 이후 평균 검색 점유율이 2.52%포인트 상승한 것이다. 특히 지난달 24일에는 네이버 검색 점유율이 81.34%까지 오르며 80%를 돌파했다. AI탭 베타 서비스 출시 이후 약 한 달 반 동안 검색 점유율이 70%를 웃돈 날도 모두 14차례에 달했다. 해당 서비스 출시 후 네이버 검색 점유율이 한때 80%대를 찍고 상승세를 보이자 지난 4월 선보인 대화형 AI 검색 서비스 AI탭이 검색 이용 확대 요인으로 꼽히고 있다. AI탭은 네이버의 검색 인프라와 AI 기술, 쇼핑·플레이스 등 버티컬 서비스를 결합한 서비스다. 이용자가 대화하듯 정보를 탐색하고 예약·구매 등 실제 행동까지 이어갈 수 있도록 지원한다. AI탭은 네이버플러스 멤버십 이용자를 대상으로 베타 출시된 지 한 달 만에 월간 활성 이용자 수(MAU) 300만명도 넘어섰다. 쇼핑 구매와 플레이스 예약 영역에서는 평균 25% 안팎의 클릭률(CTR)을 기록했고, 답변에 대한 긍정 피드백 클릭 비율도 71%로 나타났다. 네이버는 이달 말 AI탭 정식 서비스를 시작하고 전체 이용자를 대상으로 서비스를 확대할 예정이다. 모바일 검색 메인 화면에서도 AI탭 접근성을 강화해 더 많은 이용자가 AI 검색 경험을 활용할 수 있도록 할 계획이다. AI브리핑도 검색 경쟁력 강화의 한 축으로 분석된다. AI브리핑은 다양한 문서를 빠르게 분석·요약해 핵심 정보를 제공하는 서비스로, 롱테일 질의와 연관 질문 탐색을 확대하며 이용자의 검색 경험을 바꾸고 있다. 네이버는 AI브리핑 적용 범위를 지속 확대해 연말까지 전체 검색 질의의 약 40% 수준까지 넓힌다는 계획이다. 업계에서는 네이버가 AI 검색과 기존 검색 생태계를 결합하며 재검색·교차검증 수요를 흡수하고 있다는 해석도 나온다. 오픈AI의 챗GPT, 구글의 제미나이, 앤트로픽의 클로드 등 생성형 AI에서 대략적인 답을 얻고나서 포털에서 관련 정보를 재확인하는 검색 방식이 늘면서 네이버 검색 수요가 확대되고 있다는 것이다. 네이버의 강점으로는 국내 특화 콘텐츠 생태계도 거론된다. 네이버 플랫폼에는 약 2천만명의 창작자가 일일 200만건, 연간 6억3천만건 이상의 콘텐츠를 생산하고 있다. 로컬과 쇼핑, 금융, 건강 등 생활 밀착형 정보와 국내 사회문화적 맥락이 반영된 콘텐츠가 축적돼 있어 글로벌 검색 엔진이나 해외 AI 서비스가 대체하기 어려운 영역에서 경쟁력을 갖춰가고 있다는 평가다. 네이버는 지난해에는 향후 3년간 3만건 규모의 신규 지식 콘텐츠 구축 협약을 체결하는 등 전문 분야 데이터 확보도 확대하고 있다. 네이버 관계자는 ""검색의 본질인 최신성과 신뢰성을 강화하는 동시에 탐색에서 구매, 예약, 방문까지 자연스럽게 연결되는 경험을 제공하려고 노력하고 있다""고 말했다. 2026/06/21 06:45 송고 2026년06월21일 06시45분 송고 [월드컵] ""고개 높이 들자!""…카보베르데 보지냐, 어머니와 눈물의 상봉 손석희, 13년만 MBC 라디오 복귀…'손석희의 12시' 신설 거장 호크니 장례…단 2명만 참석한 채 비공개로 치러져 만취운전 렌터카 사고 낸 20대…스마트워치 신고로 구조 '솔로지옥4' 이시안, 소속사 분쟁 승소…""속여서 계약연장"" 음성군 아파트서 5천만원 보이스피싱 당한 모자 숨진 채 발견 수면제 먹고 운전하다 사고 낸 40대 송치…""멀쩡한 줄 알았다"" [삶-특집] ""국회의원 뿐 아니라 보좌관한테 승진로비 하기도"" 1 / 2 [영상] 아드보카트가 이끄는 이 나라…네덜란드 국왕 '막춤'까지 [영상] 카리브해 고급 리조트 삼킨 대형 화재…1천700명 긴급 대피 [영상] 존경심이 절로…비행환경적응훈련 체험해보니 도로서 마하 5로 날아가 '쾅!'…中 극초음속 둥펑-17 발사 공개 네덜란드 국왕부부가 '기쁨의 막춤' 춘 이유는 [월드컵] ""고개 높이 들자!""…카보베르데 보지냐, 어머니와 눈물의 상봉 손석희, 13년만 MBC 라디오 복귀…'손석희의 12시' 신설 거장 호크니 장례…단 2명만 참석한 채 비공개로 치러져 만취운전 렌터카 사고 낸 20대…스마트워치 신고로 구조 '솔로지옥4' 이시안, 소속사 분쟁 승소…""속여서 계약연장"" 음성군 아파트서 5천만원 보이스피싱 당한 모자 숨진 채 발견 수면제 먹고 운전하다 사고 낸 40대 송치…""멀쩡한 줄 알았다"" [삶-특집] ""국회의원 뿐 아니라 보좌관한테 승진로비 하기도"" 1 / 2 [월드컵] ""고개 높이 들자!""…카보베르데 보지냐, 어머니와 눈물의 상봉 손석희, 13년만 MBC 라디오 복귀…'손석희의 12시' 신설 거장 호크니 장례…단 2명만 참석한 채 비공개로 치러져 만취운전 렌터카 사고 낸 20대…스마트워치 신고로 구조 '솔로지옥4' 이시안, 소속사 분쟁 승소…""속여서 계약연장"" 음성군 아파트서 5천만원 보이스피싱 당한 모자 숨진 채 발견 수면제 먹고 운전하다 사고 낸 40대 송치…""멀쩡한 줄 알았다"" [삶-특집] ""국회의원 뿐 아니라 보좌관한테 승진로비 하기도"" [영상] 아드보카트가 이끄는 이 나라…네덜란드 국왕 '막춤'까지 [영상] 카리브해 고급 리조트 삼킨 대형 화재…1천700명 긴급 대피 [영상] 존경심이 절로…비행환경적응훈련 체험해보니 [영상] 아드보카트가 이끄는 이 나라…네덜란드 국왕 '막춤'까지 [영상] 카리브해 고급 리조트 삼킨 대형 화재…1천700명 긴급 대피 [영상] 존경심이 절로…비행환경적응훈련 체험해보니 도로서 마하 5로 날아가 '쾅!'…中 극초음속 둥펑-17 발사 공개 네덜란드 국왕부부가 '기쁨의 막춤' 춘 이유는 도로서 마하 5로 날아가 '쾅!'…中 극초음속 둥펑-17 발사 공개 네덜란드 국왕부부가 '기쁨의 막춤' 춘 이유는",3012,bs4_selector,86.0,relevance_failed:v43_not_government_policy,159.5,True,False,https://news.google.com/rss/articles/CBMiYEFVX3lxTFBQdGtjZWxjVDNDYWIzemFRQ1N4S290OE1hLVVWLXA4NjM4eHlaRzVLYnFBT1IyX2cwSkpsQTBiYVBmQkVtYUxlTVpDdkRFdUwtMjZtV2p3QWp4ZUc4S3Z4dtIBYEFVX3lxTFBQdGtjZWxjVDNDYWIzemFRQ1N4S290OE1hLVVWLXA4NjM4eHlaRzVLYnFBT1IyX2cwSkpsQTBiYVBmQkVtYUxlTVpDdkRFdUwtMjZtV2p3QWp4ZUc4S3Z4dg?oc=5,https://www.yna.co.kr/amp/view/AKR20260619151900017,214.0,"ai_agent,ai_infrastructure_security,market_power_platform,platform_obligation,search_ads",ai_infrastructure_security,2026-06-21,json_ld:datePublished,original_date_recent,9.0,257.05,,23.0,global_incident:platform_enforcement:naver:deceptive_membership_price_ad:investigation_review,global_incident:platform_enforcement:naver:deceptive_membership_price_ad,56.0,government:platform_obligation,Y,,ok,http_200,body_valid,I009,comp_domestic_ai_platform:네이버 검색 80 찍었다 ai탭 출시 후 점유율 껑충,comp_domestic_ai_platform,COMPETITOR_AI_STRATEGY,636.0,,,COMP_DOMESTIC_AI_PLATFORM,domestic,경쟁사_해외이슈,COMPETITOR_AI_STRATEGY,comp_domestic_ai_platform,comp_domestic_ai_platform:네이버 검색 80 찍었다 ai탭 출시 후 점유율 껑충,comp_domestic_ai_platform:네이버 검색 80 찍었다 ai탭 출시 후 점유율 껑충,카카오가 경쟁사 전략·리스크·AI/플랫폼 대응을 비교 참고할 이슈,4.0,4.0,5.0,로컬 보조 라벨 / v26.2: overseas structural industry candidate,로컬 보조 라벨 / v26.2: overseas structural industry candidate,issue_selected,네이버,경쟁사/해외이슈,경쟁사_해외이슈,경쟁사_해외이슈,정부_국회,정부/국회,11.0,본문추출성공,issue_representative_attempt,reassign:v27_korean_official_platform_enforcement_to_gov:platform_enforcement:naver:deceptive_membership_price_ad,,경쟁사_해외이슈->정부_국회:v27_korean_official_platform_enforcement_to_gov:platform_enforcement:naver:deceptive_membership_price_ad,pass:representative_aligned
경쟁사_해외이슈,경쟁사/해외이슈,네이버,"농진청, 네이버클라우드와 '농업 AX' 논의…""일하는 방식 혁신""",뉴스1,뉴스1,"Fri, 19 Jun 2026 01:33:21 GMT","Fri, 19 Jun 2026 01:33:21 GMT","농진청, 네이버클라우드와 '농업 AX' 논의…""일하는 방식 혁신"" 뉴스1",,0,failed,0.0,empty,6.5,False,False,https://news.google.com/rss/articles/CBMiX0FVX3lxTE1OMDlRLV82TU02aTFfTmpHM0ZCMFVSZnF1a2VJbUlOTTF4U3dqWTdzTnp0OEpRWXN0UUpYODJBaHZwczRYUXNabTZNcGIxQkhrTHIwc19HT0ZRa0RVNzNV?oc=5,https://www.news1.kr/amp/economy/agri-food/6202339,300.5,,,,no_original_date_found,no_original_date_found_kept,0.0,-14.45,,0.0,,,0.0,,,,,,,I010,comp_domestic_ai_platform:농진청 네이버클라우드와 농업 ax 논의 일하는 방식 혁신,,,,,,,,,,,,,,,,,,,,네이버,경쟁사/해외이슈,경쟁사_해외이슈,경쟁사_해외이슈,경쟁사_해외이슈,경쟁사/해외이슈,,,issue_representative_attempt,,,,
경쟁사_해외이슈,경쟁사/해외이슈,네이버,"농진청, 네이버클라우드와 '농업 AX' 논의…""일하는 방식 혁신""",파이낸셜뉴스,파이낸셜뉴스,"Fri, 19 Jun 2026 01:34:10 GMT","Fri, 19 Jun 2026 01:34:10 GMT","농진청, 네이버클라우드와 '농업 AX' 논의…""일하는 방식 혁신"" 파이낸셜뉴스","이승돈 농촌진흥청 청장이 18일 경기도 성남시에 있는 네이버클라우드를 방문해 농업 분야 인공지능(AI) 활용 확산을 위한 협력 방안을 논의하고 있다. (농촌진흥청 제공. 재판매 및 DB금지) 2026.6.19 /뉴스1 (세종=뉴스1) 김승준 기자 = 농촌진흥청은 이승돈 청장이 18일 경기도 성남시에 있는 네이버클라우드를 방문해 농업 분야 인공지능(AI) 활용 확산을 위한 협력 방안을 논의하고, 인공지능 융합 기술 현장을 둘러봤다고 19일 밝혔다. 이 청장은 정부의 공공부문 인공지능 활용 확산 정책에 따라 농업 분야에 특화된 인공지능 모델 도입과 디지털 기반(인프라) 구축에 대한 제언을 들었다. 농촌진흥청은 네이버클라우드의 '하이퍼클로바 엑스'를 기반으로 대국민 인공지능(AI) 영농비서 'AI 이삭이'를 서비스하고 있다. AI이삭이는 농업기술전문포털 '농사로'와 농진청이 발간한 영농 기술서 등 농업데이터를 학습해, 스마트폰으로 영농 정보를 제공하고 영농 계획을 지원하는 서비스다. 이날 네이버클라우드는 농촌진흥청의 성공적인 인공지능 전환(AX)을 위해 클라우드 인프라, 농업특화 인공지능 모델, 대국민 서비스로 이어지는 인공지능 생태계 구축을 제안했다. 이외에도 △내부 공공행정 분야 AI 활용 확대 △피지컬 AI △모듈형 인공지능 데이터센터(AIDC) 구축 △멀티모달 기반의 농업 AI 에이전트 고도화 △농작업 로봇 관제 플랫폼 및 통합 운영 방안 등도 논의됐다. 이승돈 청장은 ""농업·농촌이 마주한 고령화와 일손 부족, 기후변화 등의 현안을 풀어가려면 '일하는 방식'과 '농업 현장' 모두에 인공지능을 접목하는 근본적인 전환이 필요하다""며 ""내부 행정 혁신을 시작으로, 농업인이 현장에서 체감할 수 있는 대국민 인공지능 서비스까지 단계적으로 확대해 나가겠다""고 말했다. ※",887,newspaper3k,-10.0,date_failed:original_date_too_old>52h:2025-08-07,115.5,False,False,https://news.google.com/rss/articles/CBMiWkFVX3lxTE9mNWFfWkkzS1I0cUdKSm44dXA3Zmk1U2xZYlRRV3hiU3BKZFRuQVg5RTlSV1lkN3dmU0d0RWlzOFlxMXNFZkRxMDNsN0ROWW5SSnJQekZSWjVJQQ?oc=5,https://www.fnnews.com/news/202606191033441876,299.5,"ai_agent,ai_infrastructure_security,aidc_datacenter,market_power_platform,platform_obligation,policy_legislation",aidc_general,2025-08-07,time_tag,original_date_too_old>52h,9.0,60.85,,7.0,global_incident:platform_regulation:naver:platform_data_protection_obligation:general,global_incident:platform_regulation:naver:platform_data_protection_obligation,32.0,government:platform_obligation,Y,,,,,I010,comp_domestic_ai_platform:농진청 네이버클라우드와 농업 ax 논의 일하는 방식 혁신,,,,,,,,,,,,,,,,,,,,네이버,경쟁사/해외이슈,경쟁사_해외이슈,경쟁사_해외이슈,경쟁사_해외이슈,경쟁사/해외이슈,,,issue_representative_attempt,,,,
경쟁사_해외이슈,경쟁사/해외이슈,네이버,"[금융in 라이브러리]""인니엔 돼지저금통 없더라""…카뱅, 파트너십으로 해외시장 배운다 : 네이버 블로그",Naver Blog,,"Sun, 21 Jun 2026 08:45:02 GMT",,"[금융in 라이브러리]""인니엔 돼지저금통 없더라""…카뱅, 파트너십으로 해외시장 배운다 : 네이버 블로그 Naver Blog",,0,domain_filter,-100.0,excluded_final_domain:blog.naver.com,0.0,False,,https://news.google.com/rss/articles/CBMijwFBVV95cUxQcUlBLVhiaXZNcTRKemJmdTJWR1lNdW85aGFJUmpIZVMwWDVLWTZlbTR5R2RhMF9wN1NuaU5mM3VFLWpaczNSWGJTSEpQc2VYdFVEZzV3RVdXWGxkOXlOTW0zQjl5QUFNWlpZNDNoUDlsSkJwYWNEcFF1OWREdWZWRDZKR0F4WkFKUkQ0dEstVQ?oc=5,https://blog.naver.com/PostView.naver?blogId=dealsite&logNo=224322603626&redirect=Dlog,,,,,,not_checked_domain_filtered,,,,0.0,,,0.0,,,,,,,I012,comp_domestic_finance_commerce:금융in 라이브러리 인니엔 돼지저금통 없더라 카뱅 파트너십으로 해외시장 배운다 네이버 블로그,,,,,,,,,,,,,,,,,,,,네이버,경쟁사/해외이슈,경쟁사_해외이슈,경쟁사_해외이슈,경쟁사_해외이슈,경쟁사/해외이슈,,,issue_representative_attempt,,,,
경쟁사_해외이슈,경쟁사/해외이슈,LGU+,"[AI픽] LGU+, 코파일럿 도입 한 달 만에 AI 일상화",연합뉴스,연합뉴스,"Sun, 21 Jun 2026 23:37:48 GMT","Sun, 21 Jun 2026 23:37:48 GMT","[AI픽] LGU+, 코파일럿 도입 한 달 만에 AI 일상화 연합뉴스","누적 프롬프트 44만건·직원당 평균 86회 사용 (서울=연합뉴스) 박형빈 기자 = LG유플러스[032640]는 마이크로소프트의 생성형 인공지능(AI) 서비스 코파일럿을 자사 표준 업무 도구로 도입한 지 한 달 만에 임직원 사용률이 80%를 넘어섰다고 22일 밝혔다. 회사에 따르면 누적 프롬프트는 44만건을 넘었고, 임직원 1인당 평균 약 86차례 AI를 활용해 업무를 수행했다. 전체 사용자 가운데 63%는 하루 한 번 이상 AI를 사용하는 것으로 집계됐다. LG유플러스는 앞서 코파일럿을 사내 전용 환경에 구축하고 내부 업무 데이터를 연동했다. 기존 외부 AI 서비스는 보안 우려로 사내 데이터 활용이 제한되고 AI의 답변이 실제 업무 데이터와 일치하는지 별도 검증이 필요했지만, 코파일럿은 사내 시스템과 실시간으로 연결돼 업무 데이터를 기반으로 질문의 맥락을 이해하고 응답을 제공한다. 특히 데이터 분류 업무는 코파일럿 내 클로드 모델을 활용해 관련 업무 소요 시간이 약 90% 감소했고, 보고서 작성도 GPT·클로드 모델이 초안을 생성하는 분위기가 정착했다고 한다. LG유플러스는 앞으로 바이브 코딩에는 코덱스와 클로드 코드, 서비스 기획에는 피그마와 클로드, 콘텐츠 생성에는 제미나이 등 분야별 특화 AI를 임직원에게 제공할 계획이다. 최근 기업들은 단일 AI 서비스에 의존하기보다 문서 작성, 코딩, 디자인, 콘텐츠 제작 등 업무별로 최적화된 AI를 함께 활용하는 '멀티 AI' 전략을 채택하는 추세다. 2026/06/22 08:37 송고 2026년06월22일 08시37분 송고 [월드컵] ""고개 높이 들자!""…카보베르데 보지냐, 어머니와 눈물의 상봉 손석희, 13년만 MBC 라디오 복귀…'손석희의 12시' 신설 거장 호크니 장례…단 2명만 참석한 채 비공개로 치러져 만취운전 렌터카 사고 낸 20대…스마트워치 신고로 구조 '솔로지옥4' 이시안, 소속사 분쟁 승소…""속여서 계약연장"" 음성군 아파트서 5천만원 보이스피싱 당한 모자 숨진 채 발견 수면제 먹고 운전하다 사고 낸 40대 송치…""멀쩡한 줄 알았다"" [삶-특집] ""국회의원 뿐 아니라 보좌관한테 승진로비 하기도"" 1 / 2 [영상] 아드보카트가 이끄는 이 나라…네덜란드 국왕 '막춤'까지 [영상] 카리브해 고급 리조트 삼킨 대형 화재…1천700명 긴급 대피 [영상] 존경심이 절로…비행환경적응훈련 체험해보니 도로서 마하 5로 날아가 '쾅!'…中 극초음속 둥펑-17 발사 공개 네덜란드 국왕부부가 '기쁨의 막춤' 춘 이유는 [월드컵] ""고개 높이 들자!""…카보베르데 보지냐, 어머니와 눈물의 상봉 손석희, 13년만 MBC 라디오 복귀…'손석희의 12시' 신설 거장 호크니 장례…단 2명만 참석한 채 비공개로 치러져 만취운전 렌터카 사고 낸 20대…스마트워치 신고로 구조 '솔로지옥4' 이시안, 소속사 분쟁 승소…""속여서 계약연장"" 음성군 아파트서 5천만원 보이스피싱 당한 모자 숨진 채 발견 수면제 먹고 운전하다 사고 낸 40대 송치…""멀쩡한 줄 알았다"" [삶-특집] ""국회의원 뿐 아니라 보좌관한테 승진로비 하기도"" 1 / 2 [월드컵] ""고개 높이 들자!""…카보베르데 보지냐, 어머니와 눈물의 상봉 손석희, 13년만 MBC 라디오 복귀…'손석희의 12시' 신설 거장 호크니 장례…단 2명만 참석한 채 비공개로 치러져 만취운전 렌터카 사고 낸 20대…스마트워치 신고로 구조 '솔로지옥4' 이시안, 소속사 분쟁 승소…""속여서 계약연장"" 음성군 아파트서 5천만원 보이스피싱 당한 모자 숨진 채 발견 수면제 먹고 운전하다 사고 낸 40대 송치…""멀쩡한 줄 알았다"" [삶-특집] ""국회의원 뿐 아니라 보좌관한테 승진로비 하기도"" [영상] 아드보카트가 이끄는 이 나라…네덜란드 국왕 '막춤'까지 [영상] 카리브해 고급 리조트 삼킨 대형 화재…1천700명 긴급 대피 [영상] 존경심이 절로…비행환경적응훈련 체험해보니 [영상] 아드보카트가 이끄는 이 나라…네덜란드 국왕 '막춤'까지 [영상] 카리브해 고급 리조트 삼킨 대형 화재…1천700명 긴급 대피 [영상] 존경심이 절로…비행환경적응훈련 체험해보니 도로서 마하 5로 날아가 '쾅!'…中 극초음속 둥펑-17 발사 공개 네덜란드 국왕부부가 '기쁨의 막춤' 춘 이유는 도로서 마하 5로 날아가 '쾅!'…中 극초음속 둥펑-17 발사 공개 네덜란드 국왕부부가 '기쁨의 막춤' 춘 이유는",2121,bs4_selector,86.0,relevance_failed:v43_weak_filler_or_distant_industry,85.5,True,False,https://news.google.com/rss/articles/CBMiYEFVX3lxTFBta2NZLVpMMFpiQnBQUkhFamN4UldObzd2SERHLWtuaHFKOHV4Mi1rQmdpOVJIVG1GU1RZQlBGZ2h5ZFJmcjAxNjdDRk5VSkNRUDZ5SnhaNzJNY0RJbnREc9IBYEFVX3lxTFBta2NZLVpMMFpiQnBQUkhFamN4UldObzd2SERHLWtuaHFKOHV4Mi1rQmdpOVJIVG1GU1RZQlBGZ2h5ZFJmcjAxNjdDRk5VSkNRUDZ5SnhaNzJNY0RJbnREcw?oc=5,https://www.yna.co.kr/amp/view/AKR20260622019600017,206.0,"ai_agent,ai_infrastructure_security,phishing_security,platform_obligation,policy_legislation,privacy_security_reliability",security_phishing_malware,2026-06-22,json_ld:datePublished,original_date_recent,9.0,205.25,privacy_security:lguplus:phishing_or_account_takeover:initial_investigation_response,23.0,global_incident:platform_regulation:lguplus:platform_content_moderation_obligation:announcement,global_incident:platform_regulation:lguplus:platform_content_moderation_obligation,56.0,government:platform_obligation,Y,,ok,http_200,body_valid,I014,comp_domestic_ai_platform:lgu+ 코파일럿 도입 한 달 만에 ai 일상화,comp_domestic_ai_platform,COMPETITOR_AI_STRATEGY,631.5,,,COMP_DOMESTIC_AI_PLATFORM,domestic,경쟁사_해외이슈,COMPETITOR_AI_STRATEGY,comp_domestic_ai_platform,comp_domestic_ai_platform:lgu+ 코파일럿 도입 한 달 만에 ai 일상화,comp_domestic_ai_platform:lgu+ 코파일럿 도입 한 달 만에 ai 일상화,카카오가 경쟁사 전략·리스크·AI/플랫폼 대응을 비교 참고할 이슈,4.0,4.0,5.0,로컬 보조 라벨 / v26.2: overseas structural industry candidate,로컬 보조 라벨 / v26.2: overseas structural industry candidate,issue_selected,LGU+,경쟁사/해외이슈,경쟁사_해외이슈,경쟁사_해외이슈,경쟁사_해외이슈,경쟁사/해외이슈,13.0,본문추출성공,issue_representative_attempt,pass:competitor_guardrail_pass,,,pass:representative_aligned
경쟁사_해외이슈,경쟁사/해외이슈,LGU+,"LGU+, 생성형 AI 전사 도입 한달…임직원 10명 중 8명 쓴다",헤럴드경제,헤럴드경제,"Mon, 22 Jun 2026 00:00:00 GMT","Mon, 22 Jun 2026 00:00:00 GMT","LGU+, 생성형 AI 전사 도입 한달…임직원 10명 중 8명 쓴다 헤럴드경제","부동산 [영상] 용인 기흥 194평 럭셔리 저택, ‘13억→4억’ 됐다 [부동산360] 최근 용인 집값이 무섭게 오르고 있는 가운데 전통적인 명품 타운하우스 단지가 위치한 ‘향린동산’ 단독주택 가격이 약 13억에서 4억원으로 떨어졌다고 해서 부동산360이 다녀왔다. 2 부동산 “풍수지리가가 설계” 권상우·박인비가 사는 동네, 서울 아닌 ‘여기’ [초고가 주택 그들이 사는 세상] 3 부동산 [영상] “방만 4개인데” 용인 성복 3층집이 4억으로 급락 [부동산360] 4 연예 박명수, 오세훈 서울시장에 “다같이 모이자”…월드컵 응원 축제 제안 5 사회 ‘장원영 특혜 논란’에 초강수…“마스크·모자 다 벗으세요” 공항공사, 신원 확인 강화 6 IT·과학 “한때 떼돈 벌던 용산전자상가, 어쩌다” 대박 낸 낯익은 ‘얼굴’…누군가 했더니 7 부동산 광규형 활짝 웃겠네…59억 거래 찍힌 송도, 신축 국평 10억 넘었다 [부동산360] 8 경제·금융 서경배 아모레 회장 차녀 서호정 씨, 오늘(21일) 신라호텔서 백년가약 9 사회 “연봉도 외모도 아니다”…결혼 안 한 남녀들이 꼽은 배우자의 중요 생활 습관은 ‘이것’ 부동산 [영상] 용인 기흥 194평 럭셔리 저택, ‘13억→4억’ 됐다 [부동산360] 최근 용인 집값이 무섭게 오르고 있는 가운데 전통적인 명품 타운하우스 단지가 위치한 ‘향린동산’ 단독주택 가격이 약 13억에서 4억원으로 떨어졌다고 해서 부동산360이 다녀왔다. [영상] 용인 기흥 194평 럭셔리 저택, ‘13억→4억’ 됐다 [부동산360] 최근 용인 집값이 무섭게 오르고 있는 가운데 전통적인 명품 타운하우스 단지가 위치한 ‘향린동산’ 단독주택 가격이 약 13억에서 4억원으로 떨어졌다고 해서 부동산360이 다녀왔다. 2 부동산 “풍수지리가가 설계” 권상우·박인비가 사는 동네, 서울 아닌 ‘여기’ [초고가 주택 그들이 사는 세상] 3 부동산 [영상] “방만 4개인데” 용인 성복 3층집이 4억으로 급락 [부동산360] 4 연예 박명수, 오세훈 서울시장에 “다같이 모이자”…월드컵 응원 축제 제안 5 사회 ‘장원영 특혜 논란’에 초강수…“마스크·모자 다 벗으세요” 공항공사, 신원 확인 강화 2 부동산 “풍수지리가가 설계” 권상우·박인비가 사는 동네, 서울 아닌 ‘여기’ [초고가 주택 그들이 사는 세상] “풍수지리가가 설계” 권상우·박인비가 사는 동네, 서울 아닌 ‘여기’ [초고가 주택 그들이 사는 세상] 3 부동산 [영상] “방만 4개인데” 용인 성복 3층집이 4억으로 급락 [부동산360] [영상] “방만 4개인데” 용인 성복 3층집이 4억으로 급락 [부동산360] 4 연예 박명수, 오세훈 서울시장에 “다같이 모이자”…월드컵 응원 축제 제안 박명수, 오세훈 서울시장에 “다같이 모이자”…월드컵 응원 축제 제안 5 사회 ‘장원영 특혜 논란’에 초강수…“마스크·모자 다 벗으세요” 공항공사, 신원 확인 강화 ‘장원영 특혜 논란’에 초강수…“마스크·모자 다 벗으세요” 공항공사, 신원 확인 강화 6 IT·과학 “한때 떼돈 벌던 용산전자상가, 어쩌다” 대박 낸 낯익은 ‘얼굴’…누군가 했더니 7 부동산 광규형 활짝 웃겠네…59억 거래 찍힌 송도, 신축 국평 10억 넘었다 [부동산360] 8 경제·금융 서경배 아모레 회장 차녀 서호정 씨, 오늘(21일) 신라호텔서 백년가약 9 사회 “연봉도 외모도 아니다”…결혼 안 한 남녀들이 꼽은 배우자의 중요 생활 습관은 ‘이것’ 6 IT·과학 “한때 떼돈 벌던 용산전자상가, 어쩌다” 대박 낸 낯익은 ‘얼굴’…누군가 했더니 “한때 떼돈 벌던 용산전자상가, 어쩌다” 대박 낸 낯익은 ‘얼굴’…누군가 했더니 7 부동산 광규형 활짝 웃겠네…59억 거래 찍힌 송도, 신축 국평 10억 넘었다 [부동산360] 광규형 활짝 웃겠네…59억 거래 찍힌 송도, 신축 국평 10억 넘었다 [부동산360] 8 경제·금융 서경배 아모레 회장 차녀 서호정 씨, 오늘(21일) 신라호텔서 백년가약 서경배 아모레 회장 차녀 서호정 씨, 오늘(21일) 신라호텔서 백년가약 9 사회 “연봉도 외모도 아니다”…결혼 안 한 남녀들이 꼽은 배우자의 중요 생활 습관은 ‘이것’ “연봉도 외모도 아니다”…결혼 안 한 남녀들이 꼽은 배우자의 중요 생활 습관은 ‘이것’ 부동산 [영상] “80평 저택이 사실상 0원” 일산 부촌 2층집 ‘66% 급락’ 이유는 [부동산360] 정발산동과 함께 단독주택가를 형성해 일산의 대표 부촌으로 꼽히는 마두동의 한 주택이 감정가 17억원대에서 현재 5억원대로 하락한 경매시장에 나와 유찰이 거듭되고 있는데 가격·입지 측면의 강점이 크지만 대향력 임차인이 있다는 점이 유찰요인으로 작용하고 있다는 게 전문가들의 분석이며 정발산동과 함께 단독주택가를 형성해 일산의 대표 부촌으로 꼽히는 마두동의 한 주택이 경매시장에 나와 유찰이 거듭되고 있다. 2 부동산 [영상] 용인 기흥 194평 럭셔리 저택, ‘13억→4억’ 됐다 [부동산360] 3 사회 “연봉도 외모도 아니다”…결혼 안 한 남녀들이 꼽은 배우자의 중요 생활 습관은 ‘이것’ 4 사회 30년 넘게 생계 책임진 남편, 병들자 재산 빼돌려 내쫓은 아내 5 생활·문화 유승준, ‘한국 입국 포기’ 시사하더니…‘국대 유니폼’ 입고 “화이팅 코리아!” 6 부동산 “풍수지리가가 설계” 권상우·박인비가 사는 동네, 서울 아닌 ‘여기’ [초고가 주택 그들이 사는 세상] 7 증권 ‘주식으로 1억’ 날린 미자, 또?…“SK하닉 재입성” 소식에 “큰일 났다” 반응 8 호남취재본부 전남광주특별시, 통합민생지원금 지급 추진 9 생활·문화 이경규 “손흥민 너무 일찍 빼고, 포지션·전술도 미흡”…멕시코전 패배, 홍명보 ‘비판’ 부동산 [영상] “80평 저택이 사실상 0원” 일산 부촌 2층집 ‘66% 급락’ 이유는 [부동산360] 정발산동과 함께 단독주택가를 형성해 일산의 대표 부촌으로 꼽히는 마두동의 한 주택이 감정가 17억원대에서 현재 5억원대로 하락한 경매시장에 나와 유찰이 거듭되고 있는데 가격·입지 측면의 강점이 크지만 대향력 임차인이 있다는 점이 유찰요인으로 작용하고 있다는 게 전문가들의 분석이며 정발산동과 함께 단독주택가를 형성해 일산의 대표 부촌으로 꼽히는 마두동의 한 주택이 경매시장에 나와 유찰이 거듭되고 있다. [영상] “80평 저택이 사실상 0원” 일산 부촌 2층집 ‘66% 급락’ 이유는 [부동산360] 정발산동과 함께 단독주택가를 형성해 일산의 대표 부촌으로 꼽히는 마두동의 한 주택이 감정가 17억원대에서 현재 5억원대로 하락한 경매시장에 나와 유찰이 거듭되고 있는데 가격·입지 측면의 강점이 크지만 대향력 임차인이 있다는 점이 유찰요인으로 작용하고 있다는 게 전문가들의 분석이며 정발산동과 함께 단독주택가를 형성해 일산의 대표 부촌으로 꼽히는 마두동의 한 주택이 경매시장에 나와 유찰이 거듭되고 있다. 2 부동산 [영상] 용인 기흥 194평 럭셔리 저택, ‘13억→4억’ 됐다 [부동산360] 3 사회 “연봉도 외모도 아니다”…결혼 안 한 남녀들이 꼽은 배우자의 중요 생활 습관은 ‘이것’ 4 사회 30년 넘게 생계 책임진 남편, 병들자 재산 빼돌려 내쫓은 아내 5 생활·문화 유승준, ‘한국 입국 포기’ 시사하더니…‘국대 유니폼’ 입고 “화이팅 코리아!” 2 부동산 [영상] 용인 기흥 194평 럭셔리 저택, ‘13억→4억’ 됐다 [부동산360] 3 사회 “연봉도 외모도 아니다”…결혼 안 한 남녀들이 꼽은 배우자의 중요 생활 습관은 ‘이것’ 4 사회 30년 넘게 생계 책임진 남편, 병들자 재산 빼돌려 내쫓은 아내 30년 넘게 생계 책임진 남편, 병들자 재산 빼돌려 내쫓은 아내 5 생활·문화 유승준, ‘한국 입국 포기’ 시사하더니…‘국대 유니폼’ 입고 “화이팅 코리아!” 유승준, ‘한국 입국 포기’ 시사하더니…‘국대 유니폼’ 입고 “화이팅 코리아!” 6 부동산 “풍수지리가가 설계” 권상우·박인비가 사는 동네, 서울 아닌 ‘여기’ [초고가 주택 그들이 사는 세상] 7 증권 ‘주식으로 1억’ 날린 미자, 또?…“SK하닉 재입성” 소식에 “큰일 났다” 반응 8 호남취재본부 전남광주특별시, 통합민생지원금 지급 추진 9 생활·문화 이경규 “손흥민 너무 일찍 빼고, 포지션·전술도 미흡”…멕시코전 패배, 홍명보 ‘비판’ 6 부동산 “풍수지리가가 설계” 권상우·박인비가 사는 동네, 서울 아닌 ‘여기’ [초고가 주택 그들이 사는 세상] 7 증권 ‘주식으로 1억’ 날린 미자, 또?…“SK하닉 재입성” 소식에 “큰일 났다” 반응 ‘주식으로 1억’ 날린 미자, 또?…“SK하닉 재입성” 소식에 “큰일 났다” 반응 8 호남취재본부 전남광주특별시, 통합민생지원금 지급 추진 9 생활·문화 이경규 “손흥민 너무 일찍 빼고, 포지션·전술도 미흡”…멕시코전 패배, 홍명보 ‘비판’ 이경규 “손흥민 너무 일찍 빼고, 포지션·전술도 미흡”…멕시코전 패배, 홍명보 ‘비판’ 생활·문화 “요즘 부자들은 네일관리 안해”…맨손톱이 ‘부의 상징’이라는데 [헤럴드경제=김보영 기자] 고급 네일숍에서 완성한 화려한 젤 네일 대신 깔끔하고 단정한 맨손톱이 새로운 트렌드로 떠올랐다. ‘조용한 럭셔리(Quiet Luxury)’ 흐름 속에서 자연스러운 윤기를 발산하는 완벽하게 다듬어진 손톱이 새로운 부의 상징으로 주목받고 있다. 최근 패션지 마리끌레르는 세련된 여성들 사이에서 젤 네일 대신 맨손톱이 새로운 트렌드로 자리 잡고 있다고 전했다. 몇 년 전까지는 과하게 꾸민 값비싼 네일이 고급스러움의 상징처럼 여겨졌지만, 최근에는 자연스러운 손톱으로 돌아가는 흐름이 나타나고 있다는 설명이다. 또 다른 패션지 하퍼스 바자도 최근 “고액 자산가 여성들은 네일 케어를 받지 않는다”고 보도하며 화려한 네일아트 대신 간편하고 효율적인 맨손톱을 선택하는 분위기가 확산하고 있다고 전했다. 비즈니스, 네트워킹, 재산 증식 등으로 바쁜 일상에서 몇 시간을 들여 매니큐어를 받고 그 상태를 유지하기 위해 신경 쓰는 것이 시간 낭비로 느껴진다는 것이다. 실제로 이번 시즌 2 부동산 [영상] “114평인데 4억대라고?” 13억 하던 광주 2층집 급락 이유는 [부동산360] 3 부동산 [영상] “80평 저택이 사실상 0원” 일산 부촌 2층집 ‘66% 급락’ 이유는 [부동산360] 4 경제·금융 “20만원에 팔았다” “난 10만원이다” 순식간에 31만원 돌파 ‘어쩌나’…월요일 삼성 본격적으로 달린다? 5 부동산 [영상] 용인 기흥 194평 럭셔리 저택, ‘13억→4억’ 됐다 [부동산360] 6 IT·과학 “한때 떼돈 벌던 용산전자상가, 어쩌다” 대박 낸 낯익은 ‘얼굴’…누군가 했더니 7 부동산 광규형 활짝 웃겠네…59억 거래 찍힌 송도, 신축 국평 10억 넘었다 [부동산360] 8 경제·금융 서경배 아모레 회장 차녀 서호정 씨, 오늘(21일) 신라호텔서 백년가약 9 사회 “연봉도 외모도 아니다”…결혼 안 한 남녀들이 꼽은 배우자의 중요 생활 습관은 ‘이것’ 생활·문화 “요즘 부자들은 네일관리 안해”…맨손톱이 ‘부의 상징’이라는데 [헤럴드경제=김보영 기자] 고급 네일숍에서 완성한 화려한 젤 네일 대신 깔끔하고 단정한 맨손톱이 새로운 트렌드로 떠올랐다. ‘조용한 럭셔리(Quiet Luxury)’ 흐름 속에서 자연스러운 윤기를 발산하는 완벽하게 다듬어진 손톱이 새로운 부의 상징으로 주목받고 있다. 최근 패션지 마리끌레르는 세련된 여성들 사이에서 젤 네일 대신 맨손톱이 새로운 트렌드로 자리 잡고 있다고 전했다. 몇 년 전까지는 과하게 꾸민 값비싼 네일이 고급스러움의 상징처럼 여겨졌지만, 최근에는 자연스러운 손톱으로 돌아가는 흐름이 나타나고 있다는 설명이다. 또 다른 패션지 하퍼스 바자도 최근 “고액 자산가 여성들은 네일 케어를 받지 않는다”고 보도하며 화려한 네일아트 대신 간편하고 효율적인 맨손톱을 선택하는 분위기가 확산하고 있다고 전했다. 비즈니스, 네트워킹, 재산 증식 등으로 바쁜 일상에서 몇 시간을 들여 매니큐어를 받고 그 상태를 유지하기 위해 신경 쓰는 것이 시간 낭비로 느껴진다는 것이다. 실제로 이번 시즌 “요즘 부자들은 네일관리 안해”…맨손톱이 ‘부의 상징’이라는데 [헤럴드경제=김보영 기자] 고급 네일숍에서 완성한 화려한 젤 네일 대신 깔끔하고 단정한 맨손톱이 새로운 트렌드로 떠올랐다. ‘조용한 럭셔리(Quiet Luxury)’ 흐름 속에서 자연스러운 윤기를 발산하는 완벽하게 다듬어진 손톱이 새로운 부의 상징으로 주목받고 있다. 최근 패션지 마리끌레르는 세련된 여성들 사이에서 젤 네일 대신 맨손톱이 새로운 트렌드로 자리 잡고 있다고 전했다. 몇 년 전까지는 과하게 꾸민 값비싼 네일이 고급스러움의 상징처럼 여겨졌지만, 최근에는 자연스러운 손톱으로 돌아가는 흐름이 나타나고 있다는 설명이다. 또 다른 패션지 하퍼스 바자도 최근 “고액 자산가 여성들은 네일 케어를 받지 않는다”고 보도하며 화려한 네일아트 대신 간편하고 효율적인 맨손톱을 선택하는 분위기가 확산하고 있다고 전했다. 비즈니스, 네트워킹, 재산 증식 등으로 바쁜 일상에서 몇 시간을 들여 매니큐어를 받고 그 상태를 유지하기 위해 신경 쓰는 것이 시간 낭비로 느껴진다는 것이다. 실제로 이번 시즌 2 부동산 [영상] “114평인데 4억대라고?” 13억 하던 광주 2층집 급락 이유는 [부동산360] 3 부동산 [영상] “80평 저택이 사실상 0원” 일산 부촌 2층집 ‘66% 급락’ 이유는 [부동산360] 4 경제·금융 “20만원에 팔았다” “난 10만원이다” 순식간에 31만원 돌파 ‘어쩌나’…월요일 삼성 본격적으로 달린다? 5 부동산 [영상] 용인 기흥 194평 럭셔리 저택, ‘13억→4억’ 됐다 [부동산360] 2 부동산 [영상] “114평인데 4억대라고?” 13억 하던 광주 2층집 급락 이유는 [부동산360] [영상] “114평인데 4억대라고?” 13억 하던 광주 2층집 급락 이유는 [부동산360] 3 부동산 [영상] “80평 저택이 사실상 0원” 일산 부촌 2층집 ‘66% 급락’ 이유는 [부동산360] 4 경제·금융 “20만원에 팔았다” “난 10만원이다” 순식간에 31만원 돌파 ‘어쩌나’…월요일 삼성 본격적으로 달린다? “20만원에 팔았다” “난 10만원이다” 순식간에 31만원 돌파 ‘어쩌나’…월요일 삼성 본격적으로 달린다? 5 부동산 [영상] 용인 기흥 194평 럭셔리 저택, ‘13억→4억’ 됐다 [부동산360]",6946,bs4_selector,58.0,body_validation_failed:body_keyword_mismatch:hits=1/terms=12,14.0,False,False,https://news.google.com/rss/articles/CBMiVkFVX3lxTE5iMWlkVWhrT1V5M0J0UTcyYVZGdWZJcE1sckNVcFE0NFVzMEo1cDVjSlpDM2szYmZLOWlaeHBCaXFZbDRyc1MzU3c0d0VXV1NuWlpxVlhR?oc=5,https://biz.heraldcorp.com/article/10783255,202.0,"ai_infrastructure_security,self_pr_promo",ai_infrastructure_security,2026-06-22,json_ld:datePublished,original_date_recent,3.0,110.0,,23.0,global_incident:leadership_service:lguplus:leadership_service:general,global_incident:leadership_service:lguplus:leadership_service,18.0,,,,ok,http_200,body_keyword_mismatch:hits=1/terms=12,I015,comp_domestic_ai_platform:lgu+ 생성형 ai 전사 도입 한달 임직원 10명 중 8명 쓴다,,,,,,,,,,,,,,,,,,,,LGU+,경쟁사/해외이슈,경쟁사_해외이슈,경쟁사_해외이슈,경쟁사_해외이슈,경쟁사/해외이슈,,본문오염의심_대체필요,issue_representative_attempt,,,,
경쟁사_해외이슈,경쟁사/해외이슈,LGU+,"LGU+, AI 업무혁신 속도…코파일럿 도입 한 달 만에 직원 80% 활용",스마트경제,스마트경제,"Mon, 22 Jun 2026 01:40:00 GMT","Mon, 22 Jun 2026 01:40:00 GMT","LGU+, AI 업무혁신 속도…코파일럿 도입 한 달 만에 직원 80% 활용 스마트경제","[스마트경제 권희진 기자] LG유플러스가 생성형 인공지능(AI)을 업무 환경 전반에 빠르게 안착시키며 업무 혁신에 속도를 내고 있다. 마이크로소프트(MS) 코파일럿(Copilot)을 전사 표준 업무 도구로 도입한 지 한 달 만에 임직원 활용률이 80%를 넘어섰다. 22일 회사에 따르면 현재까지 코파일럿 누적 프롬프트는 44만건을 돌파했으며, 직원 1인당 평균 86회가량 AI를 활용한 것으로 집계됐다. 전체 사용자 가운데 약 63%는 하루 한 번 이상 업무에 AI를 이용하는 것으로 나타났다. LG유플러스는 생성형 AI가 일부 조직이나 특정 직무에 머물지 않고 회사 전반의 업무 프로세스에 확산되고 있다는 점에 의미를 두고 있다. 글로벌 기업들의 생성형 AI 활용률이 약 70% 수준으로 알려진 것과 비교해도 도입 초기부터 높은 활용도를 보였다는 설명이다. 회사는 코파일럿을 사내 시스템과 연계한 전용 업무 환경으로 구축해 내부 데이터를 기반으로 답변을 제공하도록 했다. 외부 AI 서비스와 달리 보안 우려를 최소화하면서도 사내 업무 정보를 실시간으로 반영해 별도의 자료 정리나 추가 검증 없이 실무에 활용할 수 있도록 한 것이 특징이다. AI 활용은 실제 업무 효율 개선으로도 이어지고 있다. 데이터 분류 업무는 코파일럿에 탑재된 클로드(Claude) 모델을 활용해 자동화하면서 관련 업무 시간이 약 90% 단축됐다. 보고서 작성 역시 GPT와 클로드 모델이 업무 맥락을 반영한 초안을 생성하면서 기존보다 훨씬 빠르게 문서를 완성할 수 있는 환경이 마련됐다. LG유플러스는 AI 활용 범위를 업무 특성에 맞춰 더욱 세분화할 계획이다. 코파일럿을 기본 업무 플랫폼으로 운영하는 동시에 개발 업무에는 코덱스(Codex)와 클로드 코드(Claude Code), 서비스 기획에는 피그마(Figma)와 클로드, 콘텐츠 제작에는 제미나이(Gemini) 등 목적별 AI 도구를 적용해 생산성을 높인다는 방침이다. 황승연 LG유플러스 전략·AX 담당은 “도입 이후 비교적 짧은 기간 안에 다양한 업무 영역에서 AI 활용 효과가 확인되고 있다”며 “앞으로도 AI 기반 업무 환경이 안정적으로 정착할 수 있도록 관련 체계를 지속적으로 보완해 나갈 것”이라고 말했다. 스마트경제 권희진 기자 hjk7736@dailysmart.co.kr 권희진 기자 hjk7736@dailysmart.co.kr 설빙, 우유얼음 컵빙수 출시…우베 활용 신메뉴 동시 공개 아웃백, ‘유플투쁠’ 행사…곰돌이 푸 메뉴와 할인 동시 적용 월드컵 특수 기대감 속 식음료업계 판촉전 개막…'집관족'이 승부처 이화여대, 135억 규모 과기부 ‘해외우수과학자 유치사업’ 최종 선정… 바이오·양자 융합 ‘글로벌 연구 허브’ 돛 올렸다 “열차 탈 때 킥보드 안 됩니다”… 코레일, 7월부터 ‘대용량 리튬배터리’ 휴대 전면 금지 [거침없이 연극리뷰] 젊은 신예 연출가 남혁준 각색, 연출의 ‘맨 끝줄 소년’, 열정만으로는 부족한 정교한 심리 드라마 국경·장르 허문 ‘몸짓의 향연’… 한성대, 국제 무용 축제 ‘제2회 H-Dance Festa’ 성황 설빙, 우유얼음 컵빙수 출시…우베 활용 신메뉴 동시 공개 설빙, 우유얼음 컵빙수 출시…우베 활용 신메뉴 동시 공개 아웃백, ‘유플투쁠’ 행사…곰돌이 푸 메뉴와 할인 동시 적용 월드컵 특수 기대감 속 식음료업계 판촉전 개막…'집관족'이 승부처 이화여대, 135억 규모 과기부 ‘해외우수과학자 유치사업’ 최종 선정… 바이오·양자 융합 ‘글로벌 연구 허브’ 돛 올렸다 “열차 탈 때 킥보드 안 됩니다”… 코레일, 7월부터 ‘대용량 리튬배터리’ 휴대 전면 금지 [거침없이 연극리뷰] 젊은 신예 연출가 남혁준 각색, 연출의 ‘맨 끝줄 소년’, 열정만으로는 부족한 정교한 심리 드라마 국경·장르 허문 ‘몸짓의 향연’… 한성대, 국제 무용 축제 ‘제2회 H-Dance Festa’ 성황 설빙, 우유얼음 컵빙수 출시…우베 활용 신메뉴 동시 공개 아웃백, ‘유플투쁠’ 행사…곰돌이 푸 메뉴와 할인 동시 적용 월드컵 특수 기대감 속 식음료업계 판촉전 개막…'집관족'이 승부처 이화여대, 135억 규모 과기부 ‘해외우수과학자 유치사업’ 최종 선정… 바이오·양자 융합 ‘글로벌 연구 허브’ 돛 올렸다 “열차 탈 때 킥보드 안 됩니다”… 코레일, 7월부터 ‘대용량 리튬배터리’ 휴대 전면 금지 [거침없이 연극리뷰] 젊은 신예 연출가 남혁준 각색, 연출의 ‘맨 끝줄 소년’, 열정만으로는 부족한 정교한 심리 드라마 국경·장르 허문 ‘몸짓의 향연’… 한성대, 국제 무용 축제 ‘제2회 H-Dance Festa’ 성황 “로봇이 빌딩 안을 자유롭게”… 성신여대·현대차·UL, 미래형 ‘로봇 친화 빌딩’ 표준 만든다 “K-컬처 전초기지 세운다”… 상명대, 베트남 사이공한글학교와 글로벌 유학 영토 확장 “뉴미디어 시대, 빛의 마술사 키운다”… 상명대·한국방송조명협회, 인재 육성 ‘맞손’ “청색 OLED 조기 방전 범인 잡았다”…김태경 경희대 화학공학과 교수 연구팀, 디스플레이 최대 난제 해결 CJ프레시웨이, 외식 프랜차이즈 성장 전략 공유…'프랜차이즈 그로스 데이' 개최 “소비자 보호, 이사회 직접 챙긴다”… NH농협은행, ‘소비자보호위’ 신설·거버넌스 전격 강화 “로봇이 빌딩 안을 자유롭게”… 성신여대·현대차·UL, 미래형 ‘로봇 친화 빌딩’ 표준 만든다 “K-컬처 전초기지 세운다”… 상명대, 베트남 사이공한글학교와 글로벌 유학 영토 확장 “뉴미디어 시대, 빛의 마술사 키운다”… 상명대·한국방송조명협회, 인재 육성 ‘맞손’ “청색 OLED 조기 방전 범인 잡았다”…김태경 경희대 화학공학과 교수 연구팀, 디스플레이 최대 난제 해결 CJ프레시웨이, 외식 프랜차이즈 성장 전략 공유…'프랜차이즈 그로스 데이' 개최 “소비자 보호, 이사회 직접 챙긴다”… NH농협은행, ‘소비자보호위’ 신설·거버넌스 전격 강화",2843,bs4_selector,86.0,relevance_failed:v43_weak_filler_or_distant_industry,118.0,True,False,https://news.google.com/rss/articles/CBMicEFVX3lxTE52R0U3TUZ0bk1CV1Btb0JqMVNPMHVzbUxlYWxsVEk0NktkWnplTk5iNWZ2cDlha1gyQ1NmbklGRHV6V0drbzJwMFRiRHRCMmpJdGdra1VmMkNrWTlMVkVhYV9nUEM4QnE3ellfMGZaRVg?oc=5,https://www.dailysmart.co.kr/news/articleView.html?idxno=125827,199.0,"ai_agent,ai_infrastructure_security,kim_beomsoo_trial,market_power_platform,phishing_security,platform_obligation,policy_legislation,privacy_security_reliability,self_pr_promo",security_general,2026-06-22,json_ld:datePublished,original_date_recent,3.0,210.0,,7.0,global_incident:platform_regulation:lguplus:platform_content_moderation_obligation:announcement,global_incident:platform_regulation:lguplus:platform_content_moderation_obligation,24.0,competitor:platform_obligation,Y,,ok,http_200,body_valid,I016,comp_domestic_ai_platform:lgu+ ai 업무혁신 속도 코파일럿 도입 한 달 만에 직원 80 활용,comp_domestic_ai_platform,COMPETITOR_AI_STRATEGY,631.5,,,COMP_DOMESTIC_AI_PLATFORM,domestic,경쟁사_해외이슈,COMPETITOR_AI_STRATEGY,comp_domestic_ai_platform,comp_domestic_ai_platform:lgu+ ai 업무혁신 속도 코파일럿 도입 한 달 만에 직원 80 활용,comp_domestic_ai_platform:lgu+ ai 업무혁신 속도 코파일럿 도입 한 달 만에 직원 80 활용,카카오가 경쟁사 전략·리스크·AI/플랫폼 대응을 비교 참고할 이슈,4.0,4.0,5.0,로컬 보조 라벨 / v26.2: overseas structural industry candidate,로컬 보조 라벨 / v26.2: overseas structural industry candidate,issue_selected,LGU+,경쟁사/해외이슈,경쟁사_해외이슈,경쟁사_해외이슈,경쟁사_해외이슈,경쟁사/해외이슈,14.0,본문추출성공,issue_representative_attempt,pass:competitor_guardrail_pass,,,pass:representative_aligned
경쟁사_해외이슈,경쟁사/해외이슈,네이버,"네이버, AI 웹 브라우저 '웨일' 출시",아이뉴스24,아이뉴스24,"Sat, 20 Jun 2026 16:24:53 GMT","Sat, 20 Jun 2026 16:24:53 GMT","네이버, AI 웹 브라우저 '웨일' 출시 아이뉴스24","[성상훈기자] 네이버(대표 김상헌)는 5년 간 개발해 온 자체 웹 브라우저 기술과 AI 기술을 기반으로 옴니태스킹을 지원하는 자체 브라우저 '웨일'(WHALE)'의 베타 버전 출시했다고 1일 발표했다. 생활환경지능(Ambient Intelligence) 프로젝트의 일환으로 선보인 웨일은 여러 창(TAB, 탭)을 띄우지 않고 하나의 창 안에서 모든 작업을 해결할 수 있도록 하는 ‘옴니태스킹’ 기능이 핵심이다. 웨일은 브라우저 속 특정 단어를 드래그 하면 검색 결과가 팝업으로 뜨는 '퀵서치' 기능을 제공하고 파파고에 적용된 인공신경망 기반의 번역 기술을 통해 영어, 중국어 등 외국어로 된 페이지를 번역해 준다. 이미지 형태의 텍스트에 대해서도 영역을 선택해 번역할 수 있다. 이외에도 웨일은 웹 페이지 실행 중 뜨는 팝업 창을 모아 오른쪽에 보여줌으로써 팝업 중 필요한 것은 별도로 찾아볼 수 있도록 관리해주며 피싱, 파밍 등에 대한 자체적인 보안 시스템도 구축하고 있다. 웨일은 웹 서핑의 개념에서 벗어나, 훨씬 더 넓은 공간으로 이용자들이 정보를 찾아 자유롭게 탐색해가는 것을 지향점으로 삼았다. 김표 네이버 웨일 리더는 ""쇼핑, 검색 등 인터넷을 이용하다가 브라우저 창들이 쌓여지는 '투매니탭스'(too many tabs) 현상을 없애고 이용자들에게 콘텐츠를 한번에 보여줄 수 있는 검색 환경을 제공하고자 기획했다""며 ""자동 번역, 팝업 관리 등 실생활 속에서 브라우저를 사용하며 느끼는 다양한 편리함을 제공하며 완성도를 높여 나갈 것""이라고 전했다. /성상훈기자 hnsh@inews24.com",785,trafilatura,-10.0,date_failed:original_date_too_old>52h:2016-12-01,102.5,False,False,https://news.google.com/rss/articles/CBMiVEFVX3lxTFBCdG52ZmtvSkZWOTZRbWkwWTBvM3k0Sk5QcFhnYU1ubXhkMlZxeTFndENySjFaM2RDMDRjeGFNaGRQNWhvSkVNSFZyeUhJZmdxRGpNbg?oc=5,https://mobile.inews24.com/v/mrlted/994352,198.0,"ai_infrastructure_security,phishing_security,platform_obligation,privacy_security_reliability,search_ads",security_phishing_malware,2016-12-01,meta:article:published_time,original_date_too_old>52h,3.0,53.75,privacy_security:naver:phishing_or_account_takeover:initial_investigation_response,7.0,global_incident:platform_regulation:naver:platform_content_moderation_obligation:announcement,global_incident:platform_regulation:naver:platform_content_moderation_obligation,24.0,competitor:platform_obligation,Y,,,,,I017,comp_domestic_ai_platform:네이버 ai 웹 브라우저 웨일 출시,,,,,,,,,,,,,,,,,,,,네이버,경쟁사/해외이슈,경쟁사_해외이슈,경쟁사_해외이슈,경쟁사_해외이슈,경쟁사/해외이슈,,,issue_representative_attempt,,,,
경쟁사_해외이슈,경쟁사/해외이슈,네이버,하정우 네이버클라우드 AI 이노베이션 센터장.,전자신문,전자신문,"Fri, 19 Jun 2026 21:23:44 GMT","Fri, 19 Jun 2026 21:23:44 GMT",하정우 네이버클라우드 AI 이노베이션 센터장. 전자신문,,0,failed,0.0,empty,13.5,False,False,https://news.google.com/rss/articles/CBMiwAVBVV95cUxNTC1RVFBKRVlFZmJpemVJaTZPSkZWVUt5RGN3bm44WDVrNllmUkg0X0V3T3dPRnpuUUExVGRUWEM5dzJwSjgzZGZXZVpubVRHeTY4V0U2cVVCZS1ubUxrTzNKZzlzZ3JUTVEtaU1ERncwVE1NMnJnMW9HaTBHRlk4ajhuaG5ybjRpcExLVnk3OG9JWFFLTkxxQktGcHdNenJKdW9LdE9yVFY4bmZ4NjZaNWpkNGxmODhFcTROOS1MVC10S01CSV9HV2ZPcXY4Z2ZIaTFXeXYyQWdPV0JWZHBjczNoNEVNbW9XckRjaGczSnd3cFF6dGRVQnhwMTR3UWR1S0p3STZJX2xXRnc2QmJ0X24yUEZaSUwxdHJwcDI2a2ptWkx5YUkySjdiYWZzelMyZWw5Sm1ORklTa0tNZ042eFdYbTFUakRLb1I3VHVLODhFRzQtRVc1cDhGU0VyLWh6dW9OTUxERERPTXdUdXdFaEJkVG5YWUtBc3ppWWx5U2JuZ09pQ244WUtPZlhRcXZ4cXpvQl9mZk1WdlRRR0FSSEZSeWlSWG5uSUNHQUhqbEFRdXdOeWZMZXFJY0Q4VGdkUmFURGQ0QUlMa29uOXRDYnQ1NV9GYW1yY1F6REl5eklrenhSVkYwV21xTVVmUDJla2FxUDl3czRnc2NaZDgwdzZ5Yldtc1BxYmUyWVd0eWhRcDU4WVVoY3pHTVZYMFg1dE1sQ2dmTk9ZRl9BSm9jSE5LUEp4QWNwMElWS29iUU5IYWpGSGxkeXI4Yi1yR3c5S0VqaGZhR0cxNEhIWGNJYVlrbmpycVhBdUN1czF5aWtDSms5SWRqZGEtOWFyb2VyUi1uY0ZXYl8xeTl5NEVuTXV6YVF0X1luVlJPX0dzY2VjVm5ONC0xczNoTEM2Sm1pZjE0a0FDd2owbDNmWWJkMQ?oc=5,https://www.etnews.com/tools/image_popup.html?v=bjQ5VkNYY2dLZTZMZFBUbmNzandvWmpGcjBTK1pHYm1CUVRXR0pTMldlYVZkdE5JeGJVUFVVNURJN04rbmhKTVJleGp1T3dieTlRUUUvZWhLclZlQnlzMkNCM0I2T2JjcjF6RGxoVjB0amM4QjcrcHo3MWQxMDV3bk15R1ZvUWN4eHpTanluTUFmSmc2dnk0b0RsMXltTjljd1RQcU5MNmEwSkd6aVZjZHJoWHFOVEEyQW9KVVRlZUIwVGlEekhad2gyb1VEUTJEWUhCS21vZ1YxTWtrRmJIN2UvN0RZbHdqcytPNlpjcGZYQWJsT2loYXM5R09zcUpIVG9uOXkvV00rcCtTZ2RnTnJiZEM0Mm9aMzBTRG1YRFBvUWV0WndCT0VBVUVyOEF1SXdpQkZkL2h1TlhiMWdLWCsvU1dvbGphR1RvTzVLaHFSWGxJMDF3Z2FSc25RPT0,197.5,ai_infrastructure_security,ai_infrastructure_security,,no_original_date_found,no_original_date_found_kept,0.0,-9.55,,0.0,,,0.0,,,,,,,I018,comp_domestic_ai_platform:하정우 네이버클라우드 ai 이노베이션 센터장,,,,,,,,,,,,,,,,,,,,네이버,경쟁사/해외이슈,경쟁사_해외이슈,경쟁사_해외이슈,경쟁사_해외이슈,경쟁사/해외이슈,,,issue_representative_attempt,,,,
경쟁사_해외이슈,경쟁사/해외이슈,네이버,"네이버클라우드, 옴니모달·FDE 앞세워 ‘실전형 국방 AI’ 공략",리얼뉴스,리얼뉴스,"Fri, 19 Jun 2026 04:50:32 GMT","Fri, 19 Jun 2026 04:50:32 GMT","네이버클라우드, 옴니모달·FDE 앞세워 ‘실전형 국방 AI’ 공략 리얼뉴스","국방산업발전대전서 데이터센터·클라우드·AI 모델 아우른 풀스택 전략 공개 폐쇄망·엣지 인프라로 데이터 주권 확보···현장형 엔지니어 조직으로 전력화 지원 온톨로지 기반 지식체계 구축해 작전계획·명령 초안 자동화 추진 네이버클라우드가 옴니모달 인공지능(AI)과 현장 밀착형 엔지니어 조직을 앞세워 실제 작전 환경에 적용할 수 있는 국방 AI 시장 공략에 나섰다. 네이버클라우드는 지난 10일 대전컨벤션센터에서 열린 ‘InLEX 대한민국 국방산업발전대전’에서 ‘소버린 AI 기반 국방 AX 발전 전략 세미나’를 열고 국방·방산·정보통신기술(ICT) 관계자들에게 국방 AI 전환 전략을 공개했다고 지난 11일 밝혔다. 회사는 텍스트와 음성, 영상, 지도 등 서로 다른 형태의 데이터를 하나의 작전 상황으로 통합해 이해하는 옴니모달 AI와 현장에 엔지니어를 배치하는 FDE(Forward Deployed Engineer) 체계를 핵심 경쟁력으로 제시했다. AI 모델 개발에 그치지 않고 실제 전장에서 활용할 수 있는 전력화 단계까지 지원하겠다는 구상이다. 유경범 네이버클라우드 상무는 ‘소버린 AI로 완성하는 국방 AX’를 주제로 데이터센터와 클라우드 인프라, AI 모델, 서비스를 결합한 풀스택 전략을 소개했다. 유 상무는 ‘하이퍼클로바X 옴니모달’이 다양한 전장 데이터를 통합된 상황으로 이해할 수 있다고 설명했다. 전장 환경의 변화를 예측하는 월드모델을 활용해 수집된 데이터를 지휘관의 판단을 돕는 정보로 전환할 수 있다는 주장이다. 국방 전용 AI 데이터센터 구축 방안도 제시했다. 육·해·공군과 합동참모본부의 데이터를 중앙 데이터센터에서 통합 학습하고, 전방과 함정, 이동형 지휘소에는 엣지 데이터센터를 배치하는 방식이다. 통신이 제한되거나 끊긴 상황에서도 AI 서비스를 운용할 수 있도록 중앙과 전장 인프라를 분산 구축한다. 네이버클라우드는 대규모 데이터센터 운영 경험과 폐쇄망 기반 모듈형 클라우드 구축 역량을 바탕으로 국방 전용 인프라를 공급할 수 있다고 강조했다. 군사 기밀과 작전 데이터를 외부 환경과 분리하면서 중앙 데이터센터부터 전장 엣지까지 하나의 체계로 연결한다는 계획이다. FDE 조직도 차별화 요소로 내세웠다. 엔지니어가 군 현장에 배치돼 사용자의 요구를 반영하고 시제품 개발과 검증을 반복하는 방식이다. 네이버클라우드는 이를 통해 개발한 AI가 현장 운용 단계에서 겪는 성능 저하와 시스템 연계 문제를 줄일 수 있다고 설명했다. 정낙수 네이버클라우드 상무는 구축형 클라우드와 온톨로지 기반 지식체계의 필요성을 강조했다. 각 군에 분산된 데이터를 온톨로지로 연결해 단순한 정보 집합이 아닌 의미와 관계를 이해하는 지식체계로 전환해야 한다는 것이다. 온톨로지는 데이터 간 관계와 의미를 구조화하는 기술이다. 이를 국방 데이터에 적용하면 AI가 판단 근거와 추론 경로를 제시할 수 있어 군사 의사결정의 신뢰성을 높일 수 있다. 네이버클라우드는 구축형 클라우드와 하이퍼클로바X를 결합해 국방 AI 통합 체계의 기반을 마련하겠다는 방침이다. AI 에이전트 운영체제를 개발하는 인핸스도 세미나에 참여했다. 안현진 인핸스 이사는 작전명령서와 센서 정보 등 비정형 데이터에서 핵심 내용을 추출하고, 작전 교리와 교전 규칙, 표준작전절차를 AI가 판단할 수 있는 규칙으로 변환하는 기술을 소개했다. 인핸스는 분야별 AI 에이전트가 협업해 작전계획과 작전명령 초안을 10분 이내에 작성하는 방안도 제시했다. 지휘관의 정보 분석 부담을 줄이고 의사결정 속도를 높이는 것이 목표다. 다만 국방 AI가 실제 작전 체계에 적용되려면 보안성과 정확성, 책임 소재를 함께 확보해야 한다. AI가 생성한 정보의 오류 가능성을 검증하고 인간 지휘관의 최종 판단권을 보장하는 통제 체계도 필요하다. 폐쇄망과 데이터 주권 확보뿐 아니라 군사적 판단에 적용할 수 있는 신뢰성 검증 기준을 마련하는 것이 국방 AI 전력화의 핵심 과제로 꼽힌다.",1919,trafilatura,-10.0,date_failed:original_date_too_old>52h:2026-06-19,115.5,False,False,https://news.google.com/rss/articles/CBMibEFVX3lxTE91Z0dfVm5wcTJXNXVIOWp5VlBGUTlLYzUzTWhpcWFocTUtQmgzX2VGa3NZYzRYR25IVlFoUGIxUWpNR1otSnFBamFNTnBwSXNNdTk5UGZ3VExHZTd4LUh5SjI5M29Day1tOTI4ag?oc=5,https://www.realnews.co.kr/news/articleView.html?idxno=30771,191.5,"ai_agent,ai_infrastructure_security,aidc_datacenter,digital_asset_stablecoin,phishing_security,platform_obligation,policy_legislation,privacy_security_reliability",aidc_law_power,2026-06-19,json_ld:datePublished,original_date_too_old>52h,4.0,64.85,,7.0,global_incident:platform_regulation:naver:platform_content_moderation_obligation:announcement,global_incident:platform_regulation:naver:platform_content_moderation_obligation,24.0,competitor:platform_obligation,Y,,,,,I020,comp_domestic_ai_platform:네이버클라우드 옴니모달 fde 앞세워 실전형 국방 ai 공략,,,,,,,,,,,,,,,,,,,,네이버,경쟁사/해외이슈,경쟁사_해외이슈,경쟁사_해외이슈,경쟁사_해외이슈,경쟁사/해외이슈,,,issue_representative_attempt,,,,
경쟁사_해외이슈,경쟁사/해외이슈,네이버,"네이버클라우드, 국방용 경량 옴니모달 AI 공개···드론·전술차량서 실시간 분석",리얼뉴스,리얼뉴스,"Fri, 19 Jun 2026 04:57:20 GMT","Fri, 19 Jun 2026 04:57:20 GMT","네이버클라우드, 국방용 경량 옴니모달 AI 공개···드론·전술차량서 실시간 분석 리얼뉴스","‘하이퍼클로바X 시드 4B’ 자체 개발···영상·음성·문서 동시 처리 모델 크기 절반으로 줄이고 성능 개선···제한된 엣지 환경서 저지연 추론 폐쇄망 기반 AI 풀스택 구축···2030년 전군 AI 전환 추진 네이버클라우드가 드론과 전술차량 등 제한된 컴퓨팅 환경에서도 영상과 음성, 문서를 실시간 분석할 수 있는 경량 옴니모달 인공지능 모델을 공개하며 국방 AI 시장 공략을 강화한다. 네이버클라우드는 ‘2026 한국군사과학기술학회 종합학술대회’에서 자체 개발한 경량 옴니모달 모델 ‘하이퍼클로바X 시드 4B’를 공개했다고 밝혔다. 폐쇄망 안에서 인프라와 AI 모델, 에이전트를 통합 운영하는 소버린 AI 기반 국방 전환 전략도 제시했다. 하이퍼클로바X 시드 4B는 텍스트뿐 아니라 이미지와 영상, 음성을 함께 이해하는 국방 특화 모델이다. 네이버클라우드가 자체 개발한 비전 인코더 ‘하이퍼클로바X 클립’과 오디오 인코더를 탑재했다. 한글 문서와 국내 환경을 이해할 수 있도록 한국어 중심 데이터도 학습했다. 현대 전장에서는 드론 영상과 위성사진, 무전 음성, 작전 문서 등 서로 다른 형태의 정보를 신속하게 분석해야 한다. 이를 지휘관의 의사결정과 연결하려면 여러 데이터를 통합 처리하는 옴니모달 기술이 필요하다. 국방 AI는 보안과 실시간성이 중요한 만큼 중앙 클라우드뿐 아니라 드론과 무인체계, 전술차량에서도 작동해야 한다. 전장에서는 통신이 끊기거나 대역폭이 제한될 수 있어 현장에서 직접 데이터를 처리하는 엣지 AI 역량이 중요하다. 네이버클라우드는 기존 8B급 대규모언어모델 백본에 프루닝과 지식 증류 기술을 적용해 모델 규모를 4B급으로 줄였다. 불필요한 연산을 덜어내고 대형 모델의 지식을 소형 모델에 이전하는 방식이다. 회사는 모델 크기를 절반 수준으로 축소하면서 옴니모달 모델 생산 공정을 개선해 최종 성능은 기존 8B급 옴니모달 모델보다 높였다고 설명했다. 연산 자원이 제한된 엣지 환경에서도 지연 시간을 줄여 실시간 추론이 가능하도록 설계했다. 하이퍼클로바X 시드 4B는 드론과 해안 감시 영상의 객체 탐지에 활용할 수 있다. 위성사진의 변화 분석과 사격장·생활관 위험요소 식별, 군용 장비 자동 인식, 전장 지도 분석도 지원한다. 네이버클라우드는 이를 정보·감시·정찰 자동화와 무인체계 운용, 통합 상황 인식 분야에 적용할 계획이다. AI가 분석 결과와 판단 근거를 함께 제시하는 설명 가능한 무인체계 구축에도 활용할 수 있다고 회사 측은 밝혔다. 폐쇄망 중심의 국방 AI 풀스택 전략도 공개했다. 국방 데이터가 외부로 유출되지 않도록 인프라와 머신러닝 운영체계, 대규모언어모델, AI 에이전트를 폐쇄망에 직접 배포하고 운영하는 구조다. 네이버클라우드는 자체 클라우드 인프라와 AI 모델을 결합해 군이 데이터와 시스템의 통제권을 유지할 수 있다고 강조했다. 해외 사업자나 외부 클라우드에 대한 의존도를 낮춰 국방 분야의 AI 주권도 확보한다는 구상이다. 회사는 2026년까지 국방 AI 전환 기반을 구축하고 관련 사업 참여를 확대할 방침이다. 이후 AI 에이전트를 군 업무와 작전 지원 영역에 단계적으로 적용해 2030년까지 국방 전 영역의 AI 전환을 추진한다. 다만 경량 모델의 성능이 실제 전장에서도 안정적으로 유지되는지는 추가 검증이 필요하다. 객체 오인식과 음성 분석 오류가 작전 판단에 영향을 줄 수 있는 만큼 군 운용 환경을 반영한 시험평가와 책임 기준을 마련해야 한다. 폐쇄망 구축만으로 보안 문제가 모두 해결되는 것도 아니다. 학습 데이터의 신뢰성과 모델 업데이트 절차, 사이버 공격 대응 체계를 함께 갖춰야 한다. AI의 분석 결과를 사람이 검증하고 최종 판단을 내리는 통제 원칙도 국방 AI 전력화 과정에서 구체화해야 할 과제로 꼽힌다.",1837,trafilatura,-10.0,date_failed:original_date_too_old>52h:2026-06-19,116.5,False,False,https://news.google.com/rss/articles/CBMibEFVX3lxTE5uc1I0dHlXbHhnY19EMmpTVUc0REZpQ2ZTNVFrQldvRUh0akpKRjBlWjQwOVBzVzNYQlg3WU5tcjFBNlB5TFVwVDNkLW5LbmR1SnFuUk5lMG8xb3lpbHFBY0Q2b2VDOWlKLS1hVw?oc=5,https://www.realnews.co.kr/news/articleView.html?idxno=30772,188.5,"ai_agent,ai_infrastructure_security,phishing_security,platform_obligation,policy_legislation,privacy_security_reliability",security_general,2026-06-19,json_ld:datePublished,original_date_too_old>52h,4.0,65.55,privacy_security:naver:data_leak:initial_investigation_response,7.0,global_incident:platform_regulation:naver:platform_content_moderation_obligation:announcement,global_incident:platform_regulation:naver:platform_content_moderation_obligation,24.0,competitor:platform_obligation,Y,,,,,I021,comp_domestic_ai_platform:네이버클라우드 국방용 경량 옴니모달 ai 공개 드론 전술차량서 실시간 분석,,,,,,,,,,,,,,,,,,,,네이버,경쟁사/해외이슈,경쟁사_해외이슈,경쟁사_해외이슈,경쟁사_해외이슈,경쟁사/해외이슈,,,issue_representative_attempt,,,,
경쟁사_해외이슈,경쟁사/해외이슈,토스,[#통신 풍향계] KT '그날들' 장기고객 초청·SKB-토스플레이스 '통신·결제 묶음 상품' 출시,뉴스웍스,뉴스웍스,"Fri, 19 Jun 2026 08:02:48 GMT","Fri, 19 Jun 2026 08:02:48 GMT",[#통신 풍향계] KT '그날들' 장기고객 초청·SKB-토스플레이스 '통신·결제 묶음 상품' 출시 뉴스웍스,"[뉴스웍스=박광하 기자] 19일 통신 업계에서는 KT의 뮤지컬 '그날들' 공연 장기고객 초청, SK브로드밴드와 토스플레이스의 소상공인용 통신·결제 묶음 상품 출시 소식 등이 전해졌다. ◆KT, 장기고객에 뮤지컬 '그날들' 1200명 초청 KT가 장기 이용 고객 1200명을 뮤지컬 '그날들' 공연에 초청한다 초청 대상은 KT 모바일·인터넷·TV 서비스를 합산해 5년 이상 이용한 고객이다. 공연은 서울 디큐브 링크아트센터에서 7월 25일 열린다. 뮤지컬 '그날들' 공연에는 엄기준·윤시윤 배우가 출연한다. KT는 행사 당일 공연 관람과 연계한 고객 참여 프로그램을 운영한다. '그날들' 콘셉트의 네컷 스티커 사진 촬영 행사와 SNS 이벤트를 마련한다. 관람객에게는 스페셜 포토카드와 프로그램 북을 제공한다. 공연 초청 외에 KT는 프로야구 시즌 동안 KT 위즈파크에서 '캠핑존 초대드림' 혜택을 운영한다. 전용 텐트 4동을 마련해 팀당 최대 4명까지 캠핑과 경기 관람을 함께 즐길 수 있다. 초대 고객에게는 4인용 텐트와 캠핑 의자, 전기 그릴, 식기류 등 캠핑 용품과 BBQ 식사를 제공한다. 7월 '초대드림' 응모는 KT닷컴 '장기고객 혜택' 페이지에서 7월 8일까지 가능하다. 당첨자는 7월 13일 개별 통보한다. ◆SK브로드밴드, 토스플레이스와 통신·결제 묶음 상품 출시 SK브로드밴드와 토스플레이스가 소상공인 운영비를 낮추는 통신·결제 묶음 상품을 출시한다 해당 상품은 25일 공식 출시된다. SK브로드밴드의 초고속 통신 인프라와 토스플레이스의 매장관리솔루션 역량을 결합한 소상공인 맞춤 상품이다. 제휴 상품에 가입하는 소상공인은 적용 조건에 따라 SK브로드밴드 인터넷 요금을 매월 최대 4400원 할인받는다. 1G 인터넷·3년 약정 기준이다. 토스 프론트와 토스 포스(POS)를 함께 설치하는 SK브로드밴드 고객에게는 토스 프론트를 무상으로 제공한다. 양사는 상품 출시를 기념해 25일부터 8월 31일까지 고객 감사 이벤트를 진행한다. SK브로드밴드의 B world와 B다이렉트샵을 통해 상담한 고객에게는 총 500만원 상당의 아이스크림 쿠폰을 지급한다. 가입 고객에게는 노트북·태블릿·TV 등 총 1000만원 규모의 경품을 추첨으로 제공한다. 당첨자는 9월 중 개별 안내한다. ◆KT, 장기고객에 뮤지컬 '그날들' 1200명 초청 KT가 장기 이용 고객 1200명을 뮤지컬 '그날들' 공연에 초청한다 초청 대상은 KT 모바일·인터넷·TV 서비스를 합산해 5년 이상 이용한 고객이다. 공연은 서울 디큐브 링크아트센터에서 7월 25일 열린다. 뮤지컬 '그날들' 공연에는 엄기준·윤시윤 배우가 출연한다. KT는 행사 당일 공연 관람과 연계한 고객 참여 프로그램을 운영한다. '그날들' 콘셉트의 네컷 스티커 사진 촬영 행사와 SNS 이벤트를 마련한다. 관람객에게는 스페셜 포토카드와 프로그램 북을 제공한다. 공연 초청 외에 KT는 프로야구 시즌 동안 KT 위즈파크에서 '캠핑존 초대드림' 혜택을 운영한다. 전용 텐트 4동을 마련해 팀당 최대 4명까지 캠핑과 경기 관람을 함께 즐길 수 있다. 초대 고객에게는 4인용 텐트와 캠핑 의자, 전기 그릴, 식기류 등 캠핑 용품과 BBQ 식사를 제공한다. 7월 '초대드림' 응모는 KT닷컴 '장기고객 혜택' 페이지에서 7월 8일까지 가능하다. 당첨자는 7월 13일 개별 통보한다. ◆SK브로드밴드, 토스플레이스와 통신·결제 묶음 상품 출시 SK브로드밴드와 토스플레이스가 소상공인 운영비를 낮추는 통신·결제 묶음 상품을 출시한다 해당 상품은 25일 공식 출시된다. SK브로드밴드의 초고속 통신 인프라와 토스플레이스의 매장관리솔루션 역량을 결합한 소상공인 맞춤 상품이다. 제휴 상품에 가입하는 소상공인은 적용 조건에 따라 SK브로드밴드 인터넷 요금을 매월 최대 4400원 할인받는다. 1G 인터넷·3년 약정 기준이다. 토스 프론트와 토스 포스(POS)를 함께 설치하는 SK브로드밴드 고객에게는 토스 프론트를 무상으로 제공한다. 양사는 상품 출시를 기념해 25일부터 8월 31일까지 고객 감사 이벤트를 진행한다. SK브로드밴드의 B world와 B다이렉트샵을 통해 상담한 고객에게는 총 500만원 상당의 아이스크림 쿠폰을 지급한다. 가입 고객에게는 노트북·태블릿·TV 등 총 1000만원 규모의 경품을 추첨으로 제공한다. 당첨자는 9월 중 개별 안내한다. KT가 장기 이용 고객 1200명을 뮤지컬 '그날들' 공연에 초청한다 초청 대상은 KT 모바일·인터넷·TV 서비스를 합산해 5년 이상 이용한 고객이다. 공연은 서울 디큐브 링크아트센터에서 7월 25일 열린다. 뮤지컬 '그날들' 공연에는 엄기준·윤시윤 배우가 출연한다. KT는 행사 당일 공연 관람과 연계한 고객 참여 프로그램을 운영한다. '그날들' 콘셉트의 네컷 스티커 사진 촬영 행사와 SNS 이벤트를 마련한다. 관람객에게는 스페셜 포토카드와 프로그램 북을 제공한다. 공연 초청 외에 KT는 프로야구 시즌 동안 KT 위즈파크에서 '캠핑존 초대드림' 혜택을 운영한다. 전용 텐트 4동을 마련해 팀당 최대 4명까지 캠핑과 경기 관람을 함께 즐길 수 있다. 초대 고객에게는 4인용 텐트와 캠핑 의자, 전기 그릴, 식기류 등 캠핑 용품과 BBQ 식사를 제공한다. 7월 '초대드림' 응모는 KT닷컴 '장기고객 혜택' 페이지에서 7월 8일까지 가능하다. 당첨자는 7월 13일 개별 통보한다. ◆SK브로드밴드, 토스플레이스와 통신·결제 묶음 상품 출시 SK브로드밴드와 토스플레이스가 소상공인 운영비를 낮추는 통신·결제 묶음 상품을 출시한다 해당 상품은 25일 공식 출시된다. SK브로드밴드의 초고속 통신 인프라와 토스플레이스의 매장관리솔루션 역량을 결합한 소상공인 맞춤 상품이다. 제휴 상품에 가입하는 소상공인은 적용 조건에 따라 SK브로드밴드 인터넷 요금을 매월 최대 4400원 할인받는다. 1G 인터넷·3년 약정 기준이다. 토스 프론트와 토스 포스(POS)를 함께 설치하는 SK브로드밴드 고객에게는 토스 프론트를 무상으로 제공한다. 양사는 상품 출시를 기념해 25일부터 8월 31일까지 고객 감사 이벤트를 진행한다. SK브로드밴드의 B world와 B다이렉트샵을 통해 상담한 고객에게는 총 500만원 상당의 아이스크림 쿠폰을 지급한다. 가입 고객에게는 노트북·태블릿·TV 등 총 1000만원 규모의 경품을 추첨으로 제공한다. 당첨자는 9월 중 개별 안내한다. 초청 대상은 KT 모바일·인터넷·TV 서비스를 합산해 5년 이상 이용한 고객이다. 공연은 서울 디큐브 링크아트센터에서 7월 25일 열린다. 뮤지컬 '그날들' 공연에는 엄기준·윤시윤 배우가 출연한다. KT는 행사 당일 공연 관람과 연계한 고객 참여 프로그램을 운영한다. '그날들' 콘셉트의 네컷 스티커 사진 촬영 행사와 SNS 이벤트를 마련한다. 관람객에게는 스페셜 포토카드와 프로그램 북을 제공한다. 공연 초청 외에 KT는 프로야구 시즌 동안 KT 위즈파크에서 '캠핑존 초대드림' 혜택을 운영한다. 전용 텐트 4동을 마련해 팀당 최대 4명까지 캠핑과 경기 관람을 함께 즐길 수 있다. 초대 고객에게는 4인용 텐트와 캠핑 의자, 전기 그릴, 식기류 등 캠핑 용품과 BBQ 식사를 제공한다. 7월 '초대드림' 응모는 KT닷컴 '장기고객 혜택' 페이지에서 7월 8일까지 가능하다. 당첨자는 7월 13일 개별 통보한다. ◆SK브로드밴드, 토스플레이스와 통신·결제 묶음 상품 출시 SK브로드밴드와 토스플레이스가 소상공인 운영비를 낮추는 통신·결제 묶음 상품을 출시한다 해당 상품은 25일 공식 출시된다. SK브로드밴드의 초고속 통신 인프라와 토스플레이스의 매장관리솔루션 역량을 결합한 소상공인 맞춤 상품이다. 제휴 상품에 가입하는 소상공인은 적용 조건에 따라 SK브로드밴드 인터넷 요금을 매월 최대 4400원 할인받는다. 1G 인터넷·3년 약정 기준이다. 토스 프론트와 토스 포스(POS)를 함께 설치하는 SK브로드밴드 고객에게는 토스 프론트를 무상으로 제공한다. 양사는 상품 출시를 기념해 25일부터 8월 31일까지 고객 감사 이벤트를 진행한다. SK브로드밴드의 B world와 B다이렉트샵을 통해 상담한 고객에게는 총 500만원 상당의 아이스크림 쿠폰을 지급한다. 가입 고객에게는 노트북·태블릿·TV 등 총 1000만원 규모의 경품을 추첨으로 제공한다. 당첨자는 9월 중 개별 안내한다. 공연 초청 외에 KT는 프로야구 시즌 동안 KT 위즈파크에서 '캠핑존 초대드림' 혜택을 운영한다. 전용 텐트 4동을 마련해 팀당 최대 4명까지 캠핑과 경기 관람을 함께 즐길 수 있다. 초대 고객에게는 4인용 텐트와 캠핑 의자, 전기 그릴, 식기류 등 캠핑 용품과 BBQ 식사를 제공한다. 7월 '초대드림' 응모는 KT닷컴 '장기고객 혜택' 페이지에서 7월 8일까지 가능하다. 당첨자는 7월 13일 개별 통보한다. ◆SK브로드밴드, 토스플레이스와 통신·결제 묶음 상품 출시 SK브로드밴드와 토스플레이스가 소상공인 운영비를 낮추는 통신·결제 묶음 상품을 출시한다 해당 상품은 25일 공식 출시된다. SK브로드밴드의 초고속 통신 인프라와 토스플레이스의 매장관리솔루션 역량을 결합한 소상공인 맞춤 상품이다. 제휴 상품에 가입하는 소상공인은 적용 조건에 따라 SK브로드밴드 인터넷 요금을 매월 최대 4400원 할인받는다. 1G 인터넷·3년 약정 기준이다. 토스 프론트와 토스 포스(POS)를 함께 설치하는 SK브로드밴드 고객에게는 토스 프론트를 무상으로 제공한다. 양사는 상품 출시를 기념해 25일부터 8월 31일까지 고객 감사 이벤트를 진행한다. SK브로드밴드의 B world와 B다이렉트샵을 통해 상담한 고객에게는 총 500만원 상당의 아이스크림 쿠폰을 지급한다. 가입 고객에게는 노트북·태블릿·TV 등 총 1000만원 규모의 경품을 추첨으로 제공한다. 당첨자는 9월 중 개별 안내한다. ◆SK브로드밴드, 토스플레이스와 통신·결제 묶음 상품 출시 SK브로드밴드와 토스플레이스가 소상공인 운영비를 낮추는 통신·결제 묶음 상품을 출시한다 해당 상품은 25일 공식 출시된다. SK브로드밴드의 초고속 통신 인프라와 토스플레이스의 매장관리솔루션 역량을 결합한 소상공인 맞춤 상품이다. 제휴 상품에 가입하는 소상공인은 적용 조건에 따라 SK브로드밴드 인터넷 요금을 매월 최대 4400원 할인받는다. 1G 인터넷·3년 약정 기준이다. 토스 프론트와 토스 포스(POS)를 함께 설치하는 SK브로드밴드 고객에게는 토스 프론트를 무상으로 제공한다. 양사는 상품 출시를 기념해 25일부터 8월 31일까지 고객 감사 이벤트를 진행한다. SK브로드밴드의 B world와 B다이렉트샵을 통해 상담한 고객에게는 총 500만원 상당의 아이스크림 쿠폰을 지급한다. 가입 고객에게는 노트북·태블릿·TV 등 총 1000만원 규모의 경품을 추첨으로 제공한다. 당첨자는 9월 중 개별 안내한다. SK브로드밴드와 토스플레이스가 소상공인 운영비를 낮추는 통신·결제 묶음 상품을 출시한다 해당 상품은 25일 공식 출시된다. SK브로드밴드의 초고속 통신 인프라와 토스플레이스의 매장관리솔루션 역량을 결합한 소상공인 맞춤 상품이다. 제휴 상품에 가입하는 소상공인은 적용 조건에 따라 SK브로드밴드 인터넷 요금을 매월 최대 4400원 할인받는다. 1G 인터넷·3년 약정 기준이다. 토스 프론트와 토스 포스(POS)를 함께 설치하는 SK브로드밴드 고객에게는 토스 프론트를 무상으로 제공한다. 양사는 상품 출시를 기념해 25일부터 8월 31일까지 고객 감사 이벤트를 진행한다. SK브로드밴드의 B world와 B다이렉트샵을 통해 상담한 고객에게는 총 500만원 상당의 아이스크림 쿠폰을 지급한다. 가입 고객에게는 노트북·태블릿·TV 등 총 1000만원 규모의 경품을 추첨으로 제공한다. 당첨자는 9월 중 개별 안내한다. 해당 상품은 25일 공식 출시된다. SK브로드밴드의 초고속 통신 인프라와 토스플레이스의 매장관리솔루션 역량을 결합한 소상공인 맞춤 상품이다. 제휴 상품에 가입하는 소상공인은 적용 조건에 따라 SK브로드밴드 인터넷 요금을 매월 최대 4400원 할인받는다. 1G 인터넷·3년 약정 기준이다. 토스 프론트와 토스 포스(POS)를 함께 설치하는 SK브로드밴드 고객에게는 토스 프론트를 무상으로 제공한다. 양사는 상품 출시를 기념해 25일부터 8월 31일까지 고객 감사 이벤트를 진행한다. SK브로드밴드의 B world와 B다이렉트샵을 통해 상담한 고객에게는 총 500만원 상당의 아이스크림 쿠폰을 지급한다. 가입 고객에게는 노트북·태블릿·TV 등 총 1000만원 규모의 경품을 추첨으로 제공한다. 당첨자는 9월 중 개별 안내한다. 양사는 상품 출시를 기념해 25일부터 8월 31일까지 고객 감사 이벤트를 진행한다. SK브로드밴드의 B world와 B다이렉트샵을 통해 상담한 고객에게는 총 500만원 상당의 아이스크림 쿠폰을 지급한다. 가입 고객에게는 노트북·태블릿·TV 등 총 1000만원 규모의 경품을 추첨으로 제공한다. 당첨자는 9월 중 개별 안내한다. 박광하 기자 ha@newsworks.co.kr 기자페이지 [#통신 풍향계] SKT '알레프' 운영·KT 'E2E 퀀텀 시큐리티' 공개-'K-뉴딜 아카데미' 모집 [월드IT뷰] 챗GPT, 美 전쟁부 계약 '자충수' 됐나…점유율·수익성 곤두박질 [#클라우드 월드] LG CNS-두산 'AX 협력 MOU'·오픈AI '챗GPT 광고' 한국 확대 박광하 기자 ha@newsworks.co.kr 기자페이지 [#통신 풍향계] SKT '알레프' 운영·KT 'E2E 퀀텀 시큐리티' 공개-'K-뉴딜 아카데미' 모집 [월드IT뷰] 챗GPT, 美 전쟁부 계약 '자충수' 됐나…점유율·수익성 곤두박질 [#클라우드 월드] LG CNS-두산 'AX 협력 MOU'·오픈AI '챗GPT 광고' 한국 확대",6672,bs4_selector,-10.0,date_failed:original_date_too_old>52h:2026-06-19,68.0,False,False,https://news.google.com/rss/articles/CBMib0FVX3lxTE5ZOXhpNkZlcWJxWWRvYVpoeTNtSktxLTdKbFNmdG9fWUdUVnlxbzBzanFUZDRuZnF3NUw4aHpvWlIzRjdOUUhWRU84ZTJuZThyWDVtdUFaZndwYmRpNXpFaklYR2dfYk5RbkE0akdfSdIBc0FVX3lxTE5XNlBmZmZCRVU0bU1zdGlPN0pOaUlOdlRQVzdvbTlCWkg3LU9zTjRsdUNmSVl3dUYyV09GUm5JOVE1dXFjdmkyekpMSnpnWFBWNHFxa1lIc0szMEhEWnhwNmxMT09Dc0E1LVBVWm0wbFpNNEU?oc=5,https://www.newsworks.co.kr/news/articleView.html?idxno=844494,179.0,"platform_obligation,self_pr_promo",platform_obligation,2026-06-19,meta:article:published_time,original_date_too_old>52h,1.0,18.6,,16.0,global_incident:platform_regulation:toss:platform_operator_obligation:general,global_incident:platform_regulation:toss:platform_operator_obligation,24.0,competitor:platform_obligation,Y,,,,,I022,comp_domestic_finance_commerce:통신 풍향계 kt 그날들 장기고객 초청 skb 토스플레이스 통신 결제 묶음 상품 출시,,,,,,,,,,,,,,,,,,,,토스,경쟁사/해외이슈,경쟁사_해외이슈,경쟁사_해외이슈,경쟁사_해외이슈,경쟁사/해외이슈,,,issue_representative_attempt,,,,
산업동향,산업동향,스테이블코인,달러 스테이블코인이 신흥국 통화주권을 잠식하는 법 — 투자자가 알아야 할 화폐 권력의 이동,네이버 프리미엄콘텐츠,네이버 프리미엄콘텐츠,"Fri, 19 Jun 2026 03:20:00 GMT","Fri, 19 Jun 2026 03:20:00 GMT",달러 스테이블코인이 신흥국 통화주권을 잠식하는 법 — 투자자가 알아야 할 화폐 권력의 이동 네이버 프리미엄콘텐츠,"달러 스테이블코인이 신흥국 통화주권을 잠식하는 법 — 투자자가 알아야 할 화폐 권력의 이동 안녕하세요! 오늘은 조금 묵직하지만, 글로벌 투자자라면 반드시 짚고 넘어가야 할 주제를 들고 왔습니다. 바로 달러 스테이블코인이 신흥국 통화주권을 어떻게 잠식하는가 에 관한 이야기입니다. 암호화폐 투자에 관심 있으신 분들도, 혹은 신흥국 자산에 포트폴리오를 두고 계신 분들도 이 흐름을 모르면 큰 그림을 놓칠 수 있습니다. 달러 스테이블코인과 신흥국 통화주권 — 왜 지금 이 이야기인가? '스테이블코인은 그냥 암호화폐 거래소에서 쓰는 거 아닌가요?' 하고 생각하신 분들 계실 겁니다. 맞습니다, 불과 몇 년 전까지는 그랬습니다. 그런데 지금은 다릅니다. 현재 글로벌 스테이블코인 시장 규모는 약 3,150억 달러 , 우리 돈으로 약 430조 원에 달합니다. 그리고 이 중 98%가 달러 기반 입니다. 문제는 이 달러 스테이블코인이 단순히 트레이더들의 거래 도구를 넘어, 신흥국 일반 시민들의 '일상 결제 수단'으로 빠르게 침투하고 있다는 점입니다. BIS(국제결제은행) 총괄을 비롯한 주요 중앙은행 고위 인사들, 그리고 IMF·세계은행 회의에서도 이 문제가 공식 의제로 올라왔습니다. 단순한 기술 트렌드 이야기가 아니라, 국제 통화 질서의 재편 을 논하는 수준까지 온 겁니다. 달러화(Dollarisation)란 무엇인가 — '동네 슈퍼'가 달러로만 결제받기 시작한다면? 여러분이 어떤 나라의 중앙은행 총재라고 상상해 보세요. 경기가 과열되면 금리를 올려서 사람들이 돈을 덜 쓰게 만들고, 경기가 침체되면 금리를 내려서 소비를 자극합니다. 이게 바로 통화정책 전달 경로 입니다. 그런데 만약 동네 슈퍼마켓, 식당, 온라인 쇼핑몰이 전부 자국 화폐 대신 달러 스테이블코인으로만 결제를 받기 시작한다면 어떻게 될까요? 중앙은행이 금리를 아무리 바꿔도, 사람들이 이미 달러 기반 자산으로 거래하고 있으니 그 정책이 실물경제에 닿지 않는 상황이 벌어집니다. 이것이 바로 '달러화(Dollarisation)'의 핵심 문제입니다. 중앙은행이 존재하지만, 통화정책의 실효성이 사실상 무력화되는 상태입니다. 이 비유가 과장처럼 들리시나요? 실제로 아르헨티나, 터키, 나이지리아 같은 고인플레이션 국가에서는 이미 이런 현상이 진행 중입니다. 자국 통화 가치가 빠르게 떨어지는 상황에서 시민들이 달러 스테이블코인으로 자산을 보호하는 건 지극히 합리적인 선택이기 때문입니다. 달러 스테이블코인이 신흥국 통화주권을 무너뜨리는 3가지 경로 ① 자본 통제의 무력화 — 암호화폐 규제의 한계 신흥국 정부가 경제 위기 때 꺼내 드는 카드 중 하나가 바로 자본 통제 입니다. 외화가 빠르게 해외로 빠져나가지 못하도록 막는 장치죠. 그런데 달러 스테이블코인은 스마트폰 하나만 있으면 국경을 넘어 즉시 전송이 가능합니다. 경제/비즈니스 평균 주 54 회 신규 업데이트",1413,bs4_selector,-10.0,date_failed:original_date_too_old>52h:2026-06-19,70.0,False,False,https://news.google.com/rss/articles/CBMiiwFBVV95cUxPcG9WeUltakVnQWFFMXJ4bW4xTWI5blpjV0RlVkRmancxVS13czJOQUlZSzd1cEo0eHZGVUp2X2hyNXVFbnloREI1Q1Z0a1VEcXZqTzZqMHIzMEFpT1c0cVNIWmx4cm1ySS1vdEhKTjV2QTRLRnVzOTdUN2xnNmROVFU3YmZtOXhVS1d3?oc=5,https://contents.premium.naver.com/santainsite/santainfo/contents/260619122040721at,-29.5,"digital_asset_stablecoin,policy_legislation,stablecoin",stablecoin_general,2026-06-19,meta:publish-date,original_date_too_old>52h,11.0,21.0,,0.0,global_incident:digital_asset_policy:naver:stablecoin_policy:general,global_incident:digital_asset_policy:naver:stablecoin_policy,28.0,,,,,,,I105,comp_domestic_strategy:달러 스테이블코인이 신흥국 통화주권을 잠식하는 법 투자자가 알아야 할 화폐 권력의 이동,,,,,,,,,,,,,,,,,,,,스테이블코인,정부/국회,정부_국회,경쟁사_해외이슈,산업동향,산업동향,,,issue_representative_attempt,,,,
경쟁사_해외이슈,경쟁사/해외이슈,네이버,'80조 AI팩토리' 꿈꾸는 네이버…자금 조달은 어떻게?[NW리포트],v.daum.net,v.daum.net,"Fri, 19 Jun 2026 04:39:02 GMT","Fri, 19 Jun 2026 04:39:02 GMT",'80조 AI팩토리' 꿈꾸는 네이버…자금 조달은 어떻게?[NW리포트] v.daum.net,"'80조 AI팩토리' 꿈꾸는 네이버…자금 조달은 어떻게?[NW리포트] 유선희 기자 2026. 6. 19. 글자 수 10,000자 초과 시 일부만 음성으로 제공합니다. 가 매우 작은 폰트 작은 폰트 보통 폰트 큰 폰트 매우 큰 폰트 가 이 글자크기로 변경됩니다. (예시) 가장 빠른 뉴스가 있고 다양한 정보, 쌍방향 소통이 숨쉬는 다음뉴스를 만나보세요. 다음뉴스는 국내외 주요이슈와 실시간 속보, 문화생활 및 다양한 분야의 뉴스를 입체적으로 전달하고 있습니다. 닫기 유선희 기자 2026. 6. 19. 글자 수 10,000자 초과 시 일부만 음성으로 제공합니다. 가 매우 작은 폰트 작은 폰트 보통 폰트 큰 폰트 매우 큰 폰트 가 이 글자크기로 변경됩니다. (예시) 가장 빠른 뉴스가 있고 다양한 정보, 쌍방향 소통이 숨쉬는 다음뉴스를 만나보세요. 다음뉴스는 국내외 주요이슈와 실시간 속보, 문화생활 및 다양한 분야의 뉴스를 입체적으로 전달하고 있습니다. 글자 수 10,000자 초과 시 일부만 음성으로 제공합니다. 글자 수 10,000자 초과 시 일부만 음성으로 제공합니다. 글자 수 10,000자 초과 시 일부만 음성으로 제공합니다. 가 매우 작은 폰트 작은 폰트 보통 폰트 큰 폰트 매우 큰 폰트 가 이 글자크기로 변경됩니다. (예시) 가장 빠른 뉴스가 있고 다양한 정보, 쌍방향 소통이 숨쉬는 다음뉴스를 만나보세요. 다음뉴스는 국내외 주요이슈와 실시간 속보, 문화생활 및 다양한 분야의 뉴스를 입체적으로 전달하고 있습니다. 가 매우 작은 폰트 작은 폰트 보통 폰트 큰 폰트 매우 큰 폰트 가 이 글자크기로 변경됩니다. (예시) 가장 빠른 뉴스가 있고 다양한 정보, 쌍방향 소통이 숨쉬는 다음뉴스를 만나보세요. 다음뉴스는 국내외 주요이슈와 실시간 속보, 문화생활 및 다양한 분야의 뉴스를 입체적으로 전달하고 있습니다. 가 매우 작은 폰트 작은 폰트 보통 폰트 큰 폰트 매우 큰 폰트 가 이 글자크기로 변경됩니다. (예시) 가장 빠른 뉴스가 있고 다양한 정보, 쌍방향 소통이 숨쉬는 다음뉴스를 만나보세요. 다음뉴스는 국내외 주요이슈와 실시간 속보, 문화생활 및 다양한 분야의 뉴스를 입체적으로 전달하고 있습니다. (예시) 가장 빠른 뉴스가 있고 다양한 정보, 쌍방향 소통이 숨쉬는 다음뉴스를 만나보세요. 다음뉴스는 국내외 주요이슈와 실시간 속보, 문화생활 및 다양한 분야의 뉴스를 입체적으로 전달하고 있습니다. 네이버가 엔비디아와 손잡고 AI 팩토리 사업에 뛰어들면서 자금 조달 방안에 관심이 쏠리고 있다. 200메가와트(MW) 규모 AI 팩토리를 구축하고 장기적으로 2030년 1기가와트(GW)까지 확대한다는 계획인데, 증권가에서는 1GW 구축에 최대 80조원이 필요할 것으로 내다본다. 따라서 네이버 단독 투자보다 프로젝트 파이낸싱(PF)과 외부 투자 유치로 무게 추가 기우는데, 그 구조가 성패를 가를 것으로 점쳐진다. 19일 정보기술(IT) 업계에 따르면 네이버와 엔비디아의 협력은 글로벌 수요 발굴부터 자본 협력까지 AI 인프라 밸류체인 전 단계를 아우르는 통합 파트너십이다. 네이버는 데이터센터를 구축해 민간 기업과 정부·개발자들에게 컴퓨팅 자원을 제공하고, 엔비디아는 GPU 공급과 글로벌 고객 확보, 사업 리스크 분담에 참여하는 형태다. 이번 협력은 네이버가 추진해 온 AI 인프라 사업이 본격적인 사업 모델로 모습을 드러냈다는 점에서 의미를 지닌다. 지난해 네이버는 엔비디아와의 협력을 통해 GPU 6만장을 확보한 동시에 올해까지 1조원 이상의 GPU 투자를 진행한다고 밝혔다. 그동안 컴퓨팅 자원 확보와 데이터센터 투자에 집중했다면, 이번 AI 팩토리 사업은 이를 수익화할 수 있는 구조를 마련했다는 평가가 나온다. 네이버 미래 전략 차원에서도 중요한 분기점으로 작용하고 있다. 네이버의 핵심 사업에 검색·광고·커머스·콘텐츠 등 플랫폼에 AI 인프라가 추가되기 때문이다. 네이버에 따르면 GW급 AI 팩토리가 완전 가동될 경우 연간 20조원 규모의 신규 매출이 더해질 것으로 예상된다. 문제는 건설에 필요한 자금이다. 현재 네이버는 초기 200MW 구축을 위해 네이버와 전략적 파트너가 각각 10억달러 이상을 출자하고 이후 특수목적법인(SPV)을 통해 외부 자금을 유치하는 방안을 검토 중이다. 200MW 규모까지는 정식 계약은 아니지만 고객을 대부분 확보한 상태다. 그간 자금 조달 및 부채를 최소화하는 전략을 유지해 온 네이버의 기조를 고려하면 파격적인 결정이다. 지난 1분기 기준 네이버 현금성 자산은 약 6조4000억원 수준으로 단독 투자에는 한계가 있기 때문으로 분석된다. 다만 1GW급 AI 팩토리 구축 비용에 대한 구체적인 자금 조달 계획이 제시되지 않았다는 점에서 의구심도 존재한다. 증권업계에서는 1GW급 AI 팩토리 구축 비용을 500억~600억달러(약 70조~80조원) 수준으로 추산하고 있다. 1GW는 원자력발전소 1기 발전용량에 맞먹는 수준으로, 글로벌 AI 업계로 시야를 넓히면 코어위브, 오픈AI·오라클 연합의 스타게이트 프로젝트, 메타 등이 추진하는 초대형 AI 인프라와 견주는 규모다. 오동환 삼성증권 연구원은 보고서를 통해 ""네이버의 가용 현금을 크게 웃도는 규모인 만큼 외부 투자 유치나 유상증자 등 자금 조달 계획에 대한 추가 공개가 필요하다""고 진단했다. 1GW 데이터센터 건설에는 프로젝트 파이낸싱(PF)과 인프라 펀드, 전략적 투자자(SI) 유치가 핵심이 될 것으로 예상된다. 유상증자를 통해 자금조달 할 가능성은 높지 않다. 1GW 구축에 필요한 자금 규모가 수십조원대에 달하는 만큼 증자만으로 조달하기 어렵고, 대규모 신주 발행 시 기존 주주 지분가치 희석 우려도 크기 때문이다. 최근 국내 증시에서 대형 유상증자에 대한 투자자들의 반감이 커진 점도 부담 요인이다. 업계에서는 네이버 AI 팩토리 사업이 스타게이트 프로젝트와 유사한 방식으로 추진될 가능성이 높다고 보고 있다. 총 투자 규모 약 5000억달러(약 700조원)에 달하는 해당 프로젝트는 오픈AI가 단독으로 자금을 투입한 것이 아니라 소프트뱅크·오라클·MGX 등이 참여한 합작 투자회사를 설립해 진행하는 중이다. 미 정부와의 협력을 바탕으로 미국 전역에 차세대 데이터센터를 구축하는 것을 목표로 한다. SI 후보는 중동 국부펀드, 글로벌 인프라 펀드, 국내 금융권 등이 잠재적 투자 후보군으로 거론되는 중이다. 특히 사우디아라비아와 UAE 등 중동 자본은 최근 AI 인프라 투자에 적극적으로 나서고 있어 잠재 투자자로 꼽힌다. 네이버는 사우디아라비아 국부펀드(PIF) 및 관련 기관과 디지털 트윈 플랫폼 구축 및 스마트시티 신도시 개발 프로젝트를 공동 추진하는 등 이미 우호적인 협력 관계를 맺고 있기도 하다. 한 투자업계 관계자는 ""1GW급 AI 팩토리는 사실상 국가 인프라 사업에 가까운 규모""라며 ""GPU 확보뿐 아니라 수십조원 규모의 자금을 장기간 조달해야 하는 만큼 PF와 전략적 투자자 유치 역량이 사업 성패를 좌우할 것""이라고 평가했다. 유선희 기자 point@newsway.co.kr 네이버가 엔비디아와 손잡고 AI 팩토리 사업에 뛰어들면서 자금 조달 방안에 관심이 쏠리고 있다. 200메가와트(MW) 규모 AI 팩토리를 구축하고 장기적으로 2030년 1기가와트(GW)까지 확대한다는 계획인데, 증권가에서는 1GW 구축에 최대 80조원이 필요할 것으로 내다본다. 따라서 네이버 단독 투자보다 프로젝트 파이낸싱(PF)과 외부 투자 유치로 무게 추가 기우는데, 그 구조가 성패를 가를 것으로 점쳐진다. 19일 정보기술(IT) 업계에 따르면 네이버와 엔비디아의 협력은 글로벌 수요 발굴부터 자본 협력까지 AI 인프라 밸류체인 전 단계를 아우르는 통합 파트너십이다. 네이버는 데이터센터를 구축해 민간 기업과 정부·개발자들에게 컴퓨팅 자원을 제공하고, 엔비디아는 GPU 공급과 글로벌 고객 확보, 사업 리스크 분담에 참여하는 형태다. 이번 협력은 네이버가 추진해 온 AI 인프라 사업이 본격적인 사업 모델로 모습을 드러냈다는 점에서 의미를 지닌다. 지난해 네이버는 엔비디아와의 협력을 통해 GPU 6만장을 확보한 동시에 올해까지 1조원 이상의 GPU 투자를 진행한다고 밝혔다. 그동안 컴퓨팅 자원 확보와 데이터센터 투자에 집중했다면, 이번 AI 팩토리 사업은 이를 수익화할 수 있는 구조를 마련했다는 평가가 나온다. 네이버 미래 전략 차원에서도 중요한 분기점으로 작용하고 있다. 네이버의 핵심 사업에 검색·광고·커머스·콘텐츠 등 플랫폼에 AI 인프라가 추가되기 때문이다. 네이버에 따르면 GW급 AI 팩토리가 완전 가동될 경우 연간 20조원 규모의 신규 매출이 더해질 것으로 예상된다. 문제는 건설에 필요한 자금이다. 현재 네이버는 초기 200MW 구축을 위해 네이버와 전략적 파트너가 각각 10억달러 이상을 출자하고 이후 특수목적법인(SPV)을 통해 외부 자금을 유치하는 방안을 검토 중이다. 200MW 규모까지는 정식 계약은 아니지만 고객을 대부분 확보한 상태다. 그간 자금 조달 및 부채를 최소화하는 전략을 유지해 온 네이버의 기조를 고려하면 파격적인 결정이다. 지난 1분기 기준 네이버 현금성 자산은 약 6조4000억원 수준으로 단독 투자에는 한계가 있기 때문으로 분석된다. 다만 1GW급 AI 팩토리 구축 비용에 대한 구체적인 자금 조달 계획이 제시되지 않았다는 점에서 의구심도 존재한다. 증권업계에서는 1GW급 AI 팩토리 구축 비용을 500억~600억달러(약 70조~80조원) 수준으로 추산하고 있다. 1GW는 원자력발전소 1기 발전용량에 맞먹는 수준으로, 글로벌 AI 업계로 시야를 넓히면 코어위브, 오픈AI·오라클 연합의 스타게이트 프로젝트, 메타 등이 추진하는 초대형 AI 인프라와 견주는 규모다. 오동환 삼성증권 연구원은 보고서를 통해 ""네이버의 가용 현금을 크게 웃도는 규모인 만큼 외부 투자 유치나 유상증자 등 자금 조달 계획에 대한 추가 공개가 필요하다""고 진단했다. 1GW 데이터센터 건설에는 프로젝트 파이낸싱(PF)과 인프라 펀드, 전략적 투자자(SI) 유치가 핵심이 될 것으로 예상된다. 유상증자를 통해 자금조달 할 가능성은 높지 않다. 1GW 구축에 필요한 자금 규모가 수십조원대에 달하는 만큼 증자만으로 조달하기 어렵고, 대규모 신주 발행 시 기존 주주 지분가치 희석 우려도 크기 때문이다. 최근 국내 증시에서 대형 유상증자에 대한 투자자들의 반감이 커진 점도 부담 요인이다. 업계에서는 네이버 AI 팩토리 사업이 스타게이트 프로젝트와 유사한 방식으로 추진될 가능성이 높다고 보고 있다. 총 투자 규모 약 5000억달러(약 700조원)에 달하는 해당 프로젝트는 오픈AI가 단독으로 자금을 투입한 것이 아니라 소프트뱅크·오라클·MGX 등이 참여한 합작 투자회사를 설립해 진행하는 중이다. 미 정부와의 협력을 바탕으로 미국 전역에 차세대 데이터센터를 구축하는 것을 목표로 한다. SI 후보는 중동 국부펀드, 글로벌 인프라 펀드, 국내 금융권 등이 잠재적 투자 후보군으로 거론되는 중이다. 특히 사우디아라비아와 UAE 등 중동 자본은 최근 AI 인프라 투자에 적극적으로 나서고 있어 잠재 투자자로 꼽힌다. 네이버는 사우디아라비아 국부펀드(PIF) 및 관련 기관과 디지털 트윈 플랫폼 구축 및 스마트시티 신도시 개발 프로젝트를 공동 추진하는 등 이미 우호적인 협력 관계를 맺고 있기도 하다. 한 투자업계 관계자는 ""1GW급 AI 팩토리는 사실상 국가 인프라 사업에 가까운 규모""라며 ""GPU 확보뿐 아니라 수십조원 규모의 자금을 장기간 조달해야 하는 만큼 PF와 전략적 투자자 유치 역량이 사업 성패를 좌우할 것""이라고 평가했다. 유선희 기자 point@newsway.co.kr 뉴스웨이에서 직접 확인하세요. 해당 언론사로 이동합니다. 스트래티지 우선주 폭락···마이클 세일러, 비트코인 쇼핑 멈추나 - 뉴스웨이 가동률 106% 벽 부딪힌 K2 전차···현대로템, 철도·방산 풀 케파에 행복한 비명 - 뉴스웨이 월 6만2000원 넘으면 무제한, 적게 쓰면 환급···기후동행카드 플러스 출시 - 뉴스웨이 비트코인 횡보 속 알트코인 강세···유니스왑 20% 급등에 자금 이동 가속 - 뉴스웨이 일본은행 금리인상 31년 만에 '최고 수준'···비트코인은 왜 올랐나 - 뉴스웨이 결국 돈으로 풀었나...트럼프, 454조원 이란 재건기금 카드 '만지작' - 뉴스웨이 美 휘발유 갤런당 4달러 아래로...국내 주유소 '2000원대' 벽 깨지나 - 뉴스웨이 2년 2개월 만에 마주 앉았지만···최태원·노소영 끝내 합의 불발 - 뉴스웨이 비트코인 바닥 찍었나?···스탠다드차타드 ""암호화폐 겨울 끝났다"" - 뉴스웨이 중동 리스크 해소되자 비트코인 폭등···암호화폐 시장 '들썩' - 뉴스웨이 뉴스웨이에서 직접 확인하세요. 해당 언론사로 이동합니다.",6211,bs4_selector,-10.0,date_failed:original_date_too_old>52h:2026-06-19,136.5,False,True,https://news.google.com/rss/articles/CBMiRkFVX3lxTE9idF9zS3JPUFBDTGhYTmF3Z3QyNGFIcWF5Wm1uanp5ZVp6dlZCRkZTd1FRUnlZUUdDdFdjXzkxXzhMOXAzSnc?oc=5,https://v.daum.net/v/X5dAniiPj9,223.5,"ai_infrastructure_security,aidc_datacenter,platform_obligation",aidc_gpu_npu,2026-06-19,visible_date_node,original_date_too_old>52h,2.0,73.55,,0.0,global_incident:platform_regulation:naver:platform_content_moderation_obligation:announcement,global_incident:platform_regulation:naver:platform_content_moderation_obligation,32.0,self:platform_obligation,Y,,,,,I006,global_incident:mna_capital:naver:mna_capital,,,,,,,,,,,,,,,,,,,,네이버,경쟁사/해외이슈,경쟁사_해외이슈,경쟁사_해외이슈,경쟁사_해외이슈,경쟁사/해외이슈,,,issue_representative_attempt,,,,
경쟁사_해외이슈,경쟁사/해외이슈,네이버,[매드업 IPO]광고와 AI 사이…매드업의 몸값 계산법 : 네이버 블로그,Naver Blog,,"Mon, 22 Jun 2026 01:28:59 GMT",,[매드업 IPO]광고와 AI 사이…매드업의 몸값 계산법 : 네이버 블로그 Naver Blog,,0,domain_filter,-100.0,excluded_final_domain:blog.naver.com,0.0,False,,https://news.google.com/rss/articles/CBMijwFBVV95cUxQYlgyY0g4aldyb0RPdXd6WEx4VGgxaERyY00wLWZBU2NQcUxxZWhmUXpzNVVVSVNJX0tHVU1pUFQ2WFY0bGJ0Y2JVWHZody1qcXVhM2lrWVl1cVJ3ZEJacHA2WlIwZ2hzbmd6NF9LUk5LVm1qZWphOTQ1Rl9LODExMzRaUGMxQ2QxQ2E1Nm4yNA?oc=5,https://blog.naver.com/PostView.naver?blogId=dealsite&logNo=224322789893&redirect=Dlog,,,,,,not_checked_domain_filtered,,,,0.0,global_incident:mna_capital:naver:mna_capital:general,global_incident:mna_capital:naver:mna_capital,0.0,,,,,,,I006,global_incident:mna_capital:naver:mna_capital,,,,,,,,,,,,,,,,,,,,네이버,경쟁사/해외이슈,경쟁사_해외이슈,경쟁사_해외이슈,경쟁사_해외이슈,경쟁사/해외이슈,,,issue_representative_attempt,,,,
경쟁사_해외이슈,경쟁사/해외이슈,금융감독원,"네이버클라우드, 국가 AI센터 SPC에 1044억 출자…지분 26.1% 확보",ppss.kr,ppss.kr,"Fri, 19 Jun 2026 03:03:31 GMT","Fri, 19 Jun 2026 03:03:31 GMT","네이버클라우드, 국가 AI센터 SPC에 1044억 출자…지분 26.1% 확보 ppss.kr","(PPSS 이주환 기자) 네이버클라우드가 참여하는 국가 AI 컴퓨팅센터 구축 특수목적법인(SPC)의 사명이 ‘한국에이아이컴퓨팅센터’로 확정됐다. 초대 대표이사에는 삼성SDS 최고재무책임자(CFO) 출신인 안정태 부사장이 선임됐다. 네이버클라우드는 18일 정정공시를 통해 국가 AI 컴퓨팅센터 구축을 위한 SPC의 회사명을 ‘한국에이아이컴퓨팅센터 주식회사’로 확정했다고 밝혔다. 기존 공시에서는 회사명이 ‘국가 AI 컴퓨팅 센터’로 미확정 상태였으나, 이번 정정공시를 통해 사명과 대표이사, 취득예정일자 등이 구체화됐다. 공시에 따르면 한국에이아이컴퓨팅센터의 주요 사업은 클라우드 컴퓨팅 및 데이터센터 운영업이다. 설립 시 자본금은 56억 6,000만 원, 발행주식총수는 113만 2,000주다. 네이버클라우드는 해당 법인의 주식 104만 4,000주를 총 1044억 원에 현금 취득한다. 이는 네이버클라우드 자기자본 대비 15.89%에 해당하는 규모다. 최종 출자 완료 후 네이버클라우드의 지분율은 26.10%가 된다. 취득 목적은 국가 AI 컴퓨팅센터 구축을 위한 SPC 설립 및 유상증자 참여다. 네이버클라우드는 지난 5월 29일 1차 출자금 납입을 마쳤으며, 잔여 출자금은 2027년까지 2차에 걸쳐 분할 납입할 예정이다. 이번 정정공시는 국가 AI 컴퓨팅센터 사업의 법인 설립과 지배구조가 본격적으로 구체화되고 있다는 점에서 의미가 있다. 특히 네이버클라우드가 1,000억 원이 넘는 자금을 출자하고 26%대 지분을 확보하면서, 향후 국가 AI 인프라 구축 과정에서 핵심 민간 사업자로 참여하는 구조가 보다 명확해졌다. 국가 AI 컴퓨팅센터 구축 사업은 국내 AI 연구개발과 산업 육성을 위해 대규모 그래픽처리장치(GPU) 기반 컴퓨팅 자원을 공공과 민간에 제공하는 것을 목표로 한다. 삼성SDS가 주관사를 맡은 컨소시엄에는 네이버클라우드를 비롯해 삼성물산, 삼성전자, 카카오, 클러쉬, KT, 전라남도, 서남해안기업도시개발 등이 참여한다. 과학기술정보통신부는 올해 3분기 착공을 목표로 관련 인허가와 부지 조성 절차를 진행하고 있으며, 2028년까지 첨단 AI 반도체 1만 5,000장 규모의 국가 AI 컴퓨팅센터를 구축할 계획이다. 총사업비는 2조 5,000억 원 규모로 알려졌다. 센터가 완공되면 중소기업과 스타트업, 대학, 연구기관 등은 대규모 AI 연산 자원을 활용할 수 있게 된다. 정부는 이용 활성화를 위해 요금 지원, 기술 컨설팅, 교육 프로그램 등을 제공하고, 글로벌 기업과의 협력을 통한 AI 서비스 해외 진출 지원도 추진할 방침이다. 아울러 센터 내에는 연구개발 공간과 실증 환경도 조성된다. 이를 통해 국산 AI 반도체의 개발과 검증을 지원하고, 향후 상용 서비스 적용까지 연계한다는 구상이다. 이주환 기자 777@ppss.kr (PPSS 이주환 기자) 네이버클라우드가 참여하는 국가 AI 컴퓨팅센터 구축 특수목적법인(SPC)의 사명이 ‘한국에이아이컴퓨팅센터’로 확정됐다. 초대 대표이사에는 삼성SDS 최고재무책임자(CFO) 출신인 안정태 부사장이 선임됐다. 네이버클라우드는 18일 정정공시를 통해 국가 AI 컴퓨팅센터 구축을 위한 SPC의 회사명을 ‘한국에이아이컴퓨팅센터 주식회사’로 확정했다고 밝혔다. 기존 공시에서는 회사명이 ‘국가 AI 컴퓨팅 센터’로 미확정 상태였으나, 이번 정정공시를 통해 사명과 대표이사, 취득예정일자 등이 구체화됐다. 공시에 따르면 한국에이아이컴퓨팅센터의 주요 사업은 클라우드 컴퓨팅 및 데이터센터 운영업이다. 설립 시 자본금은 56억 6,000만 원, 발행주식총수는 113만 2,000주다. 네이버클라우드는 해당 법인의 주식 104만 4,000주를 총 1044억 원에 현금 취득한다. 이는 네이버클라우드 자기자본 대비 15.89%에 해당하는 규모다. 최종 출자 완료 후 네이버클라우드의 지분율은 26.10%가 된다. 취득 목적은 국가 AI 컴퓨팅센터 구축을 위한 SPC 설립 및 유상증자 참여다. 네이버클라우드는 지난 5월 29일 1차 출자금 납입을 마쳤으며, 잔여 출자금은 2027년까지 2차에 걸쳐 분할 납입할 예정이다. 이번 정정공시는 국가 AI 컴퓨팅센터 사업의 법인 설립과 지배구조가 본격적으로 구체화되고 있다는 점에서 의미가 있다. 특히 네이버클라우드가 1,000억 원이 넘는 자금을 출자하고 26%대 지분을 확보하면서, 향후 국가 AI 인프라 구축 과정에서 핵심 민간 사업자로 참여하는 구조가 보다 명확해졌다. 국가 AI 컴퓨팅센터 구축 사업은 국내 AI 연구개발과 산업 육성을 위해 대규모 그래픽처리장치(GPU) 기반 컴퓨팅 자원을 공공과 민간에 제공하는 것을 목표로 한다. 삼성SDS가 주관사를 맡은 컨소시엄에는 네이버클라우드를 비롯해 삼성물산, 삼성전자, 카카오, 클러쉬, KT, 전라남도, 서남해안기업도시개발 등이 참여한다. 과학기술정보통신부는 올해 3분기 착공을 목표로 관련 인허가와 부지 조성 절차를 진행하고 있으며, 2028년까지 첨단 AI 반도체 1만 5,000장 규모의 국가 AI 컴퓨팅센터를 구축할 계획이다. 총사업비는 2조 5,000억 원 규모로 알려졌다. 센터가 완공되면 중소기업과 스타트업, 대학, 연구기관 등은 대규모 AI 연산 자원을 활용할 수 있게 된다. 정부는 이용 활성화를 위해 요금 지원, 기술 컨설팅, 교육 프로그램 등을 제공하고, 글로벌 기업과의 협력을 통한 AI 서비스 해외 진출 지원도 추진할 방침이다. 아울러 센터 내에는 연구개발 공간과 실증 환경도 조성된다. 이를 통해 국산 AI 반도체의 개발과 검증을 지원하고, 향후 상용 서비스 적용까지 연계한다는 구상이다. '뒤돌아본 순간 시선 집중'...치어리더 우수한, 치명적 섹시 뒤태에 팬들 '심쿵' 페이커, 국가대표 유니폼 입는다…ENC 2026 대표팀 확정 [단독] 동양레저 ‘정면충돌’…파인크리크·파인밸리 인수안에 주주들 “이사회 전면 교체” '골프는 몰라도 유현주는 안다'...화이트룩으로 뽐낸 '골프여신' 비주얼 트럼프 “미 군함 10척 빨리 건조 가능하나”...한미 조선협력 급물살 타나 레이싱모델 천세라,환한 미소로 팬들과 눈맞춤 '존재감 과시' ""지갑 잃어버렸엉""… 최준희, 신혼 여행지서 보인 의외의 여유 ""일본 가지 말아라""던 중국, 돌연 태도 변화…단체관광 빗장 풀리나 이주환 기자 기자페이지 777@ppss.kr 타임폴리오 위드타임, AUM 1조 돌파…사모재간접 공모펀드 최초 타임폴리오 위드타임, AUM 1조 돌파…사모재간접 공모펀드 최초",3150,bs4_selector,-10.0,date_failed:original_date_too_old>52h:2026-06-19,159.5,False,False,https://news.google.com/rss/articles/CBMiZEFVX3lxTE5GeHNTMllhMzMtTzNlTGx5NTR1RkM3al9UdU55ckdUTlloUUtWak5hYlhjZDNDdDRTNDhXc2NmNUh0N2J1a25uY2JCOUctemtBc28yREUtazl2c1M0R1FVU2FGOUI?oc=5,https://www.ppss.kr/news/articleView.html?idxno=299301,21.5,"ai_infrastructure_security,aidc_datacenter,financial_performance,leadership_change,platform_obligation,strategy_mna_governance",aidc_national_center,2026-06-19,json_ld:datePublished,original_date_too_old>52h,4.0,90.65,,7.0,global_incident:platform_regulation:kakao:platform_data_protection_obligation:policy_change,global_incident:platform_regulation:kakao:platform_data_protection_obligation,32.0,self:platform_obligation,Y,,,,,I006,global_incident:mna_capital:naver:mna_capital,,,,,,,,,,,,,,,,,,,,금융감독원,정부/국회,정부_국회,경쟁사_해외이슈,경쟁사_해외이슈,경쟁사/해외이슈,,,issue_representative_attempt,,,,
경쟁사_해외이슈,경쟁사/해외이슈,플랫폼 시장점유율,IPO 나선 레몬헬스케어 “상급병원 점유율 80% 확보” : 네이버 블로그,Naver Blog,,"Fri, 19 Jun 2026 13:35:58 GMT",,IPO 나선 레몬헬스케어 “상급병원 점유율 80% 확보” : 네이버 블로그 Naver Blog,,0,domain_filter,-100.0,excluded_final_domain:blog.naver.com,0.0,False,,https://news.google.com/rss/articles/CBMijwFBVV95cUxNcm1tSGE3UXZMYmM4YjNmYVFSckpUSzE4bzlXbVNUWmNLbTBfN25jTlFYcVZNa04wVVNXLW9kWW5laXZiM2JlN2t2T1VjY2ZwWlY3Y09kQXdhNG1JTFdJSDNac01iVXZianFzUzhQYTlTMVlPb21VLXY1OEVtSm5GUWNrZFdPNzNkNl9LZnN2dw?oc=5,https://blog.naver.com/PostView.naver?blogId=dealsite&logNo=224320647636&redirect=Dlog,,,,,,not_checked_domain_filtered,,,,0.0,global_incident:mna_capital:naver:mna_capital:general,global_incident:mna_capital:naver:mna_capital,0.0,,,,,,,I006,global_incident:mna_capital:naver:mna_capital,,,,,,,,,,,,,,,,,,,,플랫폼 시장점유율,산업동향,산업동향,경쟁사_해외이슈,경쟁사_해외이슈,경쟁사/해외이슈,,,issue_representative_attempt,,,,
경쟁사_해외이슈,경쟁사/해외이슈,네이버,하정우 네이버클라우드 AI 이노베이션 센터장.,전자신문,전자신문,"Fri, 19 Jun 2026 21:23:44 GMT","Fri, 19 Jun 2026 21:23:44 GMT",하정우 네이버클라우드 AI 이노베이션 센터장. 전자신문,,0,failed,0.0,empty,13.5,False,False,https://news.google.com/rss/articles/CBMiwAVBVV95cUxNTC1RVFBKRVlFZmJpemVJaTZPSkZWVUt5RGN3bm44WDVrNllmUkg0X0V3T3dPRnpuUUExVGRUWEM5dzJwSjgzZGZXZVpubVRHeTY4V0U2cVVCZS1ubUxrTzNKZzlzZ3JUTVEtaU1ERncwVE1NMnJnMW9HaTBHRlk4ajhuaG5ybjRpcExLVnk3OG9JWFFLTkxxQktGcHdNenJKdW9LdE9yVFY4bmZ4NjZaNWpkNGxmODhFcTROOS1MVC10S01CSV9HV2ZPcXY4Z2ZIaTFXeXYyQWdPV0JWZHBjczNoNEVNbW9XckRjaGczSnd3cFF6dGRVQnhwMTR3UWR1S0p3STZJX2xXRnc2QmJ0X24yUEZaSUwxdHJwcDI2a2ptWkx5YUkySjdiYWZzelMyZWw5Sm1ORklTa0tNZ042eFdYbTFUakRLb1I3VHVLODhFRzQtRVc1cDhGU0VyLWh6dW9OTUxERERPTXdUdXdFaEJkVG5YWUtBc3ppWWx5U2JuZ09pQ244WUtPZlhRcXZ4cXpvQl9mZk1WdlRRR0FSSEZSeWlSWG5uSUNHQUhqbEFRdXdOeWZMZXFJY0Q4VGdkUmFURGQ0QUlMa29uOXRDYnQ1NV9GYW1yY1F6REl5eklrenhSVkYwV21xTVVmUDJla2FxUDl3czRnc2NaZDgwdzZ5Yldtc1BxYmUyWVd0eWhRcDU4WVVoY3pHTVZYMFg1dE1sQ2dmTk9ZRl9BSm9jSE5LUEp4QWNwMElWS29iUU5IYWpGSGxkeXI4Yi1yR3c5S0VqaGZhR0cxNEhIWGNJYVlrbmpycVhBdUN1czF5aWtDSms5SWRqZGEtOWFyb2VyUi1uY0ZXYl8xeTl5NEVuTXV6YVF0X1luVlJPX0dzY2VjVm5ONC0xczNoTEM2Sm1pZjE0a0FDd2owbDNmWWJkMQ?oc=5,https://www.etnews.com/tools/image_popup.html?v=bjQ5VkNYY2dLZTZMZFBUbmNzandvWmpGcjBTK1pHYm1CUVRXR0pTMldlYVZkdE5JeGJVUFVVNURJN04rbmhKTVJleGp1T3dieTlRUUUvZWhLclZlQnlzMkNCM0I2T2JjcjF6RGxoVjB0amM4QjcrcHo3MWQxMDV3bk15R1ZvUWN4eHpTanluTUFmSmc2dnk0b0RsMXltTjljd1RQcU5MNmEwSkd6aVZjZHJoWHFOVEEyQW9KVVRlZUIwVGlEekhad2gyb1VEUTJEWUhCS21vZ1YxTWtrRmJIN2UvN0RZbHdqcytPNlpjcGZYQWJsT2loYXM5R09zcUpIVG9uOXkvV00rcCtTZ2RnTnJiZEM0Mm9aMzBTRG1YRFBvUWV0WndCT0VBVUVyOEF1SXdpQkZkL2h1TlhiMWdLWCsvU1dvbGphR1RvTzVLaHFSWGxJMDF3Z2FSc25RPT0,197.5,ai_infrastructure_security,ai_infrastructure_security,,no_original_date_found,no_original_date_found_kept,0.0,-9.55,,0.0,,,0.0,,,,,,,I018,comp_domestic_ai_platform:하정우 네이버클라우드 ai 이노베이션 센터장,,,,,,,,,,,,,,,,,,,,네이버,경쟁사/해외이슈,경쟁사_해외이슈,경쟁사_해외이슈,경쟁사_해외이슈,경쟁사/해외이슈,,,issue_representative_attempt,,,,
경쟁사_해외이슈,경쟁사/해외이슈,네이버,"네이버클라우드, 옴니모달·FDE 앞세워 ‘실전형 국방 AI’ 공략",리얼뉴스,리얼뉴스,"Fri, 19 Jun 2026 04:50:32 GMT","Fri, 19 Jun 2026 04:50:32 GMT","네이버클라우드, 옴니모달·FDE 앞세워 ‘실전형 국방 AI’ 공략 리얼뉴스","국방산업발전대전서 데이터센터·클라우드·AI 모델 아우른 풀스택 전략 공개 폐쇄망·엣지 인프라로 데이터 주권 확보···현장형 엔지니어 조직으로 전력화 지원 온톨로지 기반 지식체계 구축해 작전계획·명령 초안 자동화 추진 네이버클라우드가 옴니모달 인공지능(AI)과 현장 밀착형 엔지니어 조직을 앞세워 실제 작전 환경에 적용할 수 있는 국방 AI 시장 공략에 나섰다. 네이버클라우드는 지난 10일 대전컨벤션센터에서 열린 ‘InLEX 대한민국 국방산업발전대전’에서 ‘소버린 AI 기반 국방 AX 발전 전략 세미나’를 열고 국방·방산·정보통신기술(ICT) 관계자들에게 국방 AI 전환 전략을 공개했다고 지난 11일 밝혔다. 회사는 텍스트와 음성, 영상, 지도 등 서로 다른 형태의 데이터를 하나의 작전 상황으로 통합해 이해하는 옴니모달 AI와 현장에 엔지니어를 배치하는 FDE(Forward Deployed Engineer) 체계를 핵심 경쟁력으로 제시했다. AI 모델 개발에 그치지 않고 실제 전장에서 활용할 수 있는 전력화 단계까지 지원하겠다는 구상이다. 유경범 네이버클라우드 상무는 ‘소버린 AI로 완성하는 국방 AX’를 주제로 데이터센터와 클라우드 인프라, AI 모델, 서비스를 결합한 풀스택 전략을 소개했다. 유 상무는 ‘하이퍼클로바X 옴니모달’이 다양한 전장 데이터를 통합된 상황으로 이해할 수 있다고 설명했다. 전장 환경의 변화를 예측하는 월드모델을 활용해 수집된 데이터를 지휘관의 판단을 돕는 정보로 전환할 수 있다는 주장이다. 국방 전용 AI 데이터센터 구축 방안도 제시했다. 육·해·공군과 합동참모본부의 데이터를 중앙 데이터센터에서 통합 학습하고, 전방과 함정, 이동형 지휘소에는 엣지 데이터센터를 배치하는 방식이다. 통신이 제한되거나 끊긴 상황에서도 AI 서비스를 운용할 수 있도록 중앙과 전장 인프라를 분산 구축한다. 네이버클라우드는 대규모 데이터센터 운영 경험과 폐쇄망 기반 모듈형 클라우드 구축 역량을 바탕으로 국방 전용 인프라를 공급할 수 있다고 강조했다. 군사 기밀과 작전 데이터를 외부 환경과 분리하면서 중앙 데이터센터부터 전장 엣지까지 하나의 체계로 연결한다는 계획이다. FDE 조직도 차별화 요소로 내세웠다. 엔지니어가 군 현장에 배치돼 사용자의 요구를 반영하고 시제품 개발과 검증을 반복하는 방식이다. 네이버클라우드는 이를 통해 개발한 AI가 현장 운용 단계에서 겪는 성능 저하와 시스템 연계 문제를 줄일 수 있다고 설명했다. 정낙수 네이버클라우드 상무는 구축형 클라우드와 온톨로지 기반 지식체계의 필요성을 강조했다. 각 군에 분산된 데이터를 온톨로지로 연결해 단순한 정보 집합이 아닌 의미와 관계를 이해하는 지식체계로 전환해야 한다는 것이다. 온톨로지는 데이터 간 관계와 의미를 구조화하는 기술이다. 이를 국방 데이터에 적용하면 AI가 판단 근거와 추론 경로를 제시할 수 있어 군사 의사결정의 신뢰성을 높일 수 있다. 네이버클라우드는 구축형 클라우드와 하이퍼클로바X를 결합해 국방 AI 통합 체계의 기반을 마련하겠다는 방침이다. AI 에이전트 운영체제를 개발하는 인핸스도 세미나에 참여했다. 안현진 인핸스 이사는 작전명령서와 센서 정보 등 비정형 데이터에서 핵심 내용을 추출하고, 작전 교리와 교전 규칙, 표준작전절차를 AI가 판단할 수 있는 규칙으로 변환하는 기술을 소개했다. 인핸스는 분야별 AI 에이전트가 협업해 작전계획과 작전명령 초안을 10분 이내에 작성하는 방안도 제시했다. 지휘관의 정보 분석 부담을 줄이고 의사결정 속도를 높이는 것이 목표다. 다만 국방 AI가 실제 작전 체계에 적용되려면 보안성과 정확성, 책임 소재를 함께 확보해야 한다. AI가 생성한 정보의 오류 가능성을 검증하고 인간 지휘관의 최종 판단권을 보장하는 통제 체계도 필요하다. 폐쇄망과 데이터 주권 확보뿐 아니라 군사적 판단에 적용할 수 있는 신뢰성 검증 기준을 마련하는 것이 국방 AI 전력화의 핵심 과제로 꼽힌다.",1919,trafilatura,-10.0,date_failed:original_date_too_old>52h:2026-06-19,115.5,False,False,https://news.google.com/rss/articles/CBMibEFVX3lxTE91Z0dfVm5wcTJXNXVIOWp5VlBGUTlLYzUzTWhpcWFocTUtQmgzX2VGa3NZYzRYR25IVlFoUGIxUWpNR1otSnFBamFNTnBwSXNNdTk5UGZ3VExHZTd4LUh5SjI5M29Day1tOTI4ag?oc=5,https://www.realnews.co.kr/news/articleView.html?idxno=30771,191.5,"ai_agent,ai_infrastructure_security,aidc_datacenter,digital_asset_stablecoin,phishing_security,platform_obligation,policy_legislation,privacy_security_reliability",aidc_law_power,2026-06-19,json_ld:datePublished,original_date_too_old>52h,4.0,64.85,,7.0,global_incident:platform_regulation:naver:platform_content_moderation_obligation:announcement,global_incident:platform_regulation:naver:platform_content_moderation_obligation,24.0,competitor:platform_obligation,Y,,,,,I020,comp_domestic_ai_platform:네이버클라우드 옴니모달 fde 앞세워 실전형 국방 ai 공략,,,,,,,,,,,,,,,,,,,,네이버,경쟁사/해외이슈,경쟁사_해외이슈,경쟁사_해외이슈,경쟁사_해외이슈,경쟁사/해외이슈,,,issue_representative_attempt,,,,
경쟁사_해외이슈,경쟁사/해외이슈,네이버,"네이버클라우드, 국방용 경량 옴니모달 AI 공개···드론·전술차량서 실시간 분석",리얼뉴스,리얼뉴스,"Fri, 19 Jun 2026 04:57:20 GMT","Fri, 19 Jun 2026 04:57:20 GMT","네이버클라우드, 국방용 경량 옴니모달 AI 공개···드론·전술차량서 실시간 분석 리얼뉴스","‘하이퍼클로바X 시드 4B’ 자체 개발···영상·음성·문서 동시 처리 모델 크기 절반으로 줄이고 성능 개선···제한된 엣지 환경서 저지연 추론 폐쇄망 기반 AI 풀스택 구축···2030년 전군 AI 전환 추진 네이버클라우드가 드론과 전술차량 등 제한된 컴퓨팅 환경에서도 영상과 음성, 문서를 실시간 분석할 수 있는 경량 옴니모달 인공지능 모델을 공개하며 국방 AI 시장 공략을 강화한다. 네이버클라우드는 ‘2026 한국군사과학기술학회 종합학술대회’에서 자체 개발한 경량 옴니모달 모델 ‘하이퍼클로바X 시드 4B’를 공개했다고 밝혔다. 폐쇄망 안에서 인프라와 AI 모델, 에이전트를 통합 운영하는 소버린 AI 기반 국방 전환 전략도 제시했다. 하이퍼클로바X 시드 4B는 텍스트뿐 아니라 이미지와 영상, 음성을 함께 이해하는 국방 특화 모델이다. 네이버클라우드가 자체 개발한 비전 인코더 ‘하이퍼클로바X 클립’과 오디오 인코더를 탑재했다. 한글 문서와 국내 환경을 이해할 수 있도록 한국어 중심 데이터도 학습했다. 현대 전장에서는 드론 영상과 위성사진, 무전 음성, 작전 문서 등 서로 다른 형태의 정보를 신속하게 분석해야 한다. 이를 지휘관의 의사결정과 연결하려면 여러 데이터를 통합 처리하는 옴니모달 기술이 필요하다. 국방 AI는 보안과 실시간성이 중요한 만큼 중앙 클라우드뿐 아니라 드론과 무인체계, 전술차량에서도 작동해야 한다. 전장에서는 통신이 끊기거나 대역폭이 제한될 수 있어 현장에서 직접 데이터를 처리하는 엣지 AI 역량이 중요하다. 네이버클라우드는 기존 8B급 대규모언어모델 백본에 프루닝과 지식 증류 기술을 적용해 모델 규모를 4B급으로 줄였다. 불필요한 연산을 덜어내고 대형 모델의 지식을 소형 모델에 이전하는 방식이다. 회사는 모델 크기를 절반 수준으로 축소하면서 옴니모달 모델 생산 공정을 개선해 최종 성능은 기존 8B급 옴니모달 모델보다 높였다고 설명했다. 연산 자원이 제한된 엣지 환경에서도 지연 시간을 줄여 실시간 추론이 가능하도록 설계했다. 하이퍼클로바X 시드 4B는 드론과 해안 감시 영상의 객체 탐지에 활용할 수 있다. 위성사진의 변화 분석과 사격장·생활관 위험요소 식별, 군용 장비 자동 인식, 전장 지도 분석도 지원한다. 네이버클라우드는 이를 정보·감시·정찰 자동화와 무인체계 운용, 통합 상황 인식 분야에 적용할 계획이다. AI가 분석 결과와 판단 근거를 함께 제시하는 설명 가능한 무인체계 구축에도 활용할 수 있다고 회사 측은 밝혔다. 폐쇄망 중심의 국방 AI 풀스택 전략도 공개했다. 국방 데이터가 외부로 유출되지 않도록 인프라와 머신러닝 운영체계, 대규모언어모델, AI 에이전트를 폐쇄망에 직접 배포하고 운영하는 구조다. 네이버클라우드는 자체 클라우드 인프라와 AI 모델을 결합해 군이 데이터와 시스템의 통제권을 유지할 수 있다고 강조했다. 해외 사업자나 외부 클라우드에 대한 의존도를 낮춰 국방 분야의 AI 주권도 확보한다는 구상이다. 회사는 2026년까지 국방 AI 전환 기반을 구축하고 관련 사업 참여를 확대할 방침이다. 이후 AI 에이전트를 군 업무와 작전 지원 영역에 단계적으로 적용해 2030년까지 국방 전 영역의 AI 전환을 추진한다. 다만 경량 모델의 성능이 실제 전장에서도 안정적으로 유지되는지는 추가 검증이 필요하다. 객체 오인식과 음성 분석 오류가 작전 판단에 영향을 줄 수 있는 만큼 군 운용 환경을 반영한 시험평가와 책임 기준을 마련해야 한다. 폐쇄망 구축만으로 보안 문제가 모두 해결되는 것도 아니다. 학습 데이터의 신뢰성과 모델 업데이트 절차, 사이버 공격 대응 체계를 함께 갖춰야 한다. AI의 분석 결과를 사람이 검증하고 최종 판단을 내리는 통제 원칙도 국방 AI 전력화 과정에서 구체화해야 할 과제로 꼽힌다.",1837,trafilatura,-10.0,date_failed:original_date_too_old>52h:2026-06-19,116.5,False,False,https://news.google.com/rss/articles/CBMibEFVX3lxTE5uc1I0dHlXbHhnY19EMmpTVUc0REZpQ2ZTNVFrQldvRUh0akpKRjBlWjQwOVBzVzNYQlg3WU5tcjFBNlB5TFVwVDNkLW5LbmR1SnFuUk5lMG8xb3lpbHFBY0Q2b2VDOWlKLS1hVw?oc=5,https://www.realnews.co.kr/news/articleView.html?idxno=30772,188.5,"ai_agent,ai_infrastructure_security,phishing_security,platform_obligation,policy_legislation,privacy_security_reliability",security_general,2026-06-19,json_ld:datePublished,original_date_too_old>52h,4.0,65.55,privacy_security:naver:data_leak:initial_investigation_response,7.0,global_incident:platform_regulation:naver:platform_content_moderation_obligation:announcement,global_incident:platform_regulation:naver:platform_content_moderation_obligation,24.0,competitor:platform_obligation,Y,,,,,I021,comp_domestic_ai_platform:네이버클라우드 국방용 경량 옴니모달 ai 공개 드론 전술차량서 실시간 분석,,,,,,,,,,,,,,,,,,,,네이버,경쟁사/해외이슈,경쟁사_해외이슈,경쟁사_해외이슈,경쟁사_해외이슈,경쟁사/해외이슈,,,issue_representative_attempt,,,,
경쟁사_해외이슈,경쟁사/해외이슈,금융감독원,"[6.19 개장 전 공시] 아이크래프트 네이버클라우드 518억 수주, HD현대마린 280억 계약",jabon.co.kr,jabon.co.kr,"Thu, 18 Jun 2026 23:00:00 GMT","Thu, 18 Jun 2026 23:00:00 GMT","[6.19 개장 전 공시] 아이크래프트 네이버클라우드 518억 수주, HD현대마린 280억 계약 jabon.co.kr","장진 기자 입력 2026.06.19 08:00 댓글 0 가 가 기사의 본문 내용은 이 글자크기로 변경됩니다. 기사의 본문 내용은 이 글자크기로 변경됩니다. 인공지능(AI) 인프라와 선박엔진 분야에서 대형 공급계약이 잇따랐다. 넥써쓰의 원스토어 인수 관련 유상증자와 SG의 대규모 증자 등 자본 조달 공시도 이어졌다. 자본시장은 AI 데이터센터 투자 확대와 조선 업황에 연동된 수주, 그리고 잇단 자본 조달 공시에 주목하고 있다. 19일 개장 전 공시에 따르면 아이크래프트와 HD현대마린엔진이 각각 AI 인프라와 선박엔진 분야에서 대형 계약을 체결했다. ◇ 아이크래프트 AI 스위치 518억···HD현대마린 280억 코스닥시장에서 아이크래프트는 네이버클라우드와 2026년 NIPA 엔비디아 인피니밴드 네트워크 스위치 공급계약을 체결했다고 공시했다. 계약금액은 518억1817만원이다. AI 데이터센터의 핵심 네트워크 장비 수주로, 국내 AI 인프라 투자 확대 흐름과 직결된다. 유가증권시장에서는 HD현대마린엔진이 중국 우후조선소(Wuhu Shipyard)와 선박엔진 공급계약을 맺었다. 계약금액은 279억9975만원으로 최근 매출액의 7.0% 규모다. 조선 업황 회복에 따른 엔진 수요 확대가 반영된 수주로 풀이된다. ◇ 넥써쓰·SG 유상증자···차AI헬스케어 지분양수 자본 조달 공시도 잇따랐다. 넥써쓰는 SK스퀘어·네이버·크래프톤을 상대로 신주 1717만1788주를 주당 2300원에 발행하는 유상증자로 약 295억원을 조달한다고 공시했다. 이는 원스토어 지분 2024만7990주를 626억2703만원에 양수하기 위한 자금이다. SG는 주주배정 후 실권주 일반공모 방식으로 신주 4100만주를 발행해 시설자금 150억원과 운영자금 200억원, 채무상환 159억6700만원, 타법인 증권 취득 100억원 등을 조달한다. 구주 1주당 신주 0.4142874776주가 배정되며 예정 발행가액은 주당 1487원이다. 테라사이언스도 비엠투자조합을 상대로 신주 100만주를 주당 100원에 발행해 10억원을 조달한다. 차케어스로부터 카카오헬스케어 주식 318만2686주를 약 150억원에 양수하기로 결정했다. ◇ 알테오젠 크론병 3상 전략 변경 알테오젠은 중등도-중증 활성 크론병 소아 환자의 유지 요법으로서 'CT-P13 피하주사(CT-P13 SC)'의 유효성과 안전성을 평가하는 무작위 배정·이중 눈가림 제3상 임상시험에서, 전략 변경에 따라 'Part 2' 시험 계획을 신청하지 않기로 결정했다고 공시했다. 임상 단계의 전략 변경인 만큼 후속 개발 방향과 파이프라인 영향에 대한 추가 확인이 필요한 사안이다. ◇ 자본시장뉴스 분석 자본시장뉴스는 이날 공시를 '테마별로 갈린 수주와 조달의 명암'으로 본다. 아이크래프트의 네이버클라우드 수주는 AI 데이터센터 투자가 후방 네트워크 장비 업체의 외형으로 이어지는 흐름을, HD현대마린엔진의 계약은 조선 업황 회복을 각각 반영한다. 두 건 모두 전방 산업 호조가 부품·장비 수주로 구체화된 사례다. 핵심은 조달의 성격 차이다. 넥써쓰의 증자는 원스토어 인수라는 명확한 사용처가 있는 반면, SG의 대규모 증자는 시설·운영·채무상환에 걸쳐 있어 재무구조 개선 성격이 강하다. 증자는 자금을 확보하는 동시에 기존 주주 지분 희석을 수반하는 만큼, 조달 목적과 사용처를 구분해 볼 필요가 있다. ◇ IB 관점 증권가와 IB 업계는 이날 공시를 AI·조선 수주 모멘텀과 자본 조달 수요가 동시에 드러난 사례로 본다. 매출 대비 비중이 큰 수주는 실적에 기여하지만, 대규모 증자는 지분 희석 부담이 따른다는 평가다. 한 IB 업계 관계자는 ""AI 인프라와 조선 엔진 수주는 전방 투자에 연동된 실적 모멘텀""이라면서도 ""채무상환 목적이 포함된 대규모 증자는 재무 부담 완화 효과와 함께 주주 지분 희석을 수반하는 만큼, 조달 목적의 질을 따져볼 필요가 있다""고 말했다. 인공지능(AI) 인프라와 선박엔진 분야에서 대형 공급계약이 잇따랐다. 넥써쓰의 원스토어 인수 관련 유상증자와 SG의 대규모 증자 등 자본 조달 공시도 이어졌다. 자본시장은 AI 데이터센터 투자 확대와 조선 업황에 연동된 수주, 그리고 잇단 자본 조달 공시에 주목하고 있다. 19일 개장 전 공시에 따르면 아이크래프트와 HD현대마린엔진이 각각 AI 인프라와 선박엔진 분야에서 대형 계약을 체결했다. ◇ 아이크래프트 AI 스위치 518억···HD현대마린 280억 코스닥시장에서 아이크래프트는 네이버클라우드와 2026년 NIPA 엔비디아 인피니밴드 네트워크 스위치 공급계약을 체결했다고 공시했다. 계약금액은 518억1817만원이다. AI 데이터센터의 핵심 네트워크 장비 수주로, 국내 AI 인프라 투자 확대 흐름과 직결된다. 유가증권시장에서는 HD현대마린엔진이 중국 우후조선소(Wuhu Shipyard)와 선박엔진 공급계약을 맺었다. 계약금액은 279억9975만원으로 최근 매출액의 7.0% 규모다. 조선 업황 회복에 따른 엔진 수요 확대가 반영된 수주로 풀이된다. ◇ 넥써쓰·SG 유상증자···차AI헬스케어 지분양수 자본 조달 공시도 잇따랐다. 넥써쓰는 SK스퀘어·네이버·크래프톤을 상대로 신주 1717만1788주를 주당 2300원에 발행하는 유상증자로 약 295억원을 조달한다고 공시했다. 이는 원스토어 지분 2024만7990주를 626억2703만원에 양수하기 위한 자금이다. SG는 주주배정 후 실권주 일반공모 방식으로 신주 4100만주를 발행해 시설자금 150억원과 운영자금 200억원, 채무상환 159억6700만원, 타법인 증권 취득 100억원 등을 조달한다. 구주 1주당 신주 0.4142874776주가 배정되며 예정 발행가액은 주당 1487원이다. 테라사이언스도 비엠투자조합을 상대로 신주 100만주를 주당 100원에 발행해 10억원을 조달한다. 차케어스로부터 카카오헬스케어 주식 318만2686주를 약 150억원에 양수하기로 결정했다. 알테오젠은 중등도-중증 활성 크론병 소아 환자의 유지 요법으로서 'CT-P13 피하주사(CT-P13 SC)'의 유효성과 안전성을 평가하는 무작위 배정·이중 눈가림 제3상 임상시험에서, 전략 변경에 따라 'Part 2' 시험 계획을 신청하지 않기로 결정했다고 공시했다. 임상 단계의 전략 변경인 만큼 후속 개발 방향과 파이프라인 영향에 대한 추가 확인이 필요한 사안이다. 자본시장뉴스는 이날 공시를 '테마별로 갈린 수주와 조달의 명암'으로 본다. 아이크래프트의 네이버클라우드 수주는 AI 데이터센터 투자가 후방 네트워크 장비 업체의 외형으로 이어지는 흐름을, HD현대마린엔진의 계약은 조선 업황 회복을 각각 반영한다. 두 건 모두 전방 산업 호조가 부품·장비 수주로 구체화된 사례다. 핵심은 조달의 성격 차이다. 넥써쓰의 증자는 원스토어 인수라는 명확한 사용처가 있는 반면, SG의 대규모 증자는 시설·운영·채무상환에 걸쳐 있어 재무구조 개선 성격이 강하다. 증자는 자금을 확보하는 동시에 기존 주주 지분 희석을 수반하는 만큼, 조달 목적과 사용처를 구분해 볼 필요가 있다. 증권가와 IB 업계는 이날 공시를 AI·조선 수주 모멘텀과 자본 조달 수요가 동시에 드러난 사례로 본다. 매출 대비 비중이 큰 수주는 실적에 기여하지만, 대규모 증자는 지분 희석 부담이 따른다는 평가다. 한 IB 업계 관계자는 ""AI 인프라와 조선 엔진 수주는 전방 투자에 연동된 실적 모멘텀""이라면서도 ""채무상환 목적이 포함된 대규모 증자는 재무 부담 완화 효과와 함께 주주 지분 희석을 수반하는 만큼, 조달 목적의 질을 따져볼 필요가 있다""고 말했다.",3680,bs4_selector,-10.0,date_failed:original_date_too_old>52h:2026-06-19,81.0,False,False,https://news.google.com/rss/articles/CBMiZ0FVX3lxTE5peXdob3BVN092RXZZRFJQV2d5aGxJMWlrVFAwYjBWVGFLeGZxdUpHTUlJYk1YOC10NXVSTlpIN04wZnhsMzUxQ0hrdmlOanltX1pZbVlmVzZOdE5EYlU4UFhBRDVkTUE?oc=5,https://www.jabon.co.kr/news/articleView.html?idxno=4235,22.5,"ai_infrastructure_security,aidc_datacenter,earnings,financial_performance,platform_obligation,policy_legislation,strategy_mna_governance",aidc_general,2026-06-19,json_ld:datePublished,original_date_too_old>52h,6.0,35.7,,7.0,global_incident:leadership_service:kakao:executive_change:executive_or_org_change,global_incident:leadership_service:kakao:executive_change,18.0,,,,,,,I033,comp_domestic_ai_platform:6 19 개장 전 공시 아이크래프트 네이버클라우드 518억 수주 hd현대마린 280억 계약,,,,,,,,,,,,,,,,,,,,금융감독원,정부/국회,정부_국회,경쟁사_해외이슈,경쟁사_해외이슈,경쟁사/해외이슈,,,issue_representative_attempt,,,,
경쟁사_해외이슈,경쟁사/해외이슈,오픈AI,OpenAI·앤트로픽 IPO 출격…스페이스X 넘어설까,신아일보,신아일보,"Mon, 22 Jun 2026 01:13:59 GMT","Mon, 22 Jun 2026 01:13:59 GMT",OpenAI·앤트로픽 IPO 출격…스페이스X 넘어설까 신아일보,"스페이스X가 역대 최대 IPO(기업공개) 신기원을 연 가운데 글로벌 투자자들의 관심은 차기 도전자인 OpenAI(오픈AI)와 Anthropic(앤트로픽)으로 이동하고 있다. IPO 규모에서는 스페이스X를 넘어서기 쉽지 않다는 전망이 우세하지만, 생성형 AI(인공지능)와 AI 에이전트 시장 성장에 대한 기대감이 커지면서 상장 이후 시장 파급력은 오히려 더 클 수 있다는 관측도 나온다. 22일 금융투자업계에 따르면, 오픈AI와 앤트로픽이 최근 나란히 상장 채비에 나서면서 차기 메가 IPO 주자를 둘러싼 기대감이 커지고 있다. 스페이스X는 지난 12일 나스닥 상장 과정에서 750억달러를 조달하며 기존 사우디 아람코의 IPO 기록(294억달러)을 크게 넘어섰다. 이후 주관사들의 초과배정옵션(그린슈) 행사로 조달 규모는 857억달러까지 확대됐다. 상장 당시 기업가치는 1조7700억달러로 평가됐으며, 주가는 첫 거래일 19% 급등해 시가총액 2조달러를 돌파했다. 시장에서는 스페이스X의 뒤를 이을 차기 메가 IPO 후보로 오픈AI와 앤트로픽을 주목하고 있다. 양사의 상장일은 확정되지 않았지만 최근 미국 증권거래위원회에 비공개 상장예비심사(S-1)를 제출하며 IPO 절차에 착수했다. 시장에서는 오픈AI가 이르면 오는 9월, 앤트로픽은 4분기 중으로 상장에 나설 것으로 예상하는 시각이 우세하다. 하지만 금융투자업계에서는 오픈AI와 앤트로픽이 상장에 성공하더라도 스페이스X의 IPO 기록을 넘어서기 쉽지 않을 것으로 보고 있다. 두 기업의 사업 구조가 AI 모델과 소프트웨어 서비스에 집중돼 우주·위성통신·국방·AI 인프라를 아우르는 스페이스X와 비교하면 사업 다각화 측면에서 차이가 있다는 이유에서다. 정의훈 유진투자증권 연구원은 ""스페이스X의 기업가치는 단순 우주기업이 아닌 스타링크와 xAI, 데이터센터, AI 컴퓨팅 인프라가 결합된 수직계열화 플랫폼으로 해석할 수 있다""고 말했다. 그러면서 ""오픈AI는 사실상 ChatGPT와 API 중심의 단일 사업모델, 앤트로픽은 클로드 중심의 AI 모델 사업자라서 사업 다각화 측면에서 스페이스X와 차이가 있다""고 덧붙였다. 일부에서는 오픈AI와 앤트로픽이 상장 당시 조달 규모와 별개로 상장 이후 투자자 관심도와 주가 상승 여력 측면에서는 스페이스X보다 더 클 수 있다는 분석도 나온다. 스페이스X가 우주와 위성, 국방 산업을 아우르는 기업이라면 오픈AI와 앤트로픽은 생성형 AI를 기반으로 AI 에이전트와 검색, 생산성 소프트웨어, 기업용 AI 시장 전반과 연결돼 있기 때문이다. 특히 ChatGPT와 클로드는 전 세계 수억명의 이용자를 확보하며 사실상 생성형 AI 산업의 표준 플랫폼으로 자리잡았다. 향후 AI 에이전트와 기업용 소프트웨어 시장 확대에 따른 수혜 기대도 크다. 실제 OpenAI는 올해 2월 공식 블로그를 통해 ChatGPT 주간 활성 이용자 수가 9억명, 유료 가입자 5000만명 이상이라고 밝힌 바 있다. 또 앤트로픽은 자체 연구 보고서를 통해 150개국 이상에서 클로드가 활용되고 있다고 밝혔다. 또한 씨티그룹은 글로벌 AI 시장 규모를 기존 3조5000억달러에서 4조2000억달러로 상향했고 기업용 AI 시장 규모 역시 1조2000억달러에서 1조9000억달러로 높였다. 특히 씨티그룹은 앤트로픽을 기업용 AI 분야 선도 업체로 평가하고 클로드와 클로드 코드를 중심으로 한 기업 수요 확대를 주요 성장동력으로 꼽았다. 정의훈 유진투자증권 연구원은 ""스페이스X가 우주 산업의 성장성을 입증했다면 오픈AI와 앤트로픽은 AI가 미래 핵심 인프라로 자리잡을 수 있는지를 보여주는 시험대가 될 것""이라며 ""IPO 규모에서는 차이가 있을 수 있지만 상장 이후 AI 산업 전반의 가치 재평가를 이끌 가능성은 충분하다""고 말했다. [신아일보] 이민섭 기자 minseob2001@shinailbo.co.kr OpenAI·앤트로픽 IPO 출격…스페이스X 넘어설까 [07:44 가상자산] 비트코인, 중동 지정학적 리스크에 하락 '최고 연 19%' 청년미래적금 출시…22일부터 가입 신청 키워드 #스페이스X #IPO #기업공개 #OpenAI #앤트로픽 서울 광진구 옛 청사 부지, 체육·문화·시니어 시설 갖춘 복합거점으로 개발 강서구, 장애인전용주차구역 과태료 '모바일 전자고지' 도입 구로구, 안양천 물놀이장 내달 개장…무료 운영으로 여름 피서객 맞는다 광진구 옛 청사 부지, 체육·문화·시니어 시설 갖춘 복합거점으로 개발 강서구, 장애인전용주차구역 과태료 '모바일 전자고지' 도입 구로구, 안양천 물놀이장 내달 개장…무료 운영으로 여름 피서객 맞는다 경기 수원시, 개발도상국 공무원 대상 폐기물 관리 연수 운영 신안산대 학생들 손끝에서 시작된 나눔…지역사회 품은 '뷰티핸즈' 시화병원장기 축구대회 성료…시흥 생활체육 열기 달궜다 수원시, 개발도상국 공무원 대상 폐기물 관리 연수 운영 신안산대 학생들 손끝에서 시작된 나눔…지역사회 품은 '뷰티핸즈' 시화병원장기 축구대회 성료…시흥 생활체육 열기 달궜다 인천 강화군, 산업안전보건위원회 개최…중대재해 예방체계 강화 남인천농협 주부대학동창회, 영흥도 포도농가 찾아 일손 지원 인천 송도서 국제행동발달연구학회 학술대회 개막…80여 개국 연구자 집결 강화군, 산업안전보건위원회 개최…중대재해 예방체계 강화 남인천농협 주부대학동창회, 영흥도 포도농가 찾아 일손 지원 인천 송도서 국제행동발달연구학회 학술대회 개막…80여 개국 연구자 집결 강원 홍천군, 아동도서 릴레이 28호 기증식 개최 춘천시 민원콜센터 만족도 96.5점…시민 소통창구 역할 강화 횡성군장애인종합복지관, 주민 활동가 ‘함께 서포터즈’ 출범 춘천시 민원콜센터 만족도 96.5점…시민 소통창구 역할 강화 횡성군장애인종합복지관, 주민 활동가 ‘함께 서포터즈’ 출범 [속보] SK하이닉스, 삼성전자 제치고 코스피 시총 1위 등극 상반기 리딩금융 쟁탈전…KB '선두' 신한 '추격' OpenAI·앤트로픽 IPO 출격…스페이스X 넘어설까 [숫자로 본 뉴스] 고임금 일자리 역대 최대 업종 따라 월급은 극과 극 롯데카드 제재 본격화…'해킹 영업정지' 첫 사례 나오나 [07:44 가상자산] 비트코인, 중동 지정학적 리스크에 하락 [속보] SK하이닉스, 삼성전자 제치고 코스피 시총 1위 등극 상반기 리딩금융 쟁탈전…KB '선두' 신한 '추격' OpenAI·앤트로픽 IPO 출격…스페이스X 넘어설까 [숫자로 본 뉴스] 고임금 일자리 역대 최대 업종 따라 월급은 극과 극 롯데카드 제재 본격화…'해킹 영업정지' 첫 사례 나오나 [07:44 가상자산] 비트코인, 중동 지정학적 리스크에 하락",3212,bs4_selector,86.0,category_guardrail_failed:v26_2_market_stock_commentary_excluded,43.5,True,False,https://news.google.com/rss/articles/CBMicEFVX3lxTFBWNTZSTVVqbmVsczRibUxCbnNMdHJqdFhvSXJqdzNsMnluLXY0RXZXMUllRG5DQ2ZHbFRSOUVKeDZOLVRUSUh1bjNxQllmVHo1T0pIZnoyS0RlLWE0YjJJbHJOX1hGT2VnMHZHdGdQVko?oc=5,https://www.shinailbo.co.kr/news/articleView.html?idxno=5032792,221.5,"ai_agent,ai_infrastructure_security,financial_performance,market_power_platform,platform_obligation,policy_legislation,search_ads,strategy_mna_governance",ai_infrastructure_security,2026-06-22,json_ld:datePublished,original_date_recent,4.0,157.85,,7.0,global_incident:platform_regulation:openai:platform_data_protection_obligation:policy_change,global_incident:platform_regulation:openai:platform_data_protection_obligation,24.0,competitor:platform_obligation,Y,,ok,http_200,body_valid,I049,global_incident:ai_security_policy:openai:anthropic_glasswing_security,comp_overseas_platform_ai,COMPETITOR_AI_STRATEGY,481.0,,OFF_TOPIC,COMP_OVERSEAS_PLATFORM_AI,overseas,경쟁사_해외이슈,COMPETITOR_AI_STRATEGY,comp_overseas_platform_ai,global_incident:ai_security_policy:openai:anthropic_glasswing_security,global_incident:ai_security_policy:openai:anthropic_glasswing_security,카카오가 경쟁사 전략·리스크·AI/플랫폼 대응을 비교 참고할 이슈,4.0,3.0,4.0,로컬 보조 라벨 / v26.2: overseas structural industry candidate,v43_hard_min:산업동향: daily-safe portfolio rescue,issue_selected,오픈AI,경쟁사/해외이슈,경쟁사_해외이슈,경쟁사_해외이슈,경쟁사_해외이슈,경쟁사/해외이슈,15.0,본문추출성공,issue_representative_attempt,fail:v26_2_market_stock_commentary_excluded,,,
경쟁사_해외이슈,경쟁사/해외이슈,메타,"메타, 크루소와 1.6GW 데이터센터 계약",뉴스톱,뉴스톱,"Fri, 19 Jun 2026 09:16:31 GMT","Fri, 19 Jun 2026 09:16:31 GMT","메타, 크루소와 1.6GW 데이터센터 계약 뉴스톱","가 가 기사의 본문 내용은 이 글자크기로 변경됩니다. 기사의 본문 내용은 이 글자크기로 변경됩니다. 메타플랫폼이 인공지능(AI) 인프라 확충을 위해 데이터센터 개발업체 크루소와 신규 컴퓨팅 공급 계약을 맺은 것으로 전해졌다. 블룸버그통신은 18일(현지시간) 메타가 미국 텍사스주 차일드리스와 미주리주 워렌턴에 있는 크루소 데이터센터 2곳에서 컴퓨팅 용량을 구매하기로 했다고 보도했다. 두 시설의 합산 용량은 약 1.6기가와트(GW)로, 1GW가 미국 약 75만 가구에 전력을 공급할 수 있는 규모라는 점을 감안하면 약 120만 가구분에 해당한다. 다만 계약 조건과 공급 일정 등 세부 사항은 아직 공식 확인되지 않았다. 크루소는 AI 특화 데이터센터와 클라우드 컴퓨팅 인프라를 구축·운영하는 업체다. 회사는 현재 계약된 컴퓨팅 용량이 4.9GW에 달하며 개발 예정 물량은 40GW를 넘는다고 밝히고 있다. 오라클, 마이크로소프트, 구글 모회사 알파벳 등과 데이터센터 계약을 체결한 상태다. 다만 최근 구글과의 협상이 결렬되면서 와이오밍주 데이터센터 개발 프로젝트에서는 제외된 바 있다. 이번 계약은 메타의 대규모 AI 투자 확대 흐름과 맞물린다. 메타는 향후 수년간 AI 인프라 구축에 최소 6천억달러를 투자하겠다는 계획을 밝힌 바 있다. 또한 루이지애나주 리치랜드 패리시에 건설 중인 초대형 데이터센터를 통해 향후 2GW 이상의 컴퓨팅 용량을 확보할 예정이다. 업계에서는 빅테크의 AI 경쟁이 반도체 확보를 넘어 전력과 데이터센터 선점 경쟁으로 확대되고 있다고 분석한다. 생성형 AI 모델 학습과 추론 수요가 급증하면서 안정적인 전력 공급과 대규모 컴퓨팅 인프라 확보가 핵심 경쟁력으로 부상하고 있기 때문이다. 메타플랫폼이 인공지능(AI) 인프라 확충을 위해 데이터센터 개발업체 크루소와 신규 컴퓨팅 공급 계약을 맺은 것으로 전해졌다. 블룸버그통신은 18일(현지시간) 메타가 미국 텍사스주 차일드리스와 미주리주 워렌턴에 있는 크루소 데이터센터 2곳에서 컴퓨팅 용량을 구매하기로 했다고 보도했다. 두 시설의 합산 용량은 약 1.6기가와트(GW)로, 1GW가 미국 약 75만 가구에 전력을 공급할 수 있는 규모라는 점을 감안하면 약 120만 가구분에 해당한다. 다만 계약 조건과 공급 일정 등 세부 사항은 아직 공식 확인되지 않았다. 크루소는 AI 특화 데이터센터와 클라우드 컴퓨팅 인프라를 구축·운영하는 업체다. 회사는 현재 계약된 컴퓨팅 용량이 4.9GW에 달하며 개발 예정 물량은 40GW를 넘는다고 밝히고 있다. 오라클, 마이크로소프트, 구글 모회사 알파벳 등과 데이터센터 계약을 체결한 상태다. 다만 최근 구글과의 협상이 결렬되면서 와이오밍주 데이터센터 개발 프로젝트에서는 제외된 바 있다. 이번 계약은 메타의 대규모 AI 투자 확대 흐름과 맞물린다. 메타는 향후 수년간 AI 인프라 구축에 최소 6천억달러를 투자하겠다는 계획을 밝힌 바 있다. 또한 루이지애나주 리치랜드 패리시에 건설 중인 초대형 데이터센터를 통해 향후 2GW 이상의 컴퓨팅 용량을 확보할 예정이다. 업계에서는 빅테크의 AI 경쟁이 반도체 확보를 넘어 전력과 데이터센터 선점 경쟁으로 확대되고 있다고 분석한다. 생성형 AI 모델 학습과 추론 수요가 급증하면서 안정적인 전력 공급과 대규모 컴퓨팅 인프라 확보가 핵심 경쟁력으로 부상하고 있기 때문이다. 이지혜 기자 letswin@globalnewstop.com",1670,bs4_selector,-10.0,date_failed:original_date_too_old>52h:2026-06-19,58.5,False,False,https://news.google.com/rss/articles/CBMib0FVX3lxTE9rbWFBa0JqZXVSS1VEc2ZIYXI5S1pZemRLSk5ERnJLX002NXo2ZjFDdXdyVnIwdVEzaVU2dXNRQmlIMXhxRGxjMk9HWUZTMlJoSGx3RlFFQU9xNDUwbE1lY3duWXA5WnBBeVlzSEtIVQ?oc=5,https://www.newstopkorea.com/news/articleView.html?idxno=45682,199.0,"ai_infrastructure_security,digital_asset_stablecoin,market_power_platform",ai_infrastructure_security,2026-06-19,json_ld:datePublished,original_date_too_old>52h,4.0,22.95,,7.0,global_incident:digital_asset_policy:google:sto_policy:executive_or_org_change,global_incident:digital_asset_policy:google:sto_policy,28.0,,,,,,,I057,comp_overseas_regulation_data:메타 크루소와 1 6gw 데이터센터 계약,,,,,,,,,,,,,,,,,,,,메타,경쟁사/해외이슈,경쟁사_해외이슈,경쟁사_해외이슈,경쟁사_해외이슈,경쟁사/해외이슈,,,issue_representative_attempt,,,,
경쟁사_해외이슈,경쟁사/해외이슈,메타,"메타, Crusoe 데이터센터에서 AI 컴퓨팅 파워 확보 - 블룸버그",Investing.com 한국어,Investing.com 한국어,"Thu, 18 Jun 2026 20:33:00 GMT","Thu, 18 Jun 2026 20:33:00 GMT","메타, Crusoe 데이터센터에서 AI 컴퓨팅 파워 확보 - 블룸버그 Investing.com 한국어",,0,failed,0.0,empty,14.0,False,False,https://news.google.com/rss/articles/CBMid0FVX3lxTE85d1JUWFlRNzFKZDNTRm5IZEZWLUplMUNSSEF2bkkyM0JrSkNYUGZXd2M4M0FkaTBMNV9tNmJnM1dyaHlONGpsRXVmS0VyTXdHcVR0b3FnOWRqNHdqUUN4aHhGZUJQSHdxTkd3OWJEc05QdXFDWHhv?oc=5,https://kr.investing.com/news/stock-market-news/article-93CH-1989649,197.0,ai_infrastructure_security,ai_infrastructure_security,,no_original_date_found,no_original_date_found_kept,0.0,-26.2,,0.0,,,0.0,,,,,,,I058,comp_overseas_regulation_data:메타 crusoe 데이터센터에서 ai 컴퓨팅 파워 확보 블룸버그,,,,,,,,,,,,,,,,,,,,메타,경쟁사/해외이슈,경쟁사_해외이슈,경쟁사_해외이슈,경쟁사_해외이슈,경쟁사/해외이슈,,,issue_representative_attempt,,,,
경쟁사_해외이슈,경쟁사/해외이슈,MS,MS '클라우드' 업고 기대 이상 실적,아이뉴스24,아이뉴스24,"Fri, 19 Jun 2026 18:02:02 GMT","Fri, 19 Jun 2026 18:02:02 GMT",MS '클라우드' 업고 기대 이상 실적 아이뉴스24,[김국배기자] 마이크로소프트(MS)가 클라우드 사업에 힘입어 시장 기대 이상의 실적을 거뒀다. MS는 20일(현지시간) 2017 회계연도 1분기(7월~9월) 매출액이 전년 동기대비 3% 증가한 223억 달러를 기록했다고 발표했다. 이는 시장 예상치인 217억 달러를 상회하는 수준이다. MS는 클라우드 사업이 이 같은 실적을 견인했다고 분석했다. 전체 클라우드 사업 부문 매출도 63억8천만 달러로 8% 정도 증가했다. 특히 이중 핵심인 클라우드 서비스 '애저(Azure)' 매출액은 전년보다 무려 116%나 늘었다. MS는 사티아 나델라 최고경영자(CEO) 체제를 맞아 클라우드 사업을 중점적으로 키우고 있다. 한편 기대 이상의 실적 발표로 MS의 주가는 시간 외 거래에서 5% 이상 급등했다. /김국배기자 vermeer@inews24.com,416,bs4_selector,-10.0,date_failed:original_date_too_old>52h:2016-10-21,32.0,False,True,https://news.google.com/rss/articles/CBMiS0FVX3lxTE9KdDk0UjhMUU5KLXVGQjFfWml6WTBVc2loSGtGN1FGcF9SbC0zeW12YWpudUUwRGMtUWtXSHlYd1dVVGxjSF9SVGNEYw?oc=5,https://mobile.inews24.com/v/986640,188.0,"earnings,financial_performance",financial_performance,2016-10-21,meta:article:published_time,original_date_too_old>52h,3.0,-21.6,,7.0,,,0.0,,,,,,,I079,comp_overseas_regulation_data:ms 클라우드 업고 기대 이상 실적,,,,,,,,,,,,,,,,,,,,MS,경쟁사/해외이슈,경쟁사_해외이슈,경쟁사_해외이슈,경쟁사_해외이슈,경쟁사/해외이슈,,,issue_representative_attempt,,,,
자사_및_계열사_이슈,자사 및 계열사 이슈,카카오,[기업家] 카카오 ⑤ㅣ AI·게임·금융 확장 속 보안·지배구조 변화까지,네이트,네이트,"Sun, 21 Jun 2026 01:36:00 GMT","Sun, 21 Jun 2026 01:36:00 GMT",[기업家] 카카오 ⑤ㅣ AI·게임·금융 확장 속 보안·지배구조 변화까지 네이트,"AI 요약 기사 제목과 본문 내용을 자동 요약한 내용입니다. 전체 내용을 이해하기 위해서는 기사 본문 전체를 확인하는 것이 더 좋습니다. AI챗이 열심히 분석 중입니다. 잠시만 기다려주세요. 기사 제목과 본문 내용을 자동 요약한 내용입니다. 전체 내용을 이해하기 위해서는 기사 본문 전체를 확인하는 것이 더 좋습니다. AI챗이 열심히 분석 중입니다. 잠시만 기다려주세요. ● 2026-06-21 카카오, 지난해 정보보호에 340억 투자…IT 전체 투자 14%↑에도 비중은 하락 카카오가 지난해 정보보호 분야에 340억원 이상을 투입해 보안 투자 규모를 확대했으나, 전체 IT 투자 증가폭이 더 커지면서 정보보호 투자 비중은 소폭 하락한 것으로 나타났다. 카카오는 한국인터넷진흥원(KISA) 정보보호 종합 포털에 공시한 자료에서 2025년 말 기준 정보보호 투자 금액이 340억4339만원으로 집계됐다고 밝혔다. 이는 2024년 말 기준 313억2705만원보다 약 27억원(8.7%) 증가한 수치다. 같은 기간 전체 IT 부문 투자액은 8219억8468만원으로, 전년(7221억7357만원) 대비 약 14% 늘었다. 이처럼 보안 투자 금액은 꾸준히 늘고 있지만, 전체 IT 투자에서 정보보호가 차지하는 비율은 2023년 말 3.9%, 2024년 말 4.3%에서 2025년 말 4.1%로 0.2%포인트 하락했다. 카카오는 IT 기업의 특성상 정보기술 전체에 대한 투자 비율이 높게 형성돼 있다고 설명했다. 카카오 관계자는 ""AI 관련 인프라 고도화에 발맞춰 정보기술 투자와 함께 정보보호 투자도 지속해서 확대하고 있다""고 말했다. 보안 인력과 인증 체계 강화도 이어지고 있다. 지난해 말 기준 카카오의 정보보호 전담 인력은 92.2명이며, 최고경영자(CEO) 직속의 성과 리더들이 각각 CISO와 CPO를 전담해 책임 경영을 강화하고 있다. 카카오는 정보보호관리체계(ISMS)-P, 업무 연속성 경영시스템(BCMS) 등 국내외 핵심 보안 인증 체계를 유지하고, 버그 바운티, 비즈니스 로그인 2단계 인증 의무화, 사칭 방지 '페이크 시그널' 등 다양한 이용자 보호 활동을 전개하고 있다. 카카오 관계자는 ""특히 이용자 보호를 위한 인증 체계 강화, 접근통제, 보안 모니터링 등 실질적인 보안 역량 강화에 중점을 두고 있다""며, ""서비스 개발부터 운영 전 과정에 걸쳐 보안 점검과 취약점 개선 활동을 지속하고 있다""고 밝혔다. 이어 ""앞으로도 이용자 신뢰를 최우선 가치로 두고 정보보호 투자와 보안 체계 고도화를 이어갈 계획이다""라고 덧붙였다. ● 2026-06-19 카카오게임즈 최대주주에 LAAA인베스트먼트…라인, 3천억원 투자 참여 이미지 크게 보기 카카오게임즈 로고 (사진=연합뉴스) 카카오게임즈의 최대주주가 일본 라인야후가 출자한 특수목적법인인 LAAA인베스트먼트 유한회사로 변경됐다. 카카오게임즈는 19일 제3자배정 유상증자와 주식매매 계약 이행에 따라 LAAA인베스트먼트 유한회사가 지분 33.43%를 보유하게 돼 최대주주가 됐다고 공시했다. LAAA인베스트먼트의 최대주주는 페트리코제6호사모투자 합자회사이며, 이 회사의 최대 출자자는 라인(LINE)을 운영하는 LY 주식회사다. 라인야후 측은 LAAA인베스트먼트를 통해 카카오게임즈의 2400억원 규모 제3자배정 유상증자와 600억원 규모 전환사채(CB) 발행에 참여했다. 카카오게임즈는 이날 유상증자 및 CB 발행 납입 절차도 마쳤다고 밝혔다. 이번 거래로 카카오는 기존 37.93%였던 카카오게임즈 지분이 14.68%로 감소했다. 카카오게임즈는 22일 임시 주주총회를 열어 김태환 라인게임즈 최고전략책임자(CSO)와 이시우 카카오게임즈 최고사업책임자(CBO)를 사내이사로 신규 선임하는 안건을 논의할 예정이다. 두 후보자는 이사 선임 후 공동대표로 내정돼 있다. 카카오게임즈 관계자는 ""신규 투자 유치를 기반으로 약 3000억원의 대규모 자금과 재무 안정성을 확보했고, 이를 통해 글로벌 사업경쟁력 강화 및 중장기 성장 기반 확보를 위한 전략적 투자를 강화할 예정""이라고 말했다. ● 2026-06-19 카카오게임즈, 카카오톡 '게임칩' 통해 25종 캐주얼 게임 출시 이미지 크게 보기 프렌즈 3매치처즐 (사진=연합뉴스) 카카오게임즈가 카카오톡 내 신규 플랫폼 '게임칩'을 통해 25종의 캐주얼 게임을 출시했다. '게임칩'은 카카오톡 이용자가 별도의 앱 설치 없이 HTML5 기반으로 다양한 게임을 바로 즐길 수 있도록 마련됐다. 카카오톡 '더보기' 탭에서 접근할 수 있으며, 이용자는 설치 과정 없이 게임을 간편하게 이용할 수 있다. 이번에 공개된 게임 라인업에는 '카카오프렌즈' IP를 활용한 프렌즈 봉봉, 프렌즈 타일 매치, 프렌즈 3매치 퍼즐 등 6종과 더불어 다양한 장르의 캐주얼 게임 19종이 포함됐다. 게임들은 짧은 시간 부담 없이 즐길 수 있는 캐주얼 장르로 구성됐으며, 카카오톡 내에서 친구들과 순위를 겨루거나 기록을 공유하는 등 가벼운 플레이 경험에 중점을 뒀다. 카카오게임즈는 이번 25종 게임 출시를 시작으로 연내 50종 이상의 게임을 순차적으로 선보일 계획이라고 밝혔다. 또한 이용자들이 카카오톡에서 더욱 쉽고 편리하게 다양한 게임을 접할 수 있도록 콘텐츠 경쟁력을 지속적으로 강화한다는 방침이다. 과거 카카오게임즈는 2016년부터 카카오톡 앱 내에서 '스낵게임'이라는 이름으로 미니게임을 서비스했으나, 2023년에 해당 서비스를 종료한 바 있다. 최근 국내 플랫폼인 토스와 원스토어 등이 HTML5 기반 미니게임 시장에 진출하면서, 카카오게임즈도 리뉴얼된 카카오톡을 중심으로 사업 확장에 나섰다. ● 2026-06-18 카카오 과징금 처분 '위법' 판결…서울고법, 공정위 명령 취소 이미지 크게 보기 공정거래위원회 (사진=연합뉴스) 카카오가 음원 서비스 중도해지 안내 부족을 이유로 공정거래위원회로부터 받은 과징금 처분이 위법하다는 판결이 나왔다. 서울고법 행정3부는 18일 카카오가 공정위를 상대로 제기한 소송에서 과징금 납부 명령을 취소한다고 판결했다. 재판부는 전자상거래법상 소비자에게 심한 불편을 초래한 경우에만 영업정지에 갈음하는 과징금 부과가 가능하다고 밝혔다. 또한 회사가 분할돼 영업정지의 실효성이 사라진 경우까지 과징금 부과 사유에 포함된다고 볼 수 없다고 설명했다. 공정위는 2024년 1월, 카카오가 2017년 5월부터 2021년 5월까지 멜론과 카카오톡 등에서 정기 결제형 음원 서비스를 제공하며 중도 해지 기능을 충분히 알리지 않았다며 시정명령과 과징금 9800만원을 부과했다. 카카오는 시정명령을 받은 뒤에도 같은 위반행위를 반복해 영업정지 사유에 해당했다. 이후 카카오는 디지털음원 사업 부문을 분할해 멜론컴퍼니를 설립했고, 멜론컴퍼니는 카카오 계열사에 흡수합병돼 사업 주체가 변경됐다. 이 과정에서 공정위는 카카오의 영업을 정지하더라도 멜론을 통해 사실상 영업이 계속될 수 있어 실효성이 없다는 이유로 영업정지 대신 과징금을 부과했다. 이에 카카오는 처분에 불복해 소송을 제기했고, 지난해 1월 서울고법은 공정위의 처분이 타당하다고 판단했다. 그러나 같은 해 11월 대법원은 과징금 부과 과정에 위법이 있었다며 판결을 파기환송했다. 대법원은 전자상거래법 34조 1항에 따라 영업정지가 소비자 등에게 심한 불편을 줄 우려가 있는 경우에만 과징금 부과가 가능하다고 해석했다. 또한 회사분할 등으로 영업정지 처분의 실효성이 사라진 경우까지 과징금 부과 사유에 포함하는 것은 규정의 문언을 벗어난 유추해석에 해당한다고 지적했다. 시정명령 처분에 대한 판단에는 문제가 없다고 보고 카카오의 상고는 기각했다. ● 2026-06-18 카카오페이, 디지털 정보격차 해소 공로로 과기정통부 장관 표창 이미지 크게 보기 카카오페이, 시니어 디지털 정보격차 해소 공로로 '과기부 장관 표창' 수상 (사진=연합뉴스) 카카오페이, 시니어 디지털 정보격차 해소 공로로 '과기부 장관 표창' 수상 (사진=연합뉴스) 카카오페이가 고령층의 디지털 정보격차 해소와 포용적 금융 문화 확산에 기여한 공로로 과학기술정보통신부 장관 표창을 받았다. 카카오페이는 2023년부터 카카오임팩트, 시니어금융교육협의회와 협력해 '사각사각 페이스쿨' 시니어클래스를 전국적으로 운영해왔다. 이 프로그램은 디지털 금융 이용에 어려움을 겪는 고령층을 지원하는 금융교육 활동으로, 서울, 경기, 대구, 부산, 광주, 전주, 대전, 춘천, 제주 등 전국 50개 복지관에서 진행되고 있다. 교육은 카카오페이가 직접 양성한 50~60대 시니어 금융교육 전문 강사 '페이티처'가 현장에 출강하는 방식으로 이뤄진다. 시니어가 시니어를 돕는 상생 모델을 통해 교육생들의 심리적 장벽을 낮추고 학습 효과를 높였다는 평가를 받았다. 교육 과정에는 디지털 금융 앱 활용법, 신용 관리, 금융 사기 예방 등 실생활 중심의 내용이 포함됐다. 카카오페이 관계자는 앞으로도 국민 누구나 안전하고 편리하게 디지털 금융의 혜택을 누릴 수 있도록 포용적 금융 교육을 확대하겠다고 밝혔다. 한편 과학기술정보통신부는 매년 6월을 '정보문화의 달'로 지정해 정보문화 확산과 지능정보사회 발전 등에 기여한 유공자를 선정해 포상하고 있다. ● 2026-06-16 카카오톡, 챗GPT 챗봇 도입…그룹·1:1 채팅에서 활용 가능 이미지 크게 보기 챗GPT 챗봇 (사진=연합뉴스) 카카오는 16일 카카오톡 채팅방에서 챗GPT 챗봇을 사용할 수 있는 기능을 도입한다고 발표했다. 챗GPT 챗봇은 그룹 채팅방과 1:1 채팅방 모두에서 활용할 수 있다. 채팅방 내 우측 상단 메뉴에서 챗봇을 선택한 뒤 챗GPT 챗봇을 추가하면 이용이 가능하다. 사용자는 채팅 입력창에서 @ 기호와 챗GPT 챗봇을 멘션해 원하는 프롬프트를 입력하거나, 입력창 하단의 키보드 툴바에 있는 챗GPT 버튼을 눌러서도 요청할 수 있다. 예시로 ""@ChatGPT 오늘 날씨 알려줘"", ""@ChatGPT 생일 축하 메시지 작성해 줘""와 같이 입력하면 챗GPT가 채팅방 내에서 답변을 제공한다. 챗GPT 챗봇과의 대화는 답변 말풍선 아래에 있는 자세히 보기 버튼을 누르면 챗GPT 포 카카오 서비스로 연결돼 이어갈 수 있다. 현재 프롬프트 입력은 텍스트로만 지원되며, 이미지 생성 기능도 포함되어 있다. 예를 들어 ""@ChatGPT 바다 풍경 그려줘""라고 요청하면 챗GPT가 해당 이미지를 생성해 답변한다. 카카오는 카카오톡의 사용성을 높이기 위해 여러 가지 업데이트도 진행한다. 메시지 입력창을 화면 하단에 고정해 대화 흐름을 자연스럽게 하고, 문서의 제목·목록·강조 표시 등은 원래 스타일 그대로 확인할 수 있도록 한다. 이들 새로운 기능들은 카카오톡 최신 버전(v.26.5.0 이상)에서 적용된다. ● 2026-06-16 카카오뱅크, 몽골 중앙은행과 디지털 금융 협력 논의 카카오뱅크가 몽골 중앙은행과 현지 최대 기업인 MCS그룹과 디지털 금융 혁신을 위한 협력 방안을 논의했다. 이번 논의는 지난 4월 카카오뱅크와 MCS그룹이 맺은 전략적 파트너십을 기반으로 전날 진행됐다. 카카오뱅크는 나락촉트 산자 몽골 중앙은행 총재와 그 관계자들에게 자사의 디지털 뱅킹 기술력, 사용자 경험(UX)과 사용자 인터페이스(UI) 경쟁력, 그리고 데이터에 기반한 리스크 관리 및 신용평가 노하우를 소개했다. 이 자리에서 카카오뱅크는 MCS그룹 및 M뱅크와 함께 추진 중인 협업 현황을 공유하고, 몽골 금융 환경에 적합한 디지털 금융 서비스 확대와 혁신 방향에 대해 의견을 교환했다. 윤호영 카카오뱅크 대표는 몽골 시장의 디지털 금융 성장 잠재력을 언급하며, 카카오뱅크가 보유한 디지털 뱅킹 운영 경험과 데이터 기반 신용평가 역량이 현지 금융 혁신에 기여할 수 있을 것이라고 밝혔다. 나락촉트 산자 몽골 중앙은행 총재는 몽골 중앙은행이 외국계 은행의 진출과 기술을 활용한 혁신적 은행 및 금융 서비스 도입을 적극 지원하고 있으며, 관련 법과 제도, 규제 환경 개선을 위한 노력을 계속하고 있다고 말했다. 네이트온쪽지 카카오톡 페이스북 엑스 URL 복사 댓글 운영 원칙 네이트 뉴스 댓글은 기사에 대한 자신의 생각을 말하고 남의 생각을 들으며 서로 다양한 의견을 나누는 공간입니다. 건전한 인터넷 문화 정착을 위해 아래와 같은 댓글 운영원칙을 적용합니다. 1. 댓글 삭제 아래에 해당하는 내용이 포함된 댓글은 이용자 신고 등에 의해 별도의 예고 없이 삭제·노출 제한될 수 있습니다. 타인에 대한 욕설 또는 비방 인신공격 또는 명예훼손 개인정보 유출 또는 사생활 침해 음란성 내용 또는 음란물 링크 상업적 광고 또는 사이트/홈페이지 홍보 불법정보 유출 같은 내용의 반복 (도배) 지역감정 조장 폭력 또는 사행심 조장 언론보도 형식의 허위 게시물 자살유발정보 혐오표현 또는 특정 속성을 이유로 특정 집단이나 그 구성원에 대한 비하·조롱 표현(이와 관련한 사항은 한국인터넷자율정책기구의 관련 가이드라인을 준수합니다) 기타 기사 내용과 관계없거나 부적절한 내용 2. 권한 제한 불건전한 댓글이 발견되는 경우 별도의 통보 없이 즉시 삭제하며, 상습적이거나 위반 정도가 심한 댓글을 게시하는 분에 대해서는 일정 기간 댓글 작성에 대한 권한을 제한할 수 있습니다. 또한 비정상적인 패턴으로 댓글 작성, 추천, 반대 등이 발생하는 것으로 관리자 또는 시스템이 판단하는 경우 부정 클릭여부를 확인하여 해당 IP나 ID를 제재할 수 있습니다. 댓글에 비속어 및 상대방의 불쾌감을 주는 단어를 사용하거나, 유명인이나 특정 일반인 또는 단체나 기관을 사칭하는 경우 제재될 수 있습니다. 명예훼손, 개인정보 유출, 욕설 등 법률에 위반되는 댓글은 관계 법령에 의거 민형사상의 불이익을 받을 수 있으니 이용에 주의를 부탁드립니다. 네이트 뉴스 댓글은 기사에 대한 자신의 생각을 말하고 남의 생각을 들으며 서로 다양한 의견을 나누는 공간입니다. 건전한 인터넷 문화 정착을 위해 아래와 같은 댓글 운영원칙을 적용합니다. 1. 댓글 삭제 아래에 해당하는 내용이 포함된 댓글은 이용자 신고 등에 의해 별도의 예고 없이 삭제·노출 제한될 수 있습니다. 타인에 대한 욕설 또는 비방 인신공격 또는 명예훼손 개인정보 유출 또는 사생활 침해 음란성 내용 또는 음란물 링크 상업적 광고 또는 사이트/홈페이지 홍보 불법정보 유출 같은 내용의 반복 (도배) 지역감정 조장 폭력 또는 사행심 조장 언론보도 형식의 허위 게시물 자살유발정보 혐오표현 또는 특정 속성을 이유로 특정 집단이나 그 구성원에 대한 비하·조롱 표현(이와 관련한 사항은 한국인터넷자율정책기구의 관련 가이드라인을 준수합니다) 기타 기사 내용과 관계없거나 부적절한 내용 2. 권한 제한 불건전한 댓글이 발견되는 경우 별도의 통보 없이 즉시 삭제하며, 상습적이거나 위반 정도가 심한 댓글을 게시하는 분에 대해서는 일정 기간 댓글 작성에 대한 권한을 제한할 수 있습니다. 또한 비정상적인 패턴으로 댓글 작성, 추천, 반대 등이 발생하는 것으로 관리자 또는 시스템이 판단하는 경우 부정 클릭여부를 확인하여 해당 IP나 ID를 제재할 수 있습니다. 댓글에 비속어 및 상대방의 불쾌감을 주는 단어를 사용하거나, 유명인이나 특정 일반인 또는 단체나 기관을 사칭하는 경우 제재될 수 있습니다. 명예훼손, 개인정보 유출, 욕설 등 법률에 위반되는 댓글은 관계 법령에 의거 민형사상의 불이익을 받을 수 있으니 이용에 주의를 부탁드립니다. 네이트 뉴스 댓글은 기사에 대한 자신의 생각을 말하고 남의 생각을 들으며 서로 다양한 의견을 나누는 공간입니다. 건전한 인터넷 문화 정착을 위해 아래와 같은 댓글 운영원칙을 적용합니다. 아래에 해당하는 내용이 포함된 댓글은 이용자 신고 등에 의해 별도의 예고 없이 삭제·노출 제한될 수 있습니다. 불건전한 댓글이 발견되는 경우 별도의 통보 없이 즉시 삭제하며, 상습적이거나 위반 정도가 심한 댓글을 게시하는 분에 대해서는 일정 기간 댓글 작성에 대한 권한을 제한할 수 있습니다. 또한 비정상적인 패턴으로 댓글 작성, 추천, 반대 등이 발생하는 것으로 관리자 또는 시스템이 판단하는 경우 부정 클릭여부를 확인하여 해당 IP나 ID를 제재할 수 있습니다. 댓글에 비속어 및 상대방의 불쾌감을 주는 단어를 사용하거나, 유명인이나 특정 일반인 또는 단체나 기관을 사칭하는 경우 제재될 수 있습니다. 명예훼손, 개인정보 유출, 욕설 등 법률에 위반되는 댓글은 관계 법령에 의거 민형사상의 불이익을 받을 수 있으니 이용에 주의를 부탁드립니다.",7975,bs4_selector,68.0,category_guardrail_failed:v26_2_market_stock_commentary_excluded,184.0,True,False,https://news.google.com/rss/articles/CBMieEFVX3lxTE9PTFpnUGtZS1FhYzAtSVJhMWVWN1J3ZlBobzhoY3RYaVBRaU1PVXA5cy1yRkZBMmVrVzNIVl85VVc1UG8zSWRjcFJOckE2U3Fhc21rMnhIUVBwZzV4VDFMZmJGWXNVbDRBanlMX1pOUXZfSlIxeE5LNA?oc=5,https://m.news.nate.com/view/20260621n04487?mid=m02&list=recent&cpcd=,117.8,"ai_infrastructure_security,financial_performance,kakao_games_management,kim_beomsoo_trial,phishing_security,platform_obligation,policy_legislation,privacy_security_reliability,strategy_mna_governance",kakao_games_control_sale,2026-06-21,url_date,original_date_recent,3.0,229.0,privacy_security:kakao:phishing_or_account_takeover:policy_change,63.0,global_incident:platform_enforcement:kakao:consumer_dark_pattern:sanction_penalty,global_incident:platform_enforcement:kakao:consumer_dark_pattern,32.0,self:platform_obligation,Y,,ok,http_200,body_valid,I093,self_privacy_security:기업 카카오 ai 게임 금융 확장 속 보안 지배구조 변화까지,self_privacy_security,SELF_DIRECT_RISK,383.3,DIRECT_RISK,,,other,자사_및_계열사_이슈,SELF_DIRECT_RISK,self_privacy_security,self_privacy_security:기업 카카오 ai 게임 금융 확장 속 보안 지배구조 변화까지,self_privacy_security:기업 카카오 ai 게임 금융 확장 속 보안 지배구조 변화까지,카카오 또는 계열사에 직접 발생한 외부 대응 필요 이슈,5.0,5.0,5.0,로컬 보조 라벨 / v26: 오늘 새 직접 사건·진전,v43_hard_min:산업동향: daily-safe portfolio rescue,issue_selected,카카오,자사 및 계열사 이슈,자사_및_계열사_이슈,자사_및_계열사_이슈,자사_및_계열사_이슈,자사 및 계열사 이슈,19.0,본문추출성공,issue_representative_attempt,fail:v26_2_market_stock_commentary_excluded,,,
자사_및_계열사_이슈,자사 및 계열사 이슈,카카오,[기업家] 카카오 ⑤ㅣ AI·게임·금융 확장 속 보안·지배구조 변화까지,CBC뉴스,CBC뉴스,"Sun, 21 Jun 2026 01:35:31 GMT","Sun, 21 Jun 2026 01:35:31 GMT",[기업家] 카카오 ⑤ㅣ AI·게임·금융 확장 속 보안·지배구조 변화까지 CBC뉴스,"● 2026-06-21 카카오, 지난해 정보보호에 340억 투자…IT 전체 투자 14%↑에도 비중은 하락 카카오가 지난해 정보보호 분야에 340억원 이상을 투입해 보안 투자 규모를 확대했으나, 전체 IT 투자 증가폭이 더 커지면서 정보보호 투자 비중은 소폭 하락한 것으로 나타났다. 카카오는 한국인터넷진흥원(KISA) 정보보호 종합 포털에 공시한 자료에서 2025년 말 기준 정보보호 투자 금액이 340억4339만원으로 집계됐다고 밝혔다. 이는 2024년 말 기준 313억2705만원보다 약 27억원(8.7%) 증가한 수치다. 같은 기간 전체 IT 부문 투자액은 8219억8468만원으로, 전년(7221억7357만원) 대비 약 14% 늘었다. 이처럼 보안 투자 금액은 꾸준히 늘고 있지만, 전체 IT 투자에서 정보보호가 차지하는 비율은 2023년 말 3.9%, 2024년 말 4.3%에서 2025년 말 4.1%로 0.2%포인트 하락했다. 카카오는 IT 기업의 특성상 정보기술 전체에 대한 투자 비율이 높게 형성돼 있다고 설명했다. 카카오 관계자는 ""AI 관련 인프라 고도화에 발맞춰 정보기술 투자와 함께 정보보호 투자도 지속해서 확대하고 있다""고 말했다. 보안 인력과 인증 체계 강화도 이어지고 있다. 지난해 말 기준 카카오의 정보보호 전담 인력은 92.2명이며, 최고경영자(CEO) 직속의 성과 리더들이 각각 CISO와 CPO를 전담해 책임 경영을 강화하고 있다. 카카오는 정보보호관리체계(ISMS)-P, 업무 연속성 경영시스템(BCMS) 등 국내외 핵심 보안 인증 체계를 유지하고, 버그 바운티, 비즈니스 로그인 2단계 인증 의무화, 사칭 방지 '페이크 시그널' 등 다양한 이용자 보호 활동을 전개하고 있다. 카카오 관계자는 ""특히 이용자 보호를 위한 인증 체계 강화, 접근통제, 보안 모니터링 등 실질적인 보안 역량 강화에 중점을 두고 있다""며, ""서비스 개발부터 운영 전 과정에 걸쳐 보안 점검과 취약점 개선 활동을 지속하고 있다""고 밝혔다. 이어 ""앞으로도 이용자 신뢰를 최우선 가치로 두고 정보보호 투자와 보안 체계 고도화를 이어갈 계획이다""라고 덧붙였다. ● 2026-06-19 카카오게임즈 최대주주에 LAAA인베스트먼트…라인, 3천억원 투자 참여 카카오게임즈의 최대주주가 일본 라인야후가 출자한 특수목적법인인 LAAA인베스트먼트 유한회사로 변경됐다. 카카오게임즈는 19일 제3자배정 유상증자와 주식매매 계약 이행에 따라 LAAA인베스트먼트 유한회사가 지분 33.43%를 보유하게 돼 최대주주가 됐다고 공시했다. LAAA인베스트먼트의 최대주주는 페트리코제6호사모투자 합자회사이며, 이 회사의 최대 출자자는 라인(LINE)을 운영하는 LY 주식회사다. 라인야후 측은 LAAA인베스트먼트를 통해 카카오게임즈의 2400억원 규모 제3자배정 유상증자와 600억원 규모 전환사채(CB) 발행에 참여했다. 카카오게임즈는 이날 유상증자 및 CB 발행 납입 절차도 마쳤다고 밝혔다. 이번 거래로 카카오는 기존 37.93%였던 카카오게임즈 지분이 14.68%로 감소했다. 카카오게임즈는 22일 임시 주주총회를 열어 김태환 라인게임즈 최고전략책임자(CSO)와 이시우 카카오게임즈 최고사업책임자(CBO)를 사내이사로 신규 선임하는 안건을 논의할 예정이다. 두 후보자는 이사 선임 후 공동대표로 내정돼 있다. 카카오게임즈 관계자는 ""신규 투자 유치를 기반으로 약 3000억원의 대규모 자금과 재무 안정성을 확보했고, 이를 통해 글로벌 사업경쟁력 강화 및 중장기 성장 기반 확보를 위한 전략적 투자를 강화할 예정""이라고 말했다. ● 2026-06-19 카카오게임즈, 카카오톡 '게임칩' 통해 25종 캐주얼 게임 출시 카카오게임즈가 카카오톡 내 신규 플랫폼 '게임칩'을 통해 25종의 캐주얼 게임을 출시했다. '게임칩'은 카카오톡 이용자가 별도의 앱 설치 없이 HTML5 기반으로 다양한 게임을 바로 즐길 수 있도록 마련됐다. 카카오톡 '더보기' 탭에서 접근할 수 있으며, 이용자는 설치 과정 없이 게임을 간편하게 이용할 수 있다. 이번에 공개된 게임 라인업에는 '카카오프렌즈' IP를 활용한 프렌즈 봉봉, 프렌즈 타일 매치, 프렌즈 3매치 퍼즐 등 6종과 더불어 다양한 장르의 캐주얼 게임 19종이 포함됐다. 게임들은 짧은 시간 부담 없이 즐길 수 있는 캐주얼 장르로 구성됐으며, 카카오톡 내에서 친구들과 순위를 겨루거나 기록을 공유하는 등 가벼운 플레이 경험에 중점을 뒀다. 카카오게임즈는 이번 25종 게임 출시를 시작으로 연내 50종 이상의 게임을 순차적으로 선보일 계획이라고 밝혔다. 또한 이용자들이 카카오톡에서 더욱 쉽고 편리하게 다양한 게임을 접할 수 있도록 콘텐츠 경쟁력을 지속적으로 강화한다는 방침이다. 과거 카카오게임즈는 2016년부터 카카오톡 앱 내에서 '스낵게임'이라는 이름으로 미니게임을 서비스했으나, 2023년에 해당 서비스를 종료한 바 있다. 최근 국내 플랫폼인 토스와 원스토어 등이 HTML5 기반 미니게임 시장에 진출하면서, 카카오게임즈도 리뉴얼된 카카오톡을 중심으로 사업 확장에 나섰다. ● 2026-06-18 카카오 과징금 처분 '위법' 판결…서울고법, 공정위 명령 취소 카카오가 음원 서비스 중도해지 안내 부족을 이유로 공정거래위원회로부터 받은 과징금 처분이 위법하다는 판결이 나왔다. 서울고법 행정3부는 18일 카카오가 공정위를 상대로 제기한 소송에서 과징금 납부 명령을 취소한다고 판결했다. 재판부는 전자상거래법상 소비자에게 심한 불편을 초래한 경우에만 영업정지에 갈음하는 과징금 부과가 가능하다고 밝혔다. 또한 회사가 분할돼 영업정지의 실효성이 사라진 경우까지 과징금 부과 사유에 포함된다고 볼 수 없다고 설명했다. 공정위는 2024년 1월, 카카오가 2017년 5월부터 2021년 5월까지 멜론과 카카오톡 등에서 정기 결제형 음원 서비스를 제공하며 중도 해지 기능을 충분히 알리지 않았다며 시정명령과 과징금 9800만원을 부과했다. 카카오는 시정명령을 받은 뒤에도 같은 위반행위를 반복해 영업정지 사유에 해당했다. 이후 카카오는 디지털음원 사업 부문을 분할해 멜론컴퍼니를 설립했고, 멜론컴퍼니는 카카오 계열사에 흡수합병돼 사업 주체가 변경됐다. 이 과정에서 공정위는 카카오의 영업을 정지하더라도 멜론을 통해 사실상 영업이 계속될 수 있어 실효성이 없다는 이유로 영업정지 대신 과징금을 부과했다. 이에 카카오는 처분에 불복해 소송을 제기했고, 지난해 1월 서울고법은 공정위의 처분이 타당하다고 판단했다. 그러나 같은 해 11월 대법원은 과징금 부과 과정에 위법이 있었다며 판결을 파기환송했다. 대법원은 전자상거래법 34조 1항에 따라 영업정지가 소비자 등에게 심한 불편을 줄 우려가 있는 경우에만 과징금 부과가 가능하다고 해석했다. 또한 회사분할 등으로 영업정지 처분의 실효성이 사라진 경우까지 과징금 부과 사유에 포함하는 것은 규정의 문언을 벗어난 유추해석에 해당한다고 지적했다. 시정명령 처분에 대한 판단에는 문제가 없다고 보고 카카오의 상고는 기각했다. ● 2026-06-18 카카오페이, 디지털 정보격차 해소 공로로 과기정통부 장관 표창 카카오페이가 고령층의 디지털 정보격차 해소와 포용적 금융 문화 확산에 기여한 공로로 과학기술정보통신부 장관 표창을 받았다. 카카오페이는 2023년부터 카카오임팩트, 시니어금융교육협의회와 협력해 '사각사각 페이스쿨' 시니어클래스를 전국적으로 운영해왔다. 이 프로그램은 디지털 금융 이용에 어려움을 겪는 고령층을 지원하는 금융교육 활동으로, 서울, 경기, 대구, 부산, 광주, 전주, 대전, 춘천, 제주 등 전국 50개 복지관에서 진행되고 있다. 교육은 카카오페이가 직접 양성한 50~60대 시니어 금융교육 전문 강사 '페이티처'가 현장에 출강하는 방식으로 이뤄진다. 시니어가 시니어를 돕는 상생 모델을 통해 교육생들의 심리적 장벽을 낮추고 학습 효과를 높였다는 평가를 받았다. 교육 과정에는 디지털 금융 앱 활용법, 신용 관리, 금융 사기 예방 등 실생활 중심의 내용이 포함됐다. 카카오페이 관계자는 앞으로도 국민 누구나 안전하고 편리하게 디지털 금융의 혜택을 누릴 수 있도록 포용적 금융 교육을 확대하겠다고 밝혔다. 한편 과학기술정보통신부는 매년 6월을 '정보문화의 달'로 지정해 정보문화 확산과 지능정보사회 발전 등에 기여한 유공자를 선정해 포상하고 있다. ● 2026-06-16 카카오톡, 챗GPT 챗봇 도입…그룹·1:1 채팅에서 활용 가능 카카오는 16일 카카오톡 채팅방에서 챗GPT 챗봇을 사용할 수 있는 기능을 도입한다고 발표했다. 챗GPT 챗봇은 그룹 채팅방과 1:1 채팅방 모두에서 활용할 수 있다. 채팅방 내 우측 상단 메뉴에서 챗봇을 선택한 뒤 챗GPT 챗봇을 추가하면 이용이 가능하다. 사용자는 채팅 입력창에서 @ 기호와 챗GPT 챗봇을 멘션해 원하는 프롬프트를 입력하거나, 입력창 하단의 키보드 툴바에 있는 챗GPT 버튼을 눌러서도 요청할 수 있다. 예시로 ""@ChatGPT 오늘 날씨 알려줘"", ""@ChatGPT 생일 축하 메시지 작성해 줘""와 같이 입력하면 챗GPT가 채팅방 내에서 답변을 제공한다. 챗GPT 챗봇과의 대화는 답변 말풍선 아래에 있는 자세히 보기 버튼을 누르면 챗GPT 포 카카오 서비스로 연결돼 이어갈 수 있다. 현재 프롬프트 입력은 텍스트로만 지원되며, 이미지 생성 기능도 포함되어 있다. 예를 들어 ""@ChatGPT 바다 풍경 그려줘""라고 요청하면 챗GPT가 해당 이미지를 생성해 답변한다. 카카오는 카카오톡의 사용성을 높이기 위해 여러 가지 업데이트도 진행한다. 메시지 입력창을 화면 하단에 고정해 대화 흐름을 자연스럽게 하고, 문서의 제목·목록·강조 표시 등은 원래 스타일 그대로 확인할 수 있도록 한다. 이들 새로운 기능들은 카카오톡 최신 버전(v.26.5.0 이상)에서 적용된다. ● 2026-06-16 카카오뱅크, 몽골 중앙은행과 디지털 금융 협력 논의 카카오뱅크가 몽골 중앙은행과 현지 최대 기업인 MCS그룹과 디지털 금융 혁신을 위한 협력 방안을 논의했다. 이번 논의는 지난 4월 카카오뱅크와 MCS그룹이 맺은 전략적 파트너십을 기반으로 전날 진행됐다. 카카오뱅크는 나락촉트 산자 몽골 중앙은행 총재와 그 관계자들에게 자사의 디지털 뱅킹 기술력, 사용자 경험(UX)과 사용자 인터페이스(UI) 경쟁력, 그리고 데이터에 기반한 리스크 관리 및 신용평가 노하우를 소개했다. 이 자리에서 카카오뱅크는 MCS그룹 및 M뱅크와 함께 추진 중인 협업 현황을 공유하고, 몽골 금융 환경에 적합한 디지털 금융 서비스 확대와 혁신 방향에 대해 의견을 교환했다. 윤호영 카카오뱅크 대표는 몽골 시장의 디지털 금융 성장 잠재력을 언급하며, 카카오뱅크가 보유한 디지털 뱅킹 운영 경험과 데이터 기반 신용평가 역량이 현지 금융 혁신에 기여할 수 있을 것이라고 밝혔다. 나락촉트 산자 몽골 중앙은행 총재는 몽골 중앙은행이 외국계 은행의 진출과 기술을 활용한 혁신적 은행 및 금융 서비스 도입을 적극 지원하고 있으며, 관련 법과 제도, 규제 환경 개선을 위한 노력을 계속하고 있다고 말했다. [기업家ㅣ기업가] 카카오 ● 2026-06-21 카카오, 지난해 정보보호에 340억 투자…IT 전체 투자 14%↑에도 비중은 하락 카카오가 지난해 정보보호 분야에 340억원 이상을 투입해 보안 투자 규모를 확대했으나, 전체 IT 투자 증가폭이 더 커지면서 정보보호 투자 비중은 소폭 하락한 것으로 나타났다. 카카오는 한국인터넷진흥원(KISA) 정보보호 종합 포털에 공시한 자료에서 2025년 말 기준 정보보호 투자 금액이 340억4339만원으로 집계됐다고 밝혔다. 이는 2024년 말 기준 313억2705만원보다 약 27억원(8.7%) 증가한 수치다. 같은 기간 전체 IT 부문 투자액은 8219억8468만원으로, 전년(7221억7357만원) 대비 약 14% 늘었다. 이처럼 보안 투자 금액은 꾸준히 늘고 있지만, 전체 IT 투자에서 정보보호가 차지하는 비율은 2023년 말 3.9%, 2024년 말 4.3%에서 2025년 말 4.1%로 0.2%포인트 하락했다. 카카오는 IT 기업의 특성상 정보기술 전체에 대한 투자 비율이 높게 형성돼 있다고 설명했다. 카카오 관계자는 ""AI 관련 인프라 고도화에 발맞춰 정보기술 투자와 함께 정보보호 투자도 지속해서 확대하고 있다""고 말했다. 보안 인력과 인증 체계 강화도 이어지고 있다. 지난해 말 기준 카카오의 정보보호 전담 인력은 92.2명이며, 최고경영자(CEO) 직속의 성과 리더들이 각각 CISO와 CPO를 전담해 책임 경영을 강화하고 있다. 카카오는 정보보호관리체계(ISMS)-P, 업무 연속성 경영시스템(BCMS) 등 국내외 핵심 보안 인증 체계를 유지하고, 버그 바운티, 비즈니스 로그인 2단계 인증 의무화, 사칭 방지 '페이크 시그널' 등 다양한 이용자 보호 활동을 전개하고 있다. 카카오 관계자는 ""특히 이용자 보호를 위한 인증 체계 강화, 접근통제, 보안 모니터링 등 실질적인 보안 역량 강화에 중점을 두고 있다""며, ""서비스 개발부터 운영 전 과정에 걸쳐 보안 점검과 취약점 개선 활동을 지속하고 있다""고 밝혔다. 이어 ""앞으로도 이용자 신뢰를 최우선 가치로 두고 정보보호 투자와 보안 체계 고도화를 이어갈 계획이다""라고 덧붙였다. ● 2026-06-19 카카오게임즈 최대주주에 LAAA인베스트먼트…라인, 3천억원 투자 참여 카카오게임즈의 최대주주가 일본 라인야후가 출자한 특수목적법인인 LAAA인베스트먼트 유한회사로 변경됐다. 카카오게임즈는 19일 제3자배정 유상증자와 주식매매 계약 이행에 따라 LAAA인베스트먼트 유한회사가 지분 33.43%를 보유하게 돼 최대주주가 됐다고 공시했다. LAAA인베스트먼트의 최대주주는 페트리코제6호사모투자 합자회사이며, 이 회사의 최대 출자자는 라인(LINE)을 운영하는 LY 주식회사다. 라인야후 측은 LAAA인베스트먼트를 통해 카카오게임즈의 2400억원 규모 제3자배정 유상증자와 600억원 규모 전환사채(CB) 발행에 참여했다. 카카오게임즈는 이날 유상증자 및 CB 발행 납입 절차도 마쳤다고 밝혔다. 이번 거래로 카카오는 기존 37.93%였던 카카오게임즈 지분이 14.68%로 감소했다. 카카오게임즈는 22일 임시 주주총회를 열어 김태환 라인게임즈 최고전략책임자(CSO)와 이시우 카카오게임즈 최고사업책임자(CBO)를 사내이사로 신규 선임하는 안건을 논의할 예정이다. 두 후보자는 이사 선임 후 공동대표로 내정돼 있다. 카카오게임즈 관계자는 ""신규 투자 유치를 기반으로 약 3000억원의 대규모 자금과 재무 안정성을 확보했고, 이를 통해 글로벌 사업경쟁력 강화 및 중장기 성장 기반 확보를 위한 전략적 투자를 강화할 예정""이라고 말했다. ● 2026-06-19 카카오게임즈, 카카오톡 '게임칩' 통해 25종 캐주얼 게임 출시 카카오게임즈가 카카오톡 내 신규 플랫폼 '게임칩'을 통해 25종의 캐주얼 게임을 출시했다. '게임칩'은 카카오톡 이용자가 별도의 앱 설치 없이 HTML5 기반으로 다양한 게임을 바로 즐길 수 있도록 마련됐다. 카카오톡 '더보기' 탭에서 접근할 수 있으며, 이용자는 설치 과정 없이 게임을 간편하게 이용할 수 있다. 이번에 공개된 게임 라인업에는 '카카오프렌즈' IP를 활용한 프렌즈 봉봉, 프렌즈 타일 매치, 프렌즈 3매치 퍼즐 등 6종과 더불어 다양한 장르의 캐주얼 게임 19종이 포함됐다. 게임들은 짧은 시간 부담 없이 즐길 수 있는 캐주얼 장르로 구성됐으며, 카카오톡 내에서 친구들과 순위를 겨루거나 기록을 공유하는 등 가벼운 플레이 경험에 중점을 뒀다. 카카오게임즈는 이번 25종 게임 출시를 시작으로 연내 50종 이상의 게임을 순차적으로 선보일 계획이라고 밝혔다. 또한 이용자들이 카카오톡에서 더욱 쉽고 편리하게 다양한 게임을 접할 수 있도록 콘텐츠 경쟁력을 지속적으로 강화한다는 방침이다. 과거 카카오게임즈는 2016년부터 카카오톡 앱 내에서 '스낵게임'이라는 이름으로 미니게임을 서비스했으나, 2023년에 해당 서비스를 종료한 바 있다. 최근 국내 플랫폼인 토스와 원스토어 등이 HTML5 기반 미니게임 시장에 진출하면서, 카카오게임즈도 리뉴얼된 카카오톡을 중심으로 사업 확장에 나섰다. ● 2026-06-18 카카오 과징금 처분 '위법' 판결…서울고법, 공정위 명령 취소 카카오가 음원 서비스 중도해지 안내 부족을 이유로 공정거래위원회로부터 받은 과징금 처분이 위법하다는 판결이 나왔다. 서울고법 행정3부는 18일 카카오가 공정위를 상대로 제기한 소송에서 과징금 납부 명령을 취소한다고 판결했다. 재판부는 전자상거래법상 소비자에게 심한 불편을 초래한 경우에만 영업정지에 갈음하는 과징금 부과가 가능하다고 밝혔다. 또한 회사가 분할돼 영업정지의 실효성이 사라진 경우까지 과징금 부과 사유에 포함된다고 볼 수 없다고 설명했다. 공정위는 2024년 1월, 카카오가 2017년 5월부터 2021년 5월까지 멜론과 카카오톡 등에서 정기 결제형 음원 서비스를 제공하며 중도 해지 기능을 충분히 알리지 않았다며 시정명령과 과징금 9800만원을 부과했다. 카카오는 시정명령을 받은 뒤에도 같은 위반행위를 반복해 영업정지 사유에 해당했다. 이후 카카오는 디지털음원 사업 부문을 분할해 멜론컴퍼니를 설립했고, 멜론컴퍼니는 카카오 계열사에 흡수합병돼 사업 주체가 변경됐다. 이 과정에서 공정위는 카카오의 영업을 정지하더라도 멜론을 통해 사실상 영업이 계속될 수 있어 실효성이 없다는 이유로 영업정지 대신 과징금을 부과했다. 이에 카카오는 처분에 불복해 소송을 제기했고, 지난해 1월 서울고법은 공정위의 처분이 타당하다고 판단했다. 그러나 같은 해 11월 대법원은 과징금 부과 과정에 위법이 있었다며 판결을 파기환송했다. 대법원은 전자상거래법 34조 1항에 따라 영업정지가 소비자 등에게 심한 불편을 줄 우려가 있는 경우에만 과징금 부과가 가능하다고 해석했다. 또한 회사분할 등으로 영업정지 처분의 실효성이 사라진 경우까지 과징금 부과 사유에 포함하는 것은 규정의 문언을 벗어난 유추해석에 해당한다고 지적했다. 시정명령 처분에 대한 판단에는 문제가 없다고 보고 카카오의 상고는 기각했다. ● 2026-06-18 카카오페이, 디지털 정보격차 해소 공로로 과기정통부 장관 표창 카카오페이가 고령층의 디지털 정보격차 해소와 포용적 금융 문화 확산에 기여한 공로로 과학기술정보통신부 장관 표창을 받았다. 카카오페이는 2023년부터 카카오임팩트, 시니어금융교육협의회와 협력해 '사각사각 페이스쿨' 시니어클래스를 전국적으로 운영해왔다. 이 프로그램은 디지털 금융 이용에 어려움을 겪는 고령층을 지원하는 금융교육 활동으로, 서울, 경기, 대구, 부산, 광주, 전주, 대전, 춘천, 제주 등 전국 50개 복지관에서 진행되고 있다. 교육은 카카오페이가 직접 양성한 50~60대 시니어 금융교육 전문 강사 '페이티처'가 현장에 출강하는 방식으로 이뤄진다. 시니어가 시니어를 돕는 상생 모델을 통해 교육생들의 심리적 장벽을 낮추고 학습 효과를 높였다는 평가를 받았다. 교육 과정에는 디지털 금융 앱 활용법, 신용 관리, 금융 사기 예방 등 실생활 중심의 내용이 포함됐다. 카카오페이 관계자는 앞으로도 국민 누구나 안전하고 편리하게 디지털 금융의 혜택을 누릴 수 있도록 포용적 금융 교육을 확대하겠다고 밝혔다. 한편 과학기술정보통신부는 매년 6월을 '정보문화의 달'로 지정해 정보문화 확산과 지능정보사회 발전 등에 기여한 유공자를 선정해 포상하고 있다. ● 2026-06-16 카카오톡, 챗GPT 챗봇 도입…그룹·1:1 채팅에서 활용 가능 카카오는 16일 카카오톡 채팅방에서 챗GPT 챗봇을 사용할 수 있는 기능을 도입한다고 발표했다. 챗GPT 챗봇은 그룹 채팅방과 1:1 채팅방 모두에서 활용할 수 있다. 채팅방 내 우측 상단 메뉴에서 챗봇을 선택한 뒤 챗GPT 챗봇을 추가하면 이용이 가능하다. 사용자는 채팅 입력창에서 @ 기호와 챗GPT 챗봇을 멘션해 원하는 프롬프트를 입력하거나, 입력창 하단의 키보드 툴바에 있는 챗GPT 버튼을 눌러서도 요청할 수 있다. 예시로 ""@ChatGPT 오늘 날씨 알려줘"", ""@ChatGPT 생일 축하 메시지 작성해 줘""와 같이 입력하면 챗GPT가 채팅방 내에서 답변을 제공한다. 챗GPT 챗봇과의 대화는 답변 말풍선 아래에 있는 자세히 보기 버튼을 누르면 챗GPT 포 카카오 서비스로 연결돼 이어갈 수 있다. 현재 프롬프트 입력은 텍스트로만 지원되며, 이미지 생성 기능도 포함되어 있다. 예를 들어 ""@ChatGPT 바다 풍경 그려줘""라고 요청하면 챗GPT가 해당 이미지를 생성해 답변한다. 카카오는 카카오톡의 사용성을 높이기 위해 여러 가지 업데이트도 진행한다. 메시지 입력창을 화면 하단에 고정해 대화 흐름을 자연스럽게 하고, 문서의 제목·목록·강조 표시 등은 원래 스타일 그대로 확인할 수 있도록 한다. 이들 새로운 기능들은 카카오톡 최신 버전(v.26.5.0 이상)에서 적용된다. ● 2026-06-16 카카오뱅크, 몽골 중앙은행과 디지털 금융 협력 논의 카카오뱅크가 몽골 중앙은행과 현지 최대 기업인 MCS그룹과 디지털 금융 혁신을 위한 협력 방안을 논의했다. 이번 논의는 지난 4월 카카오뱅크와 MCS그룹이 맺은 전략적 파트너십을 기반으로 전날 진행됐다. 카카오뱅크는 나락촉트 산자 몽골 중앙은행 총재와 그 관계자들에게 자사의 디지털 뱅킹 기술력, 사용자 경험(UX)과 사용자 인터페이스(UI) 경쟁력, 그리고 데이터에 기반한 리스크 관리 및 신용평가 노하우를 소개했다. 이 자리에서 카카오뱅크는 MCS그룹 및 M뱅크와 함께 추진 중인 협업 현황을 공유하고, 몽골 금융 환경에 적합한 디지털 금융 서비스 확대와 혁신 방향에 대해 의견을 교환했다. 윤호영 카카오뱅크 대표는 몽골 시장의 디지털 금융 성장 잠재력을 언급하며, 카카오뱅크가 보유한 디지털 뱅킹 운영 경험과 데이터 기반 신용평가 역량이 현지 금융 혁신에 기여할 수 있을 것이라고 밝혔다. 나락촉트 산자 몽골 중앙은행 총재는 몽골 중앙은행이 외국계 은행의 진출과 기술을 활용한 혁신적 은행 및 금융 서비스 도입을 적극 지원하고 있으며, 관련 법과 제도, 규제 환경 개선을 위한 노력을 계속하고 있다고 말했다. 삭제한 댓글은 다시 복구할 수 없습니다. 그래도 삭제하시겠습니까? 계정을 선택하시면 로그인·계정인증 을 통해 댓글을 남기실 수 있습니다. 회원 로그인 이름 비밀번호 자동등록방지 계정을 선택하시면 로그인·계정인증 을 통해 댓글을 남기실 수 있습니다. 로봇주, 차익실현 매물에 일제히 약세…일부 종목은 선별적 강세 [CBC뉴스] 국내 로봇 관련주가 전반적인 차익실현 매물 출회 속에 약세를 나타냈다. 최근 인공지능(AI)과 휴머노이드 로봇 산업 성장 기대감으로 급등했던 종목들이 조정을 받는 가... 2026-06-22 조선주 일제히 약세…한화오션 8%대 급락, 동일스틸럭스는 강세 [CBC뉴스] 국내 조선주가 차익실현 매물과 투자심리 위축 영향으로 일제히 하락세를 보였다. 반면 조선 기자재 관련 종목인 동일스틸럭스는 두 자릿수 상승률을 기록하며 시장의 주목을... 2026-06-22 효성중공업, 장중 384만원 기록…전일 대비 0.39% 하락 [CBC뉴스] 효성중공업이 장중 소폭 약세를 나타냈다. 시장 데이터에 따르면 효성중공업 주가는 오전 현재 384만 원으로 전일 대비 1만5,000원(0.39%) 하락했다. 거래량은... 2026-06-22 삼성전기, 증권가 목표가 280만원 제시에도 강보합…MLCC·ABF 업사이클 기대 [CBC뉴스] 삼성전기가 장중 강보합 흐름을 이어가는 가운데 증권가가 목표주가를 잇달아 상향 조정하면서 중장기 성장성에 대한 기대감이 커지고 있다.22일 장중 삼성전기는 전 거래일... 2026-06-22 광통신·광반도체주 혼조세…AI 인프라 확대 기대감은 지속, 광전자 빛과전자 빛샘전자 대한광통신은 하락세 [CBC뉴스] 광통신 및 광반도체 관련 종목들이 장중 혼조세를 보인 가운데 인공지능(AI) 데이터센터와 차세대 네트워크 투자 확대 기대감은 여전히 시장의 관심을 받고 있다.최근 글... 2026-06-22 삼성전자·SK하이닉스, 신흥시장 이익 반등 견인…블룸버그 ""강세장 핵심 동력"" [CBC뉴스] 삼성전자와 SK하이닉스 등 한국 반도체 기업들이 신흥시장(EM) 기업들의 실적 개선을 이끌며 글로벌 증시 강세장의 주요 동력으로 부상하고 있다고 블룸버그통신이 21일... 2026-06-22 [속보] 팬젠, 질병관리청 국립보건연구원과 27.5억원 규모 연구용역 계약 체결 [CBC뉴스] 팬젠이 질병관리청 국립보건연구원과 중증열성혈소판감소증후군(SFTS) 치료용 항체 개발 관련 연구용역 계약을 체결했다고 22일 공시했다.계약 내용은 '중증열성혈소판감소... 2026-06-22 두산로보틱스, 오토메이트 2026 참가…북미 자동화 시장 공략 본격화 [CBC뉴스] 두산로보틱스가 북미 최대 규모 자동화 전시회인 Automate 2026에 참가해 협동로봇 기반 자동화 솔루션을 선보였다.두산로보틱스는 이번 전시회에서 제조 현장의 생... 2026-06-22 [속보] 우진아이엔에스, 152억 규모 SK에코플랜트 HVAC·소방공사 수주 [CBC뉴스] 우진아이엔에스가 SK에코플랜트와 152억5100만원 규모의 공사 계약을 체결했다고 22일 공시했다.이번 계약은 ‘용인 Cluster 1기 Ph-2 OBL Ph-2 H... 2026-06-22 S2W, FIDO 얼라이언스 합류…다크웹 위협 분석·패스워드리스 보안 강화 빅데이터 분석 인공지능(AI) 기업 에스투더블유(S2W)가 글로벌 온라인 인증 표준화 기구인 FIDO 얼라이언스(FIDO Alliance)에 공식 회원사로 합류했다.FIDO 얼라이... 2026-06-22 리플(엑스알피 XRP), 1.20달러 재돌파 가능할까…“CLARITY 법안 기대감에도 시장은 신중” [CBC뉴스] 리플(엑스알피 XRP) 가격이 1.20달러 돌파 시도에 다시 실패한 뒤 좁은 가격 범위에 갇혀 있는 모습이라고 해외 코인매체 코인게이프가 전했다.코인게이프에 따르면 ... 2026-06-22 리플XRP 운명의 1.13달러…미·이란 휴전 양상 속 핵심 지지선 시험대 [CBC뉴스] 리플(XRP)이 단기 조정을 이어가는 가운데 시장의 시선이 1.13달러 지지선에 집중되고 있다. 미국과 이란 간 휴전 협상 움직임으로 글로벌 위험회피 심리가 일부 완... 2026-06-22 미국·이란 휴전 협상에도 XRP 약세…목표가 도달 후 차익실현 압력 확대 [CBC뉴스] 리플(XRP)이 최근 상승 목표 구간에 도달한 이후 차익실현 매물이 쏟아지면서 약세 흐름을 보이고 있다. 미국과 이란 간 휴전 협상 가능성이 거론되며 글로벌 금융시장... 2026-06-22 중동 휴전 협상 관측 속 리플 생태계 확장...크로스체인 확장 가속 [CBC뉴스] 크로스체인 인프라 플랫폼 스퀴드(Squid)는 최근 RLUSD와 다양한 암호화폐 간 스왑 서비스를 지원한다고 밝혔다.이번 지원으로 이용자들은 단일 거래만으로 RLUS... 2026-06-21 리플X, 양자컴퓨터 시대 대비 본격화…XRPL 보안 업그레이드 공개 [CBC뉴스] 리플(XRP) 생태계 개발을 담당하는 리플X(RippleX)가 양자컴퓨팅 시대를 대비한 차세대 보안 전략을 공개하면서 시장의 관심을 끌고 있다.리플X의 최고 엔지니어... 2026-06-21 리플XRP, 금리 동결·중동 긴장 완화 속 반등 모색…“2달러 돌파가 장기 상승 분수령” [CBC뉴스] 리플(XRP)이 미국 연방준비제도(Fed)의 기준금리 동결과 중동 지역 긴장 완화 기대감 속에서 반등 가능성을 모색하고 있다. 다만 시장에서는 XRP가 본격적인 상승... 2026-06-21 리플, 아프리카 핀테크 투자 확대…플러터웨이브 지분 인수 주목 [CBC뉴스] 리플(XRP)이 아프리카 대표 핀테크 기업 플러터웨이브(Flutterwave)에 투자하며 글로벌 금융 시장 공략을 확대하고 있다.블룸버그 보도에 따르면 리플은 최근 ... 2026-06-21 RLUSD 활용성 확대…스퀴드, 리플XRP 스테이블코인 크로스체인 스왑 지원 [CBC뉴스] 리플(XRP)이 발행한 달러 연동 스테이블코인 RLUSD의 활용 범위가 확대되고 있다.크로스체인 인프라 플랫폼 스퀴드(Squid)는 최근 RLUSD와 다양한 암호화폐... 2026-06-20 리플X, 양자컴퓨터 시대 대비 나선다…미 금리 동결 속 XRPL 보안 강화 [CBC뉴스] 리플(XRP) 생태계 개발을 담당하는 리플X(RippleX)가 양자컴퓨팅 시대를 대비한 차세대 보안 전략을 공개했다.리플X의 최고 엔지니어 아요 아키니엘레(Ayo A... 2026-06-20 리플XRP, 2달러 돌파가 분수령…미 연준 금리 동결 속 9.5달러 전망 재조명 [CBC뉴스] 가상자산 XRP가 주요 저항선으로 꼽히는 2달러 돌파 여부에 시장의 관심이 집중되고 있다. 미국 연방준비제도(Fed)가 기준금리를 동결한 가운데 XRP의 중장기 상승... 2026-06-20 하츠투하츠, 오늘 톡쏘는 상큼함으로 컴백 [CBC뉴스] 그룹 하츠투하츠(카르멘, 지우, 유하, 스텔라, 주은, 에이나, 이안, 예온)가 오늘 (22일) 미니 2집 'Lemon Tang'을 발매하고 컴백한다.이번 앨범은 동... 2026-06-22 아이덴티티, '제35회 서가대' '글로벌 루키상' 수상 [CBC뉴스]그룹 아이덴티티(idntt)가 서울가요대상에서 'SMA 글로벌 루키상'을 수상했다.아이덴티티는 지난 20일 인천 인스파이어 아레나에서 열린 '제35회 서울가요대상'에서... 2026-06-22 나나, ‘2026 KISF’ 글로벌 OTT 어워즈 '조연배우상' 수상! [CBC뉴스]배우 나나가 ‘2026 KISF 글로벌 OTT 어워즈’에서 조연배우상을 수상했다.나나는 지난 20일 부산 영화의전당에서 열린 ‘2026 코리아국제스트리밍페스티벌 글로벌... 2026-06-22 환희, ‘불후의 명곡’→‘살림남’까지 종횡무진 주말 접수 [CBC뉴스]환희가 주말 예능 프로그램에서 가창력과 따뜻한 가족의 모습을 선보였다.환희는 지난 20일 방송된 KBS 2TV '불후의 명곡'과 '살림하는 남자들 시즌2'에 잇달아 출... 2026-06-22 아홉, 본격 컴백 카운트다운 돌입 [CBC뉴스]그룹 아홉(AHOF)이 세 번째 미니앨범을 발매하고 컴백한다.소속사 F&F엔터테인먼트는 22일 공식 SNS 채널을 통해 아홉의 미니 3집 'RUN TO YOU(런 투 ... 2026-06-22 로봇주, 차익실현 매물에 일제히 약세…일부 종목은 선별적 강세 [CBC뉴스] 국내 로봇 관련주가 전반적인 차익실현 매물 출회 속에 약세를 나타냈다. 최근 인공지능(AI)과 휴머노이드 로봇 산업 성장 기대감으로 급등했던 종목들이 조정을 받는 가... 2026-06-22 조선주 일제히 약세…한화오션 8%대 급락, 동일스틸럭스는 강세 [CBC뉴스] 국내 조선주가 차익실현 매물과 투자심리 위축 영향으로 일제히 하락세를 보였다. 반면 조선 기자재 관련 종목인 동일스틸럭스는 두 자릿수 상승률을 기록하며 시장의 주목을... 2026-06-22 로봇주, 차익실현 매물에 일제히 약세…일부 종목은 선별적 강세 [CBC뉴스] 국내 로봇 관련주가 전반적인 차익실현 매물 출회 속에 약세를 나타냈다. 최근 인공지능(AI)과 휴머노이드 로봇 산업 성장 기대감으로 급등했던 종목들이 조정을 받는 가... 2026-06-22 [CBC뉴스] 국내 로봇 관련주가 전반적인 차익실현 매물 출회 속에 약세를 나타냈다. 최근 인공지능(AI)과 휴머노이드 로봇 산업 성장 기대감으로 급등했던 종목들이 조정을 받는 가... 2026-06-22 조선주 일제히 약세…한화오션 8%대 급락, 동일스틸럭스는 강세 [CBC뉴스] 국내 조선주가 차익실현 매물과 투자심리 위축 영향으로 일제히 하락세를 보였다. 반면 조선 기자재 관련 종목인 동일스틸럭스는 두 자릿수 상승률을 기록하며 시장의 주목을... 2026-06-22 [CBC뉴스] 국내 조선주가 차익실현 매물과 투자심리 위축 영향으로 일제히 하락세를 보였다. 반면 조선 기자재 관련 종목인 동일스틸럭스는 두 자릿수 상승률을 기록하며 시장의 주목을... 2026-06-22 효성중공업, 장중 384만원 기록…전일 대비 0.39% 하락 [CBC뉴스] 효성중공업이 장중 소폭 약세를 나타냈다. 시장 데이터에 따르면 효성중공업 주가는 오전 현재 384만 원으로 전일 대비 1만5,000원(0.39%) 하락했다. 거래량은... 2026-06-22 삼성전기, 증권가 목표가 280만원 제시에도 강보합…MLCC·ABF 업사이클 기대 [CBC뉴스] 삼성전기가 장중 강보합 흐름을 이어가는 가운데 증권가가 목표주가를 잇달아 상향 조정하면서 중장기 성장성에 대한 기대감이 커지고 있다.22일 장중 삼성전기는 전 거래일... 2026-06-22 광통신·광반도체주 혼조세…AI 인프라 확대 기대감은 지속, 광전자 빛과전자 빛샘전자 대한광통신은 하락세 [CBC뉴스] 광통신 및 광반도체 관련 종목들이 장중 혼조세를 보인 가운데 인공지능(AI) 데이터센터와 차세대 네트워크 투자 확대 기대감은 여전히 시장의 관심을 받고 있다.최근 글... 2026-06-22 효성중공업, 장중 384만원 기록…전일 대비 0.39% 하락 [CBC뉴스] 효성중공업이 장중 소폭 약세를 나타냈다. 시장 데이터에 따르면 효성중공업 주가는 오전 현재 384만 원으로 전일 대비 1만5,000원(0.39%) 하락했다. 거래량은... 2026-06-22 [CBC뉴스] 효성중공업이 장중 소폭 약세를 나타냈다. 시장 데이터에 따르면 효성중공업 주가는 오전 현재 384만 원으로 전일 대비 1만5,000원(0.39%) 하락했다. 거래량은... 2026-06-22 삼성전기, 증권가 목표가 280만원 제시에도 강보합…MLCC·ABF 업사이클 기대 [CBC뉴스] 삼성전기가 장중 강보합 흐름을 이어가는 가운데 증권가가 목표주가를 잇달아 상향 조정하면서 중장기 성장성에 대한 기대감이 커지고 있다.22일 장중 삼성전기는 전 거래일... 2026-06-22 [CBC뉴스] 삼성전기가 장중 강보합 흐름을 이어가는 가운데 증권가가 목표주가를 잇달아 상향 조정하면서 중장기 성장성에 대한 기대감이 커지고 있다.22일 장중 삼성전기는 전 거래일... 2026-06-22 광통신·광반도체주 혼조세…AI 인프라 확대 기대감은 지속, 광전자 빛과전자 빛샘전자 대한광통신은 하락세 [CBC뉴스] 광통신 및 광반도체 관련 종목들이 장중 혼조세를 보인 가운데 인공지능(AI) 데이터센터와 차세대 네트워크 투자 확대 기대감은 여전히 시장의 관심을 받고 있다.최근 글... 2026-06-22 [CBC뉴스] 광통신 및 광반도체 관련 종목들이 장중 혼조세를 보인 가운데 인공지능(AI) 데이터센터와 차세대 네트워크 투자 확대 기대감은 여전히 시장의 관심을 받고 있다.최근 글... 2026-06-22 삼성전자·SK하이닉스, 신흥시장 이익 반등 견인…블룸버그 ""강세장 핵심 동력"" [CBC뉴스] 삼성전자와 SK하이닉스 등 한국 반도체 기업들이 신흥시장(EM) 기업들의 실적 개선을 이끌며 글로벌 증시 강세장의 주요 동력으로 부상하고 있다고 블룸버그통신이 21일... 2026-06-22 [속보] 팬젠, 질병관리청 국립보건연구원과 27.5억원 규모 연구용역 계약 체결 [CBC뉴스] 팬젠이 질병관리청 국립보건연구원과 중증열성혈소판감소증후군(SFTS) 치료용 항체 개발 관련 연구용역 계약을 체결했다고 22일 공시했다.계약 내용은 '중증열성혈소판감소... 2026-06-22 두산로보틱스, 오토메이트 2026 참가…북미 자동화 시장 공략 본격화 [CBC뉴스] 두산로보틱스가 북미 최대 규모 자동화 전시회인 Automate 2026에 참가해 협동로봇 기반 자동화 솔루션을 선보였다.두산로보틱스는 이번 전시회에서 제조 현장의 생... 2026-06-22 [속보] 우진아이엔에스, 152억 규모 SK에코플랜트 HVAC·소방공사 수주 [CBC뉴스] 우진아이엔에스가 SK에코플랜트와 152억5100만원 규모의 공사 계약을 체결했다고 22일 공시했다.이번 계약은 ‘용인 Cluster 1기 Ph-2 OBL Ph-2 H... 2026-06-22 S2W, FIDO 얼라이언스 합류…다크웹 위협 분석·패스워드리스 보안 강화 빅데이터 분석 인공지능(AI) 기업 에스투더블유(S2W)가 글로벌 온라인 인증 표준화 기구인 FIDO 얼라이언스(FIDO Alliance)에 공식 회원사로 합류했다.FIDO 얼라이... 2026-06-22 삼성전자·SK하이닉스, 신흥시장 이익 반등 견인…블룸버그 ""강세장 핵심 동력"" [CBC뉴스] 삼성전자와 SK하이닉스 등 한국 반도체 기업들이 신흥시장(EM) 기업들의 실적 개선을 이끌며 글로벌 증시 강세장의 주요 동력으로 부상하고 있다고 블룸버그통신이 21일... 2026-06-22 [CBC뉴스] 삼성전자와 SK하이닉스 등 한국 반도체 기업들이 신흥시장(EM) 기업들의 실적 개선을 이끌며 글로벌 증시 강세장의 주요 동력으로 부상하고 있다고 블룸버그통신이 21일... 2026-06-22 [속보] 팬젠, 질병관리청 국립보건연구원과 27.5억원 규모 연구용역 계약 체결 [CBC뉴스] 팬젠이 질병관리청 국립보건연구원과 중증열성혈소판감소증후군(SFTS) 치료용 항체 개발 관련 연구용역 계약을 체결했다고 22일 공시했다.계약 내용은 '중증열성혈소판감소... 2026-06-22 [CBC뉴스] 팬젠이 질병관리청 국립보건연구원과 중증열성혈소판감소증후군(SFTS) 치료용 항체 개발 관련 연구용역 계약을 체결했다고 22일 공시했다.계약 내용은 '중증열성혈소판감소... 2026-06-22 두산로보틱스, 오토메이트 2026 참가…북미 자동화 시장 공략 본격화 [CBC뉴스] 두산로보틱스가 북미 최대 규모 자동화 전시회인 Automate 2026에 참가해 협동로봇 기반 자동화 솔루션을 선보였다.두산로보틱스는 이번 전시회에서 제조 현장의 생... 2026-06-22 [CBC뉴스] 두산로보틱스가 북미 최대 규모 자동화 전시회인 Automate 2026에 참가해 협동로봇 기반 자동화 솔루션을 선보였다.두산로보틱스는 이번 전시회에서 제조 현장의 생... 2026-06-22 [속보] 우진아이엔에스, 152억 규모 SK에코플랜트 HVAC·소방공사 수주 [CBC뉴스] 우진아이엔에스가 SK에코플랜트와 152억5100만원 규모의 공사 계약을 체결했다고 22일 공시했다.이번 계약은 ‘용인 Cluster 1기 Ph-2 OBL Ph-2 H... 2026-06-22 [CBC뉴스] 우진아이엔에스가 SK에코플랜트와 152억5100만원 규모의 공사 계약을 체결했다고 22일 공시했다.이번 계약은 ‘용인 Cluster 1기 Ph-2 OBL Ph-2 H... 2026-06-22 S2W, FIDO 얼라이언스 합류…다크웹 위협 분석·패스워드리스 보안 강화 빅데이터 분석 인공지능(AI) 기업 에스투더블유(S2W)가 글로벌 온라인 인증 표준화 기구인 FIDO 얼라이언스(FIDO Alliance)에 공식 회원사로 합류했다.FIDO 얼라이... 2026-06-22 빅데이터 분석 인공지능(AI) 기업 에스투더블유(S2W)가 글로벌 온라인 인증 표준화 기구인 FIDO 얼라이언스(FIDO Alliance)에 공식 회원사로 합류했다.FIDO 얼라이... 2026-06-22 리플(엑스알피 XRP), 1.20달러 재돌파 가능할까…“CLARITY 법안 기대감에도 시장은 신중” [CBC뉴스] 리플(엑스알피 XRP) 가격이 1.20달러 돌파 시도에 다시 실패한 뒤 좁은 가격 범위에 갇혀 있는 모습이라고 해외 코인매체 코인게이프가 전했다.코인게이프에 따르면 ... 2026-06-22 리플XRP 운명의 1.13달러…미·이란 휴전 양상 속 핵심 지지선 시험대 [CBC뉴스] 리플(XRP)이 단기 조정을 이어가는 가운데 시장의 시선이 1.13달러 지지선에 집중되고 있다. 미국과 이란 간 휴전 협상 움직임으로 글로벌 위험회피 심리가 일부 완... 2026-06-22 미국·이란 휴전 협상에도 XRP 약세…목표가 도달 후 차익실현 압력 확대 [CBC뉴스] 리플(XRP)이 최근 상승 목표 구간에 도달한 이후 차익실현 매물이 쏟아지면서 약세 흐름을 보이고 있다. 미국과 이란 간 휴전 협상 가능성이 거론되며 글로벌 금융시장... 2026-06-22 중동 휴전 협상 관측 속 리플 생태계 확장...크로스체인 확장 가속 [CBC뉴스] 크로스체인 인프라 플랫폼 스퀴드(Squid)는 최근 RLUSD와 다양한 암호화폐 간 스왑 서비스를 지원한다고 밝혔다.이번 지원으로 이용자들은 단일 거래만으로 RLUS... 2026-06-21 리플X, 양자컴퓨터 시대 대비 본격화…XRPL 보안 업그레이드 공개 [CBC뉴스] 리플(XRP) 생태계 개발을 담당하는 리플X(RippleX)가 양자컴퓨팅 시대를 대비한 차세대 보안 전략을 공개하면서 시장의 관심을 끌고 있다.리플X의 최고 엔지니어... 2026-06-21 리플XRP, 금리 동결·중동 긴장 완화 속 반등 모색…“2달러 돌파가 장기 상승 분수령” [CBC뉴스] 리플(XRP)이 미국 연방준비제도(Fed)의 기준금리 동결과 중동 지역 긴장 완화 기대감 속에서 반등 가능성을 모색하고 있다. 다만 시장에서는 XRP가 본격적인 상승... 2026-06-21 리플, 아프리카 핀테크 투자 확대…플러터웨이브 지분 인수 주목 [CBC뉴스] 리플(XRP)이 아프리카 대표 핀테크 기업 플러터웨이브(Flutterwave)에 투자하며 글로벌 금융 시장 공략을 확대하고 있다.블룸버그 보도에 따르면 리플은 최근 ... 2026-06-21 RLUSD 활용성 확대…스퀴드, 리플XRP 스테이블코인 크로스체인 스왑 지원 [CBC뉴스] 리플(XRP)이 발행한 달러 연동 스테이블코인 RLUSD의 활용 범위가 확대되고 있다.크로스체인 인프라 플랫폼 스퀴드(Squid)는 최근 RLUSD와 다양한 암호화폐... 2026-06-20 리플X, 양자컴퓨터 시대 대비 나선다…미 금리 동결 속 XRPL 보안 강화 [CBC뉴스] 리플(XRP) 생태계 개발을 담당하는 리플X(RippleX)가 양자컴퓨팅 시대를 대비한 차세대 보안 전략을 공개했다.리플X의 최고 엔지니어 아요 아키니엘레(Ayo A... 2026-06-20 리플XRP, 2달러 돌파가 분수령…미 연준 금리 동결 속 9.5달러 전망 재조명 [CBC뉴스] 가상자산 XRP가 주요 저항선으로 꼽히는 2달러 돌파 여부에 시장의 관심이 집중되고 있다. 미국 연방준비제도(Fed)가 기준금리를 동결한 가운데 XRP의 중장기 상승... 2026-06-20 리플(엑스알피 XRP), 1.20달러 재돌파 가능할까…“CLARITY 법안 기대감에도 시장은 신중” [CBC뉴스] 리플(엑스알피 XRP) 가격이 1.20달러 돌파 시도에 다시 실패한 뒤 좁은 가격 범위에 갇혀 있는 모습이라고 해외 코인매체 코인게이프가 전했다.코인게이프에 따르면 ... 2026-06-22 [CBC뉴스] 리플(엑스알피 XRP) 가격이 1.20달러 돌파 시도에 다시 실패한 뒤 좁은 가격 범위에 갇혀 있는 모습이라고 해외 코인매체 코인게이프가 전했다.코인게이프에 따르면 ... 2026-06-22 리플XRP 운명의 1.13달러…미·이란 휴전 양상 속 핵심 지지선 시험대 [CBC뉴스] 리플(XRP)이 단기 조정을 이어가는 가운데 시장의 시선이 1.13달러 지지선에 집중되고 있다. 미국과 이란 간 휴전 협상 움직임으로 글로벌 위험회피 심리가 일부 완... 2026-06-22 [CBC뉴스] 리플(XRP)이 단기 조정을 이어가는 가운데 시장의 시선이 1.13달러 지지선에 집중되고 있다. 미국과 이란 간 휴전 협상 움직임으로 글로벌 위험회피 심리가 일부 완... 2026-06-22 미국·이란 휴전 협상에도 XRP 약세…목표가 도달 후 차익실현 압력 확대 [CBC뉴스] 리플(XRP)이 최근 상승 목표 구간에 도달한 이후 차익실현 매물이 쏟아지면서 약세 흐름을 보이고 있다. 미국과 이란 간 휴전 협상 가능성이 거론되며 글로벌 금융시장... 2026-06-22 [CBC뉴스] 리플(XRP)이 최근 상승 목표 구간에 도달한 이후 차익실현 매물이 쏟아지면서 약세 흐름을 보이고 있다. 미국과 이란 간 휴전 협상 가능성이 거론되며 글로벌 금융시장... 2026-06-22 중동 휴전 협상 관측 속 리플 생태계 확장...크로스체인 확장 가속 [CBC뉴스] 크로스체인 인프라 플랫폼 스퀴드(Squid)는 최근 RLUSD와 다양한 암호화폐 간 스왑 서비스를 지원한다고 밝혔다.이번 지원으로 이용자들은 단일 거래만으로 RLUS... 2026-06-21 [CBC뉴스] 크로스체인 인프라 플랫폼 스퀴드(Squid)는 최근 RLUSD와 다양한 암호화폐 간 스왑 서비스를 지원한다고 밝혔다.이번 지원으로 이용자들은 단일 거래만으로 RLUS... 2026-06-21 리플X, 양자컴퓨터 시대 대비 본격화…XRPL 보안 업그레이드 공개 [CBC뉴스] 리플(XRP) 생태계 개발을 담당하는 리플X(RippleX)가 양자컴퓨팅 시대를 대비한 차세대 보안 전략을 공개하면서 시장의 관심을 끌고 있다.리플X의 최고 엔지니어... 2026-06-21 [CBC뉴스] 리플(XRP) 생태계 개발을 담당하는 리플X(RippleX)가 양자컴퓨팅 시대를 대비한 차세대 보안 전략을 공개하면서 시장의 관심을 끌고 있다.리플X의 최고 엔지니어... 2026-06-2",22000,bs4_selector,10.0,suspicious_long_noisy_body,221.0,False,True,https://news.google.com/rss/articles/CBMiaEFVX3lxTFBkcVBzSmlncl83djlPbEkzNEc2aEhrdm1YNXdoZlBpaDU5VW42V2pOeE1mSUNzMVJReVZDWHJEOEd1LWtKcDdRMjAxWjNmZ0ZLYnZqV1NzUVJudlRSTXBHUDhBdC0tTkk0?oc=5,https://www.cbci.co.kr/news/articleView.html?idxno=583548,117.8,"ai_infrastructure_security,financial_performance,kakao_games_management,kim_beomsoo_trial,leadership_change,phishing_security,platform_obligation,policy_legislation,privacy_security_reliability,strategy_mna_governance",kakao_games_ceo_appointment,2026-06-21,meta:article:published_time,original_date_recent,14.0,183.7,privacy_security:kakao:phishing_or_account_takeover:policy_change,63.0,global_incident:platform_enforcement:kakao:consumer_dark_pattern:sanction_penalty,global_incident:platform_enforcement:kakao:consumer_dark_pattern,56.0,self:platform_obligation,Y,,,,,I093,self_privacy_security:기업 카카오 ai 게임 금융 확장 속 보안 지배구조 변화까지,,,,,,,,,,,,,,,,,,,,카카오,자사 및 계열사 이슈,자사_및_계열사_이슈,자사_및_계열사_이슈,자사_및_계열사_이슈,자사 및 계열사 이슈,,,issue_representative_attempt,,,,
정부_국회,정부/국회,스테이블코인,"코인텔레그래프, 미국 스테이블코인 규제 보도 – 발행자에게 미치는 영향은?",Coinfomania,Coinfomania,"Thu, 18 Jun 2026 20:11:29 GMT","Thu, 18 Jun 2026 20:11:29 GMT","코인텔레그래프, 미국 스테이블코인 규제 보도 – 발행자에게 미치는 영향은? Coinfomania","코인텔레그래프, 미국 스테이블코인 규제 보도 – 발행자에게 미치는 영향은? 미국 규제 당국이 GENIUS 법안에 따라 스테이블코인 발행자에게 고객 신원 확인 프로그램을 시행하도록 요구하는 방안을 제안했습니다. 그 함의를 알아보세요. 간단 요약 요약은 AI가 생성하고, 뉴스룸에서 검토했습니다. - 미국은 스테이블코인 발행자를 위한 신원 확인 프로그램을 제안합니다. - GENIUS 법안은 스테이블코인 시장에서의 준수를 강화하는 것을 목표로 합니다. - 규제 당국은 투명성을 높이기 위해 고객 신원 확인에 집중하고 있습니다. 코인텔레그래프는 미국 규제 당국이 GENIUS 법안의 일환으로 스테이블코인 발행자에게 고객 신원 확인 프로그램을 시행하도록 요구하는 방안을 제안했다고 보도했습니다. 이 이니셔티브는 스테이블코인 시장 내에서의 준수 및 투명성을 강화하는 것을 목표로 하며, 암호화폐 분야에서의 규제에 대한 우려가 커지고 있음을 반영합니다. 더 자세한 내용은 코인텔레그래프의 공식 보고서에서 확인할 수 있습니다. 시장 개요 제안된 규제는 암호화폐 및 스테이블코인 운영에 대한 감시가 강화되는 가운데 나왔습니다. 정책 입안자들 간의 최근 논의는 디지털 자산, 특히 암호 거래와 유동성에서 중요한 역할을 하는 스테이블코인에 대한 명확한 지침을 수립하려는 의지를 나타냅니다. 이러한 움직임은 소비자를 보호하고 금융 안정을 보장하기 위한 더 엄격한 준수 조치로의 전환을 나타냅니다. 시장 관찰자들은 이러한 규제가 스테이블코인 발행자의 운영 방식에 상당한 영향을 미칠 수 있으며, 운영 비용과 준수 부담이 증가할 수 있다고 지적합니다. 암호화폐 시장이 혼합 신호를 보이는 가운데, 이러한 규제의 도입은 거래 전략과 시장 역학에 추가적인 영향을 미칠 수 있습니다. 시장 개요 현재 광범위한 암호화폐 시장은 혼합 신호를 보이고 있으며, 다양한 자산들이 다양한 모멘텀을 경험하고 있습니다. 최근 거래 활동은 투자자들이 스테이블코인과 관련된 규제의 추가 발전을 기다리며 조심스러운 감정을 나타내고 있음을 보여줍니다. 이 새로운 규제 제안은 발행자에게 준수 비용 증가로 이어질 경우 시장 행동의 다음 단계를 형성하는 중요한 요소가 될 수 있습니다. 거래자들이 이러한 발전을 소화하는 동안, 주요 스테이블코인 제공업체들이 이러한 규제 요구 사항에 어떻게 적응하는지에 대한 관심이 집중될 것입니다. 최근 몇 달 동안 스테이블코인에 대한 관심이 높아졌으며, 전 세계의 규제 당국은 금융 생태계에서의 사용에 대한 함의를 다루고 있습니다. 스테이블코인은 변동성이 큰 시장에서 안정성을 제공하는 능력 덕분에 거래자와 투자자에게 필수적인 도구가 되었습니다. GENIUS 법안은 당국이 혁신과 소비자 보호 및 금융 무결성 간의 균형을 맞추려는 노력을 반영하는 진화하는 규제 환경을 나타냅니다. 트레이더들이 주목하는 다음 사항 트레이더들은 스테이블코인 준수와 관련된 추가 발표를 위해 규제 환경을 면밀히 주시하고 있습니다. 이러한 제안된 규제의 함의는 기존 스테이블코인 발행자에 대한 감시를 강화할 수 있으며, 이는 그들의 시장 위치에 영향을 미칠 수 있습니다. 위험 요소로는 운영 중단 또는 비용 증가의 가능성이 있으며, 이는 유동성과 거래량에 영향을 미칠 수 있습니다. 분석가들은 시장 참여자들이 경계를 유지하고 이러한 규제 변화가 향후 몇 달 동안 어떻게 전개될지, 특히 더 넓은 시장 트렌드의 맥락에서 고려해야 한다고 제안합니다. 이 기사는 정보 제공 목적으로만 작성되었으며, 재정적 조언을 구성하지 않습니다. 투자 결정을 내리기 전에 항상 스스로 조사하십시오. 우리의 소식을 팔로우하세요 Google News 최신 암호화폐 통찰력과 업데이트를 받아보세요.",1809,trafilatura,-10.0,date_failed:original_date_too_old>52h:2026-06-19,106.5,False,False,https://news.google.com/rss/articles/CBMiqAFBVV95cUxNdVRHNzZrOFBmSVcwc29vZkQtZ1p3V3gwdGQ4ckh3cWctMXhpdE1lR1lXdXNjQm5EY2RBU1pqQ2VmcTJ2Q1lnaU41R3FKdkRFbEdPTm41VVJlbTVqaWRyRXFvaUNvLW5CaldVM0xHbzgzWEtHVW9hMEs0Q2s1OWV3eTdfM3hyOU9iLWFmQXRsRkJvT29XZnhyTGYwUVd5VGFLb0U1dFUtX1I?oc=5,https://coinfomania.com/ko/cointelegraph-reports-on-u-s-stablecoin-regulation-how-will-it-impact-issuers,-17.0,"ai_infrastructure_security,digital_asset_stablecoin,platform_obligation,policy_legislation,stablecoin",stablecoin_legislation,2026-06-19,json_ld:datePublished,original_date_too_old>52h,9.0,58.55,,0.0,global_incident:platform_enforcement:google:privacy_data_violation:investigation_review,global_incident:platform_enforcement:google:privacy_data_violation,48.0,self:platform_obligation,Y,,,,,I133,global_incident:digital_asset_policy:digital_asset_sector:stablecoin_policy,,,,,,,,,,,,,,,,,,,,스테이블코인,정부/국회,정부_국회,경쟁사_해외이슈,정부_국회,정부/국회,,,issue_representative_attempt,,,,
정부_국회,정부/국회,스테이블코인,"[D-BIZ 글로벌 동향] 미국, GENIUS법 기반 스테이블코인 규제 강화…은행 수준 신원확인 의무화 추진",데일리비즈온,데일리비즈온,"Fri, 19 Jun 2026 03:29:07 GMT","Fri, 19 Jun 2026 03:29:07 GMT","[D-BIZ 글로벌 동향] 미국, GENIUS법 기반 스테이블코인 규제 강화…은행 수준 신원확인 의무화 추진 데일리비즈온","워싱턴에 있는 미국 연방준비제도 이사회(출처=Jesse Hamilton/CoinDesk) [미국=데일리비즈온] 미국 연방준비제도(연준), 재무부, 통화감독청(OCC) 등 주요 금융 규제 기관이 GENIUS 법안 시행에 맞춰 스테이블코인 발행사에 은행과 동일한 수준의 고객 신원확인 의무를 부과하는 규정 초안을 공개했다. 이번 규정은 지난해 제정된 GENIUS 법안의 핵심 내용으로, 자금세탁·불법 금융·테러 자금 조달 등 위험을 막기 위해 스테이블코인 사업자를 기존 금융기관과 동일하게 규제하는 것을 골자로 한다. 발행사는 ▲계좌 개설 시 신원 확인 ▲개인정보 기록 유지 ▲테러 관련 명단 대조 등 은행비밀보호법 기준을 준수해야 한다. 관련 기관들은 60일간 대중 의견을 수렴한 뒤 검토를 거쳐 최종 규정을 확정할 계획이다. 다만 마이클 바 연준 이사는 “현재 제안이 2차 시장 거래에서의 불법 활동 위험까지 충분히 다루지 못할 수 있다”며, 신원확인 요건을 거래 단계까지 확대할 필요성에 대한 검토가 추가로 이뤄져야 한다고 지적했다. 시장에서는 테더(USDT), 서클(USDC) 등 기존 업체는 물론 전통 금융권의 신규 진출도 이어지는 가운데, 이번 규제가 향후 스테이블코인 시장의 투명성과 경쟁 구도에 중대한 영향을 미칠 것으로 전망된다.",639,newspaper3k,-10.0,date_failed:original_date_too_old>52h:2026-06-19,116.0,False,False,https://news.google.com/rss/articles/CBMibEFVX3lxTE92dERPb0g0enNxM2dIcWR1M1pkTko3OS02dkVZOWQwS050UUpOOFJheFZVSnN5YTRCZmhZM1ducFFaWDRqWFV0WnUzdzl6R0dmaEd4M2VSWWJZZHdHalNTS2pPb3BaZ3V0bk9qcQ?oc=5,https://www.dailybizon.com/news/articleView.html?idxno=68016,-17.0,"digital_asset_stablecoin,platform_obligation,policy_legislation,stablecoin",stablecoin_legislation,2026-06-19,json_ld:datePublished,original_date_too_old>52h,4.0,44.2,,0.0,global_incident:platform_regulation:digital_asset_sector:platform_data_protection_obligation:policy_change,global_incident:platform_regulation:digital_asset_sector:platform_data_protection_obligation,48.0,government:platform_obligation,Y,,,,,I133,global_incident:digital_asset_policy:digital_asset_sector:stablecoin_policy,,,,,,,,,,,,,,,,,,,,스테이블코인,정부/국회,정부_국회,경쟁사_해외이슈,정부_국회,정부/국회,,,issue_representative_attempt,,,,
정부_국회,정부/국회,스테이블코인,"미국, 스테이블코인 발행사 은행처럼 규제…2차 시장 확대될까",tokenpost.kr,tokenpost.kr,"Thu, 18 Jun 2026 17:29:44 GMT","Thu, 18 Jun 2026 17:29:44 GMT","미국, 스테이블코인 발행사 은행처럼 규제…2차 시장 확대될까 tokenpost.kr","링크가 복사되었습니다. 공유 페이스북 엑스 링크드인 텔레그램 글자크기 가 작게 가 보통 가 크게 가 매우크게 글자크기 가 작게 가 보통 가 크게 가 매우크게 암호화폐 정책 경제 국제 미국, 스테이블코인 발행사 은행처럼 규제…2차 시장 확대될까 김미래 기자 2026.06.19 (금) 02:29 3 4 암호화폐 정책 경제 국제 미국, 스테이블코인 발행사 은행처럼 규제…2차 시장 확대될까 김미래 기자 2026.06.19 (금) 02:29 3 4 김미래 기자 2026.06.19 (금) 02:29 미국 연준과 재무부 등이 스테이블코인 발행사에 은행 수준의 KYC·AML 의무를 적용하는 규정 초안을 공개했다고 전했다. GENIUS법 이행이 본격화한 가운데 2차 시장까지 규제를 확대할지 여부가 향후 핵심 쟁점으로 떠오른다고 밝혔다. 미국, 스테이블코인 발행사 은행처럼 규제…2차 시장 확대될까 / TokenPost.ai 미국 금융 당국이 스테이블코인 규제의 고삐를 더욱 조이고 있다. 발행사를 은행처럼 취급하는 새로운 규칙이 제안되면서 ‘스테이블코인’ 시장 전반에 구조적 변화가 예고된다. 발행사, 은행 수준 신원 확인 의무 적용 미국 연방준비제도(Fed), 재무부 등 주요 금융 규제 기관은 19일 스테이블코인 발행사를 전통 금융기관과 동일하게 규율하는 규정 초안을 공개했다. 이번 조치는 지난해 제정된 ‘GENIUS 법’ 이행의 핵심 단계로 평가된다. 초안에 따르면 스테이블코인 발행사는 고객 신원 확인(KYC)과 자금세탁방지(AML) 기준을 의무적으로 충족해야 한다. 단순한 토큰 발행 주체가 아닌 ‘금융기관’으로서 역할을 부여받는 셈이다. 규정은 특히 세 가지 의무를 강조한다. 고객 계좌 개설 시 신원 검증, 이름·주소 등 식별 정보 기록 보관, 테러 관련 명단 여부 확인이다. 이는 기존 은행이나 증권사와 동일한 수준의 규제다. GENIUS 법 본격 적용…2개월 의견 수렴 이번 초안은 ‘규칙 제정 공고(NPRM)’ 단계로, 최종 시행 전 시장 의견을 반영하는 절차다. 연준을 비롯해 통화감독청(OCC), 연방예금보험공사(FDIC), 전국신용조합관리청(NCUA), 재무부 등이 공동으로 참여했다. 당국은 60일간의 공개 의견 수렴에 들어갔다. 앞서 지난해 사전 의견 요청 과정에서만 약 450건의 피드백이 접수될 정도로 업계 관심이 높았다. 재무부 산하 금융범죄단속네트워크(FinCEN) 역시 별도로 자금세탁방지 규정을 강화하는 방안을 추진 중이다. 이는 ‘스테이블코인’ 규제 체계를 다층적으로 구축하려는 움직임으로 풀이된다. 전통 금융 vs 크립토 기업 경쟁 심화 현재 시장은 테더의 테더(USDT), 서클의 USD코인(USDC) 등 크립토 기업이 주도하고 있지만, 전통 금융사들도 빠르게 진입하고 있다. 규제 명확성이 높아질수록 기관 참여가 확대될 가능성이 크다. 특히 ‘허가된 결제형 스테이블코인 발행사(PPSI)’ 제도가 자리 잡으면 시장 경쟁은 한층 치열해질 전망이다. 규제 준수를 전제로 한 ‘신뢰 경쟁’이 핵심 변수로 떠오르고 있다. “2차 시장 규제 공백 여전” 우려도 다만 규제의 사각지대를 둘러싼 우려도 제기된다. 연준 이사 마이클 바(Michael Barr)는 스테이블코인의 2차 시장 거래가 불법 자금 이동 통로로 활용될 가능성을 지적했다. 그는 “일부 디지털 자산 서비스 제공자는 규제를 받지만, 악의적인 행위자가 이를 쉽게 회피할 수 있다”고 밝혔다. 이어 신원 확인 규정을 2차 시장까지 확대할 필요성을 검토해야 한다고 강조했다. [온체인분석] 월가, 마침내 온체인으로… 씨티 ""2030년 토큰화 자산 5.5조 달러"" 알파리포트 전문 보기 → 실제로 규제안에는 ‘2차 시장에도 고객 확인 규정을 적용할 것인지’에 대한 질문이 포함됐다. 적용 범위와 실효성을 둘러싼 논쟁이 이어질 전망이다. 미국의 이번 조치는 스테이블코인을 단순한 암호화폐가 아닌 ‘제도권 금융상품’으로 편입하려는 흐름을 분명히 보여준다. 규제 강도와 적용 범위에 따라 글로벌 디지털 자산 시장의 판도도 달라질 가능성이 크다. 기사요약 by TokenPost.ai 🔎 시장 해석 미국이 스테이블코인 발행사를 사실상 은행처럼 규제하려는 방향을 명확히 하면서, 시장은 ‘크립토 실험 단계’에서 ‘제도권 금융 경쟁 단계’로 이동하고 있다. 규제 명확성이 높아질수록 전통 금융기관의 진입이 가속화되고, 기존 크립토 기업과의 경쟁 구도가 본격화될 전망이다. 💡 전략 포인트 규제 수용 능력이 높은 발행사와 투명한 준비금 구조를 가진 프로젝트가 경쟁 우위를 확보할 가능성이 크다. 기관 자금 유입 확대에 따라 USDC 등 규제 친화형 스테이블코인의 영향력이 커질 수 있다. 2차 시장 규제 확대 여부는 디파이 및 거래소 산업에 큰 변수로 작용할 핵심 리스크 요인이다. 📘 용어정리 KYC: 고객의 신원을 확인하는 절차로 금융 범죄 예방의 기본 장치 AML: 자금세탁을 방지하기 위한 규제 체계 GENIUS 법: 미국의 스테이블코인 발행 및 규제 기준을 정의한 최초의 연방법 PPSI: 인가받은 결제형 스테이블코인 발행사로, 규제 요건을 충족한 공식 사업자 💡 자주 묻는 질문 (FAQ) Q. 이번 스테이블코인 규제 초안의 핵심 변화는 무엇인가요? 핵심은 스테이블코인 발행사를 단순한 기술 기업이 아니라 은행과 같은 금융기관으로 보고, 고객 신원 확인(KYC)과 자금세탁방지(AML) 의무를 동일하게 적용하는 것입니다. 이는 스테이블코인을 제도권 금융 시스템 안으로 편입하려는 조치로 해석됩니다. Q. 이런 규제가 스테이블코인 시장에 어떤 영향을 주나요? 규제 명확성이 높아지면서 전통 금융기관의 시장 진입이 활발해지고, 기존 크립토 기업들과의 경쟁이 심화될 가능성이 큽니다. 동시에 규제를 잘 준수하는 프로젝트 중심으로 시장 재편이 이루어질 수 있습니다. Q. 2차 시장 규제가 왜 중요한 쟁점인가요? 현재 발행사 단계에서는 규제가 강화되고 있지만, 거래소나 개인 지갑 간 거래 등 2차 시장은 상대적으로 규제 공백이 존재합니다. 만약 이 영역까지 신원 확인 의무가 확대되면 불법 자금 차단에는 효과적이지만, 사용자 익명성과 디파이 생태계에는 부담으로 작용할 수 있습니다. TP AI 유의사항 TokenPost.ai 기반 언어 모델을 사용하여 기사를 요약했습니다. 본문의 주요 내용이 제외되거나 사실과 다를 수 있습니다. 미국 금융 당국이 스테이블코인 규제의 고삐를 더욱 조이고 있다. 발행사를 은행처럼 취급하는 새로운 규칙이 제안되면서 ‘스테이블코인’ 시장 전반에 구조적 변화가 예고된다. 미국 연방준비제도(Fed), 재무부 등 주요 금융 규제 기관은 19일 스테이블코인 발행사를 전통 금융기관과 동일하게 규율하는 규정 초안을 공개했다. 이번 조치는 지난해 제정된 ‘GENIUS 법’ 이행의 핵심 단계로 평가된다. 초안에 따르면 스테이블코인 발행사는 고객 신원 확인(KYC)과 자금세탁방지(AML) 기준을 의무적으로 충족해야 한다. 단순한 토큰 발행 주체가 아닌 ‘금융기관’으로서 역할을 부여받는 셈이다. 규정은 특히 세 가지 의무를 강조한다. 고객 계좌 개설 시 신원 검증, 이름·주소 등 식별 정보 기록 보관, 테러 관련 명단 여부 확인이다. 이는 기존 은행이나 증권사와 동일한 수준의 규제다. 이번 초안은 ‘규칙 제정 공고(NPRM)’ 단계로, 최종 시행 전 시장 의견을 반영하는 절차다. 연준을 비롯해 통화감독청(OCC), 연방예금보험공사(FDIC), 전국신용조합관리청(NCUA), 재무부 등이 공동으로 참여했다. 당국은 60일간의 공개 의견 수렴에 들어갔다. 앞서 지난해 사전 의견 요청 과정에서만 약 450건의 피드백이 접수될 정도로 업계 관심이 높았다. 재무부 산하 금융범죄단속네트워크(FinCEN) 역시 별도로 자금세탁방지 규정을 강화하는 방안을 추진 중이다. 이는 ‘스테이블코인’ 규제 체계를 다층적으로 구축하려는 움직임으로 풀이된다. 현재 시장은 테더의 테더(USDT), 서클의 USD코인(USDC) 등 크립토 기업이 주도하고 있지만, 전통 금융사들도 빠르게 진입하고 있다. 규제 명확성이 높아질수록 기관 참여가 확대될 가능성이 크다. 특히 ‘허가된 결제형 스테이블코인 발행사(PPSI)’ 제도가 자리 잡으면 시장 경쟁은 한층 치열해질 전망이다. 규제 준수를 전제로 한 ‘신뢰 경쟁’이 핵심 변수로 떠오르고 있다. 다만 규제의 사각지대를 둘러싼 우려도 제기된다. 연준 이사 마이클 바(Michael Barr)는 스테이블코인의 2차 시장 거래가 불법 자금 이동 통로로 활용될 가능성을 지적했다. 그는 “일부 디지털 자산 서비스 제공자는 규제를 받지만, 악의적인 행위자가 이를 쉽게 회피할 수 있다”고 밝혔다. 이어 신원 확인 규정을 2차 시장까지 확대할 필요성을 검토해야 한다고 강조했다. [온체인분석] 월가, 마침내 온체인으로… 씨티 ""2030년 토큰화 자산 5.5조 달러"" 알파리포트 전문 보기 → [온체인분석] 월가, 마침내 온체인으로… 씨티 ""2030년 토큰화 자산 5.5조 달러"" 실제로 규제안에는 ‘2차 시장에도 고객 확인 규정을 적용할 것인지’에 대한 질문이 포함됐다. 적용 범위와 실효성을 둘러싼 논쟁이 이어질 전망이다. 미국의 이번 조치는 스테이블코인을 단순한 암호화폐가 아닌 ‘제도권 금융상품’으로 편입하려는 흐름을 분명히 보여준다. 규제 강도와 적용 범위에 따라 글로벌 디지털 자산 시장의 판도도 달라질 가능성이 크다. 기사요약 by TokenPost.ai 🔎 시장 해석 미국이 스테이블코인 발행사를 사실상 은행처럼 규제하려는 방향을 명확히 하면서, 시장은 ‘크립토 실험 단계’에서 ‘제도권 금융 경쟁 단계’로 이동하고 있다. 규제 명확성이 높아질수록 전통 금융기관의 진입이 가속화되고, 기존 크립토 기업과의 경쟁 구도가 본격화될 전망이다. 💡 전략 포인트 규제 수용 능력이 높은 발행사와 투명한 준비금 구조를 가진 프로젝트가 경쟁 우위를 확보할 가능성이 크다. 기관 자금 유입 확대에 따라 USDC 등 규제 친화형 스테이블코인의 영향력이 커질 수 있다. 2차 시장 규제 확대 여부는 디파이 및 거래소 산업에 큰 변수로 작용할 핵심 리스크 요인이다. 📘 용어정리 KYC: 고객의 신원을 확인하는 절차로 금융 범죄 예방의 기본 장치 AML: 자금세탁을 방지하기 위한 규제 체계 GENIUS 법: 미국의 스테이블코인 발행 및 규제 기준을 정의한 최초의 연방법 PPSI: 인가받은 결제형 스테이블코인 발행사로, 규제 요건을 충족한 공식 사업자 핵심은 스테이블코인 발행사를 단순한 기술 기업이 아니라 은행과 같은 금융기관으로 보고, 고객 신원 확인(KYC)과 자금세탁방지(AML) 의무를 동일하게 적용하는 것입니다. 이는 스테이블코인을 제도권 금융 시스템 안으로 편입하려는 조치로 해석됩니다. 규제 명확성이 높아지면서 전통 금융기관의 시장 진입이 활발해지고, 기존 크립토 기업들과의 경쟁이 심화될 가능성이 큽니다. 동시에 규제를 잘 준수하는 프로젝트 중심으로 시장 재편이 이루어질 수 있습니다. 현재 발행사 단계에서는 규제가 강화되고 있지만, 거래소나 개인 지갑 간 거래 등 2차 시장은 상대적으로 규제 공백이 존재합니다. 만약 이 영역까지 신원 확인 의무가 확대되면 불법 자금 차단에는 효과적이지만, 사용자 익명성과 디파이 생태계에는 부담으로 작용할 수 있습니다. 본 기사는 시장 데이터 및 차트 분석을 바탕으로 작성되었으며, 특정 종목에 대한 투자 권유가 아닙니다. 광고문의 기사제보 보도자료 #미국 #스테이블코인 #규제 #FED #재무부 #GENIUS법 #KYC #aml #USDT #USDC #미국 #스테이블코인 #규제 #FED #재무부 #GENIUS법 #KYC #aml #USDT #USDC",5666,bs4_selector,-10.0,date_failed:original_date_too_old>52h:2026-06-19,99.0,False,False,https://news.google.com/rss/articles/CBMiYEFVX3lxTFBlR21XUElMN1N2dzNxckt3aG1fSG5vOVUyZ0RzTVZwT3g2QlUxOHBMU2x0clE0M2I1bmpfdWdlUGV6TldqQ3h2VXlhNmhxU3AxWmFyU3NCR1ZiemotRzg5b9IBZkFVX3lxTE1JbTJjM25BS1p0U1BBbUMzeFM0S1ZsRFpxcEkzbm9FRW1od0ZHQ05NVVJpSFRsUVdnVWFBWGswblYyaGJtWHc5WTVoXzB3eEhHTVNxSlZBYmx4c3MwdW8zNFhLMzBtZw?oc=5,https://www.tokenpost.kr/news/cryptocurrency/370886,-19.0,"ai_infrastructure_security,digital_asset_stablecoin,platform_obligation,policy_legislation,stablecoin",stablecoin_forum_aml,2026-06-19,json_ld:datePublished,original_date_too_old>52h,6.0,48.3,,16.0,global_incident:platform_regulation:meta:platform_operator_obligation:policy_change,global_incident:platform_regulation:meta:platform_operator_obligation,24.0,government:platform_obligation,Y,,,,,I133,global_incident:digital_asset_policy:digital_asset_sector:stablecoin_policy,,,,,,,,,,,,,,,,,,,,스테이블코인,정부/국회,정부_국회,경쟁사_해외이슈,정부_국회,정부/국회,,,issue_representative_attempt,,,,
산업동향,산업동향,스테이블코인,달러 스테이블코인이 신흥국 통화주권을 잠식하는 법 — 투자자가 알아야 할 화폐 권력의 이동,네이버 프리미엄콘텐츠,네이버 프리미엄콘텐츠,"Fri, 19 Jun 2026 03:20:00 GMT","Fri, 19 Jun 2026 03:20:00 GMT",달러 스테이블코인이 신흥국 통화주권을 잠식하는 법 — 투자자가 알아야 할 화폐 권력의 이동 네이버 프리미엄콘텐츠,"달러 스테이블코인이 신흥국 통화주권을 잠식하는 법 — 투자자가 알아야 할 화폐 권력의 이동 안녕하세요! 오늘은 조금 묵직하지만, 글로벌 투자자라면 반드시 짚고 넘어가야 할 주제를 들고 왔습니다. 바로 달러 스테이블코인이 신흥국 통화주권을 어떻게 잠식하는가 에 관한 이야기입니다. 암호화폐 투자에 관심 있으신 분들도, 혹은 신흥국 자산에 포트폴리오를 두고 계신 분들도 이 흐름을 모르면 큰 그림을 놓칠 수 있습니다. 달러 스테이블코인과 신흥국 통화주권 — 왜 지금 이 이야기인가? '스테이블코인은 그냥 암호화폐 거래소에서 쓰는 거 아닌가요?' 하고 생각하신 분들 계실 겁니다. 맞습니다, 불과 몇 년 전까지는 그랬습니다. 그런데 지금은 다릅니다. 현재 글로벌 스테이블코인 시장 규모는 약 3,150억 달러 , 우리 돈으로 약 430조 원에 달합니다. 그리고 이 중 98%가 달러 기반 입니다. 문제는 이 달러 스테이블코인이 단순히 트레이더들의 거래 도구를 넘어, 신흥국 일반 시민들의 '일상 결제 수단'으로 빠르게 침투하고 있다는 점입니다. BIS(국제결제은행) 총괄을 비롯한 주요 중앙은행 고위 인사들, 그리고 IMF·세계은행 회의에서도 이 문제가 공식 의제로 올라왔습니다. 단순한 기술 트렌드 이야기가 아니라, 국제 통화 질서의 재편 을 논하는 수준까지 온 겁니다. 달러화(Dollarisation)란 무엇인가 — '동네 슈퍼'가 달러로만 결제받기 시작한다면? 여러분이 어떤 나라의 중앙은행 총재라고 상상해 보세요. 경기가 과열되면 금리를 올려서 사람들이 돈을 덜 쓰게 만들고, 경기가 침체되면 금리를 내려서 소비를 자극합니다. 이게 바로 통화정책 전달 경로 입니다. 그런데 만약 동네 슈퍼마켓, 식당, 온라인 쇼핑몰이 전부 자국 화폐 대신 달러 스테이블코인으로만 결제를 받기 시작한다면 어떻게 될까요? 중앙은행이 금리를 아무리 바꿔도, 사람들이 이미 달러 기반 자산으로 거래하고 있으니 그 정책이 실물경제에 닿지 않는 상황이 벌어집니다. 이것이 바로 '달러화(Dollarisation)'의 핵심 문제입니다. 중앙은행이 존재하지만, 통화정책의 실효성이 사실상 무력화되는 상태입니다. 이 비유가 과장처럼 들리시나요? 실제로 아르헨티나, 터키, 나이지리아 같은 고인플레이션 국가에서는 이미 이런 현상이 진행 중입니다. 자국 통화 가치가 빠르게 떨어지는 상황에서 시민들이 달러 스테이블코인으로 자산을 보호하는 건 지극히 합리적인 선택이기 때문입니다. 달러 스테이블코인이 신흥국 통화주권을 무너뜨리는 3가지 경로 ① 자본 통제의 무력화 — 암호화폐 규제의 한계 신흥국 정부가 경제 위기 때 꺼내 드는 카드 중 하나가 바로 자본 통제 입니다. 외화가 빠르게 해외로 빠져나가지 못하도록 막는 장치죠. 그런데 달러 스테이블코인은 스마트폰 하나만 있으면 국경을 넘어 즉시 전송이 가능합니다. 경제/비즈니스 평균 주 54 회 신규 업데이트",1413,bs4_selector,-10.0,date_failed:original_date_too_old>52h:2026-06-19,70.0,False,False,https://news.google.com/rss/articles/CBMiiwFBVV95cUxPcG9WeUltakVnQWFFMXJ4bW4xTWI5blpjV0RlVkRmancxVS13czJOQUlZSzd1cEo0eHZGVUp2X2hyNXVFbnloREI1Q1Z0a1VEcXZqTzZqMHIzMEFpT1c0cVNIWmx4cm1ySS1vdEhKTjV2QTRLRnVzOTdUN2xnNmROVFU3YmZtOXhVS1d3?oc=5,https://contents.premium.naver.com/santainsite/santainfo/contents/260619122040721at,-29.5,"digital_asset_stablecoin,policy_legislation,stablecoin",stablecoin_general,2026-06-19,meta:publish-date,original_date_too_old>52h,11.0,21.0,,0.0,global_incident:digital_asset_policy:naver:stablecoin_policy:general,global_incident:digital_asset_policy:naver:stablecoin_policy,28.0,,,,,,,I105,comp_domestic_strategy:달러 스테이블코인이 신흥국 통화주권을 잠식하는 법 투자자가 알아야 할 화폐 권력의 이동,,,,,,,,,,,,,,,,,,,,스테이블코인,정부/국회,정부_국회,경쟁사_해외이슈,산업동향,산업동향,,,issue_representative_attempt,,,,
경쟁사_해외이슈,경쟁사/해외이슈,네이버,'80조 AI팩토리' 꿈꾸는 네이버…자금 조달은 어떻게?[NW리포트],v.daum.net,v.daum.net,"Fri, 19 Jun 2026 04:39:02 GMT","Fri, 19 Jun 2026 04:39:02 GMT",'80조 AI팩토리' 꿈꾸는 네이버…자금 조달은 어떻게?[NW리포트] v.daum.net,"'80조 AI팩토리' 꿈꾸는 네이버…자금 조달은 어떻게?[NW리포트] 유선희 기자 2026. 6. 19. 글자 수 10,000자 초과 시 일부만 음성으로 제공합니다. 가 매우 작은 폰트 작은 폰트 보통 폰트 큰 폰트 매우 큰 폰트 가 이 글자크기로 변경됩니다. (예시) 가장 빠른 뉴스가 있고 다양한 정보, 쌍방향 소통이 숨쉬는 다음뉴스를 만나보세요. 다음뉴스는 국내외 주요이슈와 실시간 속보, 문화생활 및 다양한 분야의 뉴스를 입체적으로 전달하고 있습니다. 닫기 유선희 기자 2026. 6. 19. 글자 수 10,000자 초과 시 일부만 음성으로 제공합니다. 가 매우 작은 폰트 작은 폰트 보통 폰트 큰 폰트 매우 큰 폰트 가 이 글자크기로 변경됩니다. (예시) 가장 빠른 뉴스가 있고 다양한 정보, 쌍방향 소통이 숨쉬는 다음뉴스를 만나보세요. 다음뉴스는 국내외 주요이슈와 실시간 속보, 문화생활 및 다양한 분야의 뉴스를 입체적으로 전달하고 있습니다. 글자 수 10,000자 초과 시 일부만 음성으로 제공합니다. 글자 수 10,000자 초과 시 일부만 음성으로 제공합니다. 글자 수 10,000자 초과 시 일부만 음성으로 제공합니다. 가 매우 작은 폰트 작은 폰트 보통 폰트 큰 폰트 매우 큰 폰트 가 이 글자크기로 변경됩니다. (예시) 가장 빠른 뉴스가 있고 다양한 정보, 쌍방향 소통이 숨쉬는 다음뉴스를 만나보세요. 다음뉴스는 국내외 주요이슈와 실시간 속보, 문화생활 및 다양한 분야의 뉴스를 입체적으로 전달하고 있습니다. 가 매우 작은 폰트 작은 폰트 보통 폰트 큰 폰트 매우 큰 폰트 가 이 글자크기로 변경됩니다. (예시) 가장 빠른 뉴스가 있고 다양한 정보, 쌍방향 소통이 숨쉬는 다음뉴스를 만나보세요. 다음뉴스는 국내외 주요이슈와 실시간 속보, 문화생활 및 다양한 분야의 뉴스를 입체적으로 전달하고 있습니다. 가 매우 작은 폰트 작은 폰트 보통 폰트 큰 폰트 매우 큰 폰트 가 이 글자크기로 변경됩니다. (예시) 가장 빠른 뉴스가 있고 다양한 정보, 쌍방향 소통이 숨쉬는 다음뉴스를 만나보세요. 다음뉴스는 국내외 주요이슈와 실시간 속보, 문화생활 및 다양한 분야의 뉴스를 입체적으로 전달하고 있습니다. (예시) 가장 빠른 뉴스가 있고 다양한 정보, 쌍방향 소통이 숨쉬는 다음뉴스를 만나보세요. 다음뉴스는 국내외 주요이슈와 실시간 속보, 문화생활 및 다양한 분야의 뉴스를 입체적으로 전달하고 있습니다. 네이버가 엔비디아와 손잡고 AI 팩토리 사업에 뛰어들면서 자금 조달 방안에 관심이 쏠리고 있다. 200메가와트(MW) 규모 AI 팩토리를 구축하고 장기적으로 2030년 1기가와트(GW)까지 확대한다는 계획인데, 증권가에서는 1GW 구축에 최대 80조원이 필요할 것으로 내다본다. 따라서 네이버 단독 투자보다 프로젝트 파이낸싱(PF)과 외부 투자 유치로 무게 추가 기우는데, 그 구조가 성패를 가를 것으로 점쳐진다. 19일 정보기술(IT) 업계에 따르면 네이버와 엔비디아의 협력은 글로벌 수요 발굴부터 자본 협력까지 AI 인프라 밸류체인 전 단계를 아우르는 통합 파트너십이다. 네이버는 데이터센터를 구축해 민간 기업과 정부·개발자들에게 컴퓨팅 자원을 제공하고, 엔비디아는 GPU 공급과 글로벌 고객 확보, 사업 리스크 분담에 참여하는 형태다. 이번 협력은 네이버가 추진해 온 AI 인프라 사업이 본격적인 사업 모델로 모습을 드러냈다는 점에서 의미를 지닌다. 지난해 네이버는 엔비디아와의 협력을 통해 GPU 6만장을 확보한 동시에 올해까지 1조원 이상의 GPU 투자를 진행한다고 밝혔다. 그동안 컴퓨팅 자원 확보와 데이터센터 투자에 집중했다면, 이번 AI 팩토리 사업은 이를 수익화할 수 있는 구조를 마련했다는 평가가 나온다. 네이버 미래 전략 차원에서도 중요한 분기점으로 작용하고 있다. 네이버의 핵심 사업에 검색·광고·커머스·콘텐츠 등 플랫폼에 AI 인프라가 추가되기 때문이다. 네이버에 따르면 GW급 AI 팩토리가 완전 가동될 경우 연간 20조원 규모의 신규 매출이 더해질 것으로 예상된다. 문제는 건설에 필요한 자금이다. 현재 네이버는 초기 200MW 구축을 위해 네이버와 전략적 파트너가 각각 10억달러 이상을 출자하고 이후 특수목적법인(SPV)을 통해 외부 자금을 유치하는 방안을 검토 중이다. 200MW 규모까지는 정식 계약은 아니지만 고객을 대부분 확보한 상태다. 그간 자금 조달 및 부채를 최소화하는 전략을 유지해 온 네이버의 기조를 고려하면 파격적인 결정이다. 지난 1분기 기준 네이버 현금성 자산은 약 6조4000억원 수준으로 단독 투자에는 한계가 있기 때문으로 분석된다. 다만 1GW급 AI 팩토리 구축 비용에 대한 구체적인 자금 조달 계획이 제시되지 않았다는 점에서 의구심도 존재한다. 증권업계에서는 1GW급 AI 팩토리 구축 비용을 500억~600억달러(약 70조~80조원) 수준으로 추산하고 있다. 1GW는 원자력발전소 1기 발전용량에 맞먹는 수준으로, 글로벌 AI 업계로 시야를 넓히면 코어위브, 오픈AI·오라클 연합의 스타게이트 프로젝트, 메타 등이 추진하는 초대형 AI 인프라와 견주는 규모다. 오동환 삼성증권 연구원은 보고서를 통해 ""네이버의 가용 현금을 크게 웃도는 규모인 만큼 외부 투자 유치나 유상증자 등 자금 조달 계획에 대한 추가 공개가 필요하다""고 진단했다. 1GW 데이터센터 건설에는 프로젝트 파이낸싱(PF)과 인프라 펀드, 전략적 투자자(SI) 유치가 핵심이 될 것으로 예상된다. 유상증자를 통해 자금조달 할 가능성은 높지 않다. 1GW 구축에 필요한 자금 규모가 수십조원대에 달하는 만큼 증자만으로 조달하기 어렵고, 대규모 신주 발행 시 기존 주주 지분가치 희석 우려도 크기 때문이다. 최근 국내 증시에서 대형 유상증자에 대한 투자자들의 반감이 커진 점도 부담 요인이다. 업계에서는 네이버 AI 팩토리 사업이 스타게이트 프로젝트와 유사한 방식으로 추진될 가능성이 높다고 보고 있다. 총 투자 규모 약 5000억달러(약 700조원)에 달하는 해당 프로젝트는 오픈AI가 단독으로 자금을 투입한 것이 아니라 소프트뱅크·오라클·MGX 등이 참여한 합작 투자회사를 설립해 진행하는 중이다. 미 정부와의 협력을 바탕으로 미국 전역에 차세대 데이터센터를 구축하는 것을 목표로 한다. SI 후보는 중동 국부펀드, 글로벌 인프라 펀드, 국내 금융권 등이 잠재적 투자 후보군으로 거론되는 중이다. 특히 사우디아라비아와 UAE 등 중동 자본은 최근 AI 인프라 투자에 적극적으로 나서고 있어 잠재 투자자로 꼽힌다. 네이버는 사우디아라비아 국부펀드(PIF) 및 관련 기관과 디지털 트윈 플랫폼 구축 및 스마트시티 신도시 개발 프로젝트를 공동 추진하는 등 이미 우호적인 협력 관계를 맺고 있기도 하다. 한 투자업계 관계자는 ""1GW급 AI 팩토리는 사실상 국가 인프라 사업에 가까운 규모""라며 ""GPU 확보뿐 아니라 수십조원 규모의 자금을 장기간 조달해야 하는 만큼 PF와 전략적 투자자 유치 역량이 사업 성패를 좌우할 것""이라고 평가했다. 유선희 기자 point@newsway.co.kr 네이버가 엔비디아와 손잡고 AI 팩토리 사업에 뛰어들면서 자금 조달 방안에 관심이 쏠리고 있다. 200메가와트(MW) 규모 AI 팩토리를 구축하고 장기적으로 2030년 1기가와트(GW)까지 확대한다는 계획인데, 증권가에서는 1GW 구축에 최대 80조원이 필요할 것으로 내다본다. 따라서 네이버 단독 투자보다 프로젝트 파이낸싱(PF)과 외부 투자 유치로 무게 추가 기우는데, 그 구조가 성패를 가를 것으로 점쳐진다. 19일 정보기술(IT) 업계에 따르면 네이버와 엔비디아의 협력은 글로벌 수요 발굴부터 자본 협력까지 AI 인프라 밸류체인 전 단계를 아우르는 통합 파트너십이다. 네이버는 데이터센터를 구축해 민간 기업과 정부·개발자들에게 컴퓨팅 자원을 제공하고, 엔비디아는 GPU 공급과 글로벌 고객 확보, 사업 리스크 분담에 참여하는 형태다. 이번 협력은 네이버가 추진해 온 AI 인프라 사업이 본격적인 사업 모델로 모습을 드러냈다는 점에서 의미를 지닌다. 지난해 네이버는 엔비디아와의 협력을 통해 GPU 6만장을 확보한 동시에 올해까지 1조원 이상의 GPU 투자를 진행한다고 밝혔다. 그동안 컴퓨팅 자원 확보와 데이터센터 투자에 집중했다면, 이번 AI 팩토리 사업은 이를 수익화할 수 있는 구조를 마련했다는 평가가 나온다. 네이버 미래 전략 차원에서도 중요한 분기점으로 작용하고 있다. 네이버의 핵심 사업에 검색·광고·커머스·콘텐츠 등 플랫폼에 AI 인프라가 추가되기 때문이다. 네이버에 따르면 GW급 AI 팩토리가 완전 가동될 경우 연간 20조원 규모의 신규 매출이 더해질 것으로 예상된다. 문제는 건설에 필요한 자금이다. 현재 네이버는 초기 200MW 구축을 위해 네이버와 전략적 파트너가 각각 10억달러 이상을 출자하고 이후 특수목적법인(SPV)을 통해 외부 자금을 유치하는 방안을 검토 중이다. 200MW 규모까지는 정식 계약은 아니지만 고객을 대부분 확보한 상태다. 그간 자금 조달 및 부채를 최소화하는 전략을 유지해 온 네이버의 기조를 고려하면 파격적인 결정이다. 지난 1분기 기준 네이버 현금성 자산은 약 6조4000억원 수준으로 단독 투자에는 한계가 있기 때문으로 분석된다. 다만 1GW급 AI 팩토리 구축 비용에 대한 구체적인 자금 조달 계획이 제시되지 않았다는 점에서 의구심도 존재한다. 증권업계에서는 1GW급 AI 팩토리 구축 비용을 500억~600억달러(약 70조~80조원) 수준으로 추산하고 있다. 1GW는 원자력발전소 1기 발전용량에 맞먹는 수준으로, 글로벌 AI 업계로 시야를 넓히면 코어위브, 오픈AI·오라클 연합의 스타게이트 프로젝트, 메타 등이 추진하는 초대형 AI 인프라와 견주는 규모다. 오동환 삼성증권 연구원은 보고서를 통해 ""네이버의 가용 현금을 크게 웃도는 규모인 만큼 외부 투자 유치나 유상증자 등 자금 조달 계획에 대한 추가 공개가 필요하다""고 진단했다. 1GW 데이터센터 건설에는 프로젝트 파이낸싱(PF)과 인프라 펀드, 전략적 투자자(SI) 유치가 핵심이 될 것으로 예상된다. 유상증자를 통해 자금조달 할 가능성은 높지 않다. 1GW 구축에 필요한 자금 규모가 수십조원대에 달하는 만큼 증자만으로 조달하기 어렵고, 대규모 신주 발행 시 기존 주주 지분가치 희석 우려도 크기 때문이다. 최근 국내 증시에서 대형 유상증자에 대한 투자자들의 반감이 커진 점도 부담 요인이다. 업계에서는 네이버 AI 팩토리 사업이 스타게이트 프로젝트와 유사한 방식으로 추진될 가능성이 높다고 보고 있다. 총 투자 규모 약 5000억달러(약 700조원)에 달하는 해당 프로젝트는 오픈AI가 단독으로 자금을 투입한 것이 아니라 소프트뱅크·오라클·MGX 등이 참여한 합작 투자회사를 설립해 진행하는 중이다. 미 정부와의 협력을 바탕으로 미국 전역에 차세대 데이터센터를 구축하는 것을 목표로 한다. SI 후보는 중동 국부펀드, 글로벌 인프라 펀드, 국내 금융권 등이 잠재적 투자 후보군으로 거론되는 중이다. 특히 사우디아라비아와 UAE 등 중동 자본은 최근 AI 인프라 투자에 적극적으로 나서고 있어 잠재 투자자로 꼽힌다. 네이버는 사우디아라비아 국부펀드(PIF) 및 관련 기관과 디지털 트윈 플랫폼 구축 및 스마트시티 신도시 개발 프로젝트를 공동 추진하는 등 이미 우호적인 협력 관계를 맺고 있기도 하다. 한 투자업계 관계자는 ""1GW급 AI 팩토리는 사실상 국가 인프라 사업에 가까운 규모""라며 ""GPU 확보뿐 아니라 수십조원 규모의 자금을 장기간 조달해야 하는 만큼 PF와 전략적 투자자 유치 역량이 사업 성패를 좌우할 것""이라고 평가했다. 유선희 기자 point@newsway.co.kr 뉴스웨이에서 직접 확인하세요. 해당 언론사로 이동합니다. 스트래티지 우선주 폭락···마이클 세일러, 비트코인 쇼핑 멈추나 - 뉴스웨이 가동률 106% 벽 부딪힌 K2 전차···현대로템, 철도·방산 풀 케파에 행복한 비명 - 뉴스웨이 월 6만2000원 넘으면 무제한, 적게 쓰면 환급···기후동행카드 플러스 출시 - 뉴스웨이 비트코인 횡보 속 알트코인 강세···유니스왑 20% 급등에 자금 이동 가속 - 뉴스웨이 일본은행 금리인상 31년 만에 '최고 수준'···비트코인은 왜 올랐나 - 뉴스웨이 결국 돈으로 풀었나...트럼프, 454조원 이란 재건기금 카드 '만지작' - 뉴스웨이 美 휘발유 갤런당 4달러 아래로...국내 주유소 '2000원대' 벽 깨지나 - 뉴스웨이 2년 2개월 만에 마주 앉았지만···최태원·노소영 끝내 합의 불발 - 뉴스웨이 비트코인 바닥 찍었나?···스탠다드차타드 ""암호화폐 겨울 끝났다"" - 뉴스웨이 중동 리스크 해소되자 비트코인 폭등···암호화폐 시장 '들썩' - 뉴스웨이 뉴스웨이에서 직접 확인하세요. 해당 언론사로 이동합니다.",6211,bs4_selector,-10.0,date_failed:original_date_too_old>52h:2026-06-19,136.5,False,True,https://news.google.com/rss/articles/CBMiRkFVX3lxTE9idF9zS3JPUFBDTGhYTmF3Z3QyNGFIcWF5Wm1uanp5ZVp6dlZCRkZTd1FRUnlZUUdDdFdjXzkxXzhMOXAzSnc?oc=5,https://v.daum.net/v/X5dAniiPj9,223.5,"ai_infrastructure_security,aidc_datacenter,platform_obligation",aidc_gpu_npu,2026-06-19,visible_date_node,original_date_too_old>52h,2.0,73.55,,0.0,global_incident:platform_regulation:naver:platform_content_moderation_obligation:announcement,global_incident:platform_regulation:naver:platform_content_moderation_obligation,32.0,self:platform_obligation,Y,,,,,I006,global_incident:mna_capital:naver:mna_capital,,,,,,,,,,,,,,,,,,,,네이버,경쟁사/해외이슈,경쟁사_해외이슈,경쟁사_해외이슈,경쟁사_해외이슈,경쟁사/해외이슈,,,issue_representative_attempt,,,,
경쟁사_해외이슈,경쟁사/해외이슈,네이버,[매드업 IPO]광고와 AI 사이…매드업의 몸값 계산법 : 네이버 블로그,Naver Blog,,"Mon, 22 Jun 2026 01:28:59 GMT",,[매드업 IPO]광고와 AI 사이…매드업의 몸값 계산법 : 네이버 블로그 Naver Blog,,0,domain_filter,-100.0,excluded_final_domain:blog.naver.com,0.0,False,,https://news.google.com/rss/articles/CBMijwFBVV95cUxQYlgyY0g4aldyb0RPdXd6WEx4VGgxaERyY00wLWZBU2NQcUxxZWhmUXpzNVVVSVNJX0tHVU1pUFQ2WFY0bGJ0Y2JVWHZody1qcXVhM2lrWVl1cVJ3ZEJacHA2WlIwZ2hzbmd6NF9LUk5LVm1qZWphOTQ1Rl9LODExMzRaUGMxQ2QxQ2E1Nm4yNA?oc=5,https://blog.naver.com/PostView.naver?blogId=dealsite&logNo=224322789893&redirect=Dlog,,,,,,not_checked_domain_filtered,,,,0.0,global_incident:mna_capital:naver:mna_capital:general,global_incident:mna_capital:naver:mna_capital,0.0,,,,,,,I006,global_incident:mna_capital:naver:mna_capital,,,,,,,,,,,,,,,,,,,,네이버,경쟁사/해외이슈,경쟁사_해외이슈,경쟁사_해외이슈,경쟁사_해외이슈,경쟁사/해외이슈,,,issue_representative_attempt,,,,
경쟁사_해외이슈,경쟁사/해외이슈,금융감독원,"네이버클라우드, 국가 AI센터 SPC에 1044억 출자…지분 26.1% 확보",ppss.kr,ppss.kr,"Fri, 19 Jun 2026 03:03:31 GMT","Fri, 19 Jun 2026 03:03:31 GMT","네이버클라우드, 국가 AI센터 SPC에 1044억 출자…지분 26.1% 확보 ppss.kr","(PPSS 이주환 기자) 네이버클라우드가 참여하는 국가 AI 컴퓨팅센터 구축 특수목적법인(SPC)의 사명이 ‘한국에이아이컴퓨팅센터’로 확정됐다. 초대 대표이사에는 삼성SDS 최고재무책임자(CFO) 출신인 안정태 부사장이 선임됐다. 네이버클라우드는 18일 정정공시를 통해 국가 AI 컴퓨팅센터 구축을 위한 SPC의 회사명을 ‘한국에이아이컴퓨팅센터 주식회사’로 확정했다고 밝혔다. 기존 공시에서는 회사명이 ‘국가 AI 컴퓨팅 센터’로 미확정 상태였으나, 이번 정정공시를 통해 사명과 대표이사, 취득예정일자 등이 구체화됐다. 공시에 따르면 한국에이아이컴퓨팅센터의 주요 사업은 클라우드 컴퓨팅 및 데이터센터 운영업이다. 설립 시 자본금은 56억 6,000만 원, 발행주식총수는 113만 2,000주다. 네이버클라우드는 해당 법인의 주식 104만 4,000주를 총 1044억 원에 현금 취득한다. 이는 네이버클라우드 자기자본 대비 15.89%에 해당하는 규모다. 최종 출자 완료 후 네이버클라우드의 지분율은 26.10%가 된다. 취득 목적은 국가 AI 컴퓨팅센터 구축을 위한 SPC 설립 및 유상증자 참여다. 네이버클라우드는 지난 5월 29일 1차 출자금 납입을 마쳤으며, 잔여 출자금은 2027년까지 2차에 걸쳐 분할 납입할 예정이다. 이번 정정공시는 국가 AI 컴퓨팅센터 사업의 법인 설립과 지배구조가 본격적으로 구체화되고 있다는 점에서 의미가 있다. 특히 네이버클라우드가 1,000억 원이 넘는 자금을 출자하고 26%대 지분을 확보하면서, 향후 국가 AI 인프라 구축 과정에서 핵심 민간 사업자로 참여하는 구조가 보다 명확해졌다. 국가 AI 컴퓨팅센터 구축 사업은 국내 AI 연구개발과 산업 육성을 위해 대규모 그래픽처리장치(GPU) 기반 컴퓨팅 자원을 공공과 민간에 제공하는 것을 목표로 한다. 삼성SDS가 주관사를 맡은 컨소시엄에는 네이버클라우드를 비롯해 삼성물산, 삼성전자, 카카오, 클러쉬, KT, 전라남도, 서남해안기업도시개발 등이 참여한다. 과학기술정보통신부는 올해 3분기 착공을 목표로 관련 인허가와 부지 조성 절차를 진행하고 있으며, 2028년까지 첨단 AI 반도체 1만 5,000장 규모의 국가 AI 컴퓨팅센터를 구축할 계획이다. 총사업비는 2조 5,000억 원 규모로 알려졌다. 센터가 완공되면 중소기업과 스타트업, 대학, 연구기관 등은 대규모 AI 연산 자원을 활용할 수 있게 된다. 정부는 이용 활성화를 위해 요금 지원, 기술 컨설팅, 교육 프로그램 등을 제공하고, 글로벌 기업과의 협력을 통한 AI 서비스 해외 진출 지원도 추진할 방침이다. 아울러 센터 내에는 연구개발 공간과 실증 환경도 조성된다. 이를 통해 국산 AI 반도체의 개발과 검증을 지원하고, 향후 상용 서비스 적용까지 연계한다는 구상이다. 이주환 기자 777@ppss.kr (PPSS 이주환 기자) 네이버클라우드가 참여하는 국가 AI 컴퓨팅센터 구축 특수목적법인(SPC)의 사명이 ‘한국에이아이컴퓨팅센터’로 확정됐다. 초대 대표이사에는 삼성SDS 최고재무책임자(CFO) 출신인 안정태 부사장이 선임됐다. 네이버클라우드는 18일 정정공시를 통해 국가 AI 컴퓨팅센터 구축을 위한 SPC의 회사명을 ‘한국에이아이컴퓨팅센터 주식회사’로 확정했다고 밝혔다. 기존 공시에서는 회사명이 ‘국가 AI 컴퓨팅 센터’로 미확정 상태였으나, 이번 정정공시를 통해 사명과 대표이사, 취득예정일자 등이 구체화됐다. 공시에 따르면 한국에이아이컴퓨팅센터의 주요 사업은 클라우드 컴퓨팅 및 데이터센터 운영업이다. 설립 시 자본금은 56억 6,000만 원, 발행주식총수는 113만 2,000주다. 네이버클라우드는 해당 법인의 주식 104만 4,000주를 총 1044억 원에 현금 취득한다. 이는 네이버클라우드 자기자본 대비 15.89%에 해당하는 규모다. 최종 출자 완료 후 네이버클라우드의 지분율은 26.10%가 된다. 취득 목적은 국가 AI 컴퓨팅센터 구축을 위한 SPC 설립 및 유상증자 참여다. 네이버클라우드는 지난 5월 29일 1차 출자금 납입을 마쳤으며, 잔여 출자금은 2027년까지 2차에 걸쳐 분할 납입할 예정이다. 이번 정정공시는 국가 AI 컴퓨팅센터 사업의 법인 설립과 지배구조가 본격적으로 구체화되고 있다는 점에서 의미가 있다. 특히 네이버클라우드가 1,000억 원이 넘는 자금을 출자하고 26%대 지분을 확보하면서, 향후 국가 AI 인프라 구축 과정에서 핵심 민간 사업자로 참여하는 구조가 보다 명확해졌다. 국가 AI 컴퓨팅센터 구축 사업은 국내 AI 연구개발과 산업 육성을 위해 대규모 그래픽처리장치(GPU) 기반 컴퓨팅 자원을 공공과 민간에 제공하는 것을 목표로 한다. 삼성SDS가 주관사를 맡은 컨소시엄에는 네이버클라우드를 비롯해 삼성물산, 삼성전자, 카카오, 클러쉬, KT, 전라남도, 서남해안기업도시개발 등이 참여한다. 과학기술정보통신부는 올해 3분기 착공을 목표로 관련 인허가와 부지 조성 절차를 진행하고 있으며, 2028년까지 첨단 AI 반도체 1만 5,000장 규모의 국가 AI 컴퓨팅센터를 구축할 계획이다. 총사업비는 2조 5,000억 원 규모로 알려졌다. 센터가 완공되면 중소기업과 스타트업, 대학, 연구기관 등은 대규모 AI 연산 자원을 활용할 수 있게 된다. 정부는 이용 활성화를 위해 요금 지원, 기술 컨설팅, 교육 프로그램 등을 제공하고, 글로벌 기업과의 협력을 통한 AI 서비스 해외 진출 지원도 추진할 방침이다. 아울러 센터 내에는 연구개발 공간과 실증 환경도 조성된다. 이를 통해 국산 AI 반도체의 개발과 검증을 지원하고, 향후 상용 서비스 적용까지 연계한다는 구상이다. '뒤돌아본 순간 시선 집중'...치어리더 우수한, 치명적 섹시 뒤태에 팬들 '심쿵' 페이커, 국가대표 유니폼 입는다…ENC 2026 대표팀 확정 [단독] 동양레저 ‘정면충돌’…파인크리크·파인밸리 인수안에 주주들 “이사회 전면 교체” '골프는 몰라도 유현주는 안다'...화이트룩으로 뽐낸 '골프여신' 비주얼 트럼프 “미 군함 10척 빨리 건조 가능하나”...한미 조선협력 급물살 타나 레이싱모델 천세라,환한 미소로 팬들과 눈맞춤 '존재감 과시' ""지갑 잃어버렸엉""… 최준희, 신혼 여행지서 보인 의외의 여유 ""일본 가지 말아라""던 중국, 돌연 태도 변화…단체관광 빗장 풀리나 이주환 기자 기자페이지 777@ppss.kr 타임폴리오 위드타임, AUM 1조 돌파…사모재간접 공모펀드 최초 타임폴리오 위드타임, AUM 1조 돌파…사모재간접 공모펀드 최초",3150,bs4_selector,-10.0,date_failed:original_date_too_old>52h:2026-06-19,159.5,False,False,https://news.google.com/rss/articles/CBMiZEFVX3lxTE5GeHNTMllhMzMtTzNlTGx5NTR1RkM3al9UdU55ckdUTlloUUtWak5hYlhjZDNDdDRTNDhXc2NmNUh0N2J1a25uY2JCOUctemtBc28yREUtazl2c1M0R1FVU2FGOUI?oc=5,https://www.ppss.kr/news/articleView.html?idxno=299301,21.5,"ai_infrastructure_security,aidc_datacenter,financial_performance,leadership_change,platform_obligation,strategy_mna_governance",aidc_national_center,2026-06-19,json_ld:datePublished,original_date_too_old>52h,4.0,90.65,,7.0,global_incident:platform_regulation:kakao:platform_data_protection_obligation:policy_change,global_incident:platform_regulation:kakao:platform_data_protection_obligation,32.0,self:platform_obligation,Y,,,,,I006,global_incident:mna_capital:naver:mna_capital,,,,,,,,,,,,,,,,,,,,금융감독원,정부/국회,정부_국회,경쟁사_해외이슈,경쟁사_해외이슈,경쟁사/해외이슈,,,issue_representative_attempt,,,,
경쟁사_해외이슈,경쟁사/해외이슈,플랫폼 시장점유율,IPO 나선 레몬헬스케어 “상급병원 점유율 80% 확보” : 네이버 블로그,Naver Blog,,"Fri, 19 Jun 2026 13:35:58 GMT",,IPO 나선 레몬헬스케어 “상급병원 점유율 80% 확보” : 네이버 블로그 Naver Blog,,0,domain_filter,-100.0,excluded_final_domain:blog.naver.com,0.0,False,,https://news.google.com/rss/articles/CBMijwFBVV95cUxNcm1tSGE3UXZMYmM4YjNmYVFSckpUSzE4bzlXbVNUWmNLbTBfN25jTlFYcVZNa04wVVNXLW9kWW5laXZiM2JlN2t2T1VjY2ZwWlY3Y09kQXdhNG1JTFdJSDNac01iVXZianFzUzhQYTlTMVlPb21VLXY1OEVtSm5GUWNrZFdPNzNkNl9LZnN2dw?oc=5,https://blog.naver.com/PostView.naver?blogId=dealsite&logNo=224320647636&redirect=Dlog,,,,,,not_checked_domain_filtered,,,,0.0,global_incident:mna_capital:naver:mna_capital:general,global_incident:mna_capital:naver:mna_capital,0.0,,,,,,,I006,global_incident:mna_capital:naver:mna_capital,,,,,,,,,,,,,,,,,,,,플랫폼 시장점유율,산업동향,산업동향,경쟁사_해외이슈,경쟁사_해외이슈,경쟁사/해외이슈,,,issue_representative_attempt,,,,
경쟁사_해외이슈,경쟁사/해외이슈,네이버,하정우 네이버클라우드 AI 이노베이션 센터장.,전자신문,전자신문,"Fri, 19 Jun 2026 21:23:44 GMT","Fri, 19 Jun 2026 21:23:44 GMT",하정우 네이버클라우드 AI 이노베이션 센터장. 전자신문,,0,failed,0.0,empty,13.5,False,False,https://news.google.com/rss/articles/CBMiwAVBVV95cUxNTC1RVFBKRVlFZmJpemVJaTZPSkZWVUt5RGN3bm44WDVrNllmUkg0X0V3T3dPRnpuUUExVGRUWEM5dzJwSjgzZGZXZVpubVRHeTY4V0U2cVVCZS1ubUxrTzNKZzlzZ3JUTVEtaU1ERncwVE1NMnJnMW9HaTBHRlk4ajhuaG5ybjRpcExLVnk3OG9JWFFLTkxxQktGcHdNenJKdW9LdE9yVFY4bmZ4NjZaNWpkNGxmODhFcTROOS1MVC10S01CSV9HV2ZPcXY4Z2ZIaTFXeXYyQWdPV0JWZHBjczNoNEVNbW9XckRjaGczSnd3cFF6dGRVQnhwMTR3UWR1S0p3STZJX2xXRnc2QmJ0X24yUEZaSUwxdHJwcDI2a2ptWkx5YUkySjdiYWZzelMyZWw5Sm1ORklTa0tNZ042eFdYbTFUakRLb1I3VHVLODhFRzQtRVc1cDhGU0VyLWh6dW9OTUxERERPTXdUdXdFaEJkVG5YWUtBc3ppWWx5U2JuZ09pQ244WUtPZlhRcXZ4cXpvQl9mZk1WdlRRR0FSSEZSeWlSWG5uSUNHQUhqbEFRdXdOeWZMZXFJY0Q4VGdkUmFURGQ0QUlMa29uOXRDYnQ1NV9GYW1yY1F6REl5eklrenhSVkYwV21xTVVmUDJla2FxUDl3czRnc2NaZDgwdzZ5Yldtc1BxYmUyWVd0eWhRcDU4WVVoY3pHTVZYMFg1dE1sQ2dmTk9ZRl9BSm9jSE5LUEp4QWNwMElWS29iUU5IYWpGSGxkeXI4Yi1yR3c5S0VqaGZhR0cxNEhIWGNJYVlrbmpycVhBdUN1czF5aWtDSms5SWRqZGEtOWFyb2VyUi1uY0ZXYl8xeTl5NEVuTXV6YVF0X1luVlJPX0dzY2VjVm5ONC0xczNoTEM2Sm1pZjE0a0FDd2owbDNmWWJkMQ?oc=5,https://www.etnews.com/tools/image_popup.html?v=bjQ5VkNYY2dLZTZMZFBUbmNzandvWmpGcjBTK1pHYm1CUVRXR0pTMldlYVZkdE5JeGJVUFVVNURJN04rbmhKTVJleGp1T3dieTlRUUUvZWhLclZlQnlzMkNCM0I2T2JjcjF6RGxoVjB0amM4QjcrcHo3MWQxMDV3bk15R1ZvUWN4eHpTanluTUFmSmc2dnk0b0RsMXltTjljd1RQcU5MNmEwSkd6aVZjZHJoWHFOVEEyQW9KVVRlZUIwVGlEekhad2gyb1VEUTJEWUhCS21vZ1YxTWtrRmJIN2UvN0RZbHdqcytPNlpjcGZYQWJsT2loYXM5R09zcUpIVG9uOXkvV00rcCtTZ2RnTnJiZEM0Mm9aMzBTRG1YRFBvUWV0WndCT0VBVUVyOEF1SXdpQkZkL2h1TlhiMWdLWCsvU1dvbGphR1RvTzVLaHFSWGxJMDF3Z2FSc25RPT0,197.5,ai_infrastructure_security,ai_infrastructure_security,,no_original_date_found,no_original_date_found_kept,0.0,-9.55,,0.0,,,0.0,,,,,,,I018,comp_domestic_ai_platform:하정우 네이버클라우드 ai 이노베이션 센터장,,,,,,,,,,,,,,,,,,,,네이버,경쟁사/해외이슈,경쟁사_해외이슈,경쟁사_해외이슈,경쟁사_해외이슈,경쟁사/해외이슈,,,issue_representative_attempt,,,,
경쟁사_해외이슈,경쟁사/해외이슈,네이버,"네이버클라우드, 옴니모달·FDE 앞세워 ‘실전형 국방 AI’ 공략",리얼뉴스,리얼뉴스,"Fri, 19 Jun 2026 04:50:32 GMT","Fri, 19 Jun 2026 04:50:32 GMT","네이버클라우드, 옴니모달·FDE 앞세워 ‘실전형 국방 AI’ 공략 리얼뉴스","국방산업발전대전서 데이터센터·클라우드·AI 모델 아우른 풀스택 전략 공개 폐쇄망·엣지 인프라로 데이터 주권 확보···현장형 엔지니어 조직으로 전력화 지원 온톨로지 기반 지식체계 구축해 작전계획·명령 초안 자동화 추진 네이버클라우드가 옴니모달 인공지능(AI)과 현장 밀착형 엔지니어 조직을 앞세워 실제 작전 환경에 적용할 수 있는 국방 AI 시장 공략에 나섰다. 네이버클라우드는 지난 10일 대전컨벤션센터에서 열린 ‘InLEX 대한민국 국방산업발전대전’에서 ‘소버린 AI 기반 국방 AX 발전 전략 세미나’를 열고 국방·방산·정보통신기술(ICT) 관계자들에게 국방 AI 전환 전략을 공개했다고 지난 11일 밝혔다. 회사는 텍스트와 음성, 영상, 지도 등 서로 다른 형태의 데이터를 하나의 작전 상황으로 통합해 이해하는 옴니모달 AI와 현장에 엔지니어를 배치하는 FDE(Forward Deployed Engineer) 체계를 핵심 경쟁력으로 제시했다. AI 모델 개발에 그치지 않고 실제 전장에서 활용할 수 있는 전력화 단계까지 지원하겠다는 구상이다. 유경범 네이버클라우드 상무는 ‘소버린 AI로 완성하는 국방 AX’를 주제로 데이터센터와 클라우드 인프라, AI 모델, 서비스를 결합한 풀스택 전략을 소개했다. 유 상무는 ‘하이퍼클로바X 옴니모달’이 다양한 전장 데이터를 통합된 상황으로 이해할 수 있다고 설명했다. 전장 환경의 변화를 예측하는 월드모델을 활용해 수집된 데이터를 지휘관의 판단을 돕는 정보로 전환할 수 있다는 주장이다. 국방 전용 AI 데이터센터 구축 방안도 제시했다. 육·해·공군과 합동참모본부의 데이터를 중앙 데이터센터에서 통합 학습하고, 전방과 함정, 이동형 지휘소에는 엣지 데이터센터를 배치하는 방식이다. 통신이 제한되거나 끊긴 상황에서도 AI 서비스를 운용할 수 있도록 중앙과 전장 인프라를 분산 구축한다. 네이버클라우드는 대규모 데이터센터 운영 경험과 폐쇄망 기반 모듈형 클라우드 구축 역량을 바탕으로 국방 전용 인프라를 공급할 수 있다고 강조했다. 군사 기밀과 작전 데이터를 외부 환경과 분리하면서 중앙 데이터센터부터 전장 엣지까지 하나의 체계로 연결한다는 계획이다. FDE 조직도 차별화 요소로 내세웠다. 엔지니어가 군 현장에 배치돼 사용자의 요구를 반영하고 시제품 개발과 검증을 반복하는 방식이다. 네이버클라우드는 이를 통해 개발한 AI가 현장 운용 단계에서 겪는 성능 저하와 시스템 연계 문제를 줄일 수 있다고 설명했다. 정낙수 네이버클라우드 상무는 구축형 클라우드와 온톨로지 기반 지식체계의 필요성을 강조했다. 각 군에 분산된 데이터를 온톨로지로 연결해 단순한 정보 집합이 아닌 의미와 관계를 이해하는 지식체계로 전환해야 한다는 것이다. 온톨로지는 데이터 간 관계와 의미를 구조화하는 기술이다. 이를 국방 데이터에 적용하면 AI가 판단 근거와 추론 경로를 제시할 수 있어 군사 의사결정의 신뢰성을 높일 수 있다. 네이버클라우드는 구축형 클라우드와 하이퍼클로바X를 결합해 국방 AI 통합 체계의 기반을 마련하겠다는 방침이다. AI 에이전트 운영체제를 개발하는 인핸스도 세미나에 참여했다. 안현진 인핸스 이사는 작전명령서와 센서 정보 등 비정형 데이터에서 핵심 내용을 추출하고, 작전 교리와 교전 규칙, 표준작전절차를 AI가 판단할 수 있는 규칙으로 변환하는 기술을 소개했다. 인핸스는 분야별 AI 에이전트가 협업해 작전계획과 작전명령 초안을 10분 이내에 작성하는 방안도 제시했다. 지휘관의 정보 분석 부담을 줄이고 의사결정 속도를 높이는 것이 목표다. 다만 국방 AI가 실제 작전 체계에 적용되려면 보안성과 정확성, 책임 소재를 함께 확보해야 한다. AI가 생성한 정보의 오류 가능성을 검증하고 인간 지휘관의 최종 판단권을 보장하는 통제 체계도 필요하다. 폐쇄망과 데이터 주권 확보뿐 아니라 군사적 판단에 적용할 수 있는 신뢰성 검증 기준을 마련하는 것이 국방 AI 전력화의 핵심 과제로 꼽힌다.",1919,trafilatura,-10.0,date_failed:original_date_too_old>52h:2026-06-19,115.5,False,False,https://news.google.com/rss/articles/CBMibEFVX3lxTE91Z0dfVm5wcTJXNXVIOWp5VlBGUTlLYzUzTWhpcWFocTUtQmgzX2VGa3NZYzRYR25IVlFoUGIxUWpNR1otSnFBamFNTnBwSXNNdTk5UGZ3VExHZTd4LUh5SjI5M29Day1tOTI4ag?oc=5,https://www.realnews.co.kr/news/articleView.html?idxno=30771,191.5,"ai_agent,ai_infrastructure_security,aidc_datacenter,digital_asset_stablecoin,phishing_security,platform_obligation,policy_legislation,privacy_security_reliability",aidc_law_power,2026-06-19,json_ld:datePublished,original_date_too_old>52h,4.0,64.85,,7.0,global_incident:platform_regulation:naver:platform_content_moderation_obligation:announcement,global_incident:platform_regulation:naver:platform_content_moderation_obligation,24.0,competitor:platform_obligation,Y,,,,,I020,comp_domestic_ai_platform:네이버클라우드 옴니모달 fde 앞세워 실전형 국방 ai 공략,,,,,,,,,,,,,,,,,,,,네이버,경쟁사/해외이슈,경쟁사_해외이슈,경쟁사_해외이슈,경쟁사_해외이슈,경쟁사/해외이슈,,,issue_representative_attempt,,,,
경쟁사_해외이슈,경쟁사/해외이슈,네이버,"네이버클라우드, 국방용 경량 옴니모달 AI 공개···드론·전술차량서 실시간 분석",리얼뉴스,리얼뉴스,"Fri, 19 Jun 2026 04:57:20 GMT","Fri, 19 Jun 2026 04:57:20 GMT","네이버클라우드, 국방용 경량 옴니모달 AI 공개···드론·전술차량서 실시간 분석 리얼뉴스","‘하이퍼클로바X 시드 4B’ 자체 개발···영상·음성·문서 동시 처리 모델 크기 절반으로 줄이고 성능 개선···제한된 엣지 환경서 저지연 추론 폐쇄망 기반 AI 풀스택 구축···2030년 전군 AI 전환 추진 네이버클라우드가 드론과 전술차량 등 제한된 컴퓨팅 환경에서도 영상과 음성, 문서를 실시간 분석할 수 있는 경량 옴니모달 인공지능 모델을 공개하며 국방 AI 시장 공략을 강화한다. 네이버클라우드는 ‘2026 한국군사과학기술학회 종합학술대회’에서 자체 개발한 경량 옴니모달 모델 ‘하이퍼클로바X 시드 4B’를 공개했다고 밝혔다. 폐쇄망 안에서 인프라와 AI 모델, 에이전트를 통합 운영하는 소버린 AI 기반 국방 전환 전략도 제시했다. 하이퍼클로바X 시드 4B는 텍스트뿐 아니라 이미지와 영상, 음성을 함께 이해하는 국방 특화 모델이다. 네이버클라우드가 자체 개발한 비전 인코더 ‘하이퍼클로바X 클립’과 오디오 인코더를 탑재했다. 한글 문서와 국내 환경을 이해할 수 있도록 한국어 중심 데이터도 학습했다. 현대 전장에서는 드론 영상과 위성사진, 무전 음성, 작전 문서 등 서로 다른 형태의 정보를 신속하게 분석해야 한다. 이를 지휘관의 의사결정과 연결하려면 여러 데이터를 통합 처리하는 옴니모달 기술이 필요하다. 국방 AI는 보안과 실시간성이 중요한 만큼 중앙 클라우드뿐 아니라 드론과 무인체계, 전술차량에서도 작동해야 한다. 전장에서는 통신이 끊기거나 대역폭이 제한될 수 있어 현장에서 직접 데이터를 처리하는 엣지 AI 역량이 중요하다. 네이버클라우드는 기존 8B급 대규모언어모델 백본에 프루닝과 지식 증류 기술을 적용해 모델 규모를 4B급으로 줄였다. 불필요한 연산을 덜어내고 대형 모델의 지식을 소형 모델에 이전하는 방식이다. 회사는 모델 크기를 절반 수준으로 축소하면서 옴니모달 모델 생산 공정을 개선해 최종 성능은 기존 8B급 옴니모달 모델보다 높였다고 설명했다. 연산 자원이 제한된 엣지 환경에서도 지연 시간을 줄여 실시간 추론이 가능하도록 설계했다. 하이퍼클로바X 시드 4B는 드론과 해안 감시 영상의 객체 탐지에 활용할 수 있다. 위성사진의 변화 분석과 사격장·생활관 위험요소 식별, 군용 장비 자동 인식, 전장 지도 분석도 지원한다. 네이버클라우드는 이를 정보·감시·정찰 자동화와 무인체계 운용, 통합 상황 인식 분야에 적용할 계획이다. AI가 분석 결과와 판단 근거를 함께 제시하는 설명 가능한 무인체계 구축에도 활용할 수 있다고 회사 측은 밝혔다. 폐쇄망 중심의 국방 AI 풀스택 전략도 공개했다. 국방 데이터가 외부로 유출되지 않도록 인프라와 머신러닝 운영체계, 대규모언어모델, AI 에이전트를 폐쇄망에 직접 배포하고 운영하는 구조다. 네이버클라우드는 자체 클라우드 인프라와 AI 모델을 결합해 군이 데이터와 시스템의 통제권을 유지할 수 있다고 강조했다. 해외 사업자나 외부 클라우드에 대한 의존도를 낮춰 국방 분야의 AI 주권도 확보한다는 구상이다. 회사는 2026년까지 국방 AI 전환 기반을 구축하고 관련 사업 참여를 확대할 방침이다. 이후 AI 에이전트를 군 업무와 작전 지원 영역에 단계적으로 적용해 2030년까지 국방 전 영역의 AI 전환을 추진한다. 다만 경량 모델의 성능이 실제 전장에서도 안정적으로 유지되는지는 추가 검증이 필요하다. 객체 오인식과 음성 분석 오류가 작전 판단에 영향을 줄 수 있는 만큼 군 운용 환경을 반영한 시험평가와 책임 기준을 마련해야 한다. 폐쇄망 구축만으로 보안 문제가 모두 해결되는 것도 아니다. 학습 데이터의 신뢰성과 모델 업데이트 절차, 사이버 공격 대응 체계를 함께 갖춰야 한다. AI의 분석 결과를 사람이 검증하고 최종 판단을 내리는 통제 원칙도 국방 AI 전력화 과정에서 구체화해야 할 과제로 꼽힌다.",1837,trafilatura,-10.0,date_failed:original_date_too_old>52h:2026-06-19,116.5,False,False,https://news.google.com/rss/articles/CBMibEFVX3lxTE5uc1I0dHlXbHhnY19EMmpTVUc0REZpQ2ZTNVFrQldvRUh0akpKRjBlWjQwOVBzVzNYQlg3WU5tcjFBNlB5TFVwVDNkLW5LbmR1SnFuUk5lMG8xb3lpbHFBY0Q2b2VDOWlKLS1hVw?oc=5,https://www.realnews.co.kr/news/articleView.html?idxno=30772,188.5,"ai_agent,ai_infrastructure_security,phishing_security,platform_obligation,policy_legislation,privacy_security_reliability",security_general,2026-06-19,json_ld:datePublished,original_date_too_old>52h,4.0,65.55,privacy_security:naver:data_leak:initial_investigation_response,7.0,global_incident:platform_regulation:naver:platform_content_moderation_obligation:announcement,global_incident:platform_regulation:naver:platform_content_moderation_obligation,24.0,competitor:platform_obligation,Y,,,,,I021,comp_domestic_ai_platform:네이버클라우드 국방용 경량 옴니모달 ai 공개 드론 전술차량서 실시간 분석,,,,,,,,,,,,,,,,,,,,네이버,경쟁사/해외이슈,경쟁사_해외이슈,경쟁사_해외이슈,경쟁사_해외이슈,경쟁사/해외이슈,,,issue_representative_attempt,,,,
경쟁사_해외이슈,경쟁사/해외이슈,금융감독원,"[6.19 개장 전 공시] 아이크래프트 네이버클라우드 518억 수주, HD현대마린 280억 계약",jabon.co.kr,jabon.co.kr,"Thu, 18 Jun 2026 23:00:00 GMT","Thu, 18 Jun 2026 23:00:00 GMT","[6.19 개장 전 공시] 아이크래프트 네이버클라우드 518억 수주, HD현대마린 280억 계약 jabon.co.kr","장진 기자 입력 2026.06.19 08:00 댓글 0 가 가 기사의 본문 내용은 이 글자크기로 변경됩니다. 기사의 본문 내용은 이 글자크기로 변경됩니다. 인공지능(AI) 인프라와 선박엔진 분야에서 대형 공급계약이 잇따랐다. 넥써쓰의 원스토어 인수 관련 유상증자와 SG의 대규모 증자 등 자본 조달 공시도 이어졌다. 자본시장은 AI 데이터센터 투자 확대와 조선 업황에 연동된 수주, 그리고 잇단 자본 조달 공시에 주목하고 있다. 19일 개장 전 공시에 따르면 아이크래프트와 HD현대마린엔진이 각각 AI 인프라와 선박엔진 분야에서 대형 계약을 체결했다. ◇ 아이크래프트 AI 스위치 518억···HD현대마린 280억 코스닥시장에서 아이크래프트는 네이버클라우드와 2026년 NIPA 엔비디아 인피니밴드 네트워크 스위치 공급계약을 체결했다고 공시했다. 계약금액은 518억1817만원이다. AI 데이터센터의 핵심 네트워크 장비 수주로, 국내 AI 인프라 투자 확대 흐름과 직결된다. 유가증권시장에서는 HD현대마린엔진이 중국 우후조선소(Wuhu Shipyard)와 선박엔진 공급계약을 맺었다. 계약금액은 279억9975만원으로 최근 매출액의 7.0% 규모다. 조선 업황 회복에 따른 엔진 수요 확대가 반영된 수주로 풀이된다. ◇ 넥써쓰·SG 유상증자···차AI헬스케어 지분양수 자본 조달 공시도 잇따랐다. 넥써쓰는 SK스퀘어·네이버·크래프톤을 상대로 신주 1717만1788주를 주당 2300원에 발행하는 유상증자로 약 295억원을 조달한다고 공시했다. 이는 원스토어 지분 2024만7990주를 626억2703만원에 양수하기 위한 자금이다. SG는 주주배정 후 실권주 일반공모 방식으로 신주 4100만주를 발행해 시설자금 150억원과 운영자금 200억원, 채무상환 159억6700만원, 타법인 증권 취득 100억원 등을 조달한다. 구주 1주당 신주 0.4142874776주가 배정되며 예정 발행가액은 주당 1487원이다. 테라사이언스도 비엠투자조합을 상대로 신주 100만주를 주당 100원에 발행해 10억원을 조달한다. 차케어스로부터 카카오헬스케어 주식 318만2686주를 약 150억원에 양수하기로 결정했다. ◇ 알테오젠 크론병 3상 전략 변경 알테오젠은 중등도-중증 활성 크론병 소아 환자의 유지 요법으로서 'CT-P13 피하주사(CT-P13 SC)'의 유효성과 안전성을 평가하는 무작위 배정·이중 눈가림 제3상 임상시험에서, 전략 변경에 따라 'Part 2' 시험 계획을 신청하지 않기로 결정했다고 공시했다. 임상 단계의 전략 변경인 만큼 후속 개발 방향과 파이프라인 영향에 대한 추가 확인이 필요한 사안이다. ◇ 자본시장뉴스 분석 자본시장뉴스는 이날 공시를 '테마별로 갈린 수주와 조달의 명암'으로 본다. 아이크래프트의 네이버클라우드 수주는 AI 데이터센터 투자가 후방 네트워크 장비 업체의 외형으로 이어지는 흐름을, HD현대마린엔진의 계약은 조선 업황 회복을 각각 반영한다. 두 건 모두 전방 산업 호조가 부품·장비 수주로 구체화된 사례다. 핵심은 조달의 성격 차이다. 넥써쓰의 증자는 원스토어 인수라는 명확한 사용처가 있는 반면, SG의 대규모 증자는 시설·운영·채무상환에 걸쳐 있어 재무구조 개선 성격이 강하다. 증자는 자금을 확보하는 동시에 기존 주주 지분 희석을 수반하는 만큼, 조달 목적과 사용처를 구분해 볼 필요가 있다. ◇ IB 관점 증권가와 IB 업계는 이날 공시를 AI·조선 수주 모멘텀과 자본 조달 수요가 동시에 드러난 사례로 본다. 매출 대비 비중이 큰 수주는 실적에 기여하지만, 대규모 증자는 지분 희석 부담이 따른다는 평가다. 한 IB 업계 관계자는 ""AI 인프라와 조선 엔진 수주는 전방 투자에 연동된 실적 모멘텀""이라면서도 ""채무상환 목적이 포함된 대규모 증자는 재무 부담 완화 효과와 함께 주주 지분 희석을 수반하는 만큼, 조달 목적의 질을 따져볼 필요가 있다""고 말했다. 인공지능(AI) 인프라와 선박엔진 분야에서 대형 공급계약이 잇따랐다. 넥써쓰의 원스토어 인수 관련 유상증자와 SG의 대규모 증자 등 자본 조달 공시도 이어졌다. 자본시장은 AI 데이터센터 투자 확대와 조선 업황에 연동된 수주, 그리고 잇단 자본 조달 공시에 주목하고 있다. 19일 개장 전 공시에 따르면 아이크래프트와 HD현대마린엔진이 각각 AI 인프라와 선박엔진 분야에서 대형 계약을 체결했다. ◇ 아이크래프트 AI 스위치 518억···HD현대마린 280억 코스닥시장에서 아이크래프트는 네이버클라우드와 2026년 NIPA 엔비디아 인피니밴드 네트워크 스위치 공급계약을 체결했다고 공시했다. 계약금액은 518억1817만원이다. AI 데이터센터의 핵심 네트워크 장비 수주로, 국내 AI 인프라 투자 확대 흐름과 직결된다. 유가증권시장에서는 HD현대마린엔진이 중국 우후조선소(Wuhu Shipyard)와 선박엔진 공급계약을 맺었다. 계약금액은 279억9975만원으로 최근 매출액의 7.0% 규모다. 조선 업황 회복에 따른 엔진 수요 확대가 반영된 수주로 풀이된다. ◇ 넥써쓰·SG 유상증자···차AI헬스케어 지분양수 자본 조달 공시도 잇따랐다. 넥써쓰는 SK스퀘어·네이버·크래프톤을 상대로 신주 1717만1788주를 주당 2300원에 발행하는 유상증자로 약 295억원을 조달한다고 공시했다. 이는 원스토어 지분 2024만7990주를 626억2703만원에 양수하기 위한 자금이다. SG는 주주배정 후 실권주 일반공모 방식으로 신주 4100만주를 발행해 시설자금 150억원과 운영자금 200억원, 채무상환 159억6700만원, 타법인 증권 취득 100억원 등을 조달한다. 구주 1주당 신주 0.4142874776주가 배정되며 예정 발행가액은 주당 1487원이다. 테라사이언스도 비엠투자조합을 상대로 신주 100만주를 주당 100원에 발행해 10억원을 조달한다. 차케어스로부터 카카오헬스케어 주식 318만2686주를 약 150억원에 양수하기로 결정했다. 알테오젠은 중등도-중증 활성 크론병 소아 환자의 유지 요법으로서 'CT-P13 피하주사(CT-P13 SC)'의 유효성과 안전성을 평가하는 무작위 배정·이중 눈가림 제3상 임상시험에서, 전략 변경에 따라 'Part 2' 시험 계획을 신청하지 않기로 결정했다고 공시했다. 임상 단계의 전략 변경인 만큼 후속 개발 방향과 파이프라인 영향에 대한 추가 확인이 필요한 사안이다. 자본시장뉴스는 이날 공시를 '테마별로 갈린 수주와 조달의 명암'으로 본다. 아이크래프트의 네이버클라우드 수주는 AI 데이터센터 투자가 후방 네트워크 장비 업체의 외형으로 이어지는 흐름을, HD현대마린엔진의 계약은 조선 업황 회복을 각각 반영한다. 두 건 모두 전방 산업 호조가 부품·장비 수주로 구체화된 사례다. 핵심은 조달의 성격 차이다. 넥써쓰의 증자는 원스토어 인수라는 명확한 사용처가 있는 반면, SG의 대규모 증자는 시설·운영·채무상환에 걸쳐 있어 재무구조 개선 성격이 강하다. 증자는 자금을 확보하는 동시에 기존 주주 지분 희석을 수반하는 만큼, 조달 목적과 사용처를 구분해 볼 필요가 있다. 증권가와 IB 업계는 이날 공시를 AI·조선 수주 모멘텀과 자본 조달 수요가 동시에 드러난 사례로 본다. 매출 대비 비중이 큰 수주는 실적에 기여하지만, 대규모 증자는 지분 희석 부담이 따른다는 평가다. 한 IB 업계 관계자는 ""AI 인프라와 조선 엔진 수주는 전방 투자에 연동된 실적 모멘텀""이라면서도 ""채무상환 목적이 포함된 대규모 증자는 재무 부담 완화 효과와 함께 주주 지분 희석을 수반하는 만큼, 조달 목적의 질을 따져볼 필요가 있다""고 말했다.",3680,bs4_selector,-10.0,date_failed:original_date_too_old>52h:2026-06-19,81.0,False,False,https://news.google.com/rss/articles/CBMiZ0FVX3lxTE5peXdob3BVN092RXZZRFJQV2d5aGxJMWlrVFAwYjBWVGFLeGZxdUpHTUlJYk1YOC10NXVSTlpIN04wZnhsMzUxQ0hrdmlOanltX1pZbVlmVzZOdE5EYlU4UFhBRDVkTUE?oc=5,https://www.jabon.co.kr/news/articleView.html?idxno=4235,22.5,"ai_infrastructure_security,aidc_datacenter,earnings,financial_performance,platform_obligation,policy_legislation,strategy_mna_governance",aidc_general,2026-06-19,json_ld:datePublished,original_date_too_old>52h,6.0,35.7,,7.0,global_incident:leadership_service:kakao:executive_change:executive_or_org_change,global_incident:leadership_service:kakao:executive_change,18.0,,,,,,,I033,comp_domestic_ai_platform:6 19 개장 전 공시 아이크래프트 네이버클라우드 518억 수주 hd현대마린 280억 계약,,,,,,,,,,,,,,,,,,,,금융감독원,정부/국회,정부_국회,경쟁사_해외이슈,경쟁사_해외이슈,경쟁사/해외이슈,,,issue_representative_attempt,,,,
경쟁사_해외이슈,경쟁사/해외이슈,메타,"메타, 크루소와 1.6GW 데이터센터 계약",뉴스톱,뉴스톱,"Fri, 19 Jun 2026 09:16:31 GMT","Fri, 19 Jun 2026 09:16:31 GMT","메타, 크루소와 1.6GW 데이터센터 계약 뉴스톱","가 가 기사의 본문 내용은 이 글자크기로 변경됩니다. 기사의 본문 내용은 이 글자크기로 변경됩니다. 메타플랫폼이 인공지능(AI) 인프라 확충을 위해 데이터센터 개발업체 크루소와 신규 컴퓨팅 공급 계약을 맺은 것으로 전해졌다. 블룸버그통신은 18일(현지시간) 메타가 미국 텍사스주 차일드리스와 미주리주 워렌턴에 있는 크루소 데이터센터 2곳에서 컴퓨팅 용량을 구매하기로 했다고 보도했다. 두 시설의 합산 용량은 약 1.6기가와트(GW)로, 1GW가 미국 약 75만 가구에 전력을 공급할 수 있는 규모라는 점을 감안하면 약 120만 가구분에 해당한다. 다만 계약 조건과 공급 일정 등 세부 사항은 아직 공식 확인되지 않았다. 크루소는 AI 특화 데이터센터와 클라우드 컴퓨팅 인프라를 구축·운영하는 업체다. 회사는 현재 계약된 컴퓨팅 용량이 4.9GW에 달하며 개발 예정 물량은 40GW를 넘는다고 밝히고 있다. 오라클, 마이크로소프트, 구글 모회사 알파벳 등과 데이터센터 계약을 체결한 상태다. 다만 최근 구글과의 협상이 결렬되면서 와이오밍주 데이터센터 개발 프로젝트에서는 제외된 바 있다. 이번 계약은 메타의 대규모 AI 투자 확대 흐름과 맞물린다. 메타는 향후 수년간 AI 인프라 구축에 최소 6천억달러를 투자하겠다는 계획을 밝힌 바 있다. 또한 루이지애나주 리치랜드 패리시에 건설 중인 초대형 데이터센터를 통해 향후 2GW 이상의 컴퓨팅 용량을 확보할 예정이다. 업계에서는 빅테크의 AI 경쟁이 반도체 확보를 넘어 전력과 데이터센터 선점 경쟁으로 확대되고 있다고 분석한다. 생성형 AI 모델 학습과 추론 수요가 급증하면서 안정적인 전력 공급과 대규모 컴퓨팅 인프라 확보가 핵심 경쟁력으로 부상하고 있기 때문이다. 메타플랫폼이 인공지능(AI) 인프라 확충을 위해 데이터센터 개발업체 크루소와 신규 컴퓨팅 공급 계약을 맺은 것으로 전해졌다. 블룸버그통신은 18일(현지시간) 메타가 미국 텍사스주 차일드리스와 미주리주 워렌턴에 있는 크루소 데이터센터 2곳에서 컴퓨팅 용량을 구매하기로 했다고 보도했다. 두 시설의 합산 용량은 약 1.6기가와트(GW)로, 1GW가 미국 약 75만 가구에 전력을 공급할 수 있는 규모라는 점을 감안하면 약 120만 가구분에 해당한다. 다만 계약 조건과 공급 일정 등 세부 사항은 아직 공식 확인되지 않았다. 크루소는 AI 특화 데이터센터와 클라우드 컴퓨팅 인프라를 구축·운영하는 업체다. 회사는 현재 계약된 컴퓨팅 용량이 4.9GW에 달하며 개발 예정 물량은 40GW를 넘는다고 밝히고 있다. 오라클, 마이크로소프트, 구글 모회사 알파벳 등과 데이터센터 계약을 체결한 상태다. 다만 최근 구글과의 협상이 결렬되면서 와이오밍주 데이터센터 개발 프로젝트에서는 제외된 바 있다. 이번 계약은 메타의 대규모 AI 투자 확대 흐름과 맞물린다. 메타는 향후 수년간 AI 인프라 구축에 최소 6천억달러를 투자하겠다는 계획을 밝힌 바 있다. 또한 루이지애나주 리치랜드 패리시에 건설 중인 초대형 데이터센터를 통해 향후 2GW 이상의 컴퓨팅 용량을 확보할 예정이다. 업계에서는 빅테크의 AI 경쟁이 반도체 확보를 넘어 전력과 데이터센터 선점 경쟁으로 확대되고 있다고 분석한다. 생성형 AI 모델 학습과 추론 수요가 급증하면서 안정적인 전력 공급과 대규모 컴퓨팅 인프라 확보가 핵심 경쟁력으로 부상하고 있기 때문이다. 이지혜 기자 letswin@globalnewstop.com",1670,bs4_selector,-10.0,date_failed:original_date_too_old>52h:2026-06-19,58.5,False,False,https://news.google.com/rss/articles/CBMib0FVX3lxTE9rbWFBa0JqZXVSS1VEc2ZIYXI5S1pZemRLSk5ERnJLX002NXo2ZjFDdXdyVnIwdVEzaVU2dXNRQmlIMXhxRGxjMk9HWUZTMlJoSGx3RlFFQU9xNDUwbE1lY3duWXA5WnBBeVlzSEtIVQ?oc=5,https://www.newstopkorea.com/news/articleView.html?idxno=45682,199.0,"ai_infrastructure_security,digital_asset_stablecoin,market_power_platform",ai_infrastructure_security,2026-06-19,json_ld:datePublished,original_date_too_old>52h,4.0,22.95,,7.0,global_incident:digital_asset_policy:google:sto_policy:executive_or_org_change,global_incident:digital_asset_policy:google:sto_policy,28.0,,,,,,,I057,comp_overseas_regulation_data:메타 크루소와 1 6gw 데이터센터 계약,,,,,,,,,,,,,,,,,,,,메타,경쟁사/해외이슈,경쟁사_해외이슈,경쟁사_해외이슈,경쟁사_해외이슈,경쟁사/해외이슈,,,issue_representative_attempt,,,,
경쟁사_해외이슈,경쟁사/해외이슈,메타,"메타, Crusoe 데이터센터에서 AI 컴퓨팅 파워 확보 - 블룸버그",Investing.com 한국어,Investing.com 한국어,"Thu, 18 Jun 2026 20:33:00 GMT","Thu, 18 Jun 2026 20:33:00 GMT","메타, Crusoe 데이터센터에서 AI 컴퓨팅 파워 확보 - 블룸버그 Investing.com 한국어",,0,failed,0.0,empty,14.0,False,False,https://news.google.com/rss/articles/CBMid0FVX3lxTE85d1JUWFlRNzFKZDNTRm5IZEZWLUplMUNSSEF2bkkyM0JrSkNYUGZXd2M4M0FkaTBMNV9tNmJnM1dyaHlONGpsRXVmS0VyTXdHcVR0b3FnOWRqNHdqUUN4aHhGZUJQSHdxTkd3OWJEc05QdXFDWHhv?oc=5,https://kr.investing.com/news/stock-market-news/article-93CH-1989649,197.0,ai_infrastructure_security,ai_infrastructure_security,,no_original_date_found,no_original_date_found_kept,0.0,-26.2,,0.0,,,0.0,,,,,,,I058,comp_overseas_regulation_data:메타 crusoe 데이터센터에서 ai 컴퓨팅 파워 확보 블룸버그,,,,,,,,,,,,,,,,,,,,메타,경쟁사/해외이슈,경쟁사_해외이슈,경쟁사_해외이슈,경쟁사_해외이슈,경쟁사/해외이슈,,,issue_representative_attempt,,,,
경쟁사_해외이슈,경쟁사/해외이슈,MS,MS '클라우드' 업고 기대 이상 실적,아이뉴스24,아이뉴스24,"Fri, 19 Jun 2026 18:02:02 GMT","Fri, 19 Jun 2026 18:02:02 GMT",MS '클라우드' 업고 기대 이상 실적 아이뉴스24,[김국배기자] 마이크로소프트(MS)가 클라우드 사업에 힘입어 시장 기대 이상의 실적을 거뒀다. MS는 20일(현지시간) 2017 회계연도 1분기(7월~9월) 매출액이 전년 동기대비 3% 증가한 223억 달러를 기록했다고 발표했다. 이는 시장 예상치인 217억 달러를 상회하는 수준이다. MS는 클라우드 사업이 이 같은 실적을 견인했다고 분석했다. 전체 클라우드 사업 부문 매출도 63억8천만 달러로 8% 정도 증가했다. 특히 이중 핵심인 클라우드 서비스 '애저(Azure)' 매출액은 전년보다 무려 116%나 늘었다. MS는 사티아 나델라 최고경영자(CEO) 체제를 맞아 클라우드 사업을 중점적으로 키우고 있다. 한편 기대 이상의 실적 발표로 MS의 주가는 시간 외 거래에서 5% 이상 급등했다. /김국배기자 vermeer@inews24.com,416,bs4_selector,-10.0,date_failed:original_date_too_old>52h:2016-10-21,32.0,False,True,https://news.google.com/rss/articles/CBMiS0FVX3lxTE9KdDk0UjhMUU5KLXVGQjFfWml6WTBVc2loSGtGN1FGcF9SbC0zeW12YWpudUUwRGMtUWtXSHlYd1dVVGxjSF9SVGNEYw?oc=5,https://mobile.inews24.com/v/986640,188.0,"earnings,financial_performance",financial_performance,2016-10-21,meta:article:published_time,original_date_too_old>52h,3.0,-21.6,,7.0,,,0.0,,,,,,,I079,comp_overseas_regulation_data:ms 클라우드 업고 기대 이상 실적,,,,,,,,,,,,,,,,,,,,MS,경쟁사/해외이슈,경쟁사_해외이슈,경쟁사_해외이슈,경쟁사_해외이슈,경쟁사/해외이슈,,,issue_representative_attempt,,,,
자사_및_계열사_이슈,자사 및 계열사 이슈,카카오,[기업家] 카카오 ⑤ㅣ AI·게임·금융 확장 속 보안·지배구조 변화까지,네이트,네이트,"Sun, 21 Jun 2026 01:36:00 GMT","Sun, 21 Jun 2026 01:36:00 GMT",[기업家] 카카오 ⑤ㅣ AI·게임·금융 확장 속 보안·지배구조 변화까지 네이트,"AI 요약 기사 제목과 본문 내용을 자동 요약한 내용입니다. 전체 내용을 이해하기 위해서는 기사 본문 전체를 확인하는 것이 더 좋습니다. AI챗이 열심히 분석 중입니다. 잠시만 기다려주세요. 기사 제목과 본문 내용을 자동 요약한 내용입니다. 전체 내용을 이해하기 위해서는 기사 본문 전체를 확인하는 것이 더 좋습니다. AI챗이 열심히 분석 중입니다. 잠시만 기다려주세요. ● 2026-06-21 카카오, 지난해 정보보호에 340억 투자…IT 전체 투자 14%↑에도 비중은 하락 카카오가 지난해 정보보호 분야에 340억원 이상을 투입해 보안 투자 규모를 확대했으나, 전체 IT 투자 증가폭이 더 커지면서 정보보호 투자 비중은 소폭 하락한 것으로 나타났다. 카카오는 한국인터넷진흥원(KISA) 정보보호 종합 포털에 공시한 자료에서 2025년 말 기준 정보보호 투자 금액이 340억4339만원으로 집계됐다고 밝혔다. 이는 2024년 말 기준 313억2705만원보다 약 27억원(8.7%) 증가한 수치다. 같은 기간 전체 IT 부문 투자액은 8219억8468만원으로, 전년(7221억7357만원) 대비 약 14% 늘었다. 이처럼 보안 투자 금액은 꾸준히 늘고 있지만, 전체 IT 투자에서 정보보호가 차지하는 비율은 2023년 말 3.9%, 2024년 말 4.3%에서 2025년 말 4.1%로 0.2%포인트 하락했다. 카카오는 IT 기업의 특성상 정보기술 전체에 대한 투자 비율이 높게 형성돼 있다고 설명했다. 카카오 관계자는 ""AI 관련 인프라 고도화에 발맞춰 정보기술 투자와 함께 정보보호 투자도 지속해서 확대하고 있다""고 말했다. 보안 인력과 인증 체계 강화도 이어지고 있다. 지난해 말 기준 카카오의 정보보호 전담 인력은 92.2명이며, 최고경영자(CEO) 직속의 성과 리더들이 각각 CISO와 CPO를 전담해 책임 경영을 강화하고 있다. 카카오는 정보보호관리체계(ISMS)-P, 업무 연속성 경영시스템(BCMS) 등 국내외 핵심 보안 인증 체계를 유지하고, 버그 바운티, 비즈니스 로그인 2단계 인증 의무화, 사칭 방지 '페이크 시그널' 등 다양한 이용자 보호 활동을 전개하고 있다. 카카오 관계자는 ""특히 이용자 보호를 위한 인증 체계 강화, 접근통제, 보안 모니터링 등 실질적인 보안 역량 강화에 중점을 두고 있다""며, ""서비스 개발부터 운영 전 과정에 걸쳐 보안 점검과 취약점 개선 활동을 지속하고 있다""고 밝혔다. 이어 ""앞으로도 이용자 신뢰를 최우선 가치로 두고 정보보호 투자와 보안 체계 고도화를 이어갈 계획이다""라고 덧붙였다. ● 2026-06-19 카카오게임즈 최대주주에 LAAA인베스트먼트…라인, 3천억원 투자 참여 이미지 크게 보기 카카오게임즈 로고 (사진=연합뉴스) 카카오게임즈의 최대주주가 일본 라인야후가 출자한 특수목적법인인 LAAA인베스트먼트 유한회사로 변경됐다. 카카오게임즈는 19일 제3자배정 유상증자와 주식매매 계약 이행에 따라 LAAA인베스트먼트 유한회사가 지분 33.43%를 보유하게 돼 최대주주가 됐다고 공시했다. LAAA인베스트먼트의 최대주주는 페트리코제6호사모투자 합자회사이며, 이 회사의 최대 출자자는 라인(LINE)을 운영하는 LY 주식회사다. 라인야후 측은 LAAA인베스트먼트를 통해 카카오게임즈의 2400억원 규모 제3자배정 유상증자와 600억원 규모 전환사채(CB) 발행에 참여했다. 카카오게임즈는 이날 유상증자 및 CB 발행 납입 절차도 마쳤다고 밝혔다. 이번 거래로 카카오는 기존 37.93%였던 카카오게임즈 지분이 14.68%로 감소했다. 카카오게임즈는 22일 임시 주주총회를 열어 김태환 라인게임즈 최고전략책임자(CSO)와 이시우 카카오게임즈 최고사업책임자(CBO)를 사내이사로 신규 선임하는 안건을 논의할 예정이다. 두 후보자는 이사 선임 후 공동대표로 내정돼 있다. 카카오게임즈 관계자는 ""신규 투자 유치를 기반으로 약 3000억원의 대규모 자금과 재무 안정성을 확보했고, 이를 통해 글로벌 사업경쟁력 강화 및 중장기 성장 기반 확보를 위한 전략적 투자를 강화할 예정""이라고 말했다. ● 2026-06-19 카카오게임즈, 카카오톡 '게임칩' 통해 25종 캐주얼 게임 출시 이미지 크게 보기 프렌즈 3매치처즐 (사진=연합뉴스) 카카오게임즈가 카카오톡 내 신규 플랫폼 '게임칩'을 통해 25종의 캐주얼 게임을 출시했다. '게임칩'은 카카오톡 이용자가 별도의 앱 설치 없이 HTML5 기반으로 다양한 게임을 바로 즐길 수 있도록 마련됐다. 카카오톡 '더보기' 탭에서 접근할 수 있으며, 이용자는 설치 과정 없이 게임을 간편하게 이용할 수 있다. 이번에 공개된 게임 라인업에는 '카카오프렌즈' IP를 활용한 프렌즈 봉봉, 프렌즈 타일 매치, 프렌즈 3매치 퍼즐 등 6종과 더불어 다양한 장르의 캐주얼 게임 19종이 포함됐다. 게임들은 짧은 시간 부담 없이 즐길 수 있는 캐주얼 장르로 구성됐으며, 카카오톡 내에서 친구들과 순위를 겨루거나 기록을 공유하는 등 가벼운 플레이 경험에 중점을 뒀다. 카카오게임즈는 이번 25종 게임 출시를 시작으로 연내 50종 이상의 게임을 순차적으로 선보일 계획이라고 밝혔다. 또한 이용자들이 카카오톡에서 더욱 쉽고 편리하게 다양한 게임을 접할 수 있도록 콘텐츠 경쟁력을 지속적으로 강화한다는 방침이다. 과거 카카오게임즈는 2016년부터 카카오톡 앱 내에서 '스낵게임'이라는 이름으로 미니게임을 서비스했으나, 2023년에 해당 서비스를 종료한 바 있다. 최근 국내 플랫폼인 토스와 원스토어 등이 HTML5 기반 미니게임 시장에 진출하면서, 카카오게임즈도 리뉴얼된 카카오톡을 중심으로 사업 확장에 나섰다. ● 2026-06-18 카카오 과징금 처분 '위법' 판결…서울고법, 공정위 명령 취소 이미지 크게 보기 공정거래위원회 (사진=연합뉴스) 카카오가 음원 서비스 중도해지 안내 부족을 이유로 공정거래위원회로부터 받은 과징금 처분이 위법하다는 판결이 나왔다. 서울고법 행정3부는 18일 카카오가 공정위를 상대로 제기한 소송에서 과징금 납부 명령을 취소한다고 판결했다. 재판부는 전자상거래법상 소비자에게 심한 불편을 초래한 경우에만 영업정지에 갈음하는 과징금 부과가 가능하다고 밝혔다. 또한 회사가 분할돼 영업정지의 실효성이 사라진 경우까지 과징금 부과 사유에 포함된다고 볼 수 없다고 설명했다. 공정위는 2024년 1월, 카카오가 2017년 5월부터 2021년 5월까지 멜론과 카카오톡 등에서 정기 결제형 음원 서비스를 제공하며 중도 해지 기능을 충분히 알리지 않았다며 시정명령과 과징금 9800만원을 부과했다. 카카오는 시정명령을 받은 뒤에도 같은 위반행위를 반복해 영업정지 사유에 해당했다. 이후 카카오는 디지털음원 사업 부문을 분할해 멜론컴퍼니를 설립했고, 멜론컴퍼니는 카카오 계열사에 흡수합병돼 사업 주체가 변경됐다. 이 과정에서 공정위는 카카오의 영업을 정지하더라도 멜론을 통해 사실상 영업이 계속될 수 있어 실효성이 없다는 이유로 영업정지 대신 과징금을 부과했다. 이에 카카오는 처분에 불복해 소송을 제기했고, 지난해 1월 서울고법은 공정위의 처분이 타당하다고 판단했다. 그러나 같은 해 11월 대법원은 과징금 부과 과정에 위법이 있었다며 판결을 파기환송했다. 대법원은 전자상거래법 34조 1항에 따라 영업정지가 소비자 등에게 심한 불편을 줄 우려가 있는 경우에만 과징금 부과가 가능하다고 해석했다. 또한 회사분할 등으로 영업정지 처분의 실효성이 사라진 경우까지 과징금 부과 사유에 포함하는 것은 규정의 문언을 벗어난 유추해석에 해당한다고 지적했다. 시정명령 처분에 대한 판단에는 문제가 없다고 보고 카카오의 상고는 기각했다. ● 2026-06-18 카카오페이, 디지털 정보격차 해소 공로로 과기정통부 장관 표창 이미지 크게 보기 카카오페이, 시니어 디지털 정보격차 해소 공로로 '과기부 장관 표창' 수상 (사진=연합뉴스) 카카오페이, 시니어 디지털 정보격차 해소 공로로 '과기부 장관 표창' 수상 (사진=연합뉴스) 카카오페이가 고령층의 디지털 정보격차 해소와 포용적 금융 문화 확산에 기여한 공로로 과학기술정보통신부 장관 표창을 받았다. 카카오페이는 2023년부터 카카오임팩트, 시니어금융교육협의회와 협력해 '사각사각 페이스쿨' 시니어클래스를 전국적으로 운영해왔다. 이 프로그램은 디지털 금융 이용에 어려움을 겪는 고령층을 지원하는 금융교육 활동으로, 서울, 경기, 대구, 부산, 광주, 전주, 대전, 춘천, 제주 등 전국 50개 복지관에서 진행되고 있다. 교육은 카카오페이가 직접 양성한 50~60대 시니어 금융교육 전문 강사 '페이티처'가 현장에 출강하는 방식으로 이뤄진다. 시니어가 시니어를 돕는 상생 모델을 통해 교육생들의 심리적 장벽을 낮추고 학습 효과를 높였다는 평가를 받았다. 교육 과정에는 디지털 금융 앱 활용법, 신용 관리, 금융 사기 예방 등 실생활 중심의 내용이 포함됐다. 카카오페이 관계자는 앞으로도 국민 누구나 안전하고 편리하게 디지털 금융의 혜택을 누릴 수 있도록 포용적 금융 교육을 확대하겠다고 밝혔다. 한편 과학기술정보통신부는 매년 6월을 '정보문화의 달'로 지정해 정보문화 확산과 지능정보사회 발전 등에 기여한 유공자를 선정해 포상하고 있다. ● 2026-06-16 카카오톡, 챗GPT 챗봇 도입…그룹·1:1 채팅에서 활용 가능 이미지 크게 보기 챗GPT 챗봇 (사진=연합뉴스) 카카오는 16일 카카오톡 채팅방에서 챗GPT 챗봇을 사용할 수 있는 기능을 도입한다고 발표했다. 챗GPT 챗봇은 그룹 채팅방과 1:1 채팅방 모두에서 활용할 수 있다. 채팅방 내 우측 상단 메뉴에서 챗봇을 선택한 뒤 챗GPT 챗봇을 추가하면 이용이 가능하다. 사용자는 채팅 입력창에서 @ 기호와 챗GPT 챗봇을 멘션해 원하는 프롬프트를 입력하거나, 입력창 하단의 키보드 툴바에 있는 챗GPT 버튼을 눌러서도 요청할 수 있다. 예시로 ""@ChatGPT 오늘 날씨 알려줘"", ""@ChatGPT 생일 축하 메시지 작성해 줘""와 같이 입력하면 챗GPT가 채팅방 내에서 답변을 제공한다. 챗GPT 챗봇과의 대화는 답변 말풍선 아래에 있는 자세히 보기 버튼을 누르면 챗GPT 포 카카오 서비스로 연결돼 이어갈 수 있다. 현재 프롬프트 입력은 텍스트로만 지원되며, 이미지 생성 기능도 포함되어 있다. 예를 들어 ""@ChatGPT 바다 풍경 그려줘""라고 요청하면 챗GPT가 해당 이미지를 생성해 답변한다. 카카오는 카카오톡의 사용성을 높이기 위해 여러 가지 업데이트도 진행한다. 메시지 입력창을 화면 하단에 고정해 대화 흐름을 자연스럽게 하고, 문서의 제목·목록·강조 표시 등은 원래 스타일 그대로 확인할 수 있도록 한다. 이들 새로운 기능들은 카카오톡 최신 버전(v.26.5.0 이상)에서 적용된다. ● 2026-06-16 카카오뱅크, 몽골 중앙은행과 디지털 금융 협력 논의 카카오뱅크가 몽골 중앙은행과 현지 최대 기업인 MCS그룹과 디지털 금융 혁신을 위한 협력 방안을 논의했다. 이번 논의는 지난 4월 카카오뱅크와 MCS그룹이 맺은 전략적 파트너십을 기반으로 전날 진행됐다. 카카오뱅크는 나락촉트 산자 몽골 중앙은행 총재와 그 관계자들에게 자사의 디지털 뱅킹 기술력, 사용자 경험(UX)과 사용자 인터페이스(UI) 경쟁력, 그리고 데이터에 기반한 리스크 관리 및 신용평가 노하우를 소개했다. 이 자리에서 카카오뱅크는 MCS그룹 및 M뱅크와 함께 추진 중인 협업 현황을 공유하고, 몽골 금융 환경에 적합한 디지털 금융 서비스 확대와 혁신 방향에 대해 의견을 교환했다. 윤호영 카카오뱅크 대표는 몽골 시장의 디지털 금융 성장 잠재력을 언급하며, 카카오뱅크가 보유한 디지털 뱅킹 운영 경험과 데이터 기반 신용평가 역량이 현지 금융 혁신에 기여할 수 있을 것이라고 밝혔다. 나락촉트 산자 몽골 중앙은행 총재는 몽골 중앙은행이 외국계 은행의 진출과 기술을 활용한 혁신적 은행 및 금융 서비스 도입을 적극 지원하고 있으며, 관련 법과 제도, 규제 환경 개선을 위한 노력을 계속하고 있다고 말했다. 네이트온쪽지 카카오톡 페이스북 엑스 URL 복사 댓글 운영 원칙 네이트 뉴스 댓글은 기사에 대한 자신의 생각을 말하고 남의 생각을 들으며 서로 다양한 의견을 나누는 공간입니다. 건전한 인터넷 문화 정착을 위해 아래와 같은 댓글 운영원칙을 적용합니다. 1. 댓글 삭제 아래에 해당하는 내용이 포함된 댓글은 이용자 신고 등에 의해 별도의 예고 없이 삭제·노출 제한될 수 있습니다. 타인에 대한 욕설 또는 비방 인신공격 또는 명예훼손 개인정보 유출 또는 사생활 침해 음란성 내용 또는 음란물 링크 상업적 광고 또는 사이트/홈페이지 홍보 불법정보 유출 같은 내용의 반복 (도배) 지역감정 조장 폭력 또는 사행심 조장 언론보도 형식의 허위 게시물 자살유발정보 혐오표현 또는 특정 속성을 이유로 특정 집단이나 그 구성원에 대한 비하·조롱 표현(이와 관련한 사항은 한국인터넷자율정책기구의 관련 가이드라인을 준수합니다) 기타 기사 내용과 관계없거나 부적절한 내용 2. 권한 제한 불건전한 댓글이 발견되는 경우 별도의 통보 없이 즉시 삭제하며, 상습적이거나 위반 정도가 심한 댓글을 게시하는 분에 대해서는 일정 기간 댓글 작성에 대한 권한을 제한할 수 있습니다. 또한 비정상적인 패턴으로 댓글 작성, 추천, 반대 등이 발생하는 것으로 관리자 또는 시스템이 판단하는 경우 부정 클릭여부를 확인하여 해당 IP나 ID를 제재할 수 있습니다. 댓글에 비속어 및 상대방의 불쾌감을 주는 단어를 사용하거나, 유명인이나 특정 일반인 또는 단체나 기관을 사칭하는 경우 제재될 수 있습니다. 명예훼손, 개인정보 유출, 욕설 등 법률에 위반되는 댓글은 관계 법령에 의거 민형사상의 불이익을 받을 수 있으니 이용에 주의를 부탁드립니다. 네이트 뉴스 댓글은 기사에 대한 자신의 생각을 말하고 남의 생각을 들으며 서로 다양한 의견을 나누는 공간입니다. 건전한 인터넷 문화 정착을 위해 아래와 같은 댓글 운영원칙을 적용합니다. 1. 댓글 삭제 아래에 해당하는 내용이 포함된 댓글은 이용자 신고 등에 의해 별도의 예고 없이 삭제·노출 제한될 수 있습니다. 타인에 대한 욕설 또는 비방 인신공격 또는 명예훼손 개인정보 유출 또는 사생활 침해 음란성 내용 또는 음란물 링크 상업적 광고 또는 사이트/홈페이지 홍보 불법정보 유출 같은 내용의 반복 (도배) 지역감정 조장 폭력 또는 사행심 조장 언론보도 형식의 허위 게시물 자살유발정보 혐오표현 또는 특정 속성을 이유로 특정 집단이나 그 구성원에 대한 비하·조롱 표현(이와 관련한 사항은 한국인터넷자율정책기구의 관련 가이드라인을 준수합니다) 기타 기사 내용과 관계없거나 부적절한 내용 2. 권한 제한 불건전한 댓글이 발견되는 경우 별도의 통보 없이 즉시 삭제하며, 상습적이거나 위반 정도가 심한 댓글을 게시하는 분에 대해서는 일정 기간 댓글 작성에 대한 권한을 제한할 수 있습니다. 또한 비정상적인 패턴으로 댓글 작성, 추천, 반대 등이 발생하는 것으로 관리자 또는 시스템이 판단하는 경우 부정 클릭여부를 확인하여 해당 IP나 ID를 제재할 수 있습니다. 댓글에 비속어 및 상대방의 불쾌감을 주는 단어를 사용하거나, 유명인이나 특정 일반인 또는 단체나 기관을 사칭하는 경우 제재될 수 있습니다. 명예훼손, 개인정보 유출, 욕설 등 법률에 위반되는 댓글은 관계 법령에 의거 민형사상의 불이익을 받을 수 있으니 이용에 주의를 부탁드립니다. 네이트 뉴스 댓글은 기사에 대한 자신의 생각을 말하고 남의 생각을 들으며 서로 다양한 의견을 나누는 공간입니다. 건전한 인터넷 문화 정착을 위해 아래와 같은 댓글 운영원칙을 적용합니다. 아래에 해당하는 내용이 포함된 댓글은 이용자 신고 등에 의해 별도의 예고 없이 삭제·노출 제한될 수 있습니다. 불건전한 댓글이 발견되는 경우 별도의 통보 없이 즉시 삭제하며, 상습적이거나 위반 정도가 심한 댓글을 게시하는 분에 대해서는 일정 기간 댓글 작성에 대한 권한을 제한할 수 있습니다. 또한 비정상적인 패턴으로 댓글 작성, 추천, 반대 등이 발생하는 것으로 관리자 또는 시스템이 판단하는 경우 부정 클릭여부를 확인하여 해당 IP나 ID를 제재할 수 있습니다. 댓글에 비속어 및 상대방의 불쾌감을 주는 단어를 사용하거나, 유명인이나 특정 일반인 또는 단체나 기관을 사칭하는 경우 제재될 수 있습니다. 명예훼손, 개인정보 유출, 욕설 등 법률에 위반되는 댓글은 관계 법령에 의거 민형사상의 불이익을 받을 수 있으니 이용에 주의를 부탁드립니다.",7975,bs4_selector,68.0,category_guardrail_failed:v26_2_market_stock_commentary_excluded,184.0,True,False,https://news.google.com/rss/articles/CBMieEFVX3lxTE9PTFpnUGtZS1FhYzAtSVJhMWVWN1J3ZlBobzhoY3RYaVBRaU1PVXA5cy1yRkZBMmVrVzNIVl85VVc1UG8zSWRjcFJOckE2U3Fhc21rMnhIUVBwZzV4VDFMZmJGWXNVbDRBanlMX1pOUXZfSlIxeE5LNA?oc=5,https://m.news.nate.com/view/20260621n04487?mid=m02&list=recent&cpcd=,117.8,"ai_infrastructure_security,financial_performance,kakao_games_management,kim_beomsoo_trial,phishing_security,platform_obligation,policy_legislation,privacy_security_reliability,strategy_mna_governance",kakao_games_control_sale,2026-06-21,url_date,original_date_recent,3.0,229.0,privacy_security:kakao:phishing_or_account_takeover:policy_change,63.0,global_incident:platform_enforcement:kakao:consumer_dark_pattern:sanction_penalty,global_incident:platform_enforcement:kakao:consumer_dark_pattern,32.0,self:platform_obligation,Y,,ok,http_200,body_valid,I093,self_privacy_security:기업 카카오 ai 게임 금융 확장 속 보안 지배구조 변화까지,self_privacy_security,SELF_DIRECT_RISK,383.3,DIRECT_RISK,,,other,자사_및_계열사_이슈,SELF_DIRECT_RISK,self_privacy_security,self_privacy_security:기업 카카오 ai 게임 금융 확장 속 보안 지배구조 변화까지,self_privacy_security:기업 카카오 ai 게임 금융 확장 속 보안 지배구조 변화까지,카카오 또는 계열사에 직접 발생한 외부 대응 필요 이슈,5.0,5.0,5.0,로컬 보조 라벨 / v26: 오늘 새 직접 사건·진전,v43_soft_target:산업동향: daily-safe portfolio rescue,issue_selected,카카오,자사 및 계열사 이슈,자사_및_계열사_이슈,자사_및_계열사_이슈,자사_및_계열사_이슈,자사 및 계열사 이슈,24.0,본문추출성공,issue_representative_attempt,fail:v26_2_market_stock_commentary_excluded,,,
자사_및_계열사_이슈,자사 및 계열사 이슈,카카오,[기업家] 카카오 ⑤ㅣ AI·게임·금융 확장 속 보안·지배구조 변화까지,CBC뉴스,CBC뉴스,"Sun, 21 Jun 2026 01:35:31 GMT","Sun, 21 Jun 2026 01:35:31 GMT",[기업家] 카카오 ⑤ㅣ AI·게임·금융 확장 속 보안·지배구조 변화까지 CBC뉴스,"● 2026-06-21 카카오, 지난해 정보보호에 340억 투자…IT 전체 투자 14%↑에도 비중은 하락 카카오가 지난해 정보보호 분야에 340억원 이상을 투입해 보안 투자 규모를 확대했으나, 전체 IT 투자 증가폭이 더 커지면서 정보보호 투자 비중은 소폭 하락한 것으로 나타났다. 카카오는 한국인터넷진흥원(KISA) 정보보호 종합 포털에 공시한 자료에서 2025년 말 기준 정보보호 투자 금액이 340억4339만원으로 집계됐다고 밝혔다. 이는 2024년 말 기준 313억2705만원보다 약 27억원(8.7%) 증가한 수치다. 같은 기간 전체 IT 부문 투자액은 8219억8468만원으로, 전년(7221억7357만원) 대비 약 14% 늘었다. 이처럼 보안 투자 금액은 꾸준히 늘고 있지만, 전체 IT 투자에서 정보보호가 차지하는 비율은 2023년 말 3.9%, 2024년 말 4.3%에서 2025년 말 4.1%로 0.2%포인트 하락했다. 카카오는 IT 기업의 특성상 정보기술 전체에 대한 투자 비율이 높게 형성돼 있다고 설명했다. 카카오 관계자는 ""AI 관련 인프라 고도화에 발맞춰 정보기술 투자와 함께 정보보호 투자도 지속해서 확대하고 있다""고 말했다. 보안 인력과 인증 체계 강화도 이어지고 있다. 지난해 말 기준 카카오의 정보보호 전담 인력은 92.2명이며, 최고경영자(CEO) 직속의 성과 리더들이 각각 CISO와 CPO를 전담해 책임 경영을 강화하고 있다. 카카오는 정보보호관리체계(ISMS)-P, 업무 연속성 경영시스템(BCMS) 등 국내외 핵심 보안 인증 체계를 유지하고, 버그 바운티, 비즈니스 로그인 2단계 인증 의무화, 사칭 방지 '페이크 시그널' 등 다양한 이용자 보호 활동을 전개하고 있다. 카카오 관계자는 ""특히 이용자 보호를 위한 인증 체계 강화, 접근통제, 보안 모니터링 등 실질적인 보안 역량 강화에 중점을 두고 있다""며, ""서비스 개발부터 운영 전 과정에 걸쳐 보안 점검과 취약점 개선 활동을 지속하고 있다""고 밝혔다. 이어 ""앞으로도 이용자 신뢰를 최우선 가치로 두고 정보보호 투자와 보안 체계 고도화를 이어갈 계획이다""라고 덧붙였다. ● 2026-06-19 카카오게임즈 최대주주에 LAAA인베스트먼트…라인, 3천억원 투자 참여 카카오게임즈의 최대주주가 일본 라인야후가 출자한 특수목적법인인 LAAA인베스트먼트 유한회사로 변경됐다. 카카오게임즈는 19일 제3자배정 유상증자와 주식매매 계약 이행에 따라 LAAA인베스트먼트 유한회사가 지분 33.43%를 보유하게 돼 최대주주가 됐다고 공시했다. LAAA인베스트먼트의 최대주주는 페트리코제6호사모투자 합자회사이며, 이 회사의 최대 출자자는 라인(LINE)을 운영하는 LY 주식회사다. 라인야후 측은 LAAA인베스트먼트를 통해 카카오게임즈의 2400억원 규모 제3자배정 유상증자와 600억원 규모 전환사채(CB) 발행에 참여했다. 카카오게임즈는 이날 유상증자 및 CB 발행 납입 절차도 마쳤다고 밝혔다. 이번 거래로 카카오는 기존 37.93%였던 카카오게임즈 지분이 14.68%로 감소했다. 카카오게임즈는 22일 임시 주주총회를 열어 김태환 라인게임즈 최고전략책임자(CSO)와 이시우 카카오게임즈 최고사업책임자(CBO)를 사내이사로 신규 선임하는 안건을 논의할 예정이다. 두 후보자는 이사 선임 후 공동대표로 내정돼 있다. 카카오게임즈 관계자는 ""신규 투자 유치를 기반으로 약 3000억원의 대규모 자금과 재무 안정성을 확보했고, 이를 통해 글로벌 사업경쟁력 강화 및 중장기 성장 기반 확보를 위한 전략적 투자를 강화할 예정""이라고 말했다. ● 2026-06-19 카카오게임즈, 카카오톡 '게임칩' 통해 25종 캐주얼 게임 출시 카카오게임즈가 카카오톡 내 신규 플랫폼 '게임칩'을 통해 25종의 캐주얼 게임을 출시했다. '게임칩'은 카카오톡 이용자가 별도의 앱 설치 없이 HTML5 기반으로 다양한 게임을 바로 즐길 수 있도록 마련됐다. 카카오톡 '더보기' 탭에서 접근할 수 있으며, 이용자는 설치 과정 없이 게임을 간편하게 이용할 수 있다. 이번에 공개된 게임 라인업에는 '카카오프렌즈' IP를 활용한 프렌즈 봉봉, 프렌즈 타일 매치, 프렌즈 3매치 퍼즐 등 6종과 더불어 다양한 장르의 캐주얼 게임 19종이 포함됐다. 게임들은 짧은 시간 부담 없이 즐길 수 있는 캐주얼 장르로 구성됐으며, 카카오톡 내에서 친구들과 순위를 겨루거나 기록을 공유하는 등 가벼운 플레이 경험에 중점을 뒀다. 카카오게임즈는 이번 25종 게임 출시를 시작으로 연내 50종 이상의 게임을 순차적으로 선보일 계획이라고 밝혔다. 또한 이용자들이 카카오톡에서 더욱 쉽고 편리하게 다양한 게임을 접할 수 있도록 콘텐츠 경쟁력을 지속적으로 강화한다는 방침이다. 과거 카카오게임즈는 2016년부터 카카오톡 앱 내에서 '스낵게임'이라는 이름으로 미니게임을 서비스했으나, 2023년에 해당 서비스를 종료한 바 있다. 최근 국내 플랫폼인 토스와 원스토어 등이 HTML5 기반 미니게임 시장에 진출하면서, 카카오게임즈도 리뉴얼된 카카오톡을 중심으로 사업 확장에 나섰다. ● 2026-06-18 카카오 과징금 처분 '위법' 판결…서울고법, 공정위 명령 취소 카카오가 음원 서비스 중도해지 안내 부족을 이유로 공정거래위원회로부터 받은 과징금 처분이 위법하다는 판결이 나왔다. 서울고법 행정3부는 18일 카카오가 공정위를 상대로 제기한 소송에서 과징금 납부 명령을 취소한다고 판결했다. 재판부는 전자상거래법상 소비자에게 심한 불편을 초래한 경우에만 영업정지에 갈음하는 과징금 부과가 가능하다고 밝혔다. 또한 회사가 분할돼 영업정지의 실효성이 사라진 경우까지 과징금 부과 사유에 포함된다고 볼 수 없다고 설명했다. 공정위는 2024년 1월, 카카오가 2017년 5월부터 2021년 5월까지 멜론과 카카오톡 등에서 정기 결제형 음원 서비스를 제공하며 중도 해지 기능을 충분히 알리지 않았다며 시정명령과 과징금 9800만원을 부과했다. 카카오는 시정명령을 받은 뒤에도 같은 위반행위를 반복해 영업정지 사유에 해당했다. 이후 카카오는 디지털음원 사업 부문을 분할해 멜론컴퍼니를 설립했고, 멜론컴퍼니는 카카오 계열사에 흡수합병돼 사업 주체가 변경됐다. 이 과정에서 공정위는 카카오의 영업을 정지하더라도 멜론을 통해 사실상 영업이 계속될 수 있어 실효성이 없다는 이유로 영업정지 대신 과징금을 부과했다. 이에 카카오는 처분에 불복해 소송을 제기했고, 지난해 1월 서울고법은 공정위의 처분이 타당하다고 판단했다. 그러나 같은 해 11월 대법원은 과징금 부과 과정에 위법이 있었다며 판결을 파기환송했다. 대법원은 전자상거래법 34조 1항에 따라 영업정지가 소비자 등에게 심한 불편을 줄 우려가 있는 경우에만 과징금 부과가 가능하다고 해석했다. 또한 회사분할 등으로 영업정지 처분의 실효성이 사라진 경우까지 과징금 부과 사유에 포함하는 것은 규정의 문언을 벗어난 유추해석에 해당한다고 지적했다. 시정명령 처분에 대한 판단에는 문제가 없다고 보고 카카오의 상고는 기각했다. ● 2026-06-18 카카오페이, 디지털 정보격차 해소 공로로 과기정통부 장관 표창 카카오페이가 고령층의 디지털 정보격차 해소와 포용적 금융 문화 확산에 기여한 공로로 과학기술정보통신부 장관 표창을 받았다. 카카오페이는 2023년부터 카카오임팩트, 시니어금융교육협의회와 협력해 '사각사각 페이스쿨' 시니어클래스를 전국적으로 운영해왔다. 이 프로그램은 디지털 금융 이용에 어려움을 겪는 고령층을 지원하는 금융교육 활동으로, 서울, 경기, 대구, 부산, 광주, 전주, 대전, 춘천, 제주 등 전국 50개 복지관에서 진행되고 있다. 교육은 카카오페이가 직접 양성한 50~60대 시니어 금융교육 전문 강사 '페이티처'가 현장에 출강하는 방식으로 이뤄진다. 시니어가 시니어를 돕는 상생 모델을 통해 교육생들의 심리적 장벽을 낮추고 학습 효과를 높였다는 평가를 받았다. 교육 과정에는 디지털 금융 앱 활용법, 신용 관리, 금융 사기 예방 등 실생활 중심의 내용이 포함됐다. 카카오페이 관계자는 앞으로도 국민 누구나 안전하고 편리하게 디지털 금융의 혜택을 누릴 수 있도록 포용적 금융 교육을 확대하겠다고 밝혔다. 한편 과학기술정보통신부는 매년 6월을 '정보문화의 달'로 지정해 정보문화 확산과 지능정보사회 발전 등에 기여한 유공자를 선정해 포상하고 있다. ● 2026-06-16 카카오톡, 챗GPT 챗봇 도입…그룹·1:1 채팅에서 활용 가능 카카오는 16일 카카오톡 채팅방에서 챗GPT 챗봇을 사용할 수 있는 기능을 도입한다고 발표했다. 챗GPT 챗봇은 그룹 채팅방과 1:1 채팅방 모두에서 활용할 수 있다. 채팅방 내 우측 상단 메뉴에서 챗봇을 선택한 뒤 챗GPT 챗봇을 추가하면 이용이 가능하다. 사용자는 채팅 입력창에서 @ 기호와 챗GPT 챗봇을 멘션해 원하는 프롬프트를 입력하거나, 입력창 하단의 키보드 툴바에 있는 챗GPT 버튼을 눌러서도 요청할 수 있다. 예시로 ""@ChatGPT 오늘 날씨 알려줘"", ""@ChatGPT 생일 축하 메시지 작성해 줘""와 같이 입력하면 챗GPT가 채팅방 내에서 답변을 제공한다. 챗GPT 챗봇과의 대화는 답변 말풍선 아래에 있는 자세히 보기 버튼을 누르면 챗GPT 포 카카오 서비스로 연결돼 이어갈 수 있다. 현재 프롬프트 입력은 텍스트로만 지원되며, 이미지 생성 기능도 포함되어 있다. 예를 들어 ""@ChatGPT 바다 풍경 그려줘""라고 요청하면 챗GPT가 해당 이미지를 생성해 답변한다. 카카오는 카카오톡의 사용성을 높이기 위해 여러 가지 업데이트도 진행한다. 메시지 입력창을 화면 하단에 고정해 대화 흐름을 자연스럽게 하고, 문서의 제목·목록·강조 표시 등은 원래 스타일 그대로 확인할 수 있도록 한다. 이들 새로운 기능들은 카카오톡 최신 버전(v.26.5.0 이상)에서 적용된다. ● 2026-06-16 카카오뱅크, 몽골 중앙은행과 디지털 금융 협력 논의 카카오뱅크가 몽골 중앙은행과 현지 최대 기업인 MCS그룹과 디지털 금융 혁신을 위한 협력 방안을 논의했다. 이번 논의는 지난 4월 카카오뱅크와 MCS그룹이 맺은 전략적 파트너십을 기반으로 전날 진행됐다. 카카오뱅크는 나락촉트 산자 몽골 중앙은행 총재와 그 관계자들에게 자사의 디지털 뱅킹 기술력, 사용자 경험(UX)과 사용자 인터페이스(UI) 경쟁력, 그리고 데이터에 기반한 리스크 관리 및 신용평가 노하우를 소개했다. 이 자리에서 카카오뱅크는 MCS그룹 및 M뱅크와 함께 추진 중인 협업 현황을 공유하고, 몽골 금융 환경에 적합한 디지털 금융 서비스 확대와 혁신 방향에 대해 의견을 교환했다. 윤호영 카카오뱅크 대표는 몽골 시장의 디지털 금융 성장 잠재력을 언급하며, 카카오뱅크가 보유한 디지털 뱅킹 운영 경험과 데이터 기반 신용평가 역량이 현지 금융 혁신에 기여할 수 있을 것이라고 밝혔다. 나락촉트 산자 몽골 중앙은행 총재는 몽골 중앙은행이 외국계 은행의 진출과 기술을 활용한 혁신적 은행 및 금융 서비스 도입을 적극 지원하고 있으며, 관련 법과 제도, 규제 환경 개선을 위한 노력을 계속하고 있다고 말했다. [기업家ㅣ기업가] 카카오 ● 2026-06-21 카카오, 지난해 정보보호에 340억 투자…IT 전체 투자 14%↑에도 비중은 하락 카카오가 지난해 정보보호 분야에 340억원 이상을 투입해 보안 투자 규모를 확대했으나, 전체 IT 투자 증가폭이 더 커지면서 정보보호 투자 비중은 소폭 하락한 것으로 나타났다. 카카오는 한국인터넷진흥원(KISA) 정보보호 종합 포털에 공시한 자료에서 2025년 말 기준 정보보호 투자 금액이 340억4339만원으로 집계됐다고 밝혔다. 이는 2024년 말 기준 313억2705만원보다 약 27억원(8.7%) 증가한 수치다. 같은 기간 전체 IT 부문 투자액은 8219억8468만원으로, 전년(7221억7357만원) 대비 약 14% 늘었다. 이처럼 보안 투자 금액은 꾸준히 늘고 있지만, 전체 IT 투자에서 정보보호가 차지하는 비율은 2023년 말 3.9%, 2024년 말 4.3%에서 2025년 말 4.1%로 0.2%포인트 하락했다. 카카오는 IT 기업의 특성상 정보기술 전체에 대한 투자 비율이 높게 형성돼 있다고 설명했다. 카카오 관계자는 ""AI 관련 인프라 고도화에 발맞춰 정보기술 투자와 함께 정보보호 투자도 지속해서 확대하고 있다""고 말했다. 보안 인력과 인증 체계 강화도 이어지고 있다. 지난해 말 기준 카카오의 정보보호 전담 인력은 92.2명이며, 최고경영자(CEO) 직속의 성과 리더들이 각각 CISO와 CPO를 전담해 책임 경영을 강화하고 있다. 카카오는 정보보호관리체계(ISMS)-P, 업무 연속성 경영시스템(BCMS) 등 국내외 핵심 보안 인증 체계를 유지하고, 버그 바운티, 비즈니스 로그인 2단계 인증 의무화, 사칭 방지 '페이크 시그널' 등 다양한 이용자 보호 활동을 전개하고 있다. 카카오 관계자는 ""특히 이용자 보호를 위한 인증 체계 강화, 접근통제, 보안 모니터링 등 실질적인 보안 역량 강화에 중점을 두고 있다""며, ""서비스 개발부터 운영 전 과정에 걸쳐 보안 점검과 취약점 개선 활동을 지속하고 있다""고 밝혔다. 이어 ""앞으로도 이용자 신뢰를 최우선 가치로 두고 정보보호 투자와 보안 체계 고도화를 이어갈 계획이다""라고 덧붙였다. ● 2026-06-19 카카오게임즈 최대주주에 LAAA인베스트먼트…라인, 3천억원 투자 참여 카카오게임즈의 최대주주가 일본 라인야후가 출자한 특수목적법인인 LAAA인베스트먼트 유한회사로 변경됐다. 카카오게임즈는 19일 제3자배정 유상증자와 주식매매 계약 이행에 따라 LAAA인베스트먼트 유한회사가 지분 33.43%를 보유하게 돼 최대주주가 됐다고 공시했다. LAAA인베스트먼트의 최대주주는 페트리코제6호사모투자 합자회사이며, 이 회사의 최대 출자자는 라인(LINE)을 운영하는 LY 주식회사다. 라인야후 측은 LAAA인베스트먼트를 통해 카카오게임즈의 2400억원 규모 제3자배정 유상증자와 600억원 규모 전환사채(CB) 발행에 참여했다. 카카오게임즈는 이날 유상증자 및 CB 발행 납입 절차도 마쳤다고 밝혔다. 이번 거래로 카카오는 기존 37.93%였던 카카오게임즈 지분이 14.68%로 감소했다. 카카오게임즈는 22일 임시 주주총회를 열어 김태환 라인게임즈 최고전략책임자(CSO)와 이시우 카카오게임즈 최고사업책임자(CBO)를 사내이사로 신규 선임하는 안건을 논의할 예정이다. 두 후보자는 이사 선임 후 공동대표로 내정돼 있다. 카카오게임즈 관계자는 ""신규 투자 유치를 기반으로 약 3000억원의 대규모 자금과 재무 안정성을 확보했고, 이를 통해 글로벌 사업경쟁력 강화 및 중장기 성장 기반 확보를 위한 전략적 투자를 강화할 예정""이라고 말했다. ● 2026-06-19 카카오게임즈, 카카오톡 '게임칩' 통해 25종 캐주얼 게임 출시 카카오게임즈가 카카오톡 내 신규 플랫폼 '게임칩'을 통해 25종의 캐주얼 게임을 출시했다. '게임칩'은 카카오톡 이용자가 별도의 앱 설치 없이 HTML5 기반으로 다양한 게임을 바로 즐길 수 있도록 마련됐다. 카카오톡 '더보기' 탭에서 접근할 수 있으며, 이용자는 설치 과정 없이 게임을 간편하게 이용할 수 있다. 이번에 공개된 게임 라인업에는 '카카오프렌즈' IP를 활용한 프렌즈 봉봉, 프렌즈 타일 매치, 프렌즈 3매치 퍼즐 등 6종과 더불어 다양한 장르의 캐주얼 게임 19종이 포함됐다. 게임들은 짧은 시간 부담 없이 즐길 수 있는 캐주얼 장르로 구성됐으며, 카카오톡 내에서 친구들과 순위를 겨루거나 기록을 공유하는 등 가벼운 플레이 경험에 중점을 뒀다. 카카오게임즈는 이번 25종 게임 출시를 시작으로 연내 50종 이상의 게임을 순차적으로 선보일 계획이라고 밝혔다. 또한 이용자들이 카카오톡에서 더욱 쉽고 편리하게 다양한 게임을 접할 수 있도록 콘텐츠 경쟁력을 지속적으로 강화한다는 방침이다. 과거 카카오게임즈는 2016년부터 카카오톡 앱 내에서 '스낵게임'이라는 이름으로 미니게임을 서비스했으나, 2023년에 해당 서비스를 종료한 바 있다. 최근 국내 플랫폼인 토스와 원스토어 등이 HTML5 기반 미니게임 시장에 진출하면서, 카카오게임즈도 리뉴얼된 카카오톡을 중심으로 사업 확장에 나섰다. ● 2026-06-18 카카오 과징금 처분 '위법' 판결…서울고법, 공정위 명령 취소 카카오가 음원 서비스 중도해지 안내 부족을 이유로 공정거래위원회로부터 받은 과징금 처분이 위법하다는 판결이 나왔다. 서울고법 행정3부는 18일 카카오가 공정위를 상대로 제기한 소송에서 과징금 납부 명령을 취소한다고 판결했다. 재판부는 전자상거래법상 소비자에게 심한 불편을 초래한 경우에만 영업정지에 갈음하는 과징금 부과가 가능하다고 밝혔다. 또한 회사가 분할돼 영업정지의 실효성이 사라진 경우까지 과징금 부과 사유에 포함된다고 볼 수 없다고 설명했다. 공정위는 2024년 1월, 카카오가 2017년 5월부터 2021년 5월까지 멜론과 카카오톡 등에서 정기 결제형 음원 서비스를 제공하며 중도 해지 기능을 충분히 알리지 않았다며 시정명령과 과징금 9800만원을 부과했다. 카카오는 시정명령을 받은 뒤에도 같은 위반행위를 반복해 영업정지 사유에 해당했다. 이후 카카오는 디지털음원 사업 부문을 분할해 멜론컴퍼니를 설립했고, 멜론컴퍼니는 카카오 계열사에 흡수합병돼 사업 주체가 변경됐다. 이 과정에서 공정위는 카카오의 영업을 정지하더라도 멜론을 통해 사실상 영업이 계속될 수 있어 실효성이 없다는 이유로 영업정지 대신 과징금을 부과했다. 이에 카카오는 처분에 불복해 소송을 제기했고, 지난해 1월 서울고법은 공정위의 처분이 타당하다고 판단했다. 그러나 같은 해 11월 대법원은 과징금 부과 과정에 위법이 있었다며 판결을 파기환송했다. 대법원은 전자상거래법 34조 1항에 따라 영업정지가 소비자 등에게 심한 불편을 줄 우려가 있는 경우에만 과징금 부과가 가능하다고 해석했다. 또한 회사분할 등으로 영업정지 처분의 실효성이 사라진 경우까지 과징금 부과 사유에 포함하는 것은 규정의 문언을 벗어난 유추해석에 해당한다고 지적했다. 시정명령 처분에 대한 판단에는 문제가 없다고 보고 카카오의 상고는 기각했다. ● 2026-06-18 카카오페이, 디지털 정보격차 해소 공로로 과기정통부 장관 표창 카카오페이가 고령층의 디지털 정보격차 해소와 포용적 금융 문화 확산에 기여한 공로로 과학기술정보통신부 장관 표창을 받았다. 카카오페이는 2023년부터 카카오임팩트, 시니어금융교육협의회와 협력해 '사각사각 페이스쿨' 시니어클래스를 전국적으로 운영해왔다. 이 프로그램은 디지털 금융 이용에 어려움을 겪는 고령층을 지원하는 금융교육 활동으로, 서울, 경기, 대구, 부산, 광주, 전주, 대전, 춘천, 제주 등 전국 50개 복지관에서 진행되고 있다. 교육은 카카오페이가 직접 양성한 50~60대 시니어 금융교육 전문 강사 '페이티처'가 현장에 출강하는 방식으로 이뤄진다. 시니어가 시니어를 돕는 상생 모델을 통해 교육생들의 심리적 장벽을 낮추고 학습 효과를 높였다는 평가를 받았다. 교육 과정에는 디지털 금융 앱 활용법, 신용 관리, 금융 사기 예방 등 실생활 중심의 내용이 포함됐다. 카카오페이 관계자는 앞으로도 국민 누구나 안전하고 편리하게 디지털 금융의 혜택을 누릴 수 있도록 포용적 금융 교육을 확대하겠다고 밝혔다. 한편 과학기술정보통신부는 매년 6월을 '정보문화의 달'로 지정해 정보문화 확산과 지능정보사회 발전 등에 기여한 유공자를 선정해 포상하고 있다. ● 2026-06-16 카카오톡, 챗GPT 챗봇 도입…그룹·1:1 채팅에서 활용 가능 카카오는 16일 카카오톡 채팅방에서 챗GPT 챗봇을 사용할 수 있는 기능을 도입한다고 발표했다. 챗GPT 챗봇은 그룹 채팅방과 1:1 채팅방 모두에서 활용할 수 있다. 채팅방 내 우측 상단 메뉴에서 챗봇을 선택한 뒤 챗GPT 챗봇을 추가하면 이용이 가능하다. 사용자는 채팅 입력창에서 @ 기호와 챗GPT 챗봇을 멘션해 원하는 프롬프트를 입력하거나, 입력창 하단의 키보드 툴바에 있는 챗GPT 버튼을 눌러서도 요청할 수 있다. 예시로 ""@ChatGPT 오늘 날씨 알려줘"", ""@ChatGPT 생일 축하 메시지 작성해 줘""와 같이 입력하면 챗GPT가 채팅방 내에서 답변을 제공한다. 챗GPT 챗봇과의 대화는 답변 말풍선 아래에 있는 자세히 보기 버튼을 누르면 챗GPT 포 카카오 서비스로 연결돼 이어갈 수 있다. 현재 프롬프트 입력은 텍스트로만 지원되며, 이미지 생성 기능도 포함되어 있다. 예를 들어 ""@ChatGPT 바다 풍경 그려줘""라고 요청하면 챗GPT가 해당 이미지를 생성해 답변한다. 카카오는 카카오톡의 사용성을 높이기 위해 여러 가지 업데이트도 진행한다. 메시지 입력창을 화면 하단에 고정해 대화 흐름을 자연스럽게 하고, 문서의 제목·목록·강조 표시 등은 원래 스타일 그대로 확인할 수 있도록 한다. 이들 새로운 기능들은 카카오톡 최신 버전(v.26.5.0 이상)에서 적용된다. ● 2026-06-16 카카오뱅크, 몽골 중앙은행과 디지털 금융 협력 논의 카카오뱅크가 몽골 중앙은행과 현지 최대 기업인 MCS그룹과 디지털 금융 혁신을 위한 협력 방안을 논의했다. 이번 논의는 지난 4월 카카오뱅크와 MCS그룹이 맺은 전략적 파트너십을 기반으로 전날 진행됐다. 카카오뱅크는 나락촉트 산자 몽골 중앙은행 총재와 그 관계자들에게 자사의 디지털 뱅킹 기술력, 사용자 경험(UX)과 사용자 인터페이스(UI) 경쟁력, 그리고 데이터에 기반한 리스크 관리 및 신용평가 노하우를 소개했다. 이 자리에서 카카오뱅크는 MCS그룹 및 M뱅크와 함께 추진 중인 협업 현황을 공유하고, 몽골 금융 환경에 적합한 디지털 금융 서비스 확대와 혁신 방향에 대해 의견을 교환했다. 윤호영 카카오뱅크 대표는 몽골 시장의 디지털 금융 성장 잠재력을 언급하며, 카카오뱅크가 보유한 디지털 뱅킹 운영 경험과 데이터 기반 신용평가 역량이 현지 금융 혁신에 기여할 수 있을 것이라고 밝혔다. 나락촉트 산자 몽골 중앙은행 총재는 몽골 중앙은행이 외국계 은행의 진출과 기술을 활용한 혁신적 은행 및 금융 서비스 도입을 적극 지원하고 있으며, 관련 법과 제도, 규제 환경 개선을 위한 노력을 계속하고 있다고 말했다. 삭제한 댓글은 다시 복구할 수 없습니다. 그래도 삭제하시겠습니까? 계정을 선택하시면 로그인·계정인증 을 통해 댓글을 남기실 수 있습니다. 회원 로그인 이름 비밀번호 자동등록방지 계정을 선택하시면 로그인·계정인증 을 통해 댓글을 남기실 수 있습니다. 로봇주, 차익실현 매물에 일제히 약세…일부 종목은 선별적 강세 [CBC뉴스] 국내 로봇 관련주가 전반적인 차익실현 매물 출회 속에 약세를 나타냈다. 최근 인공지능(AI)과 휴머노이드 로봇 산업 성장 기대감으로 급등했던 종목들이 조정을 받는 가... 2026-06-22 조선주 일제히 약세…한화오션 8%대 급락, 동일스틸럭스는 강세 [CBC뉴스] 국내 조선주가 차익실현 매물과 투자심리 위축 영향으로 일제히 하락세를 보였다. 반면 조선 기자재 관련 종목인 동일스틸럭스는 두 자릿수 상승률을 기록하며 시장의 주목을... 2026-06-22 효성중공업, 장중 384만원 기록…전일 대비 0.39% 하락 [CBC뉴스] 효성중공업이 장중 소폭 약세를 나타냈다. 시장 데이터에 따르면 효성중공업 주가는 오전 현재 384만 원으로 전일 대비 1만5,000원(0.39%) 하락했다. 거래량은... 2026-06-22 삼성전기, 증권가 목표가 280만원 제시에도 강보합…MLCC·ABF 업사이클 기대 [CBC뉴스] 삼성전기가 장중 강보합 흐름을 이어가는 가운데 증권가가 목표주가를 잇달아 상향 조정하면서 중장기 성장성에 대한 기대감이 커지고 있다.22일 장중 삼성전기는 전 거래일... 2026-06-22 광통신·광반도체주 혼조세…AI 인프라 확대 기대감은 지속, 광전자 빛과전자 빛샘전자 대한광통신은 하락세 [CBC뉴스] 광통신 및 광반도체 관련 종목들이 장중 혼조세를 보인 가운데 인공지능(AI) 데이터센터와 차세대 네트워크 투자 확대 기대감은 여전히 시장의 관심을 받고 있다.최근 글... 2026-06-22 삼성전자·SK하이닉스, 신흥시장 이익 반등 견인…블룸버그 ""강세장 핵심 동력"" [CBC뉴스] 삼성전자와 SK하이닉스 등 한국 반도체 기업들이 신흥시장(EM) 기업들의 실적 개선을 이끌며 글로벌 증시 강세장의 주요 동력으로 부상하고 있다고 블룸버그통신이 21일... 2026-06-22 [속보] 팬젠, 질병관리청 국립보건연구원과 27.5억원 규모 연구용역 계약 체결 [CBC뉴스] 팬젠이 질병관리청 국립보건연구원과 중증열성혈소판감소증후군(SFTS) 치료용 항체 개발 관련 연구용역 계약을 체결했다고 22일 공시했다.계약 내용은 '중증열성혈소판감소... 2026-06-22 두산로보틱스, 오토메이트 2026 참가…북미 자동화 시장 공략 본격화 [CBC뉴스] 두산로보틱스가 북미 최대 규모 자동화 전시회인 Automate 2026에 참가해 협동로봇 기반 자동화 솔루션을 선보였다.두산로보틱스는 이번 전시회에서 제조 현장의 생... 2026-06-22 [속보] 우진아이엔에스, 152억 규모 SK에코플랜트 HVAC·소방공사 수주 [CBC뉴스] 우진아이엔에스가 SK에코플랜트와 152억5100만원 규모의 공사 계약을 체결했다고 22일 공시했다.이번 계약은 ‘용인 Cluster 1기 Ph-2 OBL Ph-2 H... 2026-06-22 S2W, FIDO 얼라이언스 합류…다크웹 위협 분석·패스워드리스 보안 강화 빅데이터 분석 인공지능(AI) 기업 에스투더블유(S2W)가 글로벌 온라인 인증 표준화 기구인 FIDO 얼라이언스(FIDO Alliance)에 공식 회원사로 합류했다.FIDO 얼라이... 2026-06-22 리플(엑스알피 XRP), 1.20달러 재돌파 가능할까…“CLARITY 법안 기대감에도 시장은 신중” [CBC뉴스] 리플(엑스알피 XRP) 가격이 1.20달러 돌파 시도에 다시 실패한 뒤 좁은 가격 범위에 갇혀 있는 모습이라고 해외 코인매체 코인게이프가 전했다.코인게이프에 따르면 ... 2026-06-22 리플XRP 운명의 1.13달러…미·이란 휴전 양상 속 핵심 지지선 시험대 [CBC뉴스] 리플(XRP)이 단기 조정을 이어가는 가운데 시장의 시선이 1.13달러 지지선에 집중되고 있다. 미국과 이란 간 휴전 협상 움직임으로 글로벌 위험회피 심리가 일부 완... 2026-06-22 미국·이란 휴전 협상에도 XRP 약세…목표가 도달 후 차익실현 압력 확대 [CBC뉴스] 리플(XRP)이 최근 상승 목표 구간에 도달한 이후 차익실현 매물이 쏟아지면서 약세 흐름을 보이고 있다. 미국과 이란 간 휴전 협상 가능성이 거론되며 글로벌 금융시장... 2026-06-22 중동 휴전 협상 관측 속 리플 생태계 확장...크로스체인 확장 가속 [CBC뉴스] 크로스체인 인프라 플랫폼 스퀴드(Squid)는 최근 RLUSD와 다양한 암호화폐 간 스왑 서비스를 지원한다고 밝혔다.이번 지원으로 이용자들은 단일 거래만으로 RLUS... 2026-06-21 리플X, 양자컴퓨터 시대 대비 본격화…XRPL 보안 업그레이드 공개 [CBC뉴스] 리플(XRP) 생태계 개발을 담당하는 리플X(RippleX)가 양자컴퓨팅 시대를 대비한 차세대 보안 전략을 공개하면서 시장의 관심을 끌고 있다.리플X의 최고 엔지니어... 2026-06-21 리플XRP, 금리 동결·중동 긴장 완화 속 반등 모색…“2달러 돌파가 장기 상승 분수령” [CBC뉴스] 리플(XRP)이 미국 연방준비제도(Fed)의 기준금리 동결과 중동 지역 긴장 완화 기대감 속에서 반등 가능성을 모색하고 있다. 다만 시장에서는 XRP가 본격적인 상승... 2026-06-21 리플, 아프리카 핀테크 투자 확대…플러터웨이브 지분 인수 주목 [CBC뉴스] 리플(XRP)이 아프리카 대표 핀테크 기업 플러터웨이브(Flutterwave)에 투자하며 글로벌 금융 시장 공략을 확대하고 있다.블룸버그 보도에 따르면 리플은 최근 ... 2026-06-21 RLUSD 활용성 확대…스퀴드, 리플XRP 스테이블코인 크로스체인 스왑 지원 [CBC뉴스] 리플(XRP)이 발행한 달러 연동 스테이블코인 RLUSD의 활용 범위가 확대되고 있다.크로스체인 인프라 플랫폼 스퀴드(Squid)는 최근 RLUSD와 다양한 암호화폐... 2026-06-20 리플X, 양자컴퓨터 시대 대비 나선다…미 금리 동결 속 XRPL 보안 강화 [CBC뉴스] 리플(XRP) 생태계 개발을 담당하는 리플X(RippleX)가 양자컴퓨팅 시대를 대비한 차세대 보안 전략을 공개했다.리플X의 최고 엔지니어 아요 아키니엘레(Ayo A... 2026-06-20 리플XRP, 2달러 돌파가 분수령…미 연준 금리 동결 속 9.5달러 전망 재조명 [CBC뉴스] 가상자산 XRP가 주요 저항선으로 꼽히는 2달러 돌파 여부에 시장의 관심이 집중되고 있다. 미국 연방준비제도(Fed)가 기준금리를 동결한 가운데 XRP의 중장기 상승... 2026-06-20 하츠투하츠, 오늘 톡쏘는 상큼함으로 컴백 [CBC뉴스] 그룹 하츠투하츠(카르멘, 지우, 유하, 스텔라, 주은, 에이나, 이안, 예온)가 오늘 (22일) 미니 2집 'Lemon Tang'을 발매하고 컴백한다.이번 앨범은 동... 2026-06-22 아이덴티티, '제35회 서가대' '글로벌 루키상' 수상 [CBC뉴스]그룹 아이덴티티(idntt)가 서울가요대상에서 'SMA 글로벌 루키상'을 수상했다.아이덴티티는 지난 20일 인천 인스파이어 아레나에서 열린 '제35회 서울가요대상'에서... 2026-06-22 나나, ‘2026 KISF’ 글로벌 OTT 어워즈 '조연배우상' 수상! [CBC뉴스]배우 나나가 ‘2026 KISF 글로벌 OTT 어워즈’에서 조연배우상을 수상했다.나나는 지난 20일 부산 영화의전당에서 열린 ‘2026 코리아국제스트리밍페스티벌 글로벌... 2026-06-22 환희, ‘불후의 명곡’→‘살림남’까지 종횡무진 주말 접수 [CBC뉴스]환희가 주말 예능 프로그램에서 가창력과 따뜻한 가족의 모습을 선보였다.환희는 지난 20일 방송된 KBS 2TV '불후의 명곡'과 '살림하는 남자들 시즌2'에 잇달아 출... 2026-06-22 아홉, 본격 컴백 카운트다운 돌입 [CBC뉴스]그룹 아홉(AHOF)이 세 번째 미니앨범을 발매하고 컴백한다.소속사 F&F엔터테인먼트는 22일 공식 SNS 채널을 통해 아홉의 미니 3집 'RUN TO YOU(런 투 ... 2026-06-22 로봇주, 차익실현 매물에 일제히 약세…일부 종목은 선별적 강세 [CBC뉴스] 국내 로봇 관련주가 전반적인 차익실현 매물 출회 속에 약세를 나타냈다. 최근 인공지능(AI)과 휴머노이드 로봇 산업 성장 기대감으로 급등했던 종목들이 조정을 받는 가... 2026-06-22 조선주 일제히 약세…한화오션 8%대 급락, 동일스틸럭스는 강세 [CBC뉴스] 국내 조선주가 차익실현 매물과 투자심리 위축 영향으로 일제히 하락세를 보였다. 반면 조선 기자재 관련 종목인 동일스틸럭스는 두 자릿수 상승률을 기록하며 시장의 주목을... 2026-06-22 로봇주, 차익실현 매물에 일제히 약세…일부 종목은 선별적 강세 [CBC뉴스] 국내 로봇 관련주가 전반적인 차익실현 매물 출회 속에 약세를 나타냈다. 최근 인공지능(AI)과 휴머노이드 로봇 산업 성장 기대감으로 급등했던 종목들이 조정을 받는 가... 2026-06-22 [CBC뉴스] 국내 로봇 관련주가 전반적인 차익실현 매물 출회 속에 약세를 나타냈다. 최근 인공지능(AI)과 휴머노이드 로봇 산업 성장 기대감으로 급등했던 종목들이 조정을 받는 가... 2026-06-22 조선주 일제히 약세…한화오션 8%대 급락, 동일스틸럭스는 강세 [CBC뉴스] 국내 조선주가 차익실현 매물과 투자심리 위축 영향으로 일제히 하락세를 보였다. 반면 조선 기자재 관련 종목인 동일스틸럭스는 두 자릿수 상승률을 기록하며 시장의 주목을... 2026-06-22 [CBC뉴스] 국내 조선주가 차익실현 매물과 투자심리 위축 영향으로 일제히 하락세를 보였다. 반면 조선 기자재 관련 종목인 동일스틸럭스는 두 자릿수 상승률을 기록하며 시장의 주목을... 2026-06-22 효성중공업, 장중 384만원 기록…전일 대비 0.39% 하락 [CBC뉴스] 효성중공업이 장중 소폭 약세를 나타냈다. 시장 데이터에 따르면 효성중공업 주가는 오전 현재 384만 원으로 전일 대비 1만5,000원(0.39%) 하락했다. 거래량은... 2026-06-22 삼성전기, 증권가 목표가 280만원 제시에도 강보합…MLCC·ABF 업사이클 기대 [CBC뉴스] 삼성전기가 장중 강보합 흐름을 이어가는 가운데 증권가가 목표주가를 잇달아 상향 조정하면서 중장기 성장성에 대한 기대감이 커지고 있다.22일 장중 삼성전기는 전 거래일... 2026-06-22 광통신·광반도체주 혼조세…AI 인프라 확대 기대감은 지속, 광전자 빛과전자 빛샘전자 대한광통신은 하락세 [CBC뉴스] 광통신 및 광반도체 관련 종목들이 장중 혼조세를 보인 가운데 인공지능(AI) 데이터센터와 차세대 네트워크 투자 확대 기대감은 여전히 시장의 관심을 받고 있다.최근 글... 2026-06-22 효성중공업, 장중 384만원 기록…전일 대비 0.39% 하락 [CBC뉴스] 효성중공업이 장중 소폭 약세를 나타냈다. 시장 데이터에 따르면 효성중공업 주가는 오전 현재 384만 원으로 전일 대비 1만5,000원(0.39%) 하락했다. 거래량은... 2026-06-22 [CBC뉴스] 효성중공업이 장중 소폭 약세를 나타냈다. 시장 데이터에 따르면 효성중공업 주가는 오전 현재 384만 원으로 전일 대비 1만5,000원(0.39%) 하락했다. 거래량은... 2026-06-22 삼성전기, 증권가 목표가 280만원 제시에도 강보합…MLCC·ABF 업사이클 기대 [CBC뉴스] 삼성전기가 장중 강보합 흐름을 이어가는 가운데 증권가가 목표주가를 잇달아 상향 조정하면서 중장기 성장성에 대한 기대감이 커지고 있다.22일 장중 삼성전기는 전 거래일... 2026-06-22 [CBC뉴스] 삼성전기가 장중 강보합 흐름을 이어가는 가운데 증권가가 목표주가를 잇달아 상향 조정하면서 중장기 성장성에 대한 기대감이 커지고 있다.22일 장중 삼성전기는 전 거래일... 2026-06-22 광통신·광반도체주 혼조세…AI 인프라 확대 기대감은 지속, 광전자 빛과전자 빛샘전자 대한광통신은 하락세 [CBC뉴스] 광통신 및 광반도체 관련 종목들이 장중 혼조세를 보인 가운데 인공지능(AI) 데이터센터와 차세대 네트워크 투자 확대 기대감은 여전히 시장의 관심을 받고 있다.최근 글... 2026-06-22 [CBC뉴스] 광통신 및 광반도체 관련 종목들이 장중 혼조세를 보인 가운데 인공지능(AI) 데이터센터와 차세대 네트워크 투자 확대 기대감은 여전히 시장의 관심을 받고 있다.최근 글... 2026-06-22 삼성전자·SK하이닉스, 신흥시장 이익 반등 견인…블룸버그 ""강세장 핵심 동력"" [CBC뉴스] 삼성전자와 SK하이닉스 등 한국 반도체 기업들이 신흥시장(EM) 기업들의 실적 개선을 이끌며 글로벌 증시 강세장의 주요 동력으로 부상하고 있다고 블룸버그통신이 21일... 2026-06-22 [속보] 팬젠, 질병관리청 국립보건연구원과 27.5억원 규모 연구용역 계약 체결 [CBC뉴스] 팬젠이 질병관리청 국립보건연구원과 중증열성혈소판감소증후군(SFTS) 치료용 항체 개발 관련 연구용역 계약을 체결했다고 22일 공시했다.계약 내용은 '중증열성혈소판감소... 2026-06-22 두산로보틱스, 오토메이트 2026 참가…북미 자동화 시장 공략 본격화 [CBC뉴스] 두산로보틱스가 북미 최대 규모 자동화 전시회인 Automate 2026에 참가해 협동로봇 기반 자동화 솔루션을 선보였다.두산로보틱스는 이번 전시회에서 제조 현장의 생... 2026-06-22 [속보] 우진아이엔에스, 152억 규모 SK에코플랜트 HVAC·소방공사 수주 [CBC뉴스] 우진아이엔에스가 SK에코플랜트와 152억5100만원 규모의 공사 계약을 체결했다고 22일 공시했다.이번 계약은 ‘용인 Cluster 1기 Ph-2 OBL Ph-2 H... 2026-06-22 S2W, FIDO 얼라이언스 합류…다크웹 위협 분석·패스워드리스 보안 강화 빅데이터 분석 인공지능(AI) 기업 에스투더블유(S2W)가 글로벌 온라인 인증 표준화 기구인 FIDO 얼라이언스(FIDO Alliance)에 공식 회원사로 합류했다.FIDO 얼라이... 2026-06-22 삼성전자·SK하이닉스, 신흥시장 이익 반등 견인…블룸버그 ""강세장 핵심 동력"" [CBC뉴스] 삼성전자와 SK하이닉스 등 한국 반도체 기업들이 신흥시장(EM) 기업들의 실적 개선을 이끌며 글로벌 증시 강세장의 주요 동력으로 부상하고 있다고 블룸버그통신이 21일... 2026-06-22 [CBC뉴스] 삼성전자와 SK하이닉스 등 한국 반도체 기업들이 신흥시장(EM) 기업들의 실적 개선을 이끌며 글로벌 증시 강세장의 주요 동력으로 부상하고 있다고 블룸버그통신이 21일... 2026-06-22 [속보] 팬젠, 질병관리청 국립보건연구원과 27.5억원 규모 연구용역 계약 체결 [CBC뉴스] 팬젠이 질병관리청 국립보건연구원과 중증열성혈소판감소증후군(SFTS) 치료용 항체 개발 관련 연구용역 계약을 체결했다고 22일 공시했다.계약 내용은 '중증열성혈소판감소... 2026-06-22 [CBC뉴스] 팬젠이 질병관리청 국립보건연구원과 중증열성혈소판감소증후군(SFTS) 치료용 항체 개발 관련 연구용역 계약을 체결했다고 22일 공시했다.계약 내용은 '중증열성혈소판감소... 2026-06-22 두산로보틱스, 오토메이트 2026 참가…북미 자동화 시장 공략 본격화 [CBC뉴스] 두산로보틱스가 북미 최대 규모 자동화 전시회인 Automate 2026에 참가해 협동로봇 기반 자동화 솔루션을 선보였다.두산로보틱스는 이번 전시회에서 제조 현장의 생... 2026-06-22 [CBC뉴스] 두산로보틱스가 북미 최대 규모 자동화 전시회인 Automate 2026에 참가해 협동로봇 기반 자동화 솔루션을 선보였다.두산로보틱스는 이번 전시회에서 제조 현장의 생... 2026-06-22 [속보] 우진아이엔에스, 152억 규모 SK에코플랜트 HVAC·소방공사 수주 [CBC뉴스] 우진아이엔에스가 SK에코플랜트와 152억5100만원 규모의 공사 계약을 체결했다고 22일 공시했다.이번 계약은 ‘용인 Cluster 1기 Ph-2 OBL Ph-2 H... 2026-06-22 [CBC뉴스] 우진아이엔에스가 SK에코플랜트와 152억5100만원 규모의 공사 계약을 체결했다고 22일 공시했다.이번 계약은 ‘용인 Cluster 1기 Ph-2 OBL Ph-2 H... 2026-06-22 S2W, FIDO 얼라이언스 합류…다크웹 위협 분석·패스워드리스 보안 강화 빅데이터 분석 인공지능(AI) 기업 에스투더블유(S2W)가 글로벌 온라인 인증 표준화 기구인 FIDO 얼라이언스(FIDO Alliance)에 공식 회원사로 합류했다.FIDO 얼라이... 2026-06-22 빅데이터 분석 인공지능(AI) 기업 에스투더블유(S2W)가 글로벌 온라인 인증 표준화 기구인 FIDO 얼라이언스(FIDO Alliance)에 공식 회원사로 합류했다.FIDO 얼라이... 2026-06-22 리플(엑스알피 XRP), 1.20달러 재돌파 가능할까…“CLARITY 법안 기대감에도 시장은 신중” [CBC뉴스] 리플(엑스알피 XRP) 가격이 1.20달러 돌파 시도에 다시 실패한 뒤 좁은 가격 범위에 갇혀 있는 모습이라고 해외 코인매체 코인게이프가 전했다.코인게이프에 따르면 ... 2026-06-22 리플XRP 운명의 1.13달러…미·이란 휴전 양상 속 핵심 지지선 시험대 [CBC뉴스] 리플(XRP)이 단기 조정을 이어가는 가운데 시장의 시선이 1.13달러 지지선에 집중되고 있다. 미국과 이란 간 휴전 협상 움직임으로 글로벌 위험회피 심리가 일부 완... 2026-06-22 미국·이란 휴전 협상에도 XRP 약세…목표가 도달 후 차익실현 압력 확대 [CBC뉴스] 리플(XRP)이 최근 상승 목표 구간에 도달한 이후 차익실현 매물이 쏟아지면서 약세 흐름을 보이고 있다. 미국과 이란 간 휴전 협상 가능성이 거론되며 글로벌 금융시장... 2026-06-22 중동 휴전 협상 관측 속 리플 생태계 확장...크로스체인 확장 가속 [CBC뉴스] 크로스체인 인프라 플랫폼 스퀴드(Squid)는 최근 RLUSD와 다양한 암호화폐 간 스왑 서비스를 지원한다고 밝혔다.이번 지원으로 이용자들은 단일 거래만으로 RLUS... 2026-06-21 리플X, 양자컴퓨터 시대 대비 본격화…XRPL 보안 업그레이드 공개 [CBC뉴스] 리플(XRP) 생태계 개발을 담당하는 리플X(RippleX)가 양자컴퓨팅 시대를 대비한 차세대 보안 전략을 공개하면서 시장의 관심을 끌고 있다.리플X의 최고 엔지니어... 2026-06-21 리플XRP, 금리 동결·중동 긴장 완화 속 반등 모색…“2달러 돌파가 장기 상승 분수령” [CBC뉴스] 리플(XRP)이 미국 연방준비제도(Fed)의 기준금리 동결과 중동 지역 긴장 완화 기대감 속에서 반등 가능성을 모색하고 있다. 다만 시장에서는 XRP가 본격적인 상승... 2026-06-21 리플, 아프리카 핀테크 투자 확대…플러터웨이브 지분 인수 주목 [CBC뉴스] 리플(XRP)이 아프리카 대표 핀테크 기업 플러터웨이브(Flutterwave)에 투자하며 글로벌 금융 시장 공략을 확대하고 있다.블룸버그 보도에 따르면 리플은 최근 ... 2026-06-21 RLUSD 활용성 확대…스퀴드, 리플XRP 스테이블코인 크로스체인 스왑 지원 [CBC뉴스] 리플(XRP)이 발행한 달러 연동 스테이블코인 RLUSD의 활용 범위가 확대되고 있다.크로스체인 인프라 플랫폼 스퀴드(Squid)는 최근 RLUSD와 다양한 암호화폐... 2026-06-20 리플X, 양자컴퓨터 시대 대비 나선다…미 금리 동결 속 XRPL 보안 강화 [CBC뉴스] 리플(XRP) 생태계 개발을 담당하는 리플X(RippleX)가 양자컴퓨팅 시대를 대비한 차세대 보안 전략을 공개했다.리플X의 최고 엔지니어 아요 아키니엘레(Ayo A... 2026-06-20 리플XRP, 2달러 돌파가 분수령…미 연준 금리 동결 속 9.5달러 전망 재조명 [CBC뉴스] 가상자산 XRP가 주요 저항선으로 꼽히는 2달러 돌파 여부에 시장의 관심이 집중되고 있다. 미국 연방준비제도(Fed)가 기준금리를 동결한 가운데 XRP의 중장기 상승... 2026-06-20 리플(엑스알피 XRP), 1.20달러 재돌파 가능할까…“CLARITY 법안 기대감에도 시장은 신중” [CBC뉴스] 리플(엑스알피 XRP) 가격이 1.20달러 돌파 시도에 다시 실패한 뒤 좁은 가격 범위에 갇혀 있는 모습이라고 해외 코인매체 코인게이프가 전했다.코인게이프에 따르면 ... 2026-06-22 [CBC뉴스] 리플(엑스알피 XRP) 가격이 1.20달러 돌파 시도에 다시 실패한 뒤 좁은 가격 범위에 갇혀 있는 모습이라고 해외 코인매체 코인게이프가 전했다.코인게이프에 따르면 ... 2026-06-22 리플XRP 운명의 1.13달러…미·이란 휴전 양상 속 핵심 지지선 시험대 [CBC뉴스] 리플(XRP)이 단기 조정을 이어가는 가운데 시장의 시선이 1.13달러 지지선에 집중되고 있다. 미국과 이란 간 휴전 협상 움직임으로 글로벌 위험회피 심리가 일부 완... 2026-06-22 [CBC뉴스] 리플(XRP)이 단기 조정을 이어가는 가운데 시장의 시선이 1.13달러 지지선에 집중되고 있다. 미국과 이란 간 휴전 협상 움직임으로 글로벌 위험회피 심리가 일부 완... 2026-06-22 미국·이란 휴전 협상에도 XRP 약세…목표가 도달 후 차익실현 압력 확대 [CBC뉴스] 리플(XRP)이 최근 상승 목표 구간에 도달한 이후 차익실현 매물이 쏟아지면서 약세 흐름을 보이고 있다. 미국과 이란 간 휴전 협상 가능성이 거론되며 글로벌 금융시장... 2026-06-22 [CBC뉴스] 리플(XRP)이 최근 상승 목표 구간에 도달한 이후 차익실현 매물이 쏟아지면서 약세 흐름을 보이고 있다. 미국과 이란 간 휴전 협상 가능성이 거론되며 글로벌 금융시장... 2026-06-22 중동 휴전 협상 관측 속 리플 생태계 확장...크로스체인 확장 가속 [CBC뉴스] 크로스체인 인프라 플랫폼 스퀴드(Squid)는 최근 RLUSD와 다양한 암호화폐 간 스왑 서비스를 지원한다고 밝혔다.이번 지원으로 이용자들은 단일 거래만으로 RLUS... 2026-06-21 [CBC뉴스] 크로스체인 인프라 플랫폼 스퀴드(Squid)는 최근 RLUSD와 다양한 암호화폐 간 스왑 서비스를 지원한다고 밝혔다.이번 지원으로 이용자들은 단일 거래만으로 RLUS... 2026-06-21 리플X, 양자컴퓨터 시대 대비 본격화…XRPL 보안 업그레이드 공개 [CBC뉴스] 리플(XRP) 생태계 개발을 담당하는 리플X(RippleX)가 양자컴퓨팅 시대를 대비한 차세대 보안 전략을 공개하면서 시장의 관심을 끌고 있다.리플X의 최고 엔지니어... 2026-06-21 [CBC뉴스] 리플(XRP) 생태계 개발을 담당하는 리플X(RippleX)가 양자컴퓨팅 시대를 대비한 차세대 보안 전략을 공개하면서 시장의 관심을 끌고 있다.리플X의 최고 엔지니어... 2026-06-2",22000,bs4_selector,10.0,suspicious_long_noisy_body,221.0,False,True,https://news.google.com/rss/articles/CBMiaEFVX3lxTFBkcVBzSmlncl83djlPbEkzNEc2aEhrdm1YNXdoZlBpaDU5VW42V2pOeE1mSUNzMVJReVZDWHJEOEd1LWtKcDdRMjAxWjNmZ0ZLYnZqV1NzUVJudlRSTXBHUDhBdC0tTkk0?oc=5,https://www.cbci.co.kr/news/articleView.html?idxno=583548,117.8,"ai_infrastructure_security,financial_performance,kakao_games_management,kim_beomsoo_trial,leadership_change,phishing_security,platform_obligation,policy_legislation,privacy_security_reliability,strategy_mna_governance",kakao_games_ceo_appointment,2026-06-21,meta:article:published_time,original_date_recent,14.0,183.7,privacy_security:kakao:phishing_or_account_takeover:policy_change,63.0,global_incident:platform_enforcement:kakao:consumer_dark_pattern:sanction_penalty,global_incident:platform_enforcement:kakao:consumer_dark_pattern,56.0,self:platform_obligation,Y,,,,,I093,self_privacy_security:기업 카카오 ai 게임 금융 확장 속 보안 지배구조 변화까지,,,,,,,,,,,,,,,,,,,,카카오,자사 및 계열사 이슈,자사_및_계열사_이슈,자사_및_계열사_이슈,자사_및_계열사_이슈,자사 및 계열사 이슈,,,issue_representative_attempt,,,,
정부_국회,정부/국회,스테이블코인,"코인텔레그래프, 미국 스테이블코인 규제 보도 – 발행자에게 미치는 영향은?",Coinfomania,Coinfomania,"Thu, 18 Jun 2026 20:11:29 GMT","Thu, 18 Jun 2026 20:11:29 GMT","코인텔레그래프, 미국 스테이블코인 규제 보도 – 발행자에게 미치는 영향은? Coinfomania","코인텔레그래프, 미국 스테이블코인 규제 보도 – 발행자에게 미치는 영향은? 미국 규제 당국이 GENIUS 법안에 따라 스테이블코인 발행자에게 고객 신원 확인 프로그램을 시행하도록 요구하는 방안을 제안했습니다. 그 함의를 알아보세요. 간단 요약 요약은 AI가 생성하고, 뉴스룸에서 검토했습니다. - 미국은 스테이블코인 발행자를 위한 신원 확인 프로그램을 제안합니다. - GENIUS 법안은 스테이블코인 시장에서의 준수를 강화하는 것을 목표로 합니다. - 규제 당국은 투명성을 높이기 위해 고객 신원 확인에 집중하고 있습니다. 코인텔레그래프는 미국 규제 당국이 GENIUS 법안의 일환으로 스테이블코인 발행자에게 고객 신원 확인 프로그램을 시행하도록 요구하는 방안을 제안했다고 보도했습니다. 이 이니셔티브는 스테이블코인 시장 내에서의 준수 및 투명성을 강화하는 것을 목표로 하며, 암호화폐 분야에서의 규제에 대한 우려가 커지고 있음을 반영합니다. 더 자세한 내용은 코인텔레그래프의 공식 보고서에서 확인할 수 있습니다. 시장 개요 제안된 규제는 암호화폐 및 스테이블코인 운영에 대한 감시가 강화되는 가운데 나왔습니다. 정책 입안자들 간의 최근 논의는 디지털 자산, 특히 암호 거래와 유동성에서 중요한 역할을 하는 스테이블코인에 대한 명확한 지침을 수립하려는 의지를 나타냅니다. 이러한 움직임은 소비자를 보호하고 금융 안정을 보장하기 위한 더 엄격한 준수 조치로의 전환을 나타냅니다. 시장 관찰자들은 이러한 규제가 스테이블코인 발행자의 운영 방식에 상당한 영향을 미칠 수 있으며, 운영 비용과 준수 부담이 증가할 수 있다고 지적합니다. 암호화폐 시장이 혼합 신호를 보이는 가운데, 이러한 규제의 도입은 거래 전략과 시장 역학에 추가적인 영향을 미칠 수 있습니다. 시장 개요 현재 광범위한 암호화폐 시장은 혼합 신호를 보이고 있으며, 다양한 자산들이 다양한 모멘텀을 경험하고 있습니다. 최근 거래 활동은 투자자들이 스테이블코인과 관련된 규제의 추가 발전을 기다리며 조심스러운 감정을 나타내고 있음을 보여줍니다. 이 새로운 규제 제안은 발행자에게 준수 비용 증가로 이어질 경우 시장 행동의 다음 단계를 형성하는 중요한 요소가 될 수 있습니다. 거래자들이 이러한 발전을 소화하는 동안, 주요 스테이블코인 제공업체들이 이러한 규제 요구 사항에 어떻게 적응하는지에 대한 관심이 집중될 것입니다. 최근 몇 달 동안 스테이블코인에 대한 관심이 높아졌으며, 전 세계의 규제 당국은 금융 생태계에서의 사용에 대한 함의를 다루고 있습니다. 스테이블코인은 변동성이 큰 시장에서 안정성을 제공하는 능력 덕분에 거래자와 투자자에게 필수적인 도구가 되었습니다. GENIUS 법안은 당국이 혁신과 소비자 보호 및 금융 무결성 간의 균형을 맞추려는 노력을 반영하는 진화하는 규제 환경을 나타냅니다. 트레이더들이 주목하는 다음 사항 트레이더들은 스테이블코인 준수와 관련된 추가 발표를 위해 규제 환경을 면밀히 주시하고 있습니다. 이러한 제안된 규제의 함의는 기존 스테이블코인 발행자에 대한 감시를 강화할 수 있으며, 이는 그들의 시장 위치에 영향을 미칠 수 있습니다. 위험 요소로는 운영 중단 또는 비용 증가의 가능성이 있으며, 이는 유동성과 거래량에 영향을 미칠 수 있습니다. 분석가들은 시장 참여자들이 경계를 유지하고 이러한 규제 변화가 향후 몇 달 동안 어떻게 전개될지, 특히 더 넓은 시장 트렌드의 맥락에서 고려해야 한다고 제안합니다. 이 기사는 정보 제공 목적으로만 작성되었으며, 재정적 조언을 구성하지 않습니다. 투자 결정을 내리기 전에 항상 스스로 조사하십시오. 우리의 소식을 팔로우하세요 Google News 최신 암호화폐 통찰력과 업데이트를 받아보세요.",1809,trafilatura,-10.0,date_failed:original_date_too_old>52h:2026-06-19,106.5,False,False,https://news.google.com/rss/articles/CBMiqAFBVV95cUxNdVRHNzZrOFBmSVcwc29vZkQtZ1p3V3gwdGQ4ckh3cWctMXhpdE1lR1lXdXNjQm5EY2RBU1pqQ2VmcTJ2Q1lnaU41R3FKdkRFbEdPTm41VVJlbTVqaWRyRXFvaUNvLW5CaldVM0xHbzgzWEtHVW9hMEs0Q2s1OWV3eTdfM3hyOU9iLWFmQXRsRkJvT29XZnhyTGYwUVd5VGFLb0U1dFUtX1I?oc=5,https://coinfomania.com/ko/cointelegraph-reports-on-u-s-stablecoin-regulation-how-will-it-impact-issuers,-17.0,"ai_infrastructure_security,digital_asset_stablecoin,platform_obligation,policy_legislation,stablecoin",stablecoin_legislation,2026-06-19,json_ld:datePublished,original_date_too_old>52h,9.0,58.55,,0.0,global_incident:platform_enforcement:google:privacy_data_violation:investigation_review,global_incident:platform_enforcement:google:privacy_data_violation,48.0,self:platform_obligation,Y,,,,,I133,global_incident:digital_asset_policy:digital_asset_sector:stablecoin_policy,,,,,,,,,,,,,,,,,,,,스테이블코인,정부/국회,정부_국회,경쟁사_해외이슈,정부_국회,정부/국회,,,issue_representative_attempt,,,,
정부_국회,정부/국회,스테이블코인,"[D-BIZ 글로벌 동향] 미국, GENIUS법 기반 스테이블코인 규제 강화…은행 수준 신원확인 의무화 추진",데일리비즈온,데일리비즈온,"Fri, 19 Jun 2026 03:29:07 GMT","Fri, 19 Jun 2026 03:29:07 GMT","[D-BIZ 글로벌 동향] 미국, GENIUS법 기반 스테이블코인 규제 강화…은행 수준 신원확인 의무화 추진 데일리비즈온","워싱턴에 있는 미국 연방준비제도 이사회(출처=Jesse Hamilton/CoinDesk) [미국=데일리비즈온] 미국 연방준비제도(연준), 재무부, 통화감독청(OCC) 등 주요 금융 규제 기관이 GENIUS 법안 시행에 맞춰 스테이블코인 발행사에 은행과 동일한 수준의 고객 신원확인 의무를 부과하는 규정 초안을 공개했다. 이번 규정은 지난해 제정된 GENIUS 법안의 핵심 내용으로, 자금세탁·불법 금융·테러 자금 조달 등 위험을 막기 위해 스테이블코인 사업자를 기존 금융기관과 동일하게 규제하는 것을 골자로 한다. 발행사는 ▲계좌 개설 시 신원 확인 ▲개인정보 기록 유지 ▲테러 관련 명단 대조 등 은행비밀보호법 기준을 준수해야 한다. 관련 기관들은 60일간 대중 의견을 수렴한 뒤 검토를 거쳐 최종 규정을 확정할 계획이다. 다만 마이클 바 연준 이사는 “현재 제안이 2차 시장 거래에서의 불법 활동 위험까지 충분히 다루지 못할 수 있다”며, 신원확인 요건을 거래 단계까지 확대할 필요성에 대한 검토가 추가로 이뤄져야 한다고 지적했다. 시장에서는 테더(USDT), 서클(USDC) 등 기존 업체는 물론 전통 금융권의 신규 진출도 이어지는 가운데, 이번 규제가 향후 스테이블코인 시장의 투명성과 경쟁 구도에 중대한 영향을 미칠 것으로 전망된다.",639,newspaper3k,-10.0,date_failed:original_date_too_old>52h:2026-06-19,116.0,False,False,https://news.google.com/rss/articles/CBMibEFVX3lxTE92dERPb0g0enNxM2dIcWR1M1pkTko3OS02dkVZOWQwS050UUpOOFJheFZVSnN5YTRCZmhZM1ducFFaWDRqWFV0WnUzdzl6R0dmaEd4M2VSWWJZZHdHalNTS2pPb3BaZ3V0bk9qcQ?oc=5,https://www.dailybizon.com/news/articleView.html?idxno=68016,-17.0,"digital_asset_stablecoin,platform_obligation,policy_legislation,stablecoin",stablecoin_legislation,2026-06-19,json_ld:datePublished,original_date_too_old>52h,4.0,44.2,,0.0,global_incident:platform_regulation:digital_asset_sector:platform_data_protection_obligation:policy_change,global_incident:platform_regulation:digital_asset_sector:platform_data_protection_obligation,48.0,government:platform_obligation,Y,,,,,I133,global_incident:digital_asset_policy:digital_asset_sector:stablecoin_policy,,,,,,,,,,,,,,,,,,,,스테이블코인,정부/국회,정부_국회,경쟁사_해외이슈,정부_국회,정부/국회,,,issue_representative_attempt,,,,
정부_국회,정부/국회,스테이블코인,"미국, 스테이블코인 발행사 은행처럼 규제…2차 시장 확대될까",tokenpost.kr,tokenpost.kr,"Thu, 18 Jun 2026 17:29:44 GMT","Thu, 18 Jun 2026 17:29:44 GMT","미국, 스테이블코인 발행사 은행처럼 규제…2차 시장 확대될까 tokenpost.kr","링크가 복사되었습니다. 공유 페이스북 엑스 링크드인 텔레그램 글자크기 가 작게 가 보통 가 크게 가 매우크게 글자크기 가 작게 가 보통 가 크게 가 매우크게 암호화폐 정책 경제 국제 미국, 스테이블코인 발행사 은행처럼 규제…2차 시장 확대될까 김미래 기자 2026.06.19 (금) 02:29 3 4 암호화폐 정책 경제 국제 미국, 스테이블코인 발행사 은행처럼 규제…2차 시장 확대될까 김미래 기자 2026.06.19 (금) 02:29 3 4 김미래 기자 2026.06.19 (금) 02:29 미국 연준과 재무부 등이 스테이블코인 발행사에 은행 수준의 KYC·AML 의무를 적용하는 규정 초안을 공개했다고 전했다. GENIUS법 이행이 본격화한 가운데 2차 시장까지 규제를 확대할지 여부가 향후 핵심 쟁점으로 떠오른다고 밝혔다. 미국, 스테이블코인 발행사 은행처럼 규제…2차 시장 확대될까 / TokenPost.ai 미국 금융 당국이 스테이블코인 규제의 고삐를 더욱 조이고 있다. 발행사를 은행처럼 취급하는 새로운 규칙이 제안되면서 ‘스테이블코인’ 시장 전반에 구조적 변화가 예고된다. 발행사, 은행 수준 신원 확인 의무 적용 미국 연방준비제도(Fed), 재무부 등 주요 금융 규제 기관은 19일 스테이블코인 발행사를 전통 금융기관과 동일하게 규율하는 규정 초안을 공개했다. 이번 조치는 지난해 제정된 ‘GENIUS 법’ 이행의 핵심 단계로 평가된다. 초안에 따르면 스테이블코인 발행사는 고객 신원 확인(KYC)과 자금세탁방지(AML) 기준을 의무적으로 충족해야 한다. 단순한 토큰 발행 주체가 아닌 ‘금융기관’으로서 역할을 부여받는 셈이다. 규정은 특히 세 가지 의무를 강조한다. 고객 계좌 개설 시 신원 검증, 이름·주소 등 식별 정보 기록 보관, 테러 관련 명단 여부 확인이다. 이는 기존 은행이나 증권사와 동일한 수준의 규제다. GENIUS 법 본격 적용…2개월 의견 수렴 이번 초안은 ‘규칙 제정 공고(NPRM)’ 단계로, 최종 시행 전 시장 의견을 반영하는 절차다. 연준을 비롯해 통화감독청(OCC), 연방예금보험공사(FDIC), 전국신용조합관리청(NCUA), 재무부 등이 공동으로 참여했다. 당국은 60일간의 공개 의견 수렴에 들어갔다. 앞서 지난해 사전 의견 요청 과정에서만 약 450건의 피드백이 접수될 정도로 업계 관심이 높았다. 재무부 산하 금융범죄단속네트워크(FinCEN) 역시 별도로 자금세탁방지 규정을 강화하는 방안을 추진 중이다. 이는 ‘스테이블코인’ 규제 체계를 다층적으로 구축하려는 움직임으로 풀이된다. 전통 금융 vs 크립토 기업 경쟁 심화 현재 시장은 테더의 테더(USDT), 서클의 USD코인(USDC) 등 크립토 기업이 주도하고 있지만, 전통 금융사들도 빠르게 진입하고 있다. 규제 명확성이 높아질수록 기관 참여가 확대될 가능성이 크다. 특히 ‘허가된 결제형 스테이블코인 발행사(PPSI)’ 제도가 자리 잡으면 시장 경쟁은 한층 치열해질 전망이다. 규제 준수를 전제로 한 ‘신뢰 경쟁’이 핵심 변수로 떠오르고 있다. “2차 시장 규제 공백 여전” 우려도 다만 규제의 사각지대를 둘러싼 우려도 제기된다. 연준 이사 마이클 바(Michael Barr)는 스테이블코인의 2차 시장 거래가 불법 자금 이동 통로로 활용될 가능성을 지적했다. 그는 “일부 디지털 자산 서비스 제공자는 규제를 받지만, 악의적인 행위자가 이를 쉽게 회피할 수 있다”고 밝혔다. 이어 신원 확인 규정을 2차 시장까지 확대할 필요성을 검토해야 한다고 강조했다. [온체인분석] 토큰화가 다시 그린 자본시장 권력 지도… '구조적 조율자'의 시대 알파리포트 전문 보기 → 실제로 규제안에는 ‘2차 시장에도 고객 확인 규정을 적용할 것인지’에 대한 질문이 포함됐다. 적용 범위와 실효성을 둘러싼 논쟁이 이어질 전망이다. 미국의 이번 조치는 스테이블코인을 단순한 암호화폐가 아닌 ‘제도권 금융상품’으로 편입하려는 흐름을 분명히 보여준다. 규제 강도와 적용 범위에 따라 글로벌 디지털 자산 시장의 판도도 달라질 가능성이 크다. 기사요약 by TokenPost.ai 🔎 시장 해석 미국이 스테이블코인 발행사를 사실상 은행처럼 규제하려는 방향을 명확히 하면서, 시장은 ‘크립토 실험 단계’에서 ‘제도권 금융 경쟁 단계’로 이동하고 있다. 규제 명확성이 높아질수록 전통 금융기관의 진입이 가속화되고, 기존 크립토 기업과의 경쟁 구도가 본격화될 전망이다. 💡 전략 포인트 규제 수용 능력이 높은 발행사와 투명한 준비금 구조를 가진 프로젝트가 경쟁 우위를 확보할 가능성이 크다. 기관 자금 유입 확대에 따라 USDC 등 규제 친화형 스테이블코인의 영향력이 커질 수 있다. 2차 시장 규제 확대 여부는 디파이 및 거래소 산업에 큰 변수로 작용할 핵심 리스크 요인이다. 📘 용어정리 KYC: 고객의 신원을 확인하는 절차로 금융 범죄 예방의 기본 장치 AML: 자금세탁을 방지하기 위한 규제 체계 GENIUS 법: 미국의 스테이블코인 발행 및 규제 기준을 정의한 최초의 연방법 PPSI: 인가받은 결제형 스테이블코인 발행사로, 규제 요건을 충족한 공식 사업자 💡 자주 묻는 질문 (FAQ) Q. 이번 스테이블코인 규제 초안의 핵심 변화는 무엇인가요? 핵심은 스테이블코인 발행사를 단순한 기술 기업이 아니라 은행과 같은 금융기관으로 보고, 고객 신원 확인(KYC)과 자금세탁방지(AML) 의무를 동일하게 적용하는 것입니다. 이는 스테이블코인을 제도권 금융 시스템 안으로 편입하려는 조치로 해석됩니다. Q. 이런 규제가 스테이블코인 시장에 어떤 영향을 주나요? 규제 명확성이 높아지면서 전통 금융기관의 시장 진입이 활발해지고, 기존 크립토 기업들과의 경쟁이 심화될 가능성이 큽니다. 동시에 규제를 잘 준수하는 프로젝트 중심으로 시장 재편이 이루어질 수 있습니다. Q. 2차 시장 규제가 왜 중요한 쟁점인가요? 현재 발행사 단계에서는 규제가 강화되고 있지만, 거래소나 개인 지갑 간 거래 등 2차 시장은 상대적으로 규제 공백이 존재합니다. 만약 이 영역까지 신원 확인 의무가 확대되면 불법 자금 차단에는 효과적이지만, 사용자 익명성과 디파이 생태계에는 부담으로 작용할 수 있습니다. TP AI 유의사항 TokenPost.ai 기반 언어 모델을 사용하여 기사를 요약했습니다. 본문의 주요 내용이 제외되거나 사실과 다를 수 있습니다. 미국 금융 당국이 스테이블코인 규제의 고삐를 더욱 조이고 있다. 발행사를 은행처럼 취급하는 새로운 규칙이 제안되면서 ‘스테이블코인’ 시장 전반에 구조적 변화가 예고된다. 미국 연방준비제도(Fed), 재무부 등 주요 금융 규제 기관은 19일 스테이블코인 발행사를 전통 금융기관과 동일하게 규율하는 규정 초안을 공개했다. 이번 조치는 지난해 제정된 ‘GENIUS 법’ 이행의 핵심 단계로 평가된다. 초안에 따르면 스테이블코인 발행사는 고객 신원 확인(KYC)과 자금세탁방지(AML) 기준을 의무적으로 충족해야 한다. 단순한 토큰 발행 주체가 아닌 ‘금융기관’으로서 역할을 부여받는 셈이다. 규정은 특히 세 가지 의무를 강조한다. 고객 계좌 개설 시 신원 검증, 이름·주소 등 식별 정보 기록 보관, 테러 관련 명단 여부 확인이다. 이는 기존 은행이나 증권사와 동일한 수준의 규제다. 이번 초안은 ‘규칙 제정 공고(NPRM)’ 단계로, 최종 시행 전 시장 의견을 반영하는 절차다. 연준을 비롯해 통화감독청(OCC), 연방예금보험공사(FDIC), 전국신용조합관리청(NCUA), 재무부 등이 공동으로 참여했다. 당국은 60일간의 공개 의견 수렴에 들어갔다. 앞서 지난해 사전 의견 요청 과정에서만 약 450건의 피드백이 접수될 정도로 업계 관심이 높았다. 재무부 산하 금융범죄단속네트워크(FinCEN) 역시 별도로 자금세탁방지 규정을 강화하는 방안을 추진 중이다. 이는 ‘스테이블코인’ 규제 체계를 다층적으로 구축하려는 움직임으로 풀이된다. 현재 시장은 테더의 테더(USDT), 서클의 USD코인(USDC) 등 크립토 기업이 주도하고 있지만, 전통 금융사들도 빠르게 진입하고 있다. 규제 명확성이 높아질수록 기관 참여가 확대될 가능성이 크다. 특히 ‘허가된 결제형 스테이블코인 발행사(PPSI)’ 제도가 자리 잡으면 시장 경쟁은 한층 치열해질 전망이다. 규제 준수를 전제로 한 ‘신뢰 경쟁’이 핵심 변수로 떠오르고 있다. 다만 규제의 사각지대를 둘러싼 우려도 제기된다. 연준 이사 마이클 바(Michael Barr)는 스테이블코인의 2차 시장 거래가 불법 자금 이동 통로로 활용될 가능성을 지적했다. 그는 “일부 디지털 자산 서비스 제공자는 규제를 받지만, 악의적인 행위자가 이를 쉽게 회피할 수 있다”고 밝혔다. 이어 신원 확인 규정을 2차 시장까지 확대할 필요성을 검토해야 한다고 강조했다. [온체인분석] 토큰화가 다시 그린 자본시장 권력 지도… '구조적 조율자'의 시대 알파리포트 전문 보기 → [온체인분석] 토큰화가 다시 그린 자본시장 권력 지도… '구조적 조율자'의 시대 실제로 규제안에는 ‘2차 시장에도 고객 확인 규정을 적용할 것인지’에 대한 질문이 포함됐다. 적용 범위와 실효성을 둘러싼 논쟁이 이어질 전망이다. 미국의 이번 조치는 스테이블코인을 단순한 암호화폐가 아닌 ‘제도권 금융상품’으로 편입하려는 흐름을 분명히 보여준다. 규제 강도와 적용 범위에 따라 글로벌 디지털 자산 시장의 판도도 달라질 가능성이 크다. 기사요약 by TokenPost.ai 🔎 시장 해석 미국이 스테이블코인 발행사를 사실상 은행처럼 규제하려는 방향을 명확히 하면서, 시장은 ‘크립토 실험 단계’에서 ‘제도권 금융 경쟁 단계’로 이동하고 있다. 규제 명확성이 높아질수록 전통 금융기관의 진입이 가속화되고, 기존 크립토 기업과의 경쟁 구도가 본격화될 전망이다. 💡 전략 포인트 규제 수용 능력이 높은 발행사와 투명한 준비금 구조를 가진 프로젝트가 경쟁 우위를 확보할 가능성이 크다. 기관 자금 유입 확대에 따라 USDC 등 규제 친화형 스테이블코인의 영향력이 커질 수 있다. 2차 시장 규제 확대 여부는 디파이 및 거래소 산업에 큰 변수로 작용할 핵심 리스크 요인이다. 📘 용어정리 KYC: 고객의 신원을 확인하는 절차로 금융 범죄 예방의 기본 장치 AML: 자금세탁을 방지하기 위한 규제 체계 GENIUS 법: 미국의 스테이블코인 발행 및 규제 기준을 정의한 최초의 연방법 PPSI: 인가받은 결제형 스테이블코인 발행사로, 규제 요건을 충족한 공식 사업자 핵심은 스테이블코인 발행사를 단순한 기술 기업이 아니라 은행과 같은 금융기관으로 보고, 고객 신원 확인(KYC)과 자금세탁방지(AML) 의무를 동일하게 적용하는 것입니다. 이는 스테이블코인을 제도권 금융 시스템 안으로 편입하려는 조치로 해석됩니다. 규제 명확성이 높아지면서 전통 금융기관의 시장 진입이 활발해지고, 기존 크립토 기업들과의 경쟁이 심화될 가능성이 큽니다. 동시에 규제를 잘 준수하는 프로젝트 중심으로 시장 재편이 이루어질 수 있습니다. 현재 발행사 단계에서는 규제가 강화되고 있지만, 거래소나 개인 지갑 간 거래 등 2차 시장은 상대적으로 규제 공백이 존재합니다. 만약 이 영역까지 신원 확인 의무가 확대되면 불법 자금 차단에는 효과적이지만, 사용자 익명성과 디파이 생태계에는 부담으로 작용할 수 있습니다. 본 기사는 시장 데이터 및 차트 분석을 바탕으로 작성되었으며, 특정 종목에 대한 투자 권유가 아닙니다. 광고문의 기사제보 보도자료 #미국 #스테이블코인 #규제 #FED #재무부 #GENIUS법 #KYC #aml #USDT #USDC #미국 #스테이블코인 #규제 #FED #재무부 #GENIUS법 #KYC #aml #USDT #USDC",5654,bs4_selector,-10.0,date_failed:original_date_too_old>52h:2026-06-19,99.0,False,False,https://news.google.com/rss/articles/CBMiYEFVX3lxTFBlR21XUElMN1N2dzNxckt3aG1fSG5vOVUyZ0RzTVZwT3g2QlUxOHBMU2x0clE0M2I1bmpfdWdlUGV6TldqQ3h2VXlhNmhxU3AxWmFyU3NCR1ZiemotRzg5b9IBZkFVX3lxTE1JbTJjM25BS1p0U1BBbUMzeFM0S1ZsRFpxcEkzbm9FRW1od0ZHQ05NVVJpSFRsUVdnVWFBWGswblYyaGJtWHc5WTVoXzB3eEhHTVNxSlZBYmx4c3MwdW8zNFhLMzBtZw?oc=5,https://www.tokenpost.kr/news/cryptocurrency/370886,-19.0,"ai_infrastructure_security,digital_asset_stablecoin,platform_obligation,policy_legislation,stablecoin",stablecoin_forum_aml,2026-06-19,json_ld:datePublished,original_date_too_old>52h,6.0,48.3,,16.0,global_incident:platform_regulation:meta:platform_operator_obligation:policy_change,global_incident:platform_regulation:meta:platform_operator_obligation,24.0,government:platform_obligation,Y,,,,,I133,global_incident:digital_asset_policy:digital_asset_sector:stablecoin_policy,,,,,,,,,,,,,,,,,,,,스테이블코인,정부/국회,정부_국회,경쟁사_해외이슈,정부_국회,정부/국회,,,issue_representative_attempt,,,,
