카테고리,카테고리명,검색어,기사제목,언론사,정규언론사,게시일,RSS게시일,RSS요약,본문전문,본문글자수,본문추출방식,본문품질점수,본문품질사유,중요도점수,본문사용가능,본문정제적용,원래RSS링크,링크,랭킹점수,사건태그,사건단계,원문날짜,원문날짜출처,날짜검증결과,날짜후보수,대표선택점수,개인정보보안사건키,개인정보보안대표보너스,전역사건키,전역사건기본키,전역사건대표보너스,이슈패밀리,정책규제의무,자사홍보성,링크상태,링크검증사유,본문정합성,v20_issue_id,v20_issue_group,v20_issue_family,v20_internal_category,v20_issue_score,v21_self_tier,v21_gov_tier,v21_competitor_tier,v21_competitor_scope,Gemini카테고리,Gemini내부카테고리,Gemini이슈유형,Gemini이슈그룹,Gemini중복그룹,Gemini관련성,Gemini중요도,Gemini대외협력중요도,Gemini관련도,Gemini판단사유,Gemini선정사유,선정단계,수집검색어,수집원카테고리,수집JSON카테고리,Gemini판단카테고리,최종카테고리,최종카테고리명,선정순서,본문상태,제외단계,최종카테고리검증결과,v24대표기사정합성,v25한국정부국회근거,최종카테고리재배치
자사_및_계열사_이슈,자사 및 계열사 이슈,네이버,[AI 수익전쟁①] 검색 넘어 쇼핑까지…네이버 AI 광고 생태계 확장,v.daum.net,v.daum.net,"Thu, 02 Jul 2026 15:02:00 GMT","Thu, 02 Jul 2026 15:02:00 GMT",[AI 수익전쟁①] 검색 넘어 쇼핑까지…네이버 AI 광고 생태계 확장 v.daum.net,"[AI 수익전쟁①] 검색 넘어 쇼핑까지…네이버 AI 광고 생태계 확장 최문정 2026. 7. 3. 글자 수 10,000자 초과 시 일부만 음성으로 제공합니다. 가 매우 작은 폰트 작은 폰트 보통 폰트 큰 폰트 매우 큰 폰트 가 이 글자크기로 변경됩니다. (예시) 가장 빠른 뉴스가 있고 다양한 정보, 쌍방향 소통이 숨쉬는 다음뉴스를 만나보세요. 다음뉴스는 국내외 주요이슈와 실시간 속보, 문화생활 및 다양한 분야의 뉴스를 입체적으로 전달하고 있습니다. 글자 수 10,000자 초과 시 일부만 음성으로 제공합니다. 가 매우 작은 폰트 작은 폰트 보통 폰트 큰 폰트 매우 큰 폰트 가 이 글자크기로 변경됩니다. (예시) 가장 빠른 뉴스가 있고 다양한 정보, 쌍방향 소통이 숨쉬는 다음뉴스를 만나보세요. 다음뉴스는 국내외 주요이슈와 실시간 속보, 문화생활 및 다양한 분야의 뉴스를 입체적으로 전달하고 있습니다. 글자 수 10,000자 초과 시 일부만 음성으로 제공합니다. 글자 수 10,000자 초과 시 일부만 음성으로 제공합니다. 글자 수 10,000자 초과 시 일부만 음성으로 제공합니다. 가 매우 작은 폰트 작은 폰트 보통 폰트 큰 폰트 매우 큰 폰트 가 이 글자크기로 변경됩니다. (예시) 가장 빠른 뉴스가 있고 다양한 정보, 쌍방향 소통이 숨쉬는 다음뉴스를 만나보세요. 다음뉴스는 국내외 주요이슈와 실시간 속보, 문화생활 및 다양한 분야의 뉴스를 입체적으로 전달하고 있습니다. 가 매우 작은 폰트 작은 폰트 보통 폰트 큰 폰트 매우 큰 폰트 가 이 글자크기로 변경됩니다. (예시) 가장 빠른 뉴스가 있고 다양한 정보, 쌍방향 소통이 숨쉬는 다음뉴스를 만나보세요. 다음뉴스는 국내외 주요이슈와 실시간 속보, 문화생활 및 다양한 분야의 뉴스를 입체적으로 전달하고 있습니다. 가 매우 작은 폰트 작은 폰트 보통 폰트 큰 폰트 매우 큰 폰트 가 이 글자크기로 변경됩니다. (예시) 가장 빠른 뉴스가 있고 다양한 정보, 쌍방향 소통이 숨쉬는 다음뉴스를 만나보세요. 다음뉴스는 국내외 주요이슈와 실시간 속보, 문화생활 및 다양한 분야의 뉴스를 입체적으로 전달하고 있습니다. (예시) 가장 빠른 뉴스가 있고 다양한 정보, 쌍방향 소통이 숨쉬는 다음뉴스를 만나보세요. 다음뉴스는 국내외 주요이슈와 실시간 속보, 문화생활 및 다양한 분야의 뉴스를 입체적으로 전달하고 있습니다. AI브리핑 광고 정식 도입…AI탭까지 수익모델 확대 AI 인프라 투자 확대에 수익화 전략 가속 [더팩트ㅣ최문정 기자] 인공지능(AI) 경쟁의 무게중심이 기술력에서 수익성으로 이동하는 가운데, 네이버가 자사 AI 서비스 수익화 첫 단추를 끼운다. 네이버는 AI가 검색 결과를 요약해주는 'AI 브리핑' 광고를 시작하는 데 이어 연내 대화형 AI 검색 서비스 'AI탭'에도 광고 모델을 적용하며 AI 기반 신규 수익원 확보에 속도를 낼 계획이다. 3일 업계에 따르면 네이버는 오는 21일부터 'AI 브리핑'에 광고를 적용한다. 네이버는 지난 5월 7일부터 7월 2일까지 약 8주간 광고주를 대상으로 AI 브리핑 광고 베타 테스트를 진행했으며, 이를 바탕으로 정식 서비스를 시작한다는 구상이다. AI 브리핑은 네이버 통합검색 결과 화면 상단에 노출되는 서비스다. AI가 이용자의 검색 의도를 분석해 여러 출처의 정보를 요약·정리해 제공하며, 지난해 3월 출시 이후 약 1년 만에 월간활성이용자수(MAU) 3000만명을 확보했다. AI 브리핑 광고는 이용자의 검색 맥락을 해치지 않는 범위에서 자연스럽게 노출하는 것이 특징이다. 광고 역시 기존 검색 결과와의 이질감을 최소화하기 위해 텍스트 중심으로 제공된다. 예를 들어 '하얀 옷 세탁 방법'을 검색하면 AI 브리핑 하단에 ""ㅇㅇ쇼핑에서 과탄산소다를 포함한 세탁용품을 만나보세요""와 같은 형태의 광고가 함께 제시된다. 네이버는 공지를 통해 ""AI 브리핑 광고는 이용자가 입력한 검색어와 정보를 기반으로 광고 에이전트가 AI 브리핑과 관련성이 높은 상품을 선별해 노출한다""며 ""상품 이미지와 상품명, 가격 등이 함께 제공돼 이용자가 직관적으로 상품 정보를 확인할 수 있도록 구성했다""고 설명했다. 다만 의료 광고 등 심의 대상 업종은 노출이 제한된다. 이와 함께 네이버는 오는 15일 AI 광고 상품을 통합 관리하는 '광고주센터'도 공개할 예정이다. 네이버가 AI 수익화에 속도를 내는 것은 광고 사업에서 AI의 성과가 이미 가시화되고 있기 때문이다. 네이버는 올해 1분기 매출 3조2411억원을 기록했다. 이 가운데 광고 매출은 전년 동기 대비 9.3% 증가한 1조3945억원으로, 전체 매출의 약 43%를 차지했다. 회사는 통상 광고 비수기로 꼽히는 1분기에도 이 같은 성과를 거둔 배경으로 AI 기반 광고 고도화를 꼽고 있다. 최수연 네이버 대표는 지난 5월 1분기 실적발표 컨퍼런스콜에서 ""AI 기술이 네이버 지면과 광고 상품 전반으로 확대 적용되며 성장 동력으로 작동했고, 광고 성과 예측 모델 고도화를 통해 광고 효율과 타겟팅이 강화됐다""며 ""1분기 광고 매출 성장분 가운데 AI의 기여도는 50% 이상""이라고 밝혔다. 네이버는 AI 브리핑 광고 도입을 시작으로 AI 서비스 전반으로 수익모델을 확대할 계획이다. 특히 지난달 26일 정식 출시한 대화형 AI 검색 서비스 'AI탭'에도 올해 4분기 중 광고 모델을 적용하는 방안을 검토하고 있다. 네이버가 AI 수익화에 속도를 내는 배경에는 AI 서비스 구축과 운영 비용 증가도 있다. AI 모델 개발부터 서비스 운영까지 막대한 인프라 투자가 이어지면서 비용 부담도 커지고 있다. 네이버의 올해 1분기 영업비용은 전년 동기 대비 18.2% 증가한 2조6993억원으로 집계됐다. 특히 GPU 등 AI 인프라 구축 비용은 전년 대비 32.5% 늘었다. 이에 따라 영업이익률은 전년 동기 대비 1.4%포인트 하락한 16.7%를 기록했다. 하나증권은 2분기 영업비용 역시 전년 동기 대비 18.5% 증가한 2조8354억원에 이를 것으로 전망했다. 이준호 하나증권 연구원은 최근 보고서에서 ""AI탭은 베타 서비스 기간 상품과 장소 카드 클릭률(CTR)이 20% 이상 높게 나타나 전반적인 트래픽 확대를 확인했다""며 ""이달 AI 브리핑에 클릭당 과금(CPC) 광고를 추가하고, 4분기에는 AI탭 광고도 진행할 계획""이라고 분석했다. 이어 ""자체 커머스와 로컬 서비스를 갖춘 것은 글로벌 경쟁사 대비 분명한 강점""이라며 ""AI 서비스와 기존 플랫폼을 결합한 광고 수익화는 물론 국내 상거래 점유율 확대에도 긍정적으로 작용할 것""이라고 전망했다. 한 IT업계 관계자는 ""이제 AI 경쟁은 기술 시연이 아니라 실제 수익을 얼마나 만들어내느냐의 경쟁으로 넘어갔다""며 ""검색을 기반으로 쇼핑과 예약, 콘텐츠 등을 연결한 네이버는 AI를 기존 플랫폼과 결합해 광고뿐 아니라 커머스 등 다양한 영역에서 수익모델을 확대할 여지가 있다""고 말했다. 발로 뛰는 더팩트는 24시간 여러분의 제보를 기다립니다. ▶카카오톡: '더팩트제보' 검색 ▶이메일: jebo@tf.co.kr ▶뉴스 홈페이지: http://talk.tf.co.kr/bbs/report/write 더팩트에서 직접 확인하세요. 해당 언론사로 이동합니다. 李 대통령 ""이재용 회장 압박해서 결정? 구태적 생각"" - 정치 | 기사 - 더팩트 李·文 '단합' 주문에도…與 전대 '내홍 격화'는 시간문제? - 정치 | 기사 - 더팩트 장동혁·한동훈 사이 저울질?…'침묵하는 구주류' 친윤은 어디로 - 정치 | 기사 - 더팩트 [돌돌공④] ""쉽게 말해 못 한 거죠""…TK 도의원이 밝힌 '공약 반복'의 이유 - 정치 | 기사 - 더팩트 ""자동차 따라 진화해야""…현대차그룹 '심장' 남양연구소 가보니[TF현장] - 경제 | 기사 - 더팩트 반도체·AI 메가프로젝트 시동…건설업계 새 수주판 열린다 - 경제 | 기사 - 더팩트 [환율 1500원 경고③] 금리만으론 못 잡는다…수급·시장개방·거시건전성 '3중 처방' - 경제 | 기사 [TF초점] '시그널2', 10년 기다림 vs 조진웅 리스크…tvN의 딜레마 - 연예 | 기사 - 더팩트 홍명보의 '아집', 손흥민의 '눈물'...14년 '악연'이 부른 '비극' [박순규의 창] - 축구 | 기사 - 더팩 '신인 전관왕' 초읽기 김민솔...20년 전 신지애의 설렘이 온다 [박호윤의 IN&OUT] - 스포츠종합 | 기 더팩트에서 직접 확인하세요. 해당 언론사로 이동합니다.",4092,bs4_selector,86.0,category_guardrail_failed:v41_self_guard_actual_actor_absent,82.5,True,True,https://news.google.com/rss/articles/CBMiVEFVX3lxTFBrVEZMdWM4M3VMalNDWFYwS1BUTUU2U2dDNGZjd0wtaVVxdGRQc293aGNjTVBfVjJhcEduYkxRN1hIcXg2NmF6S3pOWC1JUk04Yjh4SA?oc=5,https://v.daum.net/v/20260703000247237?f=p,205.5,"ai_agent,ai_infrastructure_security,financial_performance,labor_dispute,platform_obligation,policy_legislation,search_ads",labor_general,2026-07-03,visible_date_node,original_date_recent,2,177.15,privacy_security:naver:data_leak:initial_investigation_response,7.0,global_incident:platform_enforcement:naver:self_preferencing_algorithm:investigation_review,global_incident:platform_enforcement:naver:self_preferencing_algorithm,24.0,self:platform_obligation,Y,,ok,http_200,body_valid,I030,self_filler_reference:ai 수익전쟁 검색 넘어 쇼핑까지 네이버 ai 광고 생태계 확장,self_filler_reference,SELF_AFFILIATE_BUSINESS,541.5,OFF_TOPIC,,COMP_DOMESTIC_AI_PLATFORM,domestic,자사_및_계열사_이슈,SELF_AFFILIATE_BUSINESS,self_filler_reference,self_filler_reference:ai 수익전쟁 검색 넘어 쇼핑까지 네이버 ai 광고 생태계 확장,self_filler_reference:ai 수익전쟁 검색 넘어 쇼핑까지 네이버 ai 광고 생태계 확장,카카오가 경쟁사 전략·리스크·AI/플랫폼 대응을 비교 참고할 이슈,4.0,2.0,5.0,v26: 카카오 직접 주체가 없어 자사 섹션 제외/재분류 / v26.2: overseas structural industry candidate,v26: 카카오 직접 주체가 없어 자사 섹션 제외/재분류 / v26.2: overseas structural industry candidate,issue_selected,네이버,경쟁사/해외이슈,경쟁사_해외이슈,자사_및_계열사_이슈,자사_및_계열사_이슈,자사 및 계열사 이슈,2.0,본문추출성공,issue_representative_attempt,fail:v41_self_guard_actual_actor_absent,,,
경쟁사_해외이슈,경쟁사/해외이슈,네이버,"한국투자 ""네이버 AI 팩토리 사업 매력적, 적절한 시점 유의미한 전략 변화""",비즈니스포스트,비즈니스포스트,"Thu, 02 Jul 2026 01:09:00 GMT","Thu, 02 Jul 2026 01:09:00 GMT","한국투자 ""네이버 AI 팩토리 사업 매력적, 적절한 시점 유의미한 전략 변화"" 비즈니스포스트","2일 정호윤 한국투자증권 연구원은 네이버의 목표주가 33만 원과 투자의견 ‘매수(BUY)’를 유지했다. 네이버의‘AI 팩토리(AI 공장)’가 가진 가능성에 기대를 걸어볼 만하다는 분석이다. 네이버는 지난 8일 엔비디아와 손잡고 AI 팩토리 구축을 위한 공동 사업을 발표했다. 2027년 상반기 55메가와트(MW) 규모로 가동을 시작해 매년 늘려가며, 2028년에는 누적 200MW, 장기적으로는 기가와트(GW)급 인프라를 갖추는 것이 목표다. 정 연구원은 ""장기적으로 기업간거래(B2B) AI 팩토리 사업자로 거듭나겠다는 청사진을 제시했다""며 ""지금 시점에서 매우 의미 있는 전략 변화라고 판단한다""고 말했다. 국내에서도 그래픽처리장치(GPU) 수요가 늘어나는 가운데, 엔비디아와 협력해 최신 GPU를 먼저 공급받을 수 있게 되면서 수요에 효과적으로 대응할 수 있을 것이란 분석이다. 정 연구원은 ""최근 시장은 AI 팩토리 투자를 위한 대규모 자금 조달 부담이나 낯선 사업 분야에 대한 수익성 우려 등 불확실성에 예민하게 반응하고 있다""면서 ""하지만 국내에서도 데이터센터 수요는 계속 늘어날 것이며, 이미 SK 등 다른 기업들도 데이터센터 투자를 늘리고 있다""고 설명했다. 특히 네이버가 국내에서 데이터센터를 직접 운영해 본 경험이 있는 만큼 이를 바탕으로 아시아 지역 다른 나라까지 사업을 넓힐 수 있다는 점이 매력적이라고 진단했다. 정 연구원은 ""단기적으로는 계약이 예정된 잠재 고객에 대한 정보와 데이터센터 건설을 위한 자금 조달 계획 등이 구체적으로 공개된다면 불확실성이 해소되면서 주가가 오를 계기가 될 것""이라고 덧붙였다. 올해 2분기에는 무난한 실적을 거뒀을 것으로 추정됐다. 네이버는 2026년 2분기 연결기준으로 매출 3조3700억 원, 영업이익 5656억 원을 거둔 것으로 추산됐다. 2025년 같은 기간과 비교해 매출은 15.5%, 영업이익은 8.4% 늘어나는 것이다. 정희경 기자",952,trafilatura,70.0,relevance_failed:v43_weak_filler_or_distant_industry,-55.5,True,True,https://news.google.com/rss/articles/CBMic0FVX3lxTE0yem1ITjY4SFdRVUFmdnozb29xWFU2aC1HaVJZdWpmZFdtRFg5dE4xRkFXSnJzejFNVV95ZTdUNDZzUHNuUkVzWGpSZHlNMWc2ZXgtQ3lSZnhHeWtXMnNoWDRnLS12bTdCU2lIaVd2akFIdWs?oc=5,https://www.businesspost.co.kr/BP?command=article_view&num=441371,237.0,"ai_infrastructure_security,aidc_datacenter,earnings,financial_performance,policy_legislation",aidc_gpu_npu,2026-07-02,meta:article:published_time,original_date_recent,1,66.15,,0.0,global_incident:mna_capital:naver:mna_capital:announcement,global_incident:mna_capital:naver:mna_capital,0.0,,,,ok,http_200,body_valid,I001,comp_domestic_ai_platform:한국투자 네이버 ai 팩토리 사업 매력적 적절한 시점 유의미한 전략 변화,comp_domestic_ai_platform,COMPETITOR_AI_STRATEGY,666.5,,,COMP_DOMESTIC_AI_PLATFORM,domestic,경쟁사_해외이슈,COMPETITOR_AI_STRATEGY,comp_domestic_ai_platform,comp_domestic_ai_platform:한국투자 네이버 ai 팩토리 사업 매력적 적절한 시점 유의미한 전략 변화,comp_domestic_ai_platform:한국투자 네이버 ai 팩토리 사업 매력적 적절한 시점 유의미한 전략 변화,카카오가 경쟁사 전략·리스크·AI/플랫폼 대응을 비교 참고할 이슈,4.0,4.0,5.0,로컬 보조 라벨 / v26.2: overseas structural industry candidate,로컬 보조 라벨 / v26.2: overseas structural industry candidate,issue_selected,네이버,경쟁사/해외이슈,경쟁사_해외이슈,경쟁사_해외이슈,경쟁사_해외이슈,경쟁사/해외이슈,4.0,본문추출성공,issue_representative_attempt,pass:competitor_guardrail_pass,pass:representative_aligned,,
경쟁사_해외이슈,경쟁사/해외이슈,네이버,"네이버, 올림픽 치지직 커머스 유입·AI 팩토리 사업 주목 - 메리츠",인포스탁데일리,인포스탁데일리,"Fri, 03 Jul 2026 00:19:18 GMT","Fri, 03 Jul 2026 00:19:18 GMT","네이버, 올림픽 치지직 커머스 유입·AI 팩토리 사업 주목 - 메리츠 인포스탁데일리","네이버(사진=인포스탁데일리DB) [인포스탁데일리=윤서영 인턴기자] 메리츠증권은 3일 네이버(035420)에 대해 “2분기 흐름은 1분기와 유사하지만, 하반기 AI 팩토리 사업에 본격 진출하는 점을 주목할 만 하다”며 목표가를 33만원으로 유지했다. 종목 투자의견도 ‘매수’로 유지했다. 이효진 메리츠증권 연구원은 “6월 올림픽 시청을 위해 치지직에 가입한 멤버십 회원들이 커머스로 유입되었고, ‘삼성전자 감사제’ 사전 협의를 통해 물량을 확보한 덕에 거래액이 크게 상승했다”고 설명했다. 또한 “쿠팡 반사 효과가 마무리 단계”지만 “N배송 커버리지를 3년 내 50%까지 확대할 계획”으로 “커머스는 기대해 볼 만 하다”고 평가했다. 네이버의 2분기 연결 매출은 전년 대비 15.2% 상승한 3조3576억원, 영업이익은 9% 상승한 5686억원으로 추정된다. 지난달 8일 네이버는 엔비디아와의 협업을 통해 글로벌 AI 팩토리 사업에 진출하겠다고 밝힌 바 있다. 이 연구원은 “그동안 네이버의 사업적 결정이 투자자를 실망시켰던 것과 달리 이번 신사업은 시장의 수요에 대응한다는 측면에서 긍정적으로 해석한다”고 말했다. 특히 “하반기에 공정공시를 통해 AI팩토리 파트너사와 고객을 가시화하고, 디지털자산 2단계 입법과 이후 두나무 합병이 진행되면 네이버의 2027년 이후 그림이 보다 명확해지며 주가가 본격적으로 반영될 것으로 예상한다”고 전망한다. 윤서영 인턴기자 seoyoung828@daum.net",726,newspaper3k,46.0,category_guardrail_failed:v26_2_market_stock_commentary_excluded,-9.5,True,False,https://news.google.com/rss/articles/CBMidkFVX3lxTE1Tekd1UmJQUENBamhISUR1ck1laXA5RmdGa1EyMm9qUENJS3k1bzhjV1JSUTBUd01qbkpEcmNxZ1BRUkY3ZFlpZFNsWUJfNjVhVDVvVHZXYllmSzlBeXdJeW5xQXc4cER6OWNVd3F1Y1FqUjZuNGc?oc=5,https://www.infostockdaily.co.kr/news/articleView.html?idxno=216622,236.5,"ai_infrastructure_security,digital_asset_stablecoin,dunamu_stake,earnings,financial_performance,platform_obligation,policy_legislation,strategy_mna_governance",dunamu_merger_exchange,2026-07-03,meta:article:published_time,original_date_recent,1,73.75,,0.0,global_incident:digital_asset_policy:naver:digital_asset_policy:investigation_or_consultation,global_incident:digital_asset_policy:naver:digital_asset_policy,28.0,,,,ok,http_200,body_valid,I002,comp_domestic_ai_platform:네이버 올림픽 치지직 커머스 유입 ai 팩토리 사업 주목 메리츠,comp_domestic_ai_platform,COMPETITOR_AI_STRATEGY,666.5,,,COMP_DOMESTIC_AI_PLATFORM,domestic,경쟁사_해외이슈,COMPETITOR_AI_STRATEGY,comp_domestic_ai_platform,comp_domestic_ai_platform:네이버 올림픽 치지직 커머스 유입 ai 팩토리 사업 주목 메리츠,comp_domestic_ai_platform:네이버 올림픽 치지직 커머스 유입 ai 팩토리 사업 주목 메리츠,카카오가 경쟁사 전략·리스크·AI/플랫폼 대응을 비교 참고할 이슈,4.0,4.0,5.0,로컬 보조 라벨 / v26.2: overseas structural industry candidate,로컬 보조 라벨 / v26.2: overseas structural industry candidate,issue_selected,네이버,경쟁사/해외이슈,경쟁사_해외이슈,경쟁사_해외이슈,경쟁사_해외이슈,경쟁사/해외이슈,5.0,본문추출성공,issue_representative_attempt,fail:v26_2_market_stock_commentary_excluded,,,
산업동향,산업동향,일본 빅테크,삼성·SK 800조 투자 격돌… 일 반도체 장비시장 '6.5조 엔' 폭발,글로벌이코노믹,글로벌이코노믹,"Thu, 02 Jul 2026 21:51:59 GMT","Thu, 02 Jul 2026 21:51:59 GMT",삼성·SK 800조 투자 격돌… 일 반도체 장비시장 '6.5조 엔' 폭발 글로벌이코노믹,"메모리 빅3 증설 경쟁에 일본 장비업계 판매 전망 1조엔 상향 한미반도체·원익IPS 등 국내 후공정·장비 공급망 수혜 연결 삼성·SK하이닉스 800조 투자 격돌… 일 반도체 장비시장 '6.5조 엔' 폭발 이미지 확대보기 일본반도체제조장비협회(SEAJ)는 2일(현지시각) 발표를 통해 2026회계연도 장비 판매액 예측치를 기존보다 1조 498억 엔(약 10조 원) 올린 6조 5502억 엔(약 62조 6500억 원)으로 조정했다. 인공지능(AI) 확산으로 전 세계 반도체 제조사의 설비투자가 급증한 결과다. 이미지=제미나이3 (SEAJ) 2 ( ) 2026 1 498 ( 10 ) 6 5502 ( 62 6500 ) . (AI) . SK . HBM 공급 병목이 촉발한 투자… 삼성 ·SK 남서부 클러스터 장기 프로젝트 (HBM) . AI . SK . 800 . . HBM . . ( ) 50 ( 478 ) . . 일본 전공정 장비의 선행 신호… 전공정에서 후공정으로 다변화 · · . . , , . . (EUV) , ASML . AI . HBM (TSV) , . IPS · . . TSMC , , . AI . . . 피지컬 AI 시대의 도래… 세계 시장 전망의 명암 (WSTS) 2026 90% 1 5112 ( 2328 ) . . 90% 1 ( 1541 ) . ' AI' . AI , . 기술 수율과 인프라… 투자자가 주시해야 할 4 대 리스크 . . . HBM . . . · AI , . . . . , . 시장 변화와 대응 전략 . AI . , . , . . . HBM . 일본반도체제조장비협회현지시각발표를 통해회계연도 장비 판매액 예측치를 기존보다억 엔조 원올린억 엔억 원으로 조정했다인공지능확산으로 전 세계 반도체 제조사의 설비투자가 급증한 결과다이번 조정은 삼성전자와하이닉스 등 국내 메모리 대기업의 대규모 증설 신호탄이 장비 업계의 실적 폭발로 이어지고 있음을 증명한다이번 설비투자 폭증의 핵심 동인은 단순한 수요 증가가 아니라 고대역폭메모공급 부족을 해결하려는 반도체 제조사들의 선제 대응이다서버에 필수인 첨단 메모리 공정의 병목 현상을 해소하려고 장비 선행 수요가 폭발하는 양상이다이에 따라 삼성전자와하이닉스는 미래 시장 주도권을 쥐고자 중장기 대형 프로젝트를 가동했다두 회사는 용인과 평택을 중심으로 한 경기 남서부 반도체 메가 클러스터 조성에 장기 계획 기준으로 총조 원을 투입한다단기성 지출이 아닌 향후 수십 년간 이어질 인프라 건설과 라인 증설을 아우르는 초대형 투자계획이다미국 마이크론도 히로시마 공장과 대만 거점을 중심으로 차세대생산 라인 투자를 지속하고 있다일본 키옥시아 역시 이와테현 기타카미 공장의 신규 제조라인 가동과 생산 능력 확충을 서두르는 상황이다글로벌 메모리 업계의 이번 회기 영업이익 합계는 가파른 업황 회복과 첨단 제품 판매 호조를 반영한 컨센서스시장 전망치상단 기준으로조 엔조 원을 넘어설 전망이다역대 최대 규모로 쌓이는 거액의 현금 자산은 곧바로 차세대 라인 전환과 설비투자로 재투입되어 글로벌 반도체 공급망 전반에 강력한 낙수효과를 일으키고 있다반도체 공급망에서 소재부품장비의 핵심 축을 담당하는 일본 업계의 전망치 상향은 글로벌 제조사들의 실제 투자 집행이 이미 본궤도에 올랐음을 뜻하는 선행지표다일본 장비사의 수주 확대는 전 세계 반도체 공장의 실제 투자 집행을 가장 먼저 알리는 강력한 신호로 작동하기 때문이다도쿄일렉트론스크린디스코 등의 수주 잔고 확대는 한국과 대만의 청정실에 장비가 입고되기 시작했다는 확실한 증거다이번 사이클은 기술 변화에 따라 전공정과 후공정의 수혜 지도가 명확히 갈린다극자외선노광 공정이나 식각증착을 비롯한 웨이퍼 가공 중심의 전공정 분야는 네덜란드과 일본 주요 장비사들이 시장 성장을 주도한다반면 이번슈퍼사이클의 실질 주인공은 후공정이다의 핵심인 실리콘관통전극과 첨단 패키징최종 불량을 걸러내는 테스트 장비 수요가 급증하면서 전체 반도체 투자 내 후공정 장비 비중이 과거와 비교할 수 없이 커졌다이는 한미반도체나 원익같은 국내 후공정공정 장비 공급망 기업들의 가치평가 재평가로 직결되는 구조 전환점이다파운드리 시장의 움직임도 거세다대만는 엔비디아와 애플의 요청을 받아 미국대만일본에서 패키징 공장을 포함한 제조 거점 확장을 동시다발로 진행하고 있다온디바이스시장 개화로 스마트폰과 개인용 컴퓨터에 첨단 로직 칩 탑재가 늘어날 것이라는 기대감이 투자가 속도를 내는 배경이다한편 장비 가격 자체의 상승도 시장 규모를 키우는 요인이다원자재 비용과 인건비가 오른 데다 공정 미세화와 적층 기술 난도가 높아지면서 장비 단가가 일제히 뛰었다세계반도체시장통계기구년 세계 반도체 시장 규모가 지난해보다늘어난억 달러조 원에 이를 것이라는 공격적인 예측치를 내놓았다과거 추세와 비교하면 극히 이례적인 증가율이다업계 일각에서는 단일 연도성장은 지나치게 낙관적인 수치이며 중장기적으로조 달러조 원벽을 깨는 과정으로 해석해야 한다는 신중론도 제기된다그럼에도 자율 제어 로봇과 스마트 제조를 결합한피지컬의 실용화는 장기 성장의 확실한 발판이다의 영토가 데이터센터를 넘어 물리 산업 현장 전체로 확장되면서반도체 시황은 과거의 주기 불황을 극복하고 강력한 수요가 장기 지속되는 슈퍼사이클에 진입했다는 분석이 힘을 얻는다다만 장비시장의 성장이 탄탄대로만은 아니다투자자가 자산 배분과 기업 분석 시 반드시 점검해야 할 핵심 위험 요인은 크게 네 가지로 압축된다첫째는 첨단 공정의 기술 한계와 수율 리스크다을 비롯한 적층형 메모리는 패키징 공정의 난도가 극도로 높아 수율 확보에 실패할 경우 막대한 설비투자 효율이 급격히 떨어진다특정 기업으로의 시장 쏠림 현상이 심화한 상황에서 후발 주자의 수율 개선 지연이나 선두 기업의 공급 과잉 전환 여부는 전체 밸류체인의 명암을 가를 가장 중요한 변수다둘째는 각국의 수출 규제와 관세 장벽이다중 갈등 격화에 따른 고성능반도체와 핵심 장비의 대중국 수출 통제보호무역주의 확산은 글로벌 공급망의 유연성을 떨어뜨리고 제조사의 비용 부담을 가중한다셋째는 에너지와 원자재 가격의 고등이다미국과 이란의 대화 국면에도 중동 분쟁 여하에 따른 호르무즈 해협 봉쇄 장기화나 물류망 차질은 반도체 가공에 필요한 특수 가스와 희귀 광물 가격을 올려 장비사와 제조사 모두의 수익성을 저해할 수 있다넷째는 인프라 공급의 한계다글로벌 반도체 공장의 동시다발적 증설 속도를 각국 정부와 지자체의 전력 공급 능력공업용수 확보 속도가 따라가지 못해 가동이 지연되는 병목 현상이 발생할 우려가 현실화하고 있다이번 사이클은 과거 메모리 반도체 시장을 지배했던 단순한 치킨게임과 업황 회복의 반복이 아니다빅테크 기업들의인프라 선점 경쟁이 유도한 구조 투자 사이클로 봐야 한다경기 변동에 따른 수요 급락 위험이 이전보다 낮아진 반면복잡해진 장비 구조 탓에 주문 후 인도까지 걸리는 리드타임은 가파르게 늘어나는 특징을 보인다이번 사이클의 핵심은 수요의 크기가 아니라병목을 가진 영역이 이익을 독점한다는 점이다투자자들은 기성 완제품 기업 중심의 시각에서 벗어나 공급망의 최종 병목을 해결하는 핵심 후공정 장비사들의 이익 지속성에 초점을 맞춰야 한다앞으로 반도체 시장의 지속성을 판단하려면 주요 빅테크 기업의 분기별 설비투자 집행률을 첫 번째 지표로 삼아야 한다더불어 첨단제품의 수율 개선 속도와 핵심 장비의 리드타임 변화 추이를 함께 주시하여 투자 판단의 준거로 활용하는 태도가 요망된다김주원 글로벌이코노믹 기자 park@g-enews.com",3629,newspaper3k,84.0,relevance_failed:v43_weak_filler_or_distant_industry,125.5,True,False,https://news.google.com/rss/articles/CBMiiAFBVV95cUxNZXBTMEVGN3lyOXFNU2Vucmd5eHN2ZDM0MkExVENyNGMtWFEtdVlFTk4zZ19iZG11RnhqNUNwbXhzb0pJNDZQVTdLSjRRNVBLMEdtamdfcHg0RzVNVC1LU0dBdWJOUmY4Rm5oSUF4UTJNLTVMaFVrWHZtQ1RqU3JpVGdoeHVScEJx?oc=5,https://www.g-enews.com/article/Global-Biz/2026/07/202607030619119273fbbec65dfb_1,111.0,"ai_agent,ai_infrastructure_security,earnings,financial_performance,kim_beomsoo_trial,labor_dispute,platform_obligation,policy_legislation",labor_general,2026-07-03,json_ld:datePublished,original_date_recent,5,212.45,,7.0,global_incident:platform_regulation:apple:platform_content_moderation_obligation:executive_or_org_change,global_incident:platform_regulation:apple:platform_content_moderation_obligation,48.0,competitor:platform_obligation,Y,,ok,http_200,body_valid,I127,industry_structural_change:삼성 sk 800조 투자 격돌 일 반도체 장비시장 6 5조 엔 폭발,industry_structural_change,INDUSTRY_STRUCTURAL_CHANGE,223.5,,,COMP_GENERAL_LOW_RELEVANCE,other,산업동향,INDUSTRY_STRUCTURAL_CHANGE,industry_structural_change,industry_structural_change:삼성 sk 800조 투자 격돌 일 반도체 장비시장 6 5조 엔 폭발,industry_structural_change:삼성 sk 800조 투자 격돌 일 반도체 장비시장 6 5조 엔 폭발,카카오 사업환경 이해에 필요한 산업 구조 변화,3.0,3.0,3.0,로컬 보조 라벨,로컬 보조 라벨,issue_selected,일본 빅테크,경쟁사/해외이슈,경쟁사_해외이슈,산업동향,산업동향,산업동향,6.0,본문추출성공,issue_representative_attempt,pass:v26_2_structural_industry_pass,pass:representative_aligned,,
경쟁사_해외이슈,경쟁사/해외이슈,구글,"T 우주에서 제미나이 만난다…SK텔레콤, ‘구글 AI 플랜’ 3종 출시",헤럴드경제,헤럴드경제,"Thu, 02 Jul 2026 23:31:17 GMT","Thu, 02 Jul 2026 23:31:17 GMT","T 우주에서 제미나이 만난다…SK텔레콤, ‘구글 AI 플랜’ 3종 출시 헤럴드경제","사회 ‘성범죄’ 조진웅 옹호하더니…“배재고 엄벌” 주장한 류근, ‘이중 잣대’ 논란 [헤럴드경제=장연주 기자] 시인 류근이 배재고등학교 야구부의 5·18 민주화운동 폄훼 논란과 관련, 강도 높은 비판을 내놓자 과거 배우 조진웅을 옹호했던 글이 재소환되면서 ‘이중잣대’가 아니냐는 논란이 일고 있다. 류근은 지난 1일 자신의 페이스북에 “야구부 학생들을 용서하자는 말이 나오지만, 잘못 가르친 어른들 책임이라고 한다면 어른들 전부를 처벌하자”고 밝혔다. 그는 “과거 세월호 단식 농성장 앞에서 짜장면 시켜먹고 피자 시켜먹더 자들을 혼내주지 않은 우리 공동체의 도덕성 붕괴가 성장해서 오늘날 광주의 죽음을 떼창과 떼춤으로 모독하는 지경까지 이르렀다”고 지적했다. 그는 또 ‘용서’라는 표현에 대해서도 “전두환, 이명박, 박근혜를 용서해서 우리 사회가 1센티미터라도 좋아졌느냐”며 “참담하고 암담하다. 어른답게 분노하고 혼을 내야 한다”고 강조했다. 그러면서 류근은 “촉법소년 제도에 대한 사회적 숙의가 필요하다”며 “일베짓이 놀이가 되는 세상이라니”라고 한탄했다. 특히 그는 광주 2 스포츠 손흥민·이재성 선발서 빠진 이유…진종오 “팀내 불협화음 제보 받았다” 3 연예 미자 “주식으로 1억 잃고 또 하닉 ‘몰빵’”…14% 폭락했는데 어쩌나 4 스포츠 홍명보, 귀국 이틀 만에 미국행…“언젠가는 이야기 잘 나올 것” 5 산업 현대차, 순이익 30% 성과급 요구 거절…기본급 인상도 노조 요구 절반 제시 6 사회 ‘정유라母’최서원 “영치금 통장까지 압류…수술도 못받고 있어요”도움 호소 7 사회 “스벅 가자는 게 왜?”…배재고 감싼 고성국 “표현의 자유인데, 징계는 지나쳐” 8 IT·과학 “‘독살’ 시도하는 모습 포착” 구멍까지 뚫어 약물 투입…100살 넘은 나무, 그대로 무너졌다 [지구, 뭐래?] 9 연예 BTS 뷔 “숙소까지 공유하고 싶진 않아”…투어 중 사생활 보호 요청 사회 ‘성범죄’ 조진웅 옹호하더니…“배재고 엄벌” 주장한 류근, ‘이중 잣대’ 논란 [헤럴드경제=장연주 기자] 시인 류근이 배재고등학교 야구부의 5·18 민주화운동 폄훼 논란과 관련, 강도 높은 비판을 내놓자 과거 배우 조진웅을 옹호했던 글이 재소환되면서 ‘이중잣대’가 아니냐는 논란이 일고 있다. 류근은 지난 1일 자신의 페이스북에 “야구부 학생들을 용서하자는 말이 나오지만, 잘못 가르친 어른들 책임이라고 한다면 어른들 전부를 처벌하자”고 밝혔다. 그는 “과거 세월호 단식 농성장 앞에서 짜장면 시켜먹고 피자 시켜먹더 자들을 혼내주지 않은 우리 공동체의 도덕성 붕괴가 성장해서 오늘날 광주의 죽음을 떼창과 떼춤으로 모독하는 지경까지 이르렀다”고 지적했다. 그는 또 ‘용서’라는 표현에 대해서도 “전두환, 이명박, 박근혜를 용서해서 우리 사회가 1센티미터라도 좋아졌느냐”며 “참담하고 암담하다. 어른답게 분노하고 혼을 내야 한다”고 강조했다. 그러면서 류근은 “촉법소년 제도에 대한 사회적 숙의가 필요하다”며 “일베짓이 놀이가 되는 세상이라니”라고 한탄했다. 특히 그는 광주 ‘성범죄’ 조진웅 옹호하더니…“배재고 엄벌” 주장한 류근, ‘이중 잣대’ 논란 [헤럴드경제=장연주 기자] 시인 류근이 배재고등학교 야구부의 5·18 민주화운동 폄훼 논란과 관련, 강도 높은 비판을 내놓자 과거 배우 조진웅을 옹호했던 글이 재소환되면서 ‘이중잣대’가 아니냐는 논란이 일고 있다. 류근은 지난 1일 자신의 페이스북에 “야구부 학생들을 용서하자는 말이 나오지만, 잘못 가르친 어른들 책임이라고 한다면 어른들 전부를 처벌하자”고 밝혔다. 그는 “과거 세월호 단식 농성장 앞에서 짜장면 시켜먹고 피자 시켜먹더 자들을 혼내주지 않은 우리 공동체의 도덕성 붕괴가 성장해서 오늘날 광주의 죽음을 떼창과 떼춤으로 모독하는 지경까지 이르렀다”고 지적했다. 그는 또 ‘용서’라는 표현에 대해서도 “전두환, 이명박, 박근혜를 용서해서 우리 사회가 1센티미터라도 좋아졌느냐”며 “참담하고 암담하다. 어른답게 분노하고 혼을 내야 한다”고 강조했다. 그러면서 류근은 “촉법소년 제도에 대한 사회적 숙의가 필요하다”며 “일베짓이 놀이가 되는 세상이라니”라고 한탄했다. 특히 그는 광주 2 스포츠 손흥민·이재성 선발서 빠진 이유…진종오 “팀내 불협화음 제보 받았다” 3 연예 미자 “주식으로 1억 잃고 또 하닉 ‘몰빵’”…14% 폭락했는데 어쩌나 4 스포츠 홍명보, 귀국 이틀 만에 미국행…“언젠가는 이야기 잘 나올 것” 5 산업 현대차, 순이익 30% 성과급 요구 거절…기본급 인상도 노조 요구 절반 제시 2 스포츠 손흥민·이재성 선발서 빠진 이유…진종오 “팀내 불협화음 제보 받았다” 손흥민·이재성 선발서 빠진 이유…진종오 “팀내 불협화음 제보 받았다” 3 연예 미자 “주식으로 1억 잃고 또 하닉 ‘몰빵’”…14% 폭락했는데 어쩌나 미자 “주식으로 1억 잃고 또 하닉 ‘몰빵’”…14% 폭락했는데 어쩌나 4 스포츠 홍명보, 귀국 이틀 만에 미국행…“언젠가는 이야기 잘 나올 것” 홍명보, 귀국 이틀 만에 미국행…“언젠가는 이야기 잘 나올 것” 5 산업 현대차, 순이익 30% 성과급 요구 거절…기본급 인상도 노조 요구 절반 제시 현대차, 순이익 30% 성과급 요구 거절…기본급 인상도 노조 요구 절반 제시 6 사회 ‘정유라母’최서원 “영치금 통장까지 압류…수술도 못받고 있어요”도움 호소 7 사회 “스벅 가자는 게 왜?”…배재고 감싼 고성국 “표현의 자유인데, 징계는 지나쳐” 8 IT·과학 “‘독살’ 시도하는 모습 포착” 구멍까지 뚫어 약물 투입…100살 넘은 나무, 그대로 무너졌다 [지구, 뭐래?] 9 연예 BTS 뷔 “숙소까지 공유하고 싶진 않아”…투어 중 사생활 보호 요청 6 사회 ‘정유라母’최서원 “영치금 통장까지 압류…수술도 못받고 있어요”도움 호소 ‘정유라母’최서원 “영치금 통장까지 압류…수술도 못받고 있어요”도움 호소 7 사회 “스벅 가자는 게 왜?”…배재고 감싼 고성국 “표현의 자유인데, 징계는 지나쳐” “스벅 가자는 게 왜?”…배재고 감싼 고성국 “표현의 자유인데, 징계는 지나쳐” 8 IT·과학 “‘독살’ 시도하는 모습 포착” 구멍까지 뚫어 약물 투입…100살 넘은 나무, 그대로 무너졌다 [지구, 뭐래?] “‘독살’ 시도하는 모습 포착” 구멍까지 뚫어 약물 투입…100살 넘은 나무, 그대로 무너졌다 [지구, 뭐래?] 9 연예 BTS 뷔 “숙소까지 공유하고 싶진 않아”…투어 중 사생활 보호 요청 BTS 뷔 “숙소까지 공유하고 싶진 않아”…투어 중 사생활 보호 요청 연예 백종원·소유진 ‘위암 사별’ 남편에 보낸 선물…“수시로 보내겠다. 식사 잘 챙겨 드시라” [헤럴드경제=김성훈 기자] 백종원·소유진 부부가 위암으로 사별해 시청자들의 가슴을 아프게 했던 ‘배그 부부’ 가정에 온정을 베풀었다. 배그 부부 남편 정환 씨는 최근 자신의 SNS에 백종원·소유진 부부로부터 받은 선물을 공개했다. 그가 공개한 사진에는 백종원 대표의 더본코리아 제품 상자가 잔뜩 쌓여 있었다. 정 씨는 “집 앞에 시키지 않은 택배 상자들이 가득 쌓여 있어 크게 당황했다”며 “잘못 배송 온 것인 줄 알았으나, 인적 사항을 확인해 보니 모두 우리 집 주소로 정확히 기재돼 있었다”고 했다. 정 씨는 발송인 이름에 ‘더본코리아’가 적혀 있는 것을 확인하고서야 잘못 배송온 것이 아니라는 것을 알게 됐다고 했다. 그가 출연한 MBC ‘오은영 리포트-다시, 사랑’의 패널이 백 대표의 아내인 배우 소유진이기 때문. 정 씨는 “처음에는 다소 부담스러운 마음도 들었으나 입으로 들어오는 음식을 물리치는 것은 예의가 아니라고 배웠다”며 “보내주신 정성을 감사히 받아 아이들은 물론 나 역시 2 컨슈머 “2만원에 삼겹살 먹느니 차라리” 잘 나가는 뷔페, 매장 늘린다 3 IT·과학 ‘회당 출연료 5억원’ 너무하다 했더니…‘배우 더 이상 필요 없다’ 파격 기능 나왔다 4 사회 ‘불륜 논란’ 홍서범·조갑경 아들, ‘손배소’ 항소심도 졌다…전처 일부 ‘승소’ 5 스포츠 “어떻게 팀을 이따위로 만들었나” 눈물…홍명보에 ‘직격탄’ 날린 박문성 6 스포츠 “왜 부회장인지 도저히 이해가 안가” 김병지, 직접 답했다 7 사회 ‘정유라母’최서원 “영치금 통장까지 압류…수술도 못받고 있어요”도움 호소 8 연예 “전현무, 선수 이름도 모르고 월드컵 중계”…혹평에 갑론을박 9 사회 수영 금메달 조희연 “우리 아들들 배재고 보내야 하나” 연예 백종원·소유진 ‘위암 사별’ 남편에 보낸 선물…“수시로 보내겠다. 식사 잘 챙겨 드시라” [헤럴드경제=김성훈 기자] 백종원·소유진 부부가 위암으로 사별해 시청자들의 가슴을 아프게 했던 ‘배그 부부’ 가정에 온정을 베풀었다. 배그 부부 남편 정환 씨는 최근 자신의 SNS에 백종원·소유진 부부로부터 받은 선물을 공개했다. 그가 공개한 사진에는 백종원 대표의 더본코리아 제품 상자가 잔뜩 쌓여 있었다. 정 씨는 “집 앞에 시키지 않은 택배 상자들이 가득 쌓여 있어 크게 당황했다”며 “잘못 배송 온 것인 줄 알았으나, 인적 사항을 확인해 보니 모두 우리 집 주소로 정확히 기재돼 있었다”고 했다. 정 씨는 발송인 이름에 ‘더본코리아’가 적혀 있는 것을 확인하고서야 잘못 배송온 것이 아니라는 것을 알게 됐다고 했다. 그가 출연한 MBC ‘오은영 리포트-다시, 사랑’의 패널이 백 대표의 아내인 배우 소유진이기 때문. 정 씨는 “처음에는 다소 부담스러운 마음도 들었으나 입으로 들어오는 음식을 물리치는 것은 예의가 아니라고 배웠다”며 “보내주신 정성을 감사히 받아 아이들은 물론 나 역시 백종원·소유진 ‘위암 사별’ 남편에 보낸 선물…“수시로 보내겠다. 식사 잘 챙겨 드시라” [헤럴드경제=김성훈 기자] 백종원·소유진 부부가 위암으로 사별해 시청자들의 가슴을 아프게 했던 ‘배그 부부’ 가정에 온정을 베풀었다. 배그 부부 남편 정환 씨는 최근 자신의 SNS에 백종원·소유진 부부로부터 받은 선물을 공개했다. 그가 공개한 사진에는 백종원 대표의 더본코리아 제품 상자가 잔뜩 쌓여 있었다. 정 씨는 “집 앞에 시키지 않은 택배 상자들이 가득 쌓여 있어 크게 당황했다”며 “잘못 배송 온 것인 줄 알았으나, 인적 사항을 확인해 보니 모두 우리 집 주소로 정확히 기재돼 있었다”고 했다. 정 씨는 발송인 이름에 ‘더본코리아’가 적혀 있는 것을 확인하고서야 잘못 배송온 것이 아니라는 것을 알게 됐다고 했다. 그가 출연한 MBC ‘오은영 리포트-다시, 사랑’의 패널이 백 대표의 아내인 배우 소유진이기 때문. 정 씨는 “처음에는 다소 부담스러운 마음도 들었으나 입으로 들어오는 음식을 물리치는 것은 예의가 아니라고 배웠다”며 “보내주신 정성을 감사히 받아 아이들은 물론 나 역시 2 컨슈머 “2만원에 삼겹살 먹느니 차라리” 잘 나가는 뷔페, 매장 늘린다 3 IT·과학 ‘회당 출연료 5억원’ 너무하다 했더니…‘배우 더 이상 필요 없다’ 파격 기능 나왔다 4 사회 ‘불륜 논란’ 홍서범·조갑경 아들, ‘손배소’ 항소심도 졌다…전처 일부 ‘승소’ 5 스포츠 “어떻게 팀을 이따위로 만들었나” 눈물…홍명보에 ‘직격탄’ 날린 박문성 2 컨슈머 “2만원에 삼겹살 먹느니 차라리” 잘 나가는 뷔페, 매장 늘린다 “2만원에 삼겹살 먹느니 차라리” 잘 나가는 뷔페, 매장 늘린다 3 IT·과학 ‘회당 출연료 5억원’ 너무하다 했더니…‘배우 더 이상 필요 없다’ 파격 기능 나왔다 ‘회당 출연료 5억원’ 너무하다 했더니…‘배우 더 이상 필요 없다’ 파격 기능 나왔다 4 사회 ‘불륜 논란’ 홍서범·조갑경 아들, ‘손배소’ 항소심도 졌다…전처 일부 ‘승소’ ‘불륜 논란’ 홍서범·조갑경 아들, ‘손배소’ 항소심도 졌다…전처 일부 ‘승소’ 5 스포츠 “어떻게 팀을 이따위로 만들었나” 눈물…홍명보에 ‘직격탄’ 날린 박문성 “어떻게 팀을 이따위로 만들었나” 눈물…홍명보에 ‘직격탄’ 날린 박문성 6 스포츠 “왜 부회장인지 도저히 이해가 안가” 김병지, 직접 답했다 7 사회 ‘정유라母’최서원 “영치금 통장까지 압류…수술도 못받고 있어요”도움 호소 8 연예 “전현무, 선수 이름도 모르고 월드컵 중계”…혹평에 갑론을박 9 사회 수영 금메달 조희연 “우리 아들들 배재고 보내야 하나” 6 스포츠 “왜 부회장인지 도저히 이해가 안가” 김병지, 직접 답했다 “왜 부회장인지 도저히 이해가 안가” 김병지, 직접 답했다 7 사회 ‘정유라母’최서원 “영치금 통장까지 압류…수술도 못받고 있어요”도움 호소 8 연예 “전현무, 선수 이름도 모르고 월드컵 중계”…혹평에 갑론을박 “전현무, 선수 이름도 모르고 월드컵 중계”…혹평에 갑론을박 9 사회 수영 금메달 조희연 “우리 아들들 배재고 보내야 하나” 수영 금메달 조희연 “우리 아들들 배재고 보내야 하나” 연예 백종원·소유진 ‘위암 사별’ 남편에 보낸 선물…“수시로 보내겠다. 식사 잘 챙겨 드시라” [헤럴드경제=김성훈 기자] 백종원·소유진 부부가 위암으로 사별해 시청자들의 가슴을 아프게 했던 ‘배그 부부’ 가정에 온정을 베풀었다. 배그 부부 남편 정환 씨는 최근 자신의 SNS에 백종원·소유진 부부로부터 받은 선물을 공개했다. 그가 공개한 사진에는 백종원 대표의 더본코리아 제품 상자가 잔뜩 쌓여 있었다. 정 씨는 “집 앞에 시키지 않은 택배 상자들이 가득 쌓여 있어 크게 당황했다”며 “잘못 배송 온 것인 줄 알았으나, 인적 사항을 확인해 보니 모두 우리 집 주소로 정확히 기재돼 있었다”고 했다. 정 씨는 발송인 이름에 ‘더본코리아’가 적혀 있는 것을 확인하고서야 잘못 배송온 것이 아니라는 것을 알게 됐다고 했다. 그가 출연한 MBC ‘오은영 리포트-다시, 사랑’의 패널이 백 대표의 아내인 배우 소유진이기 때문. 정 씨는 “처음에는 다소 부담스러운 마음도 들었으나 입으로 들어오는 음식을 물리치는 것은 예의가 아니라고 배웠다”며 “보내주신 정성을 감사히 받아 아이들은 물론 나 역시 2 부동산 [영상] 용인 기흥 194평 럭셔리 저택, ‘13억→4억’ 됐다 [부동산360] 3 연예 ‘800평 대저택’ 노주현…세컨드하우스는 月400만원 초호화 서울 실버타운 4 부동산 [영상] “80평 저택이 사실상 0원” 일산 부촌 2층집 ‘66% 급락’ 이유는 [부동산360] 5 연예 26살 권은빈, 연예계 ‘은퇴’ 선언…“공허함·불안함 시달려, 일반인으로 살겠다” 6 사회 ‘정유라母’최서원 “영치금 통장까지 압류…수술도 못받고 있어요”도움 호소 7 사회 “스벅 가자는 게 왜?”…배재고 감싼 고성국 “표현의 자유인데, 징계는 지나쳐” 8 IT·과학 “‘독살’ 시도하는 모습 포착” 구멍까지 뚫어 약물 투입…100살 넘은 나무, 그대로 무너졌다 [지구, 뭐래?] 9 연예 BTS 뷔 “숙소까지 공유하고 싶진 않아”…투어 중 사생활 보호 요청 2 부동산 [영상] 용인 기흥 194평 럭셔리 저택, ‘13억→4억’ 됐다 [부동산360] 3 연예 ‘800평 대저택’ 노주현…세컨드하우스는 月400만원 초호화 서울 실버타운 4 부동산 [영상] “80평 저택이 사실상 0원” 일산 부촌 2층집 ‘66% 급락’ 이유는 [부동산360] 5 연예 26살 권은빈, 연예계 ‘은퇴’ 선언…“공허함·불안함 시달려, 일반인으로 살겠다” 2 부동산 [영상] 용인 기흥 194평 럭셔리 저택, ‘13억→4억’ 됐다 [부동산360] [영상] 용인 기흥 194평 럭셔리 저택, ‘13억→4억’ 됐다 [부동산360] 3 연예 ‘800평 대저택’ 노주현…세컨드하우스는 月400만원 초호화 서울 실버타운 ‘800평 대저택’ 노주현…세컨드하우스는 月400만원 초호화 서울 실버타운 4 부동산 [영상] “80평 저택이 사실상 0원” 일산 부촌 2층집 ‘66% 급락’ 이유는 [부동산360] [영상] “80평 저택이 사실상 0원” 일산 부촌 2층집 ‘66% 급락’ 이유는 [부동산360] 5 연예 26살 권은빈, 연예계 ‘은퇴’ 선언…“공허함·불안함 시달려, 일반인으로 살겠다” 26살 권은빈, 연예계 ‘은퇴’ 선언…“공허함·불안함 시달려, 일반인으로 살겠다”",7719,bs4_selector,58.0,body_validation_failed:body_keyword_mismatch:hits=1/terms=12,64.5,False,False,https://news.google.com/rss/articles/CBMiVkFVX3lxTE9YcjN4cTRKNmhuYi1mb2V2U2dCdVQ0eTRQcHptR05qVC0yd1p2b1U0bDhydHM3YlM5MjNoQmw1QXY5NEdqRHV1cExNcXJFNU1IRU1ZOVp3?oc=5,https://biz.heraldcorp.com/article/10796793,325.5,"ai_agent,ai_infrastructure_security,earnings,financial_performance,labor_dispute,labor_negotiation",labor_pay_dispute,2026-07-03,json_ld:datePublished,original_date_recent,3,145.35,,0.0,global_incident:labor_ir:google:bonus_compensation_dispute:conflict_escalation,global_incident:labor_ir:google:bonus_compensation_dispute,0.0,,,,ok,http_200,body_keyword_mismatch:hits=1/terms=12,I006,comp_domestic_ai_platform:t 우주에서 제미나이 만난다 sk텔레콤 구글 ai 플랜 3종 출시,,,,,,,,,,,,,,,,,,,,구글,경쟁사/해외이슈,경쟁사_해외이슈,경쟁사_해외이슈,경쟁사_해외이슈,경쟁사/해외이슈,,본문오염의심_대체필요,issue_representative_attempt,,,,
자사_및_계열사_이슈,자사 및 계열사 이슈,카카오뱅크,"인뱅은 ‘대면 심사’ 허용, 보이스피싱 구제는 ‘모바일’로…금융당국 맞춤형 규제 시행",브릿지경제,브릿지경제,"Thu, 02 Jul 2026 04:47:00 GMT","Thu, 02 Jul 2026 04:47:00 GMT","인뱅은 ‘대면 심사’ 허용, 보이스피싱 구제는 ‘모바일’로…금융당국 맞춤형 규제 시행 브릿지경제","현장 확인이 필수적인 인터넷전문은행의 기업금융 분야에는 대면 업무를 예외적으로 허용하기로 했다. 반면, 행정 절차 중심인 보이스피싱 피해구제는 영업점 방문 없이 모바일 애플리케이션(앱)만으로 가능하도록 제도를 개선해 소비자 편의를 높였다. 2일 금융권에 따르면 금융위원회는 지난 1일 정례회의에서 ‘인터넷전문은행 대면 업무 범위의 합리적 조정 방안’을 의결했다. 비대면 영업 원칙은 유지하되 기업금융 확대와 소비자 보호를 위해 필요한 경우에 한해 대면 업무를 허용하는 것이 골자다. 현행 인터넷전문은행법에 따르면 케이뱅크와 카카오뱅크, 토스뱅크 등 인터넷전문은행은 원칙적으로 모든 업무를 비대면으로 처리해야 한다. 그러나 기업금융 확대 과정에서는 대출 심사와 담보 관리, 연체채권 협의 등 현장 확인이 필요한 업무가 늘어나면서 비대면 원칙만으로는 업무 수행에 한계가 있다는 지적이 이어졌다. 이에 금융당국은 비대면 영업 원칙은 유지하면서도 기업여신의 건전성과 소비자 보호에 필요한 업무에 한해 대면 업무 범위를 확대하기로 했다. 앞으로는 기업대출 심사 과정에서 대표자나 임직원을 직접 만나 자금 용도와 상환계획의 실현 가능성을 확인할 수 있게 된다. 연체채권 관리 과정에서 채무자 상담과 채무조정 협의도 가능하며, 비대면으로 제출된 서류의 원본 확인, 담보물 현황과 가치 점검, 대출금 목적 외 사용 여부 확인 등을 위한 현장 업무도 허용된다. 인터넷은행이 대면 업무를 수행하려면 업무 운영일 7일 전까지 업무 내용과 방식, 범위 등을 금융위원회에 보고해야 한다. 금융당국은 정기검사 등을 통해 허용 범위를 벗어난 영업 여부를 점검하고 법령 위반 시 엄정 조치할 방침이다. 반면 금융감독원은 같은 날 보이스피싱 피해자가 금융회사 영업점을 방문하지 않아도 피해구제와 지급정지 이의신청 서류를 금융사 앱으로 제출할 수 있도록 업무 절차를 개선하며 비대면 영역도 확대했다. 그동안 피해자는 지급정지를 요청한 뒤에도 신청서와 증빙서류를 제출하기 위해 영업점을 직접 방문해야 했다. 앞으로는 피해 계좌를 보유한 금융사 앱에서 신청서를 작성하고 관련 서류를 첨부하면 된다. 기존처럼 영업점을 방문해 서류를 제출하는 방식도 병행된다. 보이스피싱 비대면 서류제출은 은행·저축은행·상호금융(수협, 신협, 새마을금고, 산림조합)에서 전날부터 순차적으로 적용됐으며, 농협·우체국은 하반기 중 전산 개발 완료 후 운영을 개시할 예정이다. 이번 제도 개선은 기업금융과 소비자 보호를 각각 다른 방식으로 접근했다는 점이 특징이다. 현장 확인이 필요한 기업대출 심사와 담보 관리에는 대면을 허용하고, 행정 절차 중심의 피해구제는 비대면으로 전환해 업무 효율성과 소비자 편의를 동시에 높이겠다는 취지다. 금감원은 “이번 방안을 통해 인터넷은행의 불가피한 대면 업무에 관한 법적 불확실성을 해소해 채무 조정 활성화, 지방 중소기업·개인사업자에 대한 자금 공급 확대, 소비자 편의성 제고 등이 기대된다”며 “앞으로도 금융소비자 불편사항을 발굴하고 개선해 나가겠다”고 말했다. 정은지 기자 blue@viva100.com 기자의 다른 기사 더보기 # 인터넷전문은행 # 대면 업무 # 비대면 업무 # 보이스피싱 # 기업금융",1559,bs4_selector,31.0,category_guardrail_failed:v41_self_guard_actual_actor_absent,86.2,True,True,https://news.google.com/rss/articles/CBMiWkFVX3lxTE9NOTdYbmFkdmQtWUUzU2Q2UGpyLThUTnU3ZTJYUV9WbTFNMnNScWdqNEVueFRhVDNGdXdXTnJvWnVrajhTNTNFMXp2UnVHUTI1eGNDVFFCWDhQQQ?oc=5,https://www.viva100.com/article/20260702500765,93.8,"labor_dispute,phishing_security,platform_obligation,policy_legislation,privacy_security_reliability",labor_general,2026-07-02,visible_date_node,original_date_recent,1,134.24,privacy_security:kakao:phishing_or_account_takeover:policy_change,7.0,global_incident:platform_regulation:kakao:platform_content_moderation_obligation:policy_change,global_incident:platform_regulation:kakao:platform_content_moderation_obligation,32.0,self:platform_obligation,Y,,ok,http_200,body_valid,I036,global_incident:platform_regulation:platform_sector:platform_content_moderation_obligation,self_privacy_security,SELF_DIRECT_RISK,468.3,DIRECT_RISK,GOV_GENERAL_LOW_RELEVANCE,COMP_OVERSEAS_REGULATION_DATA,other,자사_및_계열사_이슈,SELF_DIRECT_RISK,self_privacy_security,global_incident:platform_regulation:platform_sector:platform_content_moderation_obligation,global_incident:platform_regulation:platform_sector:platform_content_moderation_obligation,카카오 또는 계열사에 직접 발생한 외부 대응 필요 이슈,5.0,5.0,5.0,로컬 보조 라벨 / v26: 오늘 새 직접 사건·진전,로컬 보조 라벨 / v26: 오늘 새 직접 사건·진전 / 로컬 보조 라벨 / v26.2: overseas structural industry candidate / 로컬 보조 라벨,issue_selected,카카오뱅크,자사 및 계열사 이슈,자사_및_계열사_이슈,자사_및_계열사_이슈,자사_및_계열사_이슈,자사 및 계열사 이슈,8.0,본문추출성공,issue_representative_attempt,fail:v41_self_guard_actual_actor_absent,,,
자사_및_계열사_이슈,자사 및 계열사 이슈,카카오,"인뱅은 '대면 심사' 허용, 보이스피싱 구제는 '모바일'로…금융당국 맞춤형 규제 시행",네이트,네이트,"Thu, 02 Jul 2026 04:48:08 GMT","Thu, 02 Jul 2026 04:48:08 GMT","인뱅은 '대면 심사' 허용, 보이스피싱 구제는 '모바일'로…금융당국 맞춤형 규제 시행 네이트","금융당국이 업무의 성격과 목적에 따라 대면과 비대면 방식을 유연하게 적용하는 ‘맞춤형 규제’를 본격화한다. 현장 확인이 필수적인 인터넷전문은행의 기업금융 분야에는 대면 업무를 예외적으로 허용하기로 했다. 반면, 행정 절차 중심인 보이스피싱 피해구제는 영업점 방문 없이 모바일 애플리케이션(앱)만으로 가능하도록 제도를 개선해 소비자 편의를 높였다.2일 금융권에 따르면 금융위원회는 지난 1일 정례회의에서 ‘인터넷전문은행 대면 업무 범위의 합리적 조정 방안’을 의결했다. 비대면 영업 원칙은 유지하되 기업금융 확대와 소비자 보호를 위해 필요한 경우에 한해 대면 업무를 허용하는 것이 골자다.현행 인터넷전문은행법에 따르면 케이뱅크와 카카오뱅크, 토스뱅크 등 인터넷전문은행은 원칙적으로 모든 업무를 비대면으로 처리해야 한다. 그러나 기업금융 확대 과정에서는 대출 심사와 담보 관리, 연체채권 협의 등 현장 확인이 필요한 업무가 늘어나면서 비대면 원칙만으로는 업무 수행에 한계가 있다는 지적이 이어졌다.이에 금융당국은 비대면 영업 원칙은 유지하면서도 기업여신의 건전성과 소비자 보호에 필요한 업무에 한해 대면 업무 범위를 확대하기로 했다.앞으로는 기업대출 심사 과정에서 대표자나 임직원을 직접 만나 자금 용도와 상환계획의 실현 가능성을 확인할 수 있게 된다. 연체채권 관리 과정에서 채무자 상담과 채무조정 협의도 가능하며, 비대면으로 제출된 서류의 원본 확인, 담보물 현황과 가치 점검, 대출금 목적 외 사용 여부 확인 등을 위한 현장 업무도 허용된다.인터넷은행이 대면 업무를 수행하려면 업무 운영일 7일 전까지 업무 내용과 방식, 범위 등을 금융위원회에 보고해야 한다. 금융당국은 정기검사 등을 통해 허용 범위를 벗어난 영업 여부를 점검하고 법령 위반 시 엄정 조치할 방침이다.반면 금융감독원은 같은 날 보이스피싱 피해자가 금융회사 영업점을 방문하지 않아도 피해구제와 지급정지 이의신청 서류를 금융사 앱으로 제출할 수 있도록 업무 절차를 개선하며 비대면 영역도 확대했다.그동안 피해자는 지급정지를 요청한 뒤에도 신청서와 증빙서류를 제출하기 위해 영업점을 직접 방문해야 했다. 앞으로는 피해 계좌를 보유한 금융사 앱에서 신청서를 작성하고 관련 서류를 첨부하면 된다. 기존처럼 영업점을 방문해 서류를 제출하는 방식도 병행된다.보이스피싱 비대면 서류제출은 은행·저축은행·상호금융(수협, 신협, 새마을금고, 산림조합)에서 전날부터 순차적으로 적용됐으며, 농협·우체국은 하반기 중 전산 개발 완료 후 운영을 개시할 예정이다.이번 제도 개선은 기업금융과 소비자 보호를 각각 다른 방식으로 접근했다는 점이 특징이다. 현장 확인이 필요한 기업대출 심사와 담보 관리에는 대면을 허용하고, 행정 절차 중심의 피해구제는 비대면으로 전환해 업무 효율성과 소비자 편의를 동시에 높이겠다는 취지다.금감원은 “이번 방안을 통해 인터넷은행의 불가피한 대면 업무에 관한 법적 불확실성을 해소해 채무 조정 활성화, 지방 중소기업·개인사업자에 대한 자금 공급 확대, 소비자 편의성 제고 등이 기대된다”며 “앞으로도 금융소비자 불편사항을 발굴하고 개선해 나가겠다”고 말했다.정은지 기자 blue@viva100.com",1552,newspaper3k,29.0,category_guardrail_failed:v41_self_guard_actual_actor_absent,86.2,True,False,https://news.google.com/rss/articles/CBMiU0FVX3lxTE80TnJPMEhOVWg2ZkplelFCeUVXamJMcGxWTHpxVzhMRUZiV0V4VzVuZG5lX194anBLVG1fR0d1QzlaU3dEUE1jeGhvRlV6dWlnbkV3?oc=5,https://news.nate.com/view/20260702n20220,93.8,"labor_dispute,phishing_security,platform_obligation,policy_legislation,privacy_security_reliability",labor_general,2026-07-02,url_date,original_date_recent,2,131.44,privacy_security:kakao:phishing_or_account_takeover:policy_change,7.0,global_incident:platform_regulation:kakao:platform_content_moderation_obligation:policy_change,global_incident:platform_regulation:kakao:platform_content_moderation_obligation,32.0,self:platform_obligation,Y,,ok,http_200,body_valid,I036,global_incident:platform_regulation:platform_sector:platform_content_moderation_obligation,self_privacy_security,SELF_DIRECT_RISK,468.3,DIRECT_RISK,GOV_GENERAL_LOW_RELEVANCE,COMP_OVERSEAS_REGULATION_DATA,other,자사_및_계열사_이슈,SELF_DIRECT_RISK,self_privacy_security,global_incident:platform_regulation:platform_sector:platform_content_moderation_obligation,global_incident:platform_regulation:platform_sector:platform_content_moderation_obligation,카카오 또는 계열사에 직접 발생한 외부 대응 필요 이슈,5.0,5.0,5.0,로컬 보조 라벨 / v26: 오늘 새 직접 사건·진전,로컬 보조 라벨 / v26: 오늘 새 직접 사건·진전 / 로컬 보조 라벨 / v26.2: overseas structural industry candidate / 로컬 보조 라벨,issue_selected,카카오,자사 및 계열사 이슈,자사_및_계열사_이슈,자사_및_계열사_이슈,자사_및_계열사_이슈,자사 및 계열사 이슈,8.0,본문추출성공,issue_representative_attempt,fail:v41_self_guard_actual_actor_absent,,,
자사_및_계열사_이슈,자사 및 계열사 이슈,플랫폼 산업 동향,"투자정보도 '콘텐츠' 경쟁…한화투자증권, 디지털 자산 유튜브 강화",이코노미사이언스,이코노미사이언스,"Thu, 02 Jul 2026 01:01:21 GMT","Thu, 02 Jul 2026 01:01:21 GMT","투자정보도 '콘텐츠' 경쟁…한화투자증권, 디지털 자산 유튜브 강화 이코노미사이언스","한화투자증권 본사 전경 (사진=이코노미사이언스DB) | 이코노미사이언스 박성현 기자 | 증권사들이 유튜브를 단순한 홍보 채널이 아닌 투자정보 플랫폼으로 활용하는 전략을 강화하고 있다. 실시간 시황과 숏폼 콘텐츠, 디지털 자산 정보까지 제공 범위를 넓히며 투자자와의 접점을 확대하는 경쟁이 본격화되는 모습이다. 한화투자증권은 공식 유튜브 채널을 전면 개편하고 디지털 자산과 실시간 시장 분석을 중심으로 한 신규 콘텐츠를 선보였다. 약 18만 명의 구독자를 확보한 공식 채널을 기반으로 투자 콘텐츠 경쟁력을 한층 강화한다는 전략이다. 이번 개편에서는 기존 미국 주식, 세무, 연금 콘텐츠에 더해 디지털 자산 전문 프로그램 '디지털 쩐쟁 3.0'을 새롭게 편성했다. 디지털자산리서치팀 최윤영 팀장이 시장 이슈와 산업 동향을 쉽게 설명하는 형식으로 매주 콘텐츠를 공개한다. 라이브 콘텐츠도 확대했다. 지난해 종료됐던 시황 프로그램은 '퀵시황 리턴즈'로 새롭게 개편돼 평일 장 마감 이후 국내외 증시 흐름과 주요 투자 이슈를 실시간으로 전달한다. 실시간 채팅 기능을 활용해 시청자와의 소통도 강화할 계획이다. 콘텐츠 소비 방식 변화에도 대응한다. 긴 영상의 핵심 내용을 1분 안팎의 숏폼으로 재구성하고 유튜브와 인스타그램 등 SNS를 연계해 다양한 플랫폼에서 투자 정보를 접할 수 있도록 운영 방식을 고도화한다. 한화투자증권 유튜브 채널 개편 디지털 자산 콘텐츠를 선보인다. (사진=한화투자증권) 최근 증권업계는 모바일 투자 비중이 커지고 AI와 디지털 자산 시장에 대한 관심이 높아지면서 리서치 보고서뿐 아니라 영상 콘텐츠를 통한 정보 제공을 확대하고 있다. 특히 젊은 투자층은 유튜브와 숏폼을 주요 정보 습득 창구로 활용하는 비중이 높아지면서 콘텐츠 경쟁력이 금융 플랫폼의 차별화 요소로 자리 잡고 있다는 평가가 나온다. 증권업계 관계자는 ""투자자들은 단순한 상품 설명보다 시장 흐름을 빠르게 이해할 수 있는 콘텐츠를 선호하는 경향이 강해지고 있다""며 ""영상과 라이브 방송, 숏폼을 결합한 투자정보 서비스가 금융회사의 새로운 고객 접점으로 자리 잡고 있다""고 말했다. 김도형 한화투자증권 혁신지원실장은 이번 채널 개편에 대해 주식시장과 디지털 자산 시장 변화에 맞춰 투자자들이 보다 다양한 정보를 접할 수 있도록 콘텐츠를 확대하는 데 의미가 있다고 설명했다. 이어 고객과 지속적으로 소통할 수 있는 투자 콘텐츠를 꾸준히 강화해 나가겠다는 방향을 제시했다. 투자 정보 전달 방식이 보고서 중심에서 영상과 실시간 콘텐츠 중심으로 빠르게 변화하면서 금융회사들의 디지털 미디어 경쟁도 새로운 단계에 들어서고 있다. 콘텐츠 품질과 정보 신뢰성이 앞으로 금융 플랫폼 경쟁력을 좌우하는 중요한 요소로 자리 잡을 것으로 전망된다.",1349,newspaper3k,-35.0,private_kakaotalk_or_entertainment_noise,-137.0,False,False,https://news.google.com/rss/articles/CBMib0FVX3lxTE5UNUdJWXVCVFpSSUhmaTIxcjhvcUZlWlljUXlMd3dkeDlwMmpyckFhTFFKREJDX3NxNHpWdjV1M2ZXSmx2WlNDUk1QdmMzNERPanJ3UVk5RV9TNzVNSHZwRVlxRTlGTjU3UkZtbjQ4Zw?oc=5,https://www.e-science.co.kr/news/articleView.html?idxno=131329,43.5,"ai_infrastructure_security,digital_asset_stablecoin,market_power_platform,platform_obligation,policy_legislation",ai_infrastructure_security,2026-07-02,json_ld:datePublished,original_date_recent,4,-88.4,,0.0,global_incident:platform_regulation:meta:platform_content_moderation_obligation:executive_or_org_change,global_incident:platform_regulation:meta:platform_content_moderation_obligation,24.0,industry:platform_obligation,Y,,,,,I036,global_incident:platform_regulation:platform_sector:platform_content_moderation_obligation,,,,,,,,,,,,,,,,,,,,플랫폼 산업 동향,산업동향,산업동향,경쟁사_해외이슈,자사_및_계열사_이슈,자사 및 계열사 이슈,,,issue_representative_attempt,,,,
정부_국회,정부/국회,EU 규제,"EU, 데이터센터 탄소 배출 규제 완화…빅테크 요구 반영",네이트,네이트,"Fri, 03 Jul 2026 01:52:00 GMT","Fri, 03 Jul 2026 01:52:00 GMT","EU, 데이터센터 탄소 배출 규제 완화…빅테크 요구 반영 네이트","아시아경제 원문 기사전송 2026-07-03 10:52 기사 제목과 본문 내용을 자동 요약한 내용입니다. 전체 내용을 이해하기 위해서는 기사 본문 전체를 확인하는 것이 더 좋습니다. 유럽연합(EU)이 데이터센터의 탄소 배출을 더 저렴한 방식으로 상쇄할 수 있도록 허용하는 방향의 새로운 규정안을 마련한 것으로 나타났다. 데이터센터가 실제 전력 사용 시간·지역과 맞지 않는 청정에너지 인증서를 활용하더라도 배출량을 상쇄한 것으로 인정받을 수 있게 되는 것이다. 2일(현지시간) 파이낸셜타임스(FT)에 따르면 EU는 당초 데이터센터의 에너지·물 사용량을 기준으로 친환경 수준을 평가하는 이른바 '신호등' 체계를 도입하려 했으나 이 계획을 대폭 완화할 방침이다. 지난 3월 초안에서는 데이터센터가 화석연료 배출량을 상쇄하려면 최근 10년 안에 가동을 시작한 청정에너지 프로젝트의 인증서에 투자해야 한다고 규정했다. 이때 인정되는 청정에너지 프로젝트는 데이터센터와 대체로 같은 시간대와 지역에서 전력을 생산한 것이어야 했다. 즉 데이터센터가 실제로 전기를 쓰는 시간대와 지역에서 추가로 생산된 태양광·풍력 등 청정전력만 배출량 상쇄 수단으로 인정하겠다는 취지였다. 하지만 FT가 확인한 최신안에서는 이러한 시간·지역 일치 요건이 대폭 완화됐다. 예를 들어 독일에서 석탄 발전 전력을 쓰는 데이터센터도 스페인에서 생산된 태양광 전력 인증서를 사들이면 배출량을 상쇄할 수 있도록 했다. FT는 이를 두고 EU가 빅테크의 압박을 상당 부분 수용한 셈이라고 설명했다. 아마존웹서비스(AWS), 마이크로소프트, 유럽데이터센터협회 등 기업과 로비단체들은 비용 증가 우려를 이유로 EU에 여러 요건을 삭제해 달라고 요구했다. 일부 회계·기후변화 전문가들은 이런 인증서가 실제 배출량 감축 효과는 크지 않다고 지적한다. 싱크탱크 에너지태그의 킬리언 데일리 사무국장은 ""데이터센터가 전력 사용량과 실시간으로 연동되는 신규 지역 재생에너지로 운영되지 않는다면, 가격 변동성이 큰 수입 가스 수요를 끌어올릴 것""이라고 말했다. 이어 이는 에너지 가격 상승과 에너지 안보 약화로 이어질 수 있다고 덧붙였다.",1051,bs4_selector,68.0,category_reassign_blocked_max:경쟁사_해외이슈:v26_2_foreign_policy_to_competitor_overseas,-31.0,True,False,https://news.google.com/rss/articles/CBMiU0FVX3lxTE5aSVpMXzRWNDVkMEltbE8tdDB6dmItckt6Q2xoV05vZm5GOVc5SnJoazlJTE9ReUVPZWU5dm83S3pSVEdUcE5aZU1xQncwa09zWGU0?oc=5,https://news.nate.com/view/20260703n10916,169.0,"ai_infrastructure_security,policy_legislation",ai_infrastructure_security,2026-07-03,url_date,original_date_recent,3,75.5,,0.0,,,0.0,,,,ok,http_200,body_valid,I048,government_ai_core_policy:eu 데이터센터 탄소 배출 규제 완화 빅테크 요구 반영,government_ai_core_policy,GOV_AI_DIGITAL_POLICY,436.5,,GOV_AI_CORE_POLICY,COMP_GENERAL_LOW_RELEVANCE,other,정부_국회,GOV_AI_DIGITAL_POLICY,government_ai_core_policy,government_ai_core_policy:eu 데이터센터 탄소 배출 규제 완화 빅테크 요구 반영,government_ai_core_policy:eu 데이터센터 탄소 배출 규제 완화 빅테크 요구 반영,카카오 AI agent/AI 서비스 전략과 연결되는 핵심 정책환경,5.0,4.0,5.0,v26: 해외 정부·규제기관 이슈는 경쟁사/해외로 분류 / v26.2: overseas structural industry candidate,v26: 해외 정부·규제기관 이슈는 경쟁사/해외로 분류 / v26.2: overseas structural industry candidate,issue_selected,EU 규제,경쟁사/해외이슈,경쟁사_해외이슈,정부_국회,정부_국회,정부/국회,8.0,본문추출성공,issue_representative_attempt,reassign_blocked:v26_2_foreign_policy_to_competitor_overseas,,N:foreign_policy,
자사_및_계열사_이슈,자사 및 계열사 이슈,카카오,"네이버 노조위원장이 카카오 노사 교섭대표로 지정...""경쟁사에 임금·복지 정책 유출될라""",생생비즈플러스,생생비즈플러스,"Fri, 03 Jul 2026 01:13:42 GMT","Fri, 03 Jul 2026 01:13:42 GMT","네이버 노조위원장이 카카오 노사 교섭대표로 지정...""경쟁사에 임금·복지 정책 유출될라"" 생생비즈플러스","네이버 노조위원장이 카카오 노사 교섭대표로 지정...""경쟁사에 임금·복지 정책 유출될라"" 가 가 기사의 본문 내용은 이 글자크기로 변경됩니다. 스크롤 이동 상태바 네이버 노조위원장이 카카오 노사 교섭대표로 지정...""경쟁사에 임금·복지 정책 유출될라"" 가 가 기사의 본문 내용은 이 글자크기로 변경됩니다. 네이버 노조위원장이 카카오 노사 교섭대표로 지정...""경쟁사에 임금·복지 정책 유출될라"" 가 가 기사의 본문 내용은 이 글자크기로 변경됩니다. 기사의 본문 내용은 이 글자크기로 변경됩니다. IT 업계 노조 교차 교섭 관행...""산별노조 차원에서 교섭 역량 보완하고 지회 간 연대 강화"" 카카오 노사 교섭에서 최종 교섭대표로 네이버 노동조합 지회장이 지정된 것으로 알려지면서 논란이 커지고 있다. 사측 입장에서는 임금과 성과급·복지 등 교섭 과정에서 다뤄지는 내용이 다른 사업장, 특히 경쟁관계인 회사에 공유될 가능성이 크기 때문이다. 대다수 기업에서는 임금과 성과급 등을 사내조차 공유하지 못하도록 규정하고 있다. 2일 IT 업계와 노동계에 따르면 카카오 노사의 교섭에서는 카카오지회가 사측과 협의를 진행하지만, 최종 교섭대표는 네이버지회장이 맡는다. 또 네이버 노사 교섭에서는 카카오지회장이 교섭대표로 지정되는 방식이 적용된다. 이는 민주노총 전국화학섬유식품산업노동조합 산하 IT·게임업계 지회들이 일부 교섭에서 다른 사업장 지회장을 교섭대표로 지정하는 방식을 운영하는 것으로 알려졌다. 업계 한 관계자는 ""네이버 노조 지회장이 상급 단체 내 간부를 맡고 있고 IT 업계 노조는 원래 이런 방식으로 교섭대표를 지정해 온 것으로 안다""고 말했다. 네이버와 카카오 뿐만 아니라 화섬식품노조 산하의 다른 IT·게임업계 지회에서도 이 같은 교섭대표 지정 방식을 활용해 온 것으로 전해졌다. 이는 IT·게임업계 노조의 역사가 상대적으로 짧은 만큼 산별노조 차원에서 교섭 역량을 보완하고 지회 간 연대를 강화하기 위한 방식이다. 네이버와 카카오 노조는 모두 2018년 설립됐다. 한편, 카카오 노조는 최근 성과급 제도 등을 둘러싸고 사측과 갈등을 빚으며 지난달 10일 반일 파업을 진행한 데 이어 지난달 29일 전일 파업을 단행했다. 카카오 노사 교섭에서 최종 교섭대표로 네이버 노동조합 지회장이 지정된 것으로 알려지면서 논란이 커지고 있다. 사측 입장에서는 임금과 성과급·복지 등 교섭 과정에서 다뤄지는 내용이 다른 사업장, 특히 경쟁관계인 회사에 공유될 가능성이 크기 때문이다. 대다수 기업에서는 임금과 성과급 등을 사내조차 공유하지 못하도록 규정하고 있다. 2일 IT 업계와 노동계에 따르면 카카오 노사의 교섭에서는 카카오지회가 사측과 협의를 진행하지만, 최종 교섭대표는 네이버지회장이 맡는다. 또 네이버 노사 교섭에서는 카카오지회장이 교섭대표로 지정되는 방식이 적용된다. 이는 민주노총 전국화학섬유식품산업노동조합 산하 IT·게임업계 지회들이 일부 교섭에서 다른 사업장 지회장을 교섭대표로 지정하는 방식을 운영하는 것으로 알려졌다. 업계 한 관계자는 ""네이버 노조 지회장이 상급 단체 내 간부를 맡고 있고 IT 업계 노조는 원래 이런 방식으로 교섭대표를 지정해 온 것으로 안다""고 말했다. 네이버와 카카오 뿐만 아니라 화섬식품노조 산하의 다른 IT·게임업계 지회에서도 이 같은 교섭대표 지정 방식을 활용해 온 것으로 전해졌다. 이는 IT·게임업계 노조의 역사가 상대적으로 짧은 만큼 산별노조 차원에서 교섭 역량을 보완하고 지회 간 연대를 강화하기 위한 방식이다. 네이버와 카카오 노조는 모두 2018년 설립됐다. 한편, 카카오 노조는 최근 성과급 제도 등을 둘러싸고 사측과 갈등을 빚으며 지난달 10일 반일 파업을 진행한 데 이어 지난달 29일 전일 파업을 단행했다. 박지환 기자 jhpark@livebiz.today",1858,bs4_selector,86.0,category_guardrail_failed:v41_self_guard_actual_actor_absent,215.0,True,False,https://news.google.com/rss/articles/CBMibEFVX3lxTE5pdnNHc1pqVHpmck16aGRXUDZNaFhQVWlEcHBPWERZNEExQjlPem84WmVkaHB3UzkwNnRDTk5xbUU0V3Z6X090R1REbHlIUkFPSXZyV1V6M295MVhqLXdrLVBfMjA2eGQ1ejhPUA?oc=5,https://www.livebiz.today/news/articleView.html?idxno=203056,271.8,"labor_dispute,labor_negotiation,leadership_change,platform_obligation,policy_legislation",labor_pay_dispute,2026-07-03,json_ld:datePublished,original_date_recent,6,277.9,privacy_security:kakao:data_leak:initial_investigation_response,7.0,global_incident:platform_regulation:kakao:platform_operator_obligation:conflict_escalation,global_incident:platform_regulation:kakao:platform_operator_obligation,24.0,self:platform_obligation,Y,,ok,http_200,body_valid,I051,카카오 노조 임단협/파업 및 내부 갈등,self_labor,SELF_DIRECT_RISK,422.8,DIRECT_RISK,,COMP_DOMESTIC_STRATEGY,domestic,자사_및_계열사_이슈,SELF_DIRECT_RISK,self_labor,카카오 노조 임단협/파업 및 내부 갈등,카카오 노조 임단협/파업 및 내부 갈등,카카오 또는 계열사에 직접 발생한 외부 대응 필요 이슈,5.0,5.0,5.0,로컬 보조 라벨 / v26: 오늘 새 직접 사건·진전,로컬 보조 라벨 / v26: 오늘 새 직접 사건·진전,issue_selected,카카오,자사 및 계열사 이슈,자사_및_계열사_이슈,자사_및_계열사_이슈,자사_및_계열사_이슈,자사 및 계열사 이슈,9.0,본문추출성공,issue_representative_attempt,fail:v41_self_guard_actual_actor_absent,,,
정부_국회,정부/국회,오픈AI,"개보위 ""AI 유연 적용 규율로 전환""...'3차 개인정보 기본계획' 발표",v.daum.net,v.daum.net,"Fri, 03 Jul 2026 01:01:54 GMT","Fri, 03 Jul 2026 01:01:54 GMT","개보위 ""AI 유연 적용 규율로 전환""...'3차 개인정보 기본계획' 발표 v.daum.net","개보위 ""AI 유연 적용 규율로 전환""...'3차 개인정보 기본계획' 발표 방은주 기자 2026. 7. 3. 글자 수 10,000자 초과 시 일부만 음성으로 제공합니다. 가 매우 작은 폰트 작은 폰트 보통 폰트 큰 폰트 매우 큰 폰트 가 이 글자크기로 변경됩니다. (예시) 가장 빠른 뉴스가 있고 다양한 정보, 쌍방향 소통이 숨쉬는 다음뉴스를 만나보세요. 다음뉴스는 국내외 주요이슈와 실시간 속보, 문화생활 및 다양한 분야의 뉴스를 입체적으로 전달하고 있습니다. 글자 수 10,000자 초과 시 일부만 음성으로 제공합니다. 가 매우 작은 폰트 작은 폰트 보통 폰트 큰 폰트 매우 큰 폰트 가 이 글자크기로 변경됩니다. (예시) 가장 빠른 뉴스가 있고 다양한 정보, 쌍방향 소통이 숨쉬는 다음뉴스를 만나보세요. 다음뉴스는 국내외 주요이슈와 실시간 속보, 문화생활 및 다양한 분야의 뉴스를 입체적으로 전달하고 있습니다. 글자 수 10,000자 초과 시 일부만 음성으로 제공합니다. 글자 수 10,000자 초과 시 일부만 음성으로 제공합니다. 글자 수 10,000자 초과 시 일부만 음성으로 제공합니다. 가 매우 작은 폰트 작은 폰트 보통 폰트 큰 폰트 매우 큰 폰트 가 이 글자크기로 변경됩니다. (예시) 가장 빠른 뉴스가 있고 다양한 정보, 쌍방향 소통이 숨쉬는 다음뉴스를 만나보세요. 다음뉴스는 국내외 주요이슈와 실시간 속보, 문화생활 및 다양한 분야의 뉴스를 입체적으로 전달하고 있습니다. 가 매우 작은 폰트 작은 폰트 보통 폰트 큰 폰트 매우 큰 폰트 가 이 글자크기로 변경됩니다. (예시) 가장 빠른 뉴스가 있고 다양한 정보, 쌍방향 소통이 숨쉬는 다음뉴스를 만나보세요. 다음뉴스는 국내외 주요이슈와 실시간 속보, 문화생활 및 다양한 분야의 뉴스를 입체적으로 전달하고 있습니다. 가 매우 작은 폰트 작은 폰트 보통 폰트 큰 폰트 매우 큰 폰트 가 이 글자크기로 변경됩니다. (예시) 가장 빠른 뉴스가 있고 다양한 정보, 쌍방향 소통이 숨쉬는 다음뉴스를 만나보세요. 다음뉴스는 국내외 주요이슈와 실시간 속보, 문화생활 및 다양한 분야의 뉴스를 입체적으로 전달하고 있습니다. (예시) 가장 빠른 뉴스가 있고 다양한 정보, 쌍방향 소통이 숨쉬는 다음뉴스를 만나보세요. 다음뉴스는 국내외 주요이슈와 실시간 속보, 문화생활 및 다양한 분야의 뉴스를 입체적으로 전달하고 있습니다. (지디넷코리아=방은주 기자)개인정보보호위원회가 3일 '제3차 개인정보 보호 기본계획(2027-2029)' 을 발표했다. 4대 전략과 12대 추진과제 를 마련, 추진한다. AI위험에 대응하는 상시적 예방 체계 등을 구축한다. 개보위는 이날 열린 경제관계장관회의에서 이 안을 관계부처 합동 안건으로 보고했다. 이번 '기본계획'은 개인정보위가 법에 따라 3년마다 중앙행정기관의 장과 함께 수립한 것이다. 인공지능 대전환에 따른 데이터 활용 수요 증대와 반복하는 대규모 개인정보 유출이라는 당면환경에 대응, 향후 3년간 추진할 개인정보 정책 청사진을 마련했다. '기본계획'은 '신뢰받는 개인정보 환경, 안심하고 누리는 인공지능(AI) 사회'를 비전으로 삼았다. ▲인공지능 대전환 시대 개인정보 보호체계 혁신 ▲사전예방 중심 보호체계 확립 ▲전략적 개인정보 정책 고도화 ▲국민 권익 증진 및 신뢰문화 정착이라는 4대 전략과 12대 추진과제를 중심으로 마련했다. 첫째, 신뢰기반 데이터 활용 촉진 개인정보 보호체계 혁신 인공지능 환경을 유연하게 반영하는 규율체계로의 전환을 추진한다. 인공지능 환경 이전에 설계된 일률적 규제로 법령 준수가 어렵고 데이터 활용에 제약이 있다는 현장의 목소리를 반영, 위험에 비례한 보호를 규율하는 원칙 중심 보호체계로 전환한다. 이와 함께, 인공지능 전환(AX) 과정에 수반되는 개인정보 처리의 불확실성을 신속하게 해소하기 위해 맞춤형 혁신지원 종합 창구로서 ‘인공지능 전환(AX) 안심지원센터’도 운영할 계획이다. 나아가, 5극3특 균형성장 전략에 발맞춰 전국 어디서나 접근 가능한 데이터 혁신 환경을 조성하기 위해 지역 거점별 데이터(가명·익명) 연계·활용 허브를 구축·확대한다. 그간 기업·기관 중심으로 이뤄진 데이터 활용에 대한 국민주권도 강화한다. 국민이 내 정보에 대한 결정권을 갖도록 마이데이터 지원(온마이데이터) 플랫폼을 강화하고, 데이터로부터 산출된 가치에 대한 정보주체 환원 체계를 수립하고 확산한다. 10대 분야 확대 등 마이데이터 1단계를 완수하고, 마이데이터 2단계 추진을 통해 복지·돌봄·의료 등 데이터 기반 사회적 난제 해결에 앞장선다. 또 인공지능 데이터 신뢰 확보를 위한 프라이버시 리스크 대응을 강화한다. 자율형 인공지능(에이전틱 AI)에 의한 처리 등 의사결정의 책임구조 검토, 실물 인공지능(피지컬 AI)의 상시적 정보 수집 확대에 대응하는 권리보장, 위험평가 등 최신 기술에 대한 규율체계와 보호 기준도 수립한다. 급변하는 인공지능 사이버 위협에 선제적으로 대응해 리스크 관리 모델 및 환경변화를 반영한 안전조치 기준도 제시한다. 디지털 환경에서 개인 권리 보호를 위한 개인정보 정확성 및 투명성 확보가 강조되면서, 딥페이크(deepfake) 등 데이터 변조 방지 방안 마련, 인공지능 투명성 확보 제도화도 추진한다. 둘째, 개인정보 보호체계 사전예방 중심 정착 유출사고가 발생한 후에는 온전한 피해 회복이 어렵다는 점을 고려해 사전예방 중심의 보호체계를 확립하고 현장 정착 및 내재화를 지원한다. 고위험군 집중점검, 부처 합동점검 등 상시적 점검 체계를 고도화해 사고 발생 전 취약점이나 보호 조치를 미리 점검해 개선하는 데 집중한다. 이와 함께, 취약점 점검 등 범정부적 상시적 방어체계를 확립하고 인공지능 보안점검 등 보안점검 제도화를 추진한다. 정보보호 및 개인정보보호 관리 체계(ISMS-P) 인증 및 각종 평가체계에 인공지능 기술을 접목해 기준과 절차를 개선해 실효성을 높인다. 특히, 국민 개인정보를 다량 보유·처리하는 공공분야는 안전조치 기준 강화, 상시적 점검체계 확대, 평가제도 실효성 제고를 우선 추진해여 보호 수준을 획기적으로 개선한다. 또 사고 전 선제적 보호조치에 대한 강력한 유인체계를 강화하고 기업의 책임성을 강화한다. 의무기준을 넘어서는 선제적인 보호 투자 시에는 유출 과징금을 감면하는 등 인센티브 사례를 확산, 기업의 자발적 보호조치를 적극 유도한다. 나아가, 조직 의사결정 과정에 개인정보 보호가 적극 고려될 수 있도록 대표자(CEO) 책임을 정착하고 개인정보보호책임자(CPO)의 위상도 한층 강화한다. 반면, 관리의무 소홀 등 법 위반에 대해서는 엄정 조사 및 제재로 억지력을 대폭 강화한다. 이를 뒷받침하기 위해 조사 실효성 확보를 위한 이행강제금 도입 등 제도개선을 추진하고, 기술분석 환경 구축·확대 등 과학적 조사를 위한 역량도 지속 강화한다. 개인정보 불법유통에 대해서는 형사처벌 근거를 신설하고, 탐지·삭제 및 관련 정보 수집·분석 등 정부 역할을 강화한다. 기존 유출 시 조사·제재 중심으로 대응했으나, 상시적 유출 위협 환경을 고려해 ‘회복력(resilience) 지원’ 중심으로 대응 인프라를 재정비한다. 중소기업 유출 발생 시 복구 기술지원 중심으로 대응하고, 사고 이전에도 중소·영세기업에 맞춤형 컨설팅, 보호·보안 지원 사업을 제공한다. 이를 통해 보호·보안 산업 육성을 지원하고, 산업계 전반의 보호수준을 상향평준화 할 수 있는 기반을 수립해나간다. 사고 대응이 가능한 개인정보 보호 특화 전문인력을 양성해 회복력 강화를 지원하고, 인력풀의 효과적인 활용을 위해 인공지능 보안인력 관리 플랫폼을 구축한다. 아울러, 암호기술 등 개인정보보호 강화기술(PET) 연구개발(R&D) 지속 확대를 통해 전 분야 보호 인프라를 강화한다. 또 실물 인공지능(피지컬 AI) 환경 확산에 대응해 디지털 보안과 물리 안전 규제에 대한 사이버-물리 통합보안 체계도 검토하고, 자율형 인공지능(에이전틱 AI) 기반 공격을 반영한 안전조치 기준 개선을 추진한다. 상시적 방어체계 강화를 위해 취약점 발굴·대응 등 관련 산학연·범부처 협력도 강화한다. 셋째, 범정부 보호 협력체계 및 안전한 국경간 데이터 이전 체계 고도화 전 산업 분야에서 개인정보 활용 확대를 고려, 개인정보 보호가 범정부 차원의 과제로 이행되도록 범부처 협력체계를 확립한다. 통신, 교육, 고용 등 상대적으로 위험성이 높은 분야는 개인정보위와 소관부처가 공동 점검·관리하는 체계를 수립하고, 개인정보 위협 요소에 대한 조기경보체계를 구축해 위기대응 역량 강화를 추진한다. 또 디지털 환경의 규제 체계 간 정합성도 확보한다. 개인정보 중복규제 등을 합리적으로 조정해 체계를 정비하고, 금융·공정거래 등 관련 규제기관 간 협력을 강화한다. 인공지능 및 데이터 정책 소관 기관과도 긴밀하게 협력해 디지털 분야의 법령 간 적용 관계를 명확화한다. 생성형 인공지능, 클라우드 환경 등 국외이전 수요가 증가함에 따라 데이터 이전 네트워크도 확대한다. 이미 수립된 한-EU 상호 동등성 인정 체계에 이어, 영국, 일본, 미국 등 법체계 유사성, 교역규모 등을 고려한 맞춤형 대응으로 데이터 상호 이전 네트워크를 확대한다. 이와 함께, 보호수준이 상대적으로 미흡한 국가로의 데이터 관리 대응력 강화로 안보위협을 최소화한다. 국외이전 확대에 대응해 제도적 기반도 지속 개선한다. 안전한 국외이전 수단(SCC*, BCR**)을 확대해 글로벌 공동 연구 등 국경간 데이터 이전에 대한 유연성을 확보한다. 이와 동시에, 국외이전 현황조사를 실시하고, 국외이전 영향평가를 신설하는 등 리스크 관리체계 수립을 병행한다. SCC(Standard Contract Clauses, 표준계약조항) 개인정보를 이전하고 받는 경우 준수해야 할 계약상 의무를 통해 국외로 이전된 후에도 보호 수준 유지 ** BCR(Binding Corporate Rules, 구속력있는 기업규칙) 다국적 기업 내에서 발생하는 개인정보의 국경 간 이전을 위해 기업에서 정하여 감독기관의 승인을 받아 이행하는 법적 구속력이 있는 기업내 개인정보 보호 규정 넷째, 국민 권익 증진하고 일상 속 프라이버시 보호 강화 신뢰 확립 최근 유출 피해를 경험한 국민이 늘어나면서 간편한 권리구제 방안에 대한 요구가 증대함에 따라, 유출·침해 시 신고부터 조사, 분쟁조정, 손해배상까지 모든 절차를 연계하는 원스톱 권리구제 체계를 마련한다. 또한, 인공지능 기반으로 개인정보 관리 플랫폼을 구축, 국민이 쉽게 자신의 개인정보 처리현황을 확인하고 권리를 행사할 수 있게 지원한다. 정보주체 권리보장을 강화하기 위한 제도 기반도 수립한다. 정보주체 권익 증진 전문기관 수립 및 피해회복 동의의결제 추진, 적극적 분쟁조정 등을 통해 신속한 피해보상 및 분쟁해결 제도 실질화를 추진한다. 일상 접점에서 발생하는 프라이버시 침해 우려도 적극 해소한다. 특히, 디지털 환경에서 영상·생체정보 등 상대적으로 민감도가 높은 정보의 수집·이용이 보편화됨에 따라 특화된 보호가 가능하도록 규율체계를 개선하고, 아동·청소년 등 권리행사 취약계층에 대해서도 보호 체계도 강화한다. 이번 기본계획은 인공지능 사회 도래에 대응하는 개인정보 보호체계를 확립하고, 국민 신뢰를 바탕으로 데이터가 안전하게 활용되는 인공지능 혁신 환경을 조성하는 데 중점을 뒀다.이를 바탕으로 부처별 시행계획을 수립하고 이행함으로써 국민이 안심하고 향유할 수 있는 인공지능 사회 도래를 지원해 나갈 예정이다. 송경희 개인정보보호위원장은 ""이번 3개년 기본계획은 개인정보 규율체계를 인공지능 환경에 맞게 재설계하고 사전 예방 중심의 보호체계를 확립, 국민은 안심하고 인공지능 편익을 누리고 기업은 신뢰를 바탕으로 혁신하는 환경을 만들어 나가는 데 정책 역량을 집중하겠다""고 밝혔다. 방은주 기자(ejbang@zdnet.co.kr) (지디넷코리아=방은주 기자)개인정보보호위원회가 3일 '제3차 개인정보 보호 기본계획(2027-2029)' 을 발표했다. 4대 전략과 12대 추진과제 를 마련, 추진한다. AI위험에 대응하는 상시적 예방 체계 등을 구축한다. 개보위는 이날 열린 경제관계장관회의에서 이 안을 관계부처 합동 안건으로 보고했다. 이번 '기본계획'은 개인정보위가 법에 따라 3년마다 중앙행정기관의 장과 함께 수립한 것이다. 인공지능 대전환에 따른 데이터 활용 수요 증대와 반복하는 대규모 개인정보 유출이라는 당면환경에 대응, 향후 3년간 추진할 개인정보 정책 청사진을 마련했다. '기본계획'은 '신뢰받는 개인정보 환경, 안심하고 누리는 인공지능(AI) 사회'를 비전으로 삼았다. ▲인공지능 대전환 시대 개인정보 보호체계 혁신 ▲사전예방 중심 보호체계 확립 ▲전략적 개인정보 정책 고도화 ▲국민 권익 증진 및 신뢰문화 정착이라는 4대 전략과 12대 추진과제를 중심으로 마련했다. 첫째, 신뢰기반 데이터 활용 촉진 개인정보 보호체계 혁신 인공지능 환경을 유연하게 반영하는 규율체계로의 전환을 추진한다. 인공지능 환경 이전에 설계된 일률적 규제로 법령 준수가 어렵고 데이터 활용에 제약이 있다는 현장의 목소리를 반영, 위험에 비례한 보호를 규율하는 원칙 중심 보호체계로 전환한다. 이와 함께, 인공지능 전환(AX) 과정에 수반되는 개인정보 처리의 불확실성을 신속하게 해소하기 위해 맞춤형 혁신지원 종합 창구로서 ‘인공지능 전환(AX) 안심지원센터’도 운영할 계획이다. 나아가, 5극3특 균형성장 전략에 발맞춰 전국 어디서나 접근 가능한 데이터 혁신 환경을 조성하기 위해 지역 거점별 데이터(가명·익명) 연계·활용 허브를 구축·확대한다. 그간 기업·기관 중심으로 이뤄진 데이터 활용에 대한 국민주권도 강화한다. 국민이 내 정보에 대한 결정권을 갖도록 마이데이터 지원(온마이데이터) 플랫폼을 강화하고, 데이터로부터 산출된 가치에 대한 정보주체 환원 체계를 수립하고 확산한다. 10대 분야 확대 등 마이데이터 1단계를 완수하고, 마이데이터 2단계 추진을 통해 복지·돌봄·의료 등 데이터 기반 사회적 난제 해결에 앞장선다. 또 인공지능 데이터 신뢰 확보를 위한 프라이버시 리스크 대응을 강화한다. 자율형 인공지능(에이전틱 AI)에 의한 처리 등 의사결정의 책임구조 검토, 실물 인공지능(피지컬 AI)의 상시적 정보 수집 확대에 대응하는 권리보장, 위험평가 등 최신 기술에 대한 규율체계와 보호 기준도 수립한다. 급변하는 인공지능 사이버 위협에 선제적으로 대응해 리스크 관리 모델 및 환경변화를 반영한 안전조치 기준도 제시한다. 디지털 환경에서 개인 권리 보호를 위한 개인정보 정확성 및 투명성 확보가 강조되면서, 딥페이크(deepfake) 등 데이터 변조 방지 방안 마련, 인공지능 투명성 확보 제도화도 추진한다. 유출사고가 발생한 후에는 온전한 피해 회복이 어렵다는 점을 고려해 사전예방 중심의 보호체계를 확립하고 현장 정착 및 내재화를 지원한다. 고위험군 집중점검, 부처 합동점검 등 상시적 점검 체계를 고도화해 사고 발생 전 취약점이나 보호 조치를 미리 점검해 개선하는 데 집중한다. 이와 함께, 취약점 점검 등 범정부적 상시적 방어체계를 확립하고 인공지능 보안점검 등 보안점검 제도화를 추진한다. 정보보호 및 개인정보보호 관리 체계(ISMS-P) 인증 및 각종 평가체계에 인공지능 기술을 접목해 기준과 절차를 개선해 실효성을 높인다. 특히, 국민 개인정보를 다량 보유·처리하는 공공분야는 안전조치 기준 강화, 상시적 점검체계 확대, 평가제도 실효성 제고를 우선 추진해여 보호 수준을 획기적으로 개선한다. 또 사고 전 선제적 보호조치에 대한 강력한 유인체계를 강화하고 기업의 책임성을 강화한다. 의무기준을 넘어서는 선제적인 보호 투자 시에는 유출 과징금을 감면하는 등 인센티브 사례를 확산, 기업의 자발적 보호조치를 적극 유도한다. 나아가, 조직 의사결정 과정에 개인정보 보호가 적극 고려될 수 있도록 대표자(CEO) 책임을 정착하고 개인정보보호책임자(CPO)의 위상도 한층 강화한다. 반면, 관리의무 소홀 등 법 위반에 대해서는 엄정 조사 및 제재로 억지력을 대폭 강화한다. 이를 뒷받침하기 위해 조사 실효성 확보를 위한 이행강제금 도입 등 제도개선을 추진하고, 기술분석 환경 구축·확대 등 과학적 조사를 위한 역량도 지속 강화한다. 개인정보 불법유통에 대해서는 형사처벌 근거를 신설하고, 탐지·삭제 및 관련 정보 수집·분석 등 정부 역할을 강화한다. 기존 유출 시 조사·제재 중심으로 대응했으나, 상시적 유출 위협 환경을 고려해 ‘회복력(resilience) 지원’ 중심으로 대응 인프라를 재정비한다. 중소기업 유출 발생 시 복구 기술지원 중심으로 대응하고, 사고 이전에도 중소·영세기업에 맞춤형 컨설팅, 보호·보안 지원 사업을 제공한다. 이를 통해 보호·보안 산업 육성을 지원하고, 산업계 전반의 보호수준을 상향평준화 할 수 있는 기반을 수립해나간다. 사고 대응이 가능한 개인정보 보호 특화 전문인력을 양성해 회복력 강화를 지원하고, 인력풀의 효과적인 활용을 위해 인공지능 보안인력 관리 플랫폼을 구축한다. 아울러, 암호기술 등 개인정보보호 강화기술(PET) 연구개발(R&D) 지속 확대를 통해 전 분야 보호 인프라를 강화한다. 또 실물 인공지능(피지컬 AI) 환경 확산에 대응해 디지털 보안과 물리 안전 규제에 대한 사이버-물리 통합보안 체계도 검토하고, 자율형 인공지능(에이전틱 AI) 기반 공격을 반영한 안전조치 기준 개선을 추진한다. 상시적 방어체계 강화를 위해 취약점 발굴·대응 등 관련 산학연·범부처 협력도 강화한다. 셋째, 범정부 보호 협력체계 및 안전한 국경간 데이터 이전 체계 고도화 전 산업 분야에서 개인정보 활용 확대를 고려, 개인정보 보호가 범정부 차원의 과제로 이행되도록 범부처 협력체계를 확립한다. 통신, 교육, 고용 등 상대적으로 위험성이 높은 분야는 개인정보위와 소관부처가 공동 점검·관리하는 체계를 수립하고, 개인정보 위협 요소에 대한 조기경보체계를 구축해 위기대응 역량 강화를 추진한다. 또 디지털 환경의 규제 체계 간 정합성도 확보한다. 개인정보 중복규제 등을 합리적으로 조정해 체계를 정비하고, 금융·공정거래 등 관련 규제기관 간 협력을 강화한다. 인공지능 및 데이터 정책 소관 기관과도 긴밀하게 협력해 디지털 분야의 법령 간 적용 관계를 명확화한다. 생성형 인공지능, 클라우드 환경 등 국외이전 수요가 증가함에 따라 데이터 이전 네트워크도 확대한다. 이미 수립된 한-EU 상호 동등성 인정 체계에 이어, 영국, 일본, 미국 등 법체계 유사성, 교역규모 등을 고려한 맞춤형 대응으로 데이터 상호 이전 네트워크를 확대한다. 이와 함께, 보호수준이 상대적으로 미흡한 국가로의 데이터 관리 대응력 강화로 안보위협을 최소화한다. 국외이전 확대에 대응해 제도적 기반도 지속 개선한다. 안전한 국외이전 수단(SCC*, BCR**)을 확대해 글로벌 공동 연구 등 국경간 데이터 이전에 대한 유연성을 확보한다. 이와 동시에, 국외이전 현황조사를 실시하고, 국외이전 영향평가를 신설하는 등 리스크 관리체계 수립을 병행한다. SCC(Standard Contract Clauses, 표준계약조항) 개인정보를 이전하고 받는 경우 준수해야 할 계약상 의무를 통해 국외로 이전된 후에도 보호 수준 유지 ** BCR(Binding Corporate Rules, 구속력있는 기업규칙) 다국적 기업 내에서 발생하는 개인정보의 국경 간 이전을 위해 기업에서 정하여 감독기관의 승인을 받아 이행하는 법적 구속력이 있는 기업내 개인정보 보호 규정 넷째, 국민 권익 증진하고 일상 속 프라이버시 보호 강화 신뢰 확립 최근 유출 피해를 경험한 국민이 늘어나면서 간편한 권리구제 방안에 대한 요구가 증대함에 따라, 유출·침해 시 신고부터 조사, 분쟁조정, 손해배상까지 모든 절차를 연계하는 원스톱 권리구제 체계를 마련한다. 또한, 인공지능 기반으로 개인정보 관리 플랫폼을 구축, 국민이 쉽게 자신의 개인정보 처리현황을 확인하고 권리를 행사할 수 있게 지원한다. 정보주체 권리보장을 강화하기 위한 제도 기반도 수립한다. 정보주체 권익 증진 전문기관 수립 및 피해회복 동의의결제 추진, 적극적 분쟁조정 등을 통해 신속한 피해보상 및 분쟁해결 제도 실질화를 추진한다. 일상 접점에서 발생하는 프라이버시 침해 우려도 적극 해소한다. 특히, 디지털 환경에서 영상·생체정보 등 상대적으로 민감도가 높은 정보의 수집·이용이 보편화됨에 따라 특화된 보호가 가능하도록 규율체계를 개선하고, 아동·청소년 등 권리행사 취약계층에 대해서도 보호 체계도 강화한다. 이번 기본계획은 인공지능 사회 도래에 대응하는 개인정보 보호체계를 확립하고, 국민 신뢰를 바탕으로 데이터가 안전하게 활용되는 인공지능 혁신 환경을 조성하는 데 중점을 뒀다.이를 바탕으로 부처별 시행계획을 수립하고 이행함으로써 국민이 안심하고 향유할 수 있는 인공지능 사회 도래를 지원해 나갈 예정이다. 송경희 개인정보보호위원장은 ""이번 3개년 기본계획은 개인정보 규율체계를 인공지능 환경에 맞게 재설계하고 사전 예방 중심의 보호체계를 확립, 국민은 안심하고 인공지능 편익을 누리고 기업은 신뢰를 바탕으로 혁신하는 환경을 만들어 나가는 데 정책 역량을 집중하겠다""고 밝혔다. 방은주 기자(ejbang@zdnet.co.kr) 지디넷코리아에서 직접 확인하세요. 해당 언론사로 이동합니다. 개보위, 국제무대서 영국 등에 AI대응 정책 '훈수' ""우수 개인정보 보호 솔루션을 찾습니다""...개보위, 첫 공모 시행 송경희 개보위원장, G7 개인정보 감독기구 논의 참석 '니켈 2.3조 베팅' 에코프로의 승부수…LFP 대세에도 삼원계 택한 이유 가상자산 법인시장 허용 논의 쳇바퀴…금융위 속도 언제쯤 내나? 테슬라 FSD 불만 검색하던 운전자…주택 돌진 사망사고로 과실치사 기소 사이오닉AI, 건물 절반을 데이터센터로 만든 이유는 내수는 식고 해외는 뛴다…중국차 성장축, 수출로 이동 ""아이폰18 프로, 미국만 C2 대신 퀄컴 모뎀""…이유는? 통신3사 5G·LTE 통합요금제, 뭐가 다른지 비교해보니 지디넷코리아에서 직접 확인하세요. 해당 언론사로 이동합니다.",10699,bs4_selector,76.0,category_reassign_blocked_max:경쟁사_해외이슈:v26_2_foreign_policy_to_competitor_overseas,167.0,True,True,https://news.google.com/rss/articles/CBMiT0FVX3lxTE43ckxGeWF0cUhCNkRYbklobTFXdHF1TktfN0JBUE1sTG0zam5TSDA1dHN6Ymt5aDMzQm5GaFlMOURhdGhIbm9JYkpIQmFrcm8?oc=5,https://v.daum.net/v/20260703100154114,149.0,"ai_infrastructure_security,phishing_security,platform_obligation,policy_legislation,privacy_security_reliability",security_privacy_leak,2026-07-03,visible_date_node,original_date_recent,2,216.3,,61.0,global_incident:platform_enforcement:microsoft:privacy_data_violation:investigation_review,global_incident:platform_enforcement:microsoft:privacy_data_violation,32.0,self:platform_obligation,Y,,ok,http_200,body_valid,I056,global_incident:platform_regulation:platform_sector:platform_data_protection_obligation,government_ai_core_policy,GOV_AI_DIGITAL_POLICY,404.0,OFF_TOPIC,GOV_AI_CORE_POLICY,COMP_OVERSEAS_REGULATION_DATA,other,정부_국회,SELF_AFFILIATE_BUSINESS,self_filler_reference,global_incident:platform_regulation:platform_sector:platform_data_protection_obligation,global_incident:platform_regulation:platform_sector:platform_data_protection_obligation,카카오가 경쟁사 전략·리스크·AI/플랫폼 대응을 비교 참고할 이슈,2.0,2.0,4.0,v26: 카카오 직접 주체가 없어 자사 섹션 제외/재분류,로컬 보조 라벨 / 로컬 보조 라벨 / v26.2: overseas structural industry candidate / v26: 카카오 직접 주체가 없어 자사 섹션 제외/재분류,issue_selected,오픈AI,경쟁사/해외이슈,경쟁사_해외이슈,정부_국회,정부_국회,정부/국회,9.0,본문추출성공,issue_representative_attempt,reassign_blocked:v26_2_foreign_policy_to_competitor_overseas,,N:foreign_policy,
정부_국회,정부/국회,구글,"개인정보위, 지역 AI데이터 활용 확대 방안 논의",디지털투데이,디지털투데이,"Thu, 02 Jul 2026 07:40:00 GMT","Thu, 02 Jul 2026 07:40:00 GMT","개인정보위, 지역 AI데이터 활용 확대 방안 논의 디지털투데이","개인정보위, 지역 AI데이터 활용 확대 방안 논의 스크롤 이동 상태바 개인정보위, 지역 AI데이터 활용 확대 방안 논의 [디지털투데이 황치규 기자]개인정보보호위원회는 2일 광주테크노파크(광주TP)와 인공지능산업융합사업단(AICA)을 방문, 전남·광주 지역 현장 인공지능(AI) 의료·헬스케어 분야 기업·기관 및 연구자들과 간담회를 개최했다. 먼저 송경희 개인정보위 위원장은 광주테크노파크에서 인공지능 의료·헬스케어 분야 기업·기관 및 연구자들과 데이터 혁신 활용 현장 간담회를 가졌다. 참석자들은 ▲가명정보 결합 및 처리 절차 간소화, ▲가명정보 활용지원센터 신규 설치 요청, ▲지역 연구기관·기업을 위한 가명정보 활용 컨설팅 확대 등 지역 현장의 데이터 활용 활성화를 위한 다양한 의견을 제안했다. 송 위원장은 이어 광주테크노파크 개인정보 이노베이션 존을 방문하여 시설과 운영 상황을 점검했다. 광주테크노파크는 개인정보 이노베이션 존을 통해 호남권 의료·헬스케어 산업에 필요한 데이터의 심층 분석 및 종단 연구를 지원하기 위해 지역 거점 병원인 전남대 병원과 조선대 병원을 비롯한 전남·광주 지역 병·의원, 연구기관, 기업 등과 협력체계를 구축하고 있다. 개인정보위는 인공지능 기술 발전에 따라 고품질 데이터와 안전한 분석환경에 대한 수요가 빠르게 증가하고 있는 만큼, 관계기관과 협력해 신뢰 기반 데이터 활용 환경을 조성해 나갈 방침이다. 송경희 개인정보위 위원장은 “인공지능 시대에는 양질의 데이터를 많이 확보하는 것만큼이나, 데이터를 안전하고 책임 있게 활용할 수 있는 역량이 중요하다”라며 “전남·광주 지역 인공지능 의료·헬스케어 연구와 산업 혁신이 개인정보 보호에 대한 국민 신뢰를 확보하며 추진될 수 있도록 적극 지원하겠다”고 말했다. 리튬 시대 끝낼까…CATL, 세계 첫 실증 나트륨 이온 배터리 ESS 공개 '초저가 AI' 딥시크의 변심…7월부터 피크 시간 요금 2배 인상 영국, 암호화폐 전면 규제 확정…거래소·수탁·스테이블코인 한 틀로 관리 클래리티 법안 7월 처리 분수령…美 암호화폐 규제 향방 갈린다 갤럭시리서치, 美 클래리티법 2026년 통과 전망 60%→50% 하향…7월 표결 분수령 삼성 '와이드 폴더블' 또 유출…갤럭시 Z 폴드8 실물 윤곽 드러났다 [단독] 위메이드 '나이트 크로우', 중국 외자판호 획득…진출 본격화 리튬 시대 끝낼까…CATL, 세계 첫 실증 나트륨 이온 배터리 ESS 공개 리튬 시대 끝낼까…CATL, 세계 첫 실증 나트륨 이온 배터리 ESS 공개 '초저가 AI' 딥시크의 변심…7월부터 피크 시간 요금 2배 인상 영국, 암호화폐 전면 규제 확정…거래소·수탁·스테이블코인 한 틀로 관리 클래리티 법안 7월 처리 분수령…美 암호화폐 규제 향방 갈린다 갤럭시리서치, 美 클래리티법 2026년 통과 전망 60%→50% 하향…7월 표결 분수령 삼성 '와이드 폴더블' 또 유출…갤럭시 Z 폴드8 실물 윤곽 드러났다 [단독] 위메이드 '나이트 크로우', 중국 외자판호 획득…진출 본격화 리튬 시대 끝낼까…CATL, 세계 첫 실증 나트륨 이온 배터리 ESS 공개 '초저가 AI' 딥시크의 변심…7월부터 피크 시간 요금 2배 인상 영국, 암호화폐 전면 규제 확정…거래소·수탁·스테이블코인 한 틀로 관리 클래리티 법안 7월 처리 분수령…美 암호화폐 규제 향방 갈린다 갤럭시리서치, 美 클래리티법 2026년 통과 전망 60%→50% 하향…7월 표결 분수령 삼성 '와이드 폴더블' 또 유출…갤럭시 Z 폴드8 실물 윤곽 드러났다 [단독] 위메이드 '나이트 크로우', 중국 외자판호 획득…진출 본격화",1751,bs4_selector,86.0,category_reassign_blocked_max:경쟁사_해외이슈:v26_2_foreign_policy_to_competitor_overseas,129.0,True,False,https://news.google.com/rss/articles/CBMic0FVX3lxTFBQelBJTDNwbGNCS2s3TXJCcDR6OGxvNUdVV2k5VFY4Znhfc2d3VFBGYmMxRkczSmZyS3pKMHQtTFBNd21yMGZUVlJJR3ZHTmdteDlUck5ic0xiWXFoY2haV2xEUXU3bWNVY2lwM2lPMEFTR0U?oc=5,https://www.digitaltoday.co.kr/news/articleView.html?idxno=680665,142.5,"ai_infrastructure_security,digital_asset_stablecoin,platform_obligation,policy_legislation,stablecoin",stablecoin_legislation,2026-07-02,meta:article:published_time,original_date_recent,1,217.7,,61.0,global_incident:platform_regulation:digital_asset_sector:platform_data_protection_obligation:policy_change,global_incident:platform_regulation:digital_asset_sector:platform_data_protection_obligation,56.0,government:platform_obligation,Y,,ok,http_200,body_valid,I056,global_incident:platform_regulation:platform_sector:platform_data_protection_obligation,government_ai_core_policy,GOV_AI_DIGITAL_POLICY,404.0,OFF_TOPIC,GOV_AI_CORE_POLICY,COMP_OVERSEAS_REGULATION_DATA,other,정부_국회,COMPETITOR_PLATFORM_RISK,comp_overseas_regulation_data,global_incident:platform_regulation:platform_sector:platform_data_protection_obligation,global_incident:platform_regulation:platform_sector:platform_data_protection_obligation,카카오가 경쟁사 전략·리스크·AI/플랫폼 대응을 비교 참고할 이슈,4.0,3.0,4.0,로컬 보조 라벨 / v26.2: overseas structural industry candidate,로컬 보조 라벨 / 로컬 보조 라벨 / v26.2: overseas structural industry candidate / v26: 카카오 직접 주체가 없어 자사 섹션 제외/재분류,issue_selected,구글,경쟁사/해외이슈,경쟁사_해외이슈,정부_국회,정부_국회,정부/국회,9.0,본문추출성공,issue_representative_attempt,reassign_blocked:v26_2_foreign_policy_to_competitor_overseas,,N:foreign_policy,
경쟁사_해외이슈,경쟁사/해외이슈,구글,"SK텔레콤, 'T 우주'에서 제미나이·클라우드 결합 '구글 AI 플랜' 출시",라이센스뉴스,라이센스뉴스,"Fri, 03 Jul 2026 01:48:45 GMT","Fri, 03 Jul 2026 01:48:45 GMT","SK텔레콤, 'T 우주'에서 제미나이·클라우드 결합 '구글 AI 플랜' 출시 라이센스뉴스","라이센스뉴스 = 백성요 기자 | SK텔레콤이 구독 플랫폼 'T 우주'에서 구글 AI 서비스를 구독하면 할인을 제공하는 '구글 AI 플랜' 3종을 선보인다. 신규 요금제 '베스트 프로'와 '베스트 맥스' 이용 고객에게 AI와 OTT 혜택을 묶어서 제공하는 자사 고객 상품도 새롭게 출시했다. SK텔레콤은 ▲구글 AI 프로 ▲구글 AI 플러스(2TB) ▲구글 AI 플러스(400GB) 등 총 3종의 '구글 AI 플랜'을 출시했다고 3일 밝혔다. 구글의 AI '제미나이'를 사용할 수 있고 클라우드 스토리지 용량도 확대한 서비스다. 'T 우주'는 이용하는 통신사와 관계없이 누구나 가입하고 이용할 수 있는 SK텔레콤의 구독 플랫폼이다. T 우주를 통해 '구글 AI 플랜'을 구독하면 구글 AI 프로는 정가 대비 2100원 할인된 월 2만 6900원에 이용할 수 있다. 구글 AI 플러스(2TB)는 100원 할인된 월 1만 900원, 구글 AI 플러스(400GB)는 600원 할인된 월 6900원이다. SK텔레콤 고객에게만 제공되는 혜택도 있다. 신규 요금제 '베스트 프로'와 '베스트 맥스'를 이용하면 '구글 AI 플랜'과 유튜브 프리미엄, 넷플릭스, 디즈니+, 티빙, 웨이브 등 OTT 5종 중 하나를 선택해 추가 혜택을 제공한다. 최상위 요금제인 베스트 맥스는 월 12만 9000원, 베스트 프로는 월 11만 9000원이다. 이승하 SKT 프로덕트 담당은 “T 우주 ‘구글 AI 플랜’ 구독 상품 출시를 통해 고객이 최고 수준의 AI 서비스를 보다 합리적인 조건으로 이용할 수 있을 것으로 기대한다”며, “SKT는 향후에도 고객이 체감할 수 있는 실질적인 혜택을 지속 확대해 나갈 것”이라고 밝혔다. 본 기사는 영어, 일본어, 중국어로 볼 수 있습니다. 번역을 원한다면 해당 국가 국기 이모티콘을 클릭하시기 바랍니다. This news is available in English, Japanese, Chinese and Korean. For translation please click on the national flag emoticon.",1029,trafilatura,70.0,relevance_failed:v43_weak_filler_or_distant_industry,26.5,True,False,https://news.google.com/rss/articles/CBMia0FVX3lxTE1XalB1WmFaVmhmZWlPamw5TGJPS1UzX0FVNjFXVkZuNGNFTG9IbkRYekNlLVhSQ1RURkJLRF9hTVBxVkMxQUV6V0tCX1RsV1F6a0MzTDBDR3hkRFQ1OHBmdzNVZHF6U3hlOVlr?oc=5,https://www.lcnews.co.kr/news/articleView.html?idxno=204385,322.5,"ai_agent,ai_infrastructure_security,market_power_platform,self_pr_promo",ai_infrastructure_security,2026-07-03,json_ld:datePublished,original_date_recent,4,123.55,,0.0,global_incident:platform_regulation:tving:platform_regulation:general,global_incident:platform_regulation:tving:platform_regulation,0.0,,,,ok,http_200,body_valid,I007,comp_domestic_ai_platform:sk텔레콤 t 우주 에서 제미나이 클라우드 결합 구글 ai 플랜 출시,comp_domestic_ai_platform,COMPETITOR_AI_STRATEGY,631.5,,,COMP_DOMESTIC_AI_PLATFORM,mixed,경쟁사_해외이슈,COMPETITOR_AI_STRATEGY,comp_domestic_ai_platform,comp_domestic_ai_platform:sk텔레콤 t 우주 에서 제미나이 클라우드 결합 구글 ai 플랜 출시,comp_domestic_ai_platform:sk텔레콤 t 우주 에서 제미나이 클라우드 결합 구글 ai 플랜 출시,카카오가 경쟁사 전략·리스크·AI/플랫폼 대응을 비교 참고할 이슈,4.0,4.0,5.0,로컬 보조 라벨 / v26.2: overseas structural industry candidate,로컬 보조 라벨 / v26.2: overseas structural industry candidate,issue_selected,구글,경쟁사/해외이슈,경쟁사_해외이슈,경쟁사_해외이슈,경쟁사_해외이슈,경쟁사/해외이슈,12.0,본문추출성공,issue_representative_attempt,pass:competitor_guardrail_pass,pass:representative_aligned,,
경쟁사_해외이슈,경쟁사/해외이슈,구글,"SK텔레콤, 가성비 5G폰 ‘갤럭시 와이드9’ 단독 출시… T우주 ‘구글 AI 플랜’도 공개",뉴스티앤티,뉴스티앤티,"Fri, 03 Jul 2026 00:33:01 GMT","Fri, 03 Jul 2026 00:33:01 GMT","SK텔레콤, 가성비 5G폰 ‘갤럭시 와이드9’ 단독 출시… T우주 ‘구글 AI 플랜’도 공개 뉴스티앤티","40만 원대 대화면·대용량 배터리 탑재… T우주 전용 구글 AI 구독 상품, 최대 월 2,100원 할인 SK텔레콤은 가성비 5G 스마트폰 ‘갤럭시 와이드9’을 자사 채널 단독으로 출시하고, 구독 플랫폼 T 우주에서 구글의 AI 구독 서비스 ‘구글 AI 플랜’을 공개했다고 3일 밝혔다. 단말과 AI 구독 확대를 통해 보급형 단말층과 AI 서비스 수요를 동시에 공략한다는 전략이다. 이미지2. SKT 갤럭시 와이드9 단독 출시 SK텔레콤은 3일부터 공식 온라인몰 T다이렉트샵과 오프라인 T월드에서 ‘갤럭시 와이드9’을 단독 판매한다. 출고가는 46만 9,700원이며, 5,000mAh 대용량 배터리(최대 25W 고속충전), 6.7인치 슈퍼 아몰레드 디스플레이(90Hz), 5,000만 화소 메인 카메라(손떨림 보정), 6GB RAM 및 128GB 저장공간(마이크로SD 최대 2TB 지원), 안드로이드 16을 탑재했다. 전작 대비 무게는 192g으로 줄었고 두께는 7.5mm로 얇아졌다. 자녀 스마트폰 관리 앱인 'ZEM'이 기본 탑재됐으며, T다이렉트샵 구매 고객에게는 다이소 3만 원 상품권, 루메나 탁상용 무선 선풍기 등 T기프트 혜택이 제공된다. 와이드 시리즈는 2016년 첫 출시 이후 SKT 전용 중저가 라인업으로 자리매김해왔다. 같은 날 SKT는 구독 서비스 플랫폼 ‘T 우주’에서 구글 AI 구독상품 ‘구글 AI 플랜(Google AI Plans)’을 선보였다. 라인업은 ▲구글 AI 프로 ▲구글 AI 플러스(2TB) ▲구글 AI 플러스(400GB) 등 3종으로 구성됐다. 제미나이(Gemini), Nano Banana, NotebookLM 등 구글의 최신 AI 기능과 앱 내 제미나이 기능을 확장된 클라우드 스토리지와 함께 제공한다. 특히 엔트리 제품인 ‘구글 AI 플러스(400GB)’를 T 우주에서 단독으로 할인 판매해 AI 서비스 접근성을 높였다. T 우주 이용자는 통신사에 관계없이 정가 대비 최대 월 2,100원까지 할인된 가격으로 구독 가능하다(구글 AI 프로: 월 2만 6,900원, 구글 AI 플러스(2TB): 월 1만 900원, 구글 AI 플러스(400GB): 월 6,900원). SKT, T 우주 구글 AI 플랜 출시_ 또한 SKT는 지난 2일 출시된 신규 요금제 ‘베스트 프로’·‘베스트 맥스’ 가입자에게 구글 AI 플랜과 함께 유튜브 프리미엄, 넷플릭스, 디즈니+ 등 주요 OTT 중 하나를 선택할 수 있는 번들 혜택을 제공해 요금제 경쟁력을 강화했다. 윤명원 SKT 채널&디바이스 담당은 “갤럭시 와이드 시리즈는 지난 10년간 검증된 가성비 대표 라인업으로, 합리적 가격에 알찬 스펙을 제공해 고객 선택지를 넓히겠다”고 말했다. 이승하 SKT 프로덕트 담당은 “T 우주 구글 AI 플랜 출시로 고객이 최고 수준의 AI 서비스를 보다 합리적으로 이용할 수 있게 됐다”고 밝혔다.",1406,newspaper3k,84.0,relevance_failed:v43_weak_filler_or_distant_industry,73.5,True,False,https://news.google.com/rss/articles/CBMiakFVX3lxTE5iX0pLcHlqRGxHaWY1VkFfZTN1UDJGRGJmT3dKNlRJWjlLQ293cDdwdTNvM056M2lHMDZRU0h3TEZzb0lOZGNwYnJpdkl2NzI3VnFDQjJjUEp6cWZEMGZlY0Rvc1NNNFVJaHc?oc=5,https://www.newstnt.com/news/articleView.html?idxno=708808,317.75,"ai_agent,ai_infrastructure_security,market_power_platform,platform_obligation,policy_legislation,self_pr_promo",ai_infrastructure_security,2026-07-03,json_ld:datePublished,original_date_recent,5,166.05,,7.0,global_incident:platform_regulation:google:platform_content_moderation_obligation:announcement,global_incident:platform_regulation:google:platform_content_moderation_obligation,24.0,competitor:platform_obligation,Y,,ok,http_200,body_valid,I008,comp_domestic_ai_platform:sk텔레콤 가성비 5g폰 갤럭시 와이드9 단독 출시 t우주 구글 ai 플랜도 공개,comp_domestic_ai_platform,COMPETITOR_AI_STRATEGY,631.5,,,COMP_DOMESTIC_AI_PLATFORM,mixed,경쟁사_해외이슈,COMPETITOR_AI_STRATEGY,comp_domestic_ai_platform,comp_domestic_ai_platform:sk텔레콤 가성비 5g폰 갤럭시 와이드9 단독 출시 t우주 구글 ai 플랜도 공개,comp_domestic_ai_platform:sk텔레콤 가성비 5g폰 갤럭시 와이드9 단독 출시 t우주 구글 ai 플랜도 공개,카카오가 경쟁사 전략·리스크·AI/플랫폼 대응을 비교 참고할 이슈,4.0,4.0,5.0,로컬 보조 라벨 / v26.2: overseas structural industry candidate,로컬 보조 라벨 / v26.2: overseas structural industry candidate,issue_selected,구글,경쟁사/해외이슈,경쟁사_해외이슈,경쟁사_해외이슈,경쟁사_해외이슈,경쟁사/해외이슈,12.0,본문추출성공,issue_representative_attempt,pass:competitor_guardrail_pass,pass:representative_aligned,,
경쟁사_해외이슈,경쟁사/해외이슈,구글,"SK텔레콤 'T 우주', 구글 AI 구독 서비스 '구글 AI 플랜' 출시",네이트,네이트,"Thu, 02 Jul 2026 23:37:00 GMT","Thu, 02 Jul 2026 23:37:00 GMT","SK텔레콤 'T 우주', 구글 AI 구독 서비스 '구글 AI 플랜' 출시 네이트","SK텔레콤은 신규 구독 서비스 '구글 AI 플랜'을 출시했다고 3일 밝혔다. 사진=SK텔레콤 제공 [데일리한국 장정우 기자] SK텔레콤은 구독 서비스 플랫폼 'T 우주'에서 구글 AI 구독 서비스 '구글 AI(인공지능) 플랜'을 출시했다고 3일 밝혔다. 구글 AI 플랜은 △구글 AI 프로 △구글 AI 플러스(2TB) △구글 AI 플러스(400) 등 3종이다. 특히 구글 AI 플러스(400)를 T 우주를 통해 기존보다 할인된 가격에 제공한다. SKT는 T 우주 고객이라면 통신사 관계없이 누구나 정가 대비 월 최대 2100원 할인된 가격으로 구글 AI 플랜을 구독할 수 있도록 했다. SKT 고객의 경우 지난 2일 출시된 신규 요금제 '베스트 프로(Pro)'와 '베스트 맥스(Max)' 이용 고객에게 AI와 OTT(온라인 동영상 서비스) 혜택을 묶어 제공한다. 구글 AI 플랜과 함께 유튜브 프리미엄, 넷플릭스, 디즈니+, 티빙, 웨이브 등 OTT 5종 중 하나를 선택해 추가 혜택을 받을 수 있다. 이승하 SKT 프로덕트 담당은 ""T 우주 구글 AI 플랜 구독 상품 출시를 통해 고객이 최고 수준의 AI 서비스를 보다 합리적인 조건으로 이용할 수 있을 것으로 기대한다""며 ""SKT는 향후에도 고객이 체감할 수 있는 실질적인 혜택을 지속 확대해 나갈 것""이라고 밝혔다.",655,newspaper3k,55.0,relevance_failed:v43_weak_filler_or_distant_industry,63.5,True,False,https://news.google.com/rss/articles/CBMiU0FVX3lxTE5rQVZ0cDNlVXAzM1FfckdIQjZ4cWxLWnAtVVBRNUxOR2prZ1hKbEtBQjFxc0dVeFBwa2ZBMXhYZnFMX2JWN0NsUzA2bFFZYmJpcDIw?oc=5,https://news.nate.com/view/20260703n04719,316.5,"ai_infrastructure_security,market_power_platform,platform_obligation,self_pr_promo",ai_infrastructure_security,2026-07-03,url_date,original_date_recent,2,120.95,,7.0,global_incident:platform_regulation:tving:platform_content_moderation_obligation:general,global_incident:platform_regulation:tving:platform_content_moderation_obligation,24.0,competitor:platform_obligation,Y,,ok,http_200,body_valid,I009,comp_domestic_ai_platform:sk텔레콤 t 우주 구글 ai 구독 서비스 구글 ai 플랜 출시,comp_domestic_ai_platform,COMPETITOR_AI_STRATEGY,631.5,,,COMP_DOMESTIC_AI_PLATFORM,mixed,경쟁사_해외이슈,COMPETITOR_AI_STRATEGY,comp_domestic_ai_platform,comp_domestic_ai_platform:sk텔레콤 t 우주 구글 ai 구독 서비스 구글 ai 플랜 출시,comp_domestic_ai_platform:sk텔레콤 t 우주 구글 ai 구독 서비스 구글 ai 플랜 출시,카카오가 경쟁사 전략·리스크·AI/플랫폼 대응을 비교 참고할 이슈,4.0,4.0,5.0,로컬 보조 라벨 / v26.2: overseas structural industry candidate,로컬 보조 라벨 / v26.2: overseas structural industry candidate,issue_selected,구글,경쟁사/해외이슈,경쟁사_해외이슈,경쟁사_해외이슈,경쟁사_해외이슈,경쟁사/해외이슈,12.0,본문추출성공,issue_representative_attempt,pass:competitor_guardrail_pass,pass:representative_aligned,,
경쟁사_해외이슈,경쟁사/해외이슈,구글,"SK텔레콤, 3일부터 '구글 AI 플랜' 구독 서비스 출시",뉴스퀘스트,뉴스퀘스트,"Fri, 03 Jul 2026 00:38:36 GMT","Fri, 03 Jul 2026 00:38:36 GMT","SK텔레콤, 3일부터 '구글 AI 플랜' 구독 서비스 출시 뉴스퀘스트","SK텔레콤, 3일부터 '구글 AI 플랜' 구독 서비스 출시 구글 최신 AI 기능과 클라우드 용량 확대된 3종 구독 상품 선봬 엔트리급 AI 구독 상품 국내 최초 할인 제공으로 부담 완화 【뉴스퀘스트=김민수 기자】SK텔레콤(대표이사 CEO 정재헌)이 3일 구독 서비스 플랫폼 ‘T 우주’에서 구글 AI 구독 서비스 ‘구글 AI 플랜(Google AI Plans)’을 출시했다. 이번에 선보인 ‘구글 AI 플랜’은 제미나이(Gemini) 등 구글의 최신 AI 기능과 모델을 더 높은 사용량 한도와 함께 제공하며, 클라우드 스토리지 용량도 확대된 것이 특징이다. SK텔레콤은 ‘구글 AI 프로’, ‘구글 AI 플러스(2TB)’, ‘구글 AI 플러스(400GB)’ 등 총 3종의 상품을 마련해, 국내 통신사 및 구독 플랫폼 중 가장 다양한 ‘구글 AI 플랜’ 라인업을 갖추게 됐다. 특히 ‘구글 AI 플러스(400GB)’는 T 우주에서 단독으로 할인된 가격에 제공되며, 엔트리급 AI 구독 상품을 구독 플랫폼에서 선보이는 것은 국내 최초다. 이를 통해 고객들은 부담 없이 AI 서비스를 시작할 수 있다. T 우주를 이용하는 고객은 통신사와 관계없이 ‘구글 AI 플랜’을 정가 대비 월 최대 2100원 할인된 가격에 구독할 수 있다. 구체적으로 구글 AI 프로는 월 2만6900원, 구글 AI 플러스(2TB)는 월 1만900원, 구글 AI 플러스(400GB)는 월 6900원에 각각 제공된다. 또한 SK텔레콤은 7월 2일 출시된 신규 요금제 ‘베스트 프로(Pro)’와 ‘베스트 맥스(Max)’ 이용 고객을 위한 추가 혜택도 마련했다. 해당 요금제 가입자는 ‘구글 AI 플랜’과 함께 유튜브 프리미엄, 넷플릭스, 디즈니+, 티빙, 웨이브 등 5종의 OTT 서비스 중 하나를 선택해 추가 혜택을 받을 수 있다. 이승하 SK텔레콤 프로덕트 담당은 “이번 ‘구글 AI 플랜’ 출시를 통해 고객들이 최고 수준의 AI 서비스를 합리적으로 이용할 수 있을 것으로 기대한다”고 밝히며 “앞으로도 고객이 체감할 수 있는 실질적인 혜택을 지속적으로 확대해 나가겠다”고 전했다. <세상을 보는 바른 눈 '뉴스퀘스트'>",1057,trafilatura,70.0,relevance_failed:v43_weak_filler_or_distant_industry,26.5,True,False,https://news.google.com/rss/articles/CBMic0FVX3lxTE5OUnQtWV9wSFZ3Z0FDcEdzeFJoM0haTWhBd2VrUFk5d1hHaGxETWFYR2Z2bVZWNFc4b3FMQ2VKMUxlN3VfemVpSDMzVnBtWGt4eS13M20yRDgxV2lfR2h3aEl6LVpxWWM4WUx3SHhNeGFKcmfSAXNBVV95cUxOTlJ0LVlfcEhWd2dBQ3BHc3hSaDNIWk1oQXdla1BZOXdYR2hsRE1hWEdmdm1WVjRXOG9xTENlSjFMZTd1X3plaUgzM1ZwbVhreHktdzNtMkQ4MVdpX0dod2hJei1acVljOFlMd0h4TXhhSnJn?oc=5,https://www.newsquest.co.kr/news/articleViewAmp.html?idxno=269045,316.5,"ai_agent,ai_infrastructure_security,market_power_platform,self_pr_promo",ai_infrastructure_security,2026-07-03,json_ld:datePublished,original_date_recent,2,123.55,,7.0,global_incident:platform_regulation:tving:platform_regulation:general,global_incident:platform_regulation:tving:platform_regulation,0.0,,,,ok,http_200,body_valid,I010,comp_domestic_ai_platform:sk텔레콤 3일부터 구글 ai 플랜 구독 서비스 출시,comp_domestic_ai_platform,COMPETITOR_AI_STRATEGY,631.5,,,COMP_DOMESTIC_AI_PLATFORM,mixed,경쟁사_해외이슈,COMPETITOR_AI_STRATEGY,comp_domestic_ai_platform,comp_domestic_ai_platform:sk텔레콤 3일부터 구글 ai 플랜 구독 서비스 출시,comp_domestic_ai_platform:sk텔레콤 3일부터 구글 ai 플랜 구독 서비스 출시,카카오가 경쟁사 전략·리스크·AI/플랫폼 대응을 비교 참고할 이슈,4.0,4.0,5.0,로컬 보조 라벨 / v26.2: overseas structural industry candidate,로컬 보조 라벨 / v26.2: overseas structural industry candidate,issue_selected,구글,경쟁사/해외이슈,경쟁사_해외이슈,경쟁사_해외이슈,경쟁사_해외이슈,경쟁사/해외이슈,12.0,본문추출성공,issue_representative_attempt,pass:competitor_guardrail_pass,pass:representative_aligned,,
정부_국회,정부/국회,네이버,"네이버, 하반기 엔비디아 동맹·두나무 합병 모멘텀",알파경제,알파경제,"Thu, 02 Jul 2026 23:42:43 GMT","Thu, 02 Jul 2026 23:42:43 GMT","네이버, 하반기 엔비디아 동맹·두나무 합병 모멘텀 알파경제","[알파경제 = 김혜실 기자] 네이버가 올해 2분기 시장 기대치에 부합하는 견조한 실적을 유지하는 가운데, 하반기 엔비디아와의 인공지능(AI) 팩토리 신사업 및 두나무 합병 절차 가시화에 따른 본격적인 주가 재평가 모멘텀이 기대된다. 메리츠증권은 3일 네이버 올해 2분기 연결 기준 매출액은 전년 동기 대비 15.2% 증가한 3조3576억원, 영업이익은 9.0% 늘어난 5686억원으로 기존 추정치를 유지했다. 2분기 전반적인 사업 흐름은 1분기와 유사하나, 6월 중 올림픽 시청을 위해 '치지직'으로 유입된 멤버십 회원들이 커머스로 유입되었고, '삼성전자 감사제' 등 사전 물량 확보 효과가 더해지며 거래액이 크게 상승했다. 하반기에는 지난 6월 8일 발표한 엔비디아와의 글로벌 AI 팩토리 공동 사업이 기대요인으로 작용할 전망이다. 네이버는 이번 협업을 통해 기존 B2C에 편중되어 있던 자본 배분 및 사업 구조를 B2B 중심으로 전격 전환할 예정이다. 이효진 연구원은 ""그동안 네이버의 사업적 결정이 투자자를 실망시켰던 것과 달리 이번 신사업은 시장의 수요에 대응한다는 측면에서 긍정적으로 해석한다""라며 ""다만 최종 1GW 완공 시점이 2032년으로 장기 프로젝트인 만큼, 하반기 공정공시를 통해 파트너사 및 고객사 라인업이 얼마나 빠르게 가시화되느냐가 주가 반등의 첫 단추가 될 것""이라고 평가했다. 이 연구원은 ""공정공시를 통한 AI팩토리 파트너사/고객 가시화, 디지털자산 2단계 입법과 이후 두나무 합병이 진행되면 네이버의 2027년 이후 그림이 보다 명확해지며 주가가 본격적으로 반영할 것""으로 예상했다. 알파경제 김혜실 기자 (kimhs211@alphabiz.co.kr) 김혜실 기자 kimhs211@alphabiz.co.kr [특파원] LINE 야후, ‘LINE’ 슈퍼 앱으로 대개편…결제·AI·쇼핑 통합 플랫폼 도약 김주형, 존디어 클래식 1R 공동 21위 출발 십센치, 신곡 '일말의 가능성' 발매 지드래곤, 제48차 유네스코 세계유산위원회 홍보대사 위촉 니쥬, 日 첫 베스트 앨범 오리콘 1위 등극 엑셀세라퓨틱스, 日 카티스템 상업화 위한 생산 인프라 확충 ""저녁 장사 1시간 날렸다""…배민 1시간 먹통에 멀쩡한 식당 '강제 휴업' 눈밑이 먼저 늙는다? 눈밑지방재배치와 하안검, 증상에 맞는 선택이 중요 삼성증권, 거래대금 급증 최대 수혜주...'깜짝 실적' 전망 여름철 비절개모발이식, 생착률 떨어질까? 계절보다 중요한 것은 사후관리 [특파원] LINE 야후, ‘LINE’ 슈퍼 앱으로 대개편…결제·AI·쇼핑 통합 플랫폼 도약 김주형, 존디어 클래식 1R 공동 21위 출발 지드래곤, 제48차 유네스코 세계유산위원회 홍보대사 위촉 엑셀세라퓨틱스, 日 카티스템 상업화 위한 생산 인프라 확충 ""저녁 장사 1시간 날렸다""…배민 1시간 먹통에 멀쩡한 식당 '강제 휴업' 눈밑이 먼저 늙는다? 눈밑지방재배치와 하안검, 증상에 맞는 선택이 중요 삼성증권, 거래대금 급증 최대 수혜주...'깜짝 실적' 전망 여름철 비절개모발이식, 생착률 떨어질까? 계절보다 중요한 것은 사후관리 일본 [특파원] LINE 야후, ‘LINE’ 슈퍼 앱으로 대개편…결제·AI·쇼핑 통합 플랫폼 도약 일본 SOMPO홀딩스(8630 JP), 세계 인지도 높이기 위한 글로벌 파트너십 체결 일본 아사히카세이(3407 JP), AI 반도체 수요에 맞춰 패키지 기판 소재 가공 강화 일본 [특파원] LINE 야후, ‘LINE’ 슈퍼 앱으로 대개편…결제·AI·쇼핑 통합 플랫폼 도약 일본 SOMPO홀딩스(8630 JP), 세계 인지도 높이기 위한 글로벌 파트너십 체결 SOMPO홀딩스(8630 JP), 세계 인지도 높이기 위한 글로벌 파트너십 체결 일본 아사히카세이(3407 JP), AI 반도체 수요에 맞춰 패키지 기판 소재 가공 강화 아사히카세이(3407 JP), AI 반도체 수요에 맞춰 패키지 기판 소재 가공 강화 [특파원] 일본 세수 첫 84조엔 돌파…6년 연속 사상 최고 [분석] 메타發 'AI 과잉투자' 쇼크…삼성·SK하이닉스 동반 폭락 장인화 포스코, 철강·리튬·에너지 중심의 사업 재편…2035년 매출 187조 달성 목표 [특파원]맘스터치, 4년만에 싱가포르 전격 재진출…아시아 영토 확장 '몸값 1조' 노린다 8000피 깨졌다…코스피, 5.8% 급락에 매도 사이드카 발동 [공시분석] 국민연금, DB하이텍에 740억 베팅…'지분율 8.42%'로 확대한 속내는? [현장] 결제 먹통·중복 출금·반값 환율까지…토스, 총체적 부실 논란 [특파원] ​미래에셋증권 美법인, 시세조종 감시 부실 징계…'스페이스X 사태' 이어 겹악재 [데스크] 에코프로비엠, '깜깜이' 1.2조 투자에 주주 분노 폭발…금감원 압박카드 꺼낸다 [특파원] 중국·인도 대신 한국으로…글로벌 금융자본 선호도 1년 만에 21%→50% 급증 [특파원] 일본 세수 첫 84조엔 돌파…6년 연속 사상 최고 [분석] 메타發 'AI 과잉투자' 쇼크…삼성·SK하이닉스 동반 폭락 장인화 포스코, 철강·리튬·에너지 중심의 사업 재편…2035년 매출 187조 달성 목표 [특파원]맘스터치, 4년만에 싱가포르 전격 재진출…아시아 영토 확장 '몸값 1조' 노린다 8000피 깨졌다…코스피, 5.8% 급락에 매도 사이드카 발동 [공시분석] 국민연금, DB하이텍에 740억 베팅…'지분율 8.42%'로 확대한 속내는? [현장] 결제 먹통·중복 출금·반값 환율까지…토스, 총체적 부실 논란 [특파원] ​미래에셋증권 美법인, 시세조종 감시 부실 징계…'스페이스X 사태' 이어 겹악재 [데스크] 에코프로비엠, '깜깜이' 1.2조 투자에 주주 분노 폭발…금감원 압박카드 꺼낸다 [특파원] 중국·인도 대신 한국으로…글로벌 금융자본 선호도 1년 만에 21%→50% 급증 Samsung, SK and Other Major Korean Companies to Invest KRW 392 Trillion in Chungcheong AI and Semiconductor Hub Hyosung Heavy Industries Wins KRW 310 Billion Long-Term Grid Equipment Supply Deal in Australia Police Probe Points to Possible Cleaning Work Trigger in Hanwha Aerospace Factory Explosion That Killed 7 Paris Baguette Acquires 100% Ownership of Malaysia JV After Buying Out Local Partner Hyundai Mobis Sells Overseas Bumper Business to Korean Auto Parts Trio in KRW 500 Billion Deal IGIS Asset Management Selected as Preferred Bidder for KRW 1 Trillion Kate Twin Towers Deal in Seoul CBD Samsung, SK and Other Major Korean Companies to Invest KRW 392 Trillion in Chungcheong AI and Semiconductor Hub Hyosung Heavy Industries Wins KRW 310 Billion Long-Term Grid Equipment Supply Deal in Australia Police Probe Points to Possible Cleaning Work Trigger in Hanwha Aerospace Factory Explosion That Killed 7 Paris Baguette Acquires 100% Ownership of Malaysia JV After Buying Out Local Partner Hyundai Mobis Sells Overseas Bumper Business to Korean Auto Parts Trio in KRW 500 Billion Deal IGIS Asset Management Selected as Preferred Bidder for KRW 1 Trillion Kate Twin Towers Deal in Seoul CBD",3995,bs4_selector,86.0,relevance_failed:v43_not_government_policy,72.5,True,False,https://news.google.com/rss/articles/CBMibkFVX3lxTFA0Wm51c01ORmlFN2JWakE5dHF3QkltUEhGTFdnb1hmMTQwTEdMQ2ZIdDh2TzRkMWZGTDF6SUZKLXBjMWdfWUktQUtxYURqYzZKdTBmUThsT1RTMEpSS1hzOEtWand1SDB0Z2RTR3Bn?oc=5,https://www.alphabiz.co.kr/news/articleView.html?idxno=162507,339.0,"ai_infrastructure_security,digital_asset_stablecoin,dunamu_stake,earnings,financial_performance,market_power_platform,platform_obligation,policy_legislation,privacy_security_reliability,strategy_mna_governance",dunamu_merger_exchange,2026-07-03,json_ld:datePublished,original_date_recent,4,178.15,privacy_security:naver:service_outage:initial_investigation_response,7.0,global_incident:platform_enforcement:naver:deceptive_membership_price_ad:investigation_review,global_incident:platform_enforcement:naver:deceptive_membership_price_ad,32.0,government:platform_obligation,Y,,ok,http_200,body_valid,I011,global_incident:mna_capital:naver:dunamu_upbit_capital,comp_domestic_ai_platform,COMPETITOR_AI_STRATEGY,626.0,,,COMP_DOMESTIC_AI_PLATFORM,domestic,경쟁사_해외이슈,COMPETITOR_AI_STRATEGY,comp_domestic_strategy,global_incident:mna_capital:naver:dunamu_upbit_capital,global_incident:mna_capital:naver:dunamu_upbit_capital,카카오가 경쟁사 전략·리스크·AI/플랫폼 대응을 비교 참고할 이슈,4.0,4.0,5.0,로컬 보조 라벨 / v26.2: overseas structural industry candidate,로컬 보조 라벨 / v26.2: overseas structural industry candidate,issue_selected,네이버,경쟁사/해외이슈,경쟁사_해외이슈,경쟁사_해외이슈,정부_국회,정부/국회,12.0,본문추출성공,issue_representative_attempt,reassign:v27_korean_official_platform_enforcement_to_gov:platform_enforcement:naver:deceptive_membership_price_ad,pass:representative_aligned,,경쟁사_해외이슈->정부_국회:v27_korean_official_platform_enforcement_to_gov:platform_enforcement:naver:deceptive_membership_price_ad
정부_국회,정부/국회,EU 규제,"EU, 데이터센터 탄소 배출 규제 완화…빅테크 요구 반영",네이트,네이트,"Fri, 03 Jul 2026 01:52:00 GMT","Fri, 03 Jul 2026 01:52:00 GMT","EU, 데이터센터 탄소 배출 규제 완화…빅테크 요구 반영 네이트","아시아경제 원문 기사전송 2026-07-03 10:52 기사 제목과 본문 내용을 자동 요약한 내용입니다. 전체 내용을 이해하기 위해서는 기사 본문 전체를 확인하는 것이 더 좋습니다. 유럽연합(EU)이 데이터센터의 탄소 배출을 더 저렴한 방식으로 상쇄할 수 있도록 허용하는 방향의 새로운 규정안을 마련한 것으로 나타났다. 데이터센터가 실제 전력 사용 시간·지역과 맞지 않는 청정에너지 인증서를 활용하더라도 배출량을 상쇄한 것으로 인정받을 수 있게 되는 것이다. 2일(현지시간) 파이낸셜타임스(FT)에 따르면 EU는 당초 데이터센터의 에너지·물 사용량을 기준으로 친환경 수준을 평가하는 이른바 '신호등' 체계를 도입하려 했으나 이 계획을 대폭 완화할 방침이다. 지난 3월 초안에서는 데이터센터가 화석연료 배출량을 상쇄하려면 최근 10년 안에 가동을 시작한 청정에너지 프로젝트의 인증서에 투자해야 한다고 규정했다. 이때 인정되는 청정에너지 프로젝트는 데이터센터와 대체로 같은 시간대와 지역에서 전력을 생산한 것이어야 했다. 즉 데이터센터가 실제로 전기를 쓰는 시간대와 지역에서 추가로 생산된 태양광·풍력 등 청정전력만 배출량 상쇄 수단으로 인정하겠다는 취지였다. 하지만 FT가 확인한 최신안에서는 이러한 시간·지역 일치 요건이 대폭 완화됐다. 예를 들어 독일에서 석탄 발전 전력을 쓰는 데이터센터도 스페인에서 생산된 태양광 전력 인증서를 사들이면 배출량을 상쇄할 수 있도록 했다. FT는 이를 두고 EU가 빅테크의 압박을 상당 부분 수용한 셈이라고 설명했다. 아마존웹서비스(AWS), 마이크로소프트, 유럽데이터센터협회 등 기업과 로비단체들은 비용 증가 우려를 이유로 EU에 여러 요건을 삭제해 달라고 요구했다. 일부 회계·기후변화 전문가들은 이런 인증서가 실제 배출량 감축 효과는 크지 않다고 지적한다. 싱크탱크 에너지태그의 킬리언 데일리 사무국장은 ""데이터센터가 전력 사용량과 실시간으로 연동되는 신규 지역 재생에너지로 운영되지 않는다면, 가격 변동성이 큰 수입 가스 수요를 끌어올릴 것""이라고 말했다. 이어 이는 에너지 가격 상승과 에너지 안보 약화로 이어질 수 있다고 덧붙였다.",1051,bs4_selector,68.0,category_reassign_blocked_max:경쟁사_해외이슈:v26_2_foreign_policy_to_competitor_overseas,-31.0,True,False,https://news.google.com/rss/articles/CBMiU0FVX3lxTE5aSVpMXzRWNDVkMEltbE8tdDB6dmItckt6Q2xoV05vZm5GOVc5SnJoazlJTE9ReUVPZWU5dm83S3pSVEdUcE5aZU1xQncwa09zWGU0?oc=5,https://news.nate.com/view/20260703n10916,169.0,"ai_infrastructure_security,policy_legislation",ai_infrastructure_security,2026-07-03,url_date,original_date_recent,3,75.5,,0.0,,,0.0,,,,ok,http_200,body_valid,I048,government_ai_core_policy:eu 데이터센터 탄소 배출 규제 완화 빅테크 요구 반영,government_ai_core_policy,GOV_AI_DIGITAL_POLICY,436.5,,GOV_AI_CORE_POLICY,COMP_GENERAL_LOW_RELEVANCE,other,정부_국회,GOV_AI_DIGITAL_POLICY,government_ai_core_policy,government_ai_core_policy:eu 데이터센터 탄소 배출 규제 완화 빅테크 요구 반영,government_ai_core_policy:eu 데이터센터 탄소 배출 규제 완화 빅테크 요구 반영,카카오 AI agent/AI 서비스 전략과 연결되는 핵심 정책환경,5.0,4.0,5.0,v26: 해외 정부·규제기관 이슈는 경쟁사/해외로 분류 / v26.2: overseas structural industry candidate,v43_hard_min:산업동향: daily-safe portfolio rescue,issue_selected,EU 규제,경쟁사/해외이슈,경쟁사_해외이슈,정부_국회,정부_국회,정부/국회,15.0,본문추출성공,issue_representative_attempt,reassign_blocked:v26_2_foreign_policy_to_competitor_overseas,,N:foreign_policy,
경쟁사_해외이슈,경쟁사/해외이슈,구글,"SK텔레콤, 'T 우주'에서 제미나이·클라우드 결합 '구글 AI 플랜' 출시",라이센스뉴스,라이센스뉴스,"Fri, 03 Jul 2026 01:48:45 GMT","Fri, 03 Jul 2026 01:48:45 GMT","SK텔레콤, 'T 우주'에서 제미나이·클라우드 결합 '구글 AI 플랜' 출시 라이센스뉴스","라이센스뉴스 = 백성요 기자 | SK텔레콤이 구독 플랫폼 'T 우주'에서 구글 AI 서비스를 구독하면 할인을 제공하는 '구글 AI 플랜' 3종을 선보인다. 신규 요금제 '베스트 프로'와 '베스트 맥스' 이용 고객에게 AI와 OTT 혜택을 묶어서 제공하는 자사 고객 상품도 새롭게 출시했다. SK텔레콤은 ▲구글 AI 프로 ▲구글 AI 플러스(2TB) ▲구글 AI 플러스(400GB) 등 총 3종의 '구글 AI 플랜'을 출시했다고 3일 밝혔다. 구글의 AI '제미나이'를 사용할 수 있고 클라우드 스토리지 용량도 확대한 서비스다. 'T 우주'는 이용하는 통신사와 관계없이 누구나 가입하고 이용할 수 있는 SK텔레콤의 구독 플랫폼이다. T 우주를 통해 '구글 AI 플랜'을 구독하면 구글 AI 프로는 정가 대비 2100원 할인된 월 2만 6900원에 이용할 수 있다. 구글 AI 플러스(2TB)는 100원 할인된 월 1만 900원, 구글 AI 플러스(400GB)는 600원 할인된 월 6900원이다. SK텔레콤 고객에게만 제공되는 혜택도 있다. 신규 요금제 '베스트 프로'와 '베스트 맥스'를 이용하면 '구글 AI 플랜'과 유튜브 프리미엄, 넷플릭스, 디즈니+, 티빙, 웨이브 등 OTT 5종 중 하나를 선택해 추가 혜택을 제공한다. 최상위 요금제인 베스트 맥스는 월 12만 9000원, 베스트 프로는 월 11만 9000원이다. 이승하 SKT 프로덕트 담당은 “T 우주 ‘구글 AI 플랜’ 구독 상품 출시를 통해 고객이 최고 수준의 AI 서비스를 보다 합리적인 조건으로 이용할 수 있을 것으로 기대한다”며, “SKT는 향후에도 고객이 체감할 수 있는 실질적인 혜택을 지속 확대해 나갈 것”이라고 밝혔다. 본 기사는 영어, 일본어, 중국어로 볼 수 있습니다. 번역을 원한다면 해당 국가 국기 이모티콘을 클릭하시기 바랍니다. This news is available in English, Japanese, Chinese and Korean. For translation please click on the national flag emoticon.",1029,trafilatura,70.0,relevance_failed:v43_weak_filler_or_distant_industry,26.5,True,False,https://news.google.com/rss/articles/CBMia0FVX3lxTE1XalB1WmFaVmhmZWlPamw5TGJPS1UzX0FVNjFXVkZuNGNFTG9IbkRYekNlLVhSQ1RURkJLRF9hTVBxVkMxQUV6V0tCX1RsV1F6a0MzTDBDR3hkRFQ1OHBmdzNVZHF6U3hlOVlr?oc=5,https://www.lcnews.co.kr/news/articleView.html?idxno=204385,322.5,"ai_agent,ai_infrastructure_security,market_power_platform,self_pr_promo",ai_infrastructure_security,2026-07-03,json_ld:datePublished,original_date_recent,4,123.55,,0.0,global_incident:platform_regulation:tving:platform_regulation:general,global_incident:platform_regulation:tving:platform_regulation,0.0,,,,ok,http_200,body_valid,I007,comp_domestic_ai_platform:sk텔레콤 t 우주 에서 제미나이 클라우드 결합 구글 ai 플랜 출시,comp_domestic_ai_platform,COMPETITOR_AI_STRATEGY,631.5,,,COMP_DOMESTIC_AI_PLATFORM,mixed,경쟁사_해외이슈,COMPETITOR_AI_STRATEGY,comp_domestic_ai_platform,comp_domestic_ai_platform:sk텔레콤 t 우주 에서 제미나이 클라우드 결합 구글 ai 플랜 출시,comp_domestic_ai_platform:sk텔레콤 t 우주 에서 제미나이 클라우드 결합 구글 ai 플랜 출시,카카오가 경쟁사 전략·리스크·AI/플랫폼 대응을 비교 참고할 이슈,4.0,4.0,5.0,로컬 보조 라벨 / v26.2: overseas structural industry candidate,v43_hard_min:산업동향: daily-safe portfolio rescue,issue_selected,구글,경쟁사/해외이슈,경쟁사_해외이슈,경쟁사_해외이슈,경쟁사_해외이슈,경쟁사/해외이슈,16.0,본문추출성공,issue_representative_attempt,pass:competitor_guardrail_pass,pass:representative_aligned,,
경쟁사_해외이슈,경쟁사/해외이슈,애플,"""탈중국 하려다 날벼락"" 애플, 인도 공급망 해킹으로 '아이폰 18 프로' 기밀 대거 유출 (Apple Supply Chain Breach in India Leaks ""iPhone 18 Pro"" Specifications)",글로벌휴먼타임즈,글로벌휴먼타임즈,"Thu, 02 Jul 2026 23:40:28 GMT","Thu, 02 Jul 2026 23:40:28 GMT","""탈중국 하려다 날벼락"" 애플, 인도 공급망 해킹으로 '아이폰 18 프로' 기밀 대거 유출 (Apple Supply Chain Breach in India Leaks ""iPhone 18 Pro"" Specifications) 글로벌휴먼타임즈","""탈중국 하려다 날벼락"" 애플, 인도 공급망 해킹으로 '아이폰 18 프로' 기밀 대거 유출 (Apple Supply Chain Breach in India Leaks ""iPhone 18 Pro"" Specifications) 가 가 기사의 본문 내용은 이 글자크기로 변경됩니다. 스크롤 이동 상태바 ""탈중국 하려다 날벼락"" 애플, 인도 공급망 해킹으로 '아이폰 18 프로' 기밀 대거 유출 (Apple Supply Chain Breach in India Leaks ""iPhone 18 Pro"" Specifications) 가 가 기사의 본문 내용은 이 글자크기로 변경됩니다. ""탈중국 하려다 날벼락"" 애플, 인도 공급망 해킹으로 '아이폰 18 프로' 기밀 대거 유출 (Apple Supply Chain Breach in India Leaks ""iPhone 18 Pro"" Specifications) 가 가 기사의 본문 내용은 이 글자크기로 변경됩니다. 기사의 본문 내용은 이 글자크기로 변경됩니다. [글로벌휴먼타임즈=취재본부] 전 세계 스마트폰 시장의 트렌드를 이끄는 애플(Apple)이 인도 제조 공장의 보안망 붕괴로 인해 아직 출시가 한참 남은 ‘아이폰 18 프로’의 핵심 하드웨어 스펙과 공급망 기밀이 통째로 털리는 사상 초유의 보안 재앙을 맞이했다. 해커 그룹 월드 리크스가 다크웹에 유포한 데이터는 무려 630기가바이트(GB)에 달하는 방대한 분량이다. 유출된 문서에는 아직 양산 단계에 접어들지도 않은 아이폰 18 프로 모델의 메인 회로 기판 칩(A20 Pro)의 세부 설계도, 배터리 용량 규격, 카메라 모듈 설계 등 수백 종의 정밀 부품이 어떤 글로벌 협력업체에서 조달되는지 상세히 기록된 파일들이 고스란히 노출됐다. 더욱이 올해 초 인도 타타 공장 내부에서 철저한 보안 속에 진행된 아이폰 18 프로 프로토타입의 낙하 테스트(Drop Test) 현장 사진과 애플 특유의 내부 워터마크가 찍힌 회색 실물 외관까지 유포되면서 파장이 걷잡을 수 없이 커지고 있다. 이번 사태는 미·중 패권 경쟁 속에서 중국 의존도를 낮추기 위해 인도를 차세대 핵심 생산 기지로 낙점하고 급격히 투자를 늘려가던 팀 쿡(Tim Cook) 애플 최고경영자(CEO)의 ‘탈중국 공급망 다변화 전략’에 치명적인 급제동을 걸었다. 업계에서는 인도의 아이폰 생산 점유율을 4년 전 6%에서 올해 26%까지 폭발적으로 끌어올리는 외형적 성장에는 성공했으나, 과거 중국 폭스콘 공장 수준의 빈틈없는 내부 통제와 철저한 정보 보안 인프라를 구축하지 못해 발생한 구조적 인재라는 지적이 쏟아지고 있다. 공급망 정보는 테크 기업의 독점적 협상력과 시장 경쟁력을 좌우하는 가장 민감한 영업 비밀이다. 아이폰 18의 패가 너무 일찍 공개되면서 글로벌 경쟁사들에게 하드웨어 로드맵을 선제적으로 노출당한 꼴이 됐으며, 짝퉁 제조범(카운터피터)들에게 역설계의 빌미를 주게 되었다. 외신과 시장 분석가들은 이번 해킹 사건이 단순한 데이터 유출을 넘어, 신흥 제조 허브로서의 인도의 신뢰도와 글로벌 IT 거물들의 공급망 보안 통제력 시험대에 올랐다고 평가했다. 현재 애플과 타타 측은 공식 논평을 거부한 채 글로벌 컨설턴트를 고용해 포렌식 감사를 진행하며 온라인상에 퍼지는 이미지 차단에 총력을 기울이고 있다. [GlobalHumanTimes=NewsRoom] Apple, the global arbiter of smartphone innovation, has suffered a catastrophic security disaster following a massive network breach at an Indian manufacturing hub, resulting in the premature leaks of critical hardware specifications and raw supply-chain data for the yet-unreleased ""iPhone 18 Pro."" According to international technology watchdogs and dark-web monitoring groups, the extortionist cyber collective known as ""World Leaks"" published 630 gigabytes (GB) of sensitive operational data exfiltrated from the interior security grid of Tata Electronics—a primary anchor of Apple’s Indian assembly line. The leaked archive comprehensively itemizes specialized structural engineering blueprints for the next-generation A20 Pro logic board, rigorous battery capacity profiles, camera module specifications, and precise component sourcing logs from various international vendors. Even more damagingly, authentic operational snapshots detailing on-site drop tests of early iPhone 18 Pro physical prototypes—stamped with Apple’s internal gray identification watermarks—have spread uncontrollably across online forums. This intelligence catastrophic failure delivers a monumental setback to the post-China supply-chain diversification strategy championed by Apple CEO Tim Cook, who has actively moved production centers out of mainland China to mitigate escalating U.S.-Sino trade tensions. While Cook’s corporate maneuver successfully inflated India’s localized iPhone assembly share from just 6 percent four years ago to a projected 26 percent this year, industry analysts point out that Indian operators have structurally failed to replicate the severe, military-grade internal physical policing and impenetrable data infrastructures characteristic of China’s mature Foxconn compounds. Because supply-chain architecture forms the absolute bedrock of a tech giant’s monopolistic bargaining power and market leverage, this premature exposure effectively surrenders Apple’s long-term hardware roadmap to primary global competitors and malicious counterfeiters alike. Independent foreign correspondents and market researchers evaluate the breach not merely as an isolated corporate incident, but as a severe litmus test for India's credibility as an emerging global manufacturing alternative. Currently, both Apple and Tata Electronics have denied requests for official comments, though sources confirm they have retained global forensic consultants to audit the network vulnerabilities while issuing urgent take-down orders for all online prototype images. 류정희 기자 jhee0034@naver.com",4217,bs4_selector,86.0,category_guardrail_failed:v41_competitor_guard_no_actual_competitor,114.0,True,False,https://news.google.com/rss/articles/CBMickFVX3lxTE02XzVTRkl0aFk4OEVZblJ4em5kUkhGZFNvQUlrMjI1eWhWNU95d0VTd0M4R1pMcjZrUUUtZEhmQnRxLVIyLU1leXR3dU83OU94aW1NdVA3R2xPRkkxWUM0NWhodUxrc2cyN2QwZXBaQVYtQQ?oc=5,https://www.globalhumantimes.kr/news/articleView.html?idxno=5015,211.0,"ai_infrastructure_security,kim_beomsoo_trial,market_power_platform,phishing_security,platform_obligation,policy_legislation,privacy_security_reliability",security_hacking_incident,2026-07-03,json_ld:datePublished,original_date_recent,6,207.2,privacy_security:apple:data_leak:initial_investigation_response,5.0,global_incident:platform_regulation:apple:platform_content_moderation_obligation:executive_or_org_change,global_incident:platform_regulation:apple:platform_content_moderation_obligation,24.0,competitor:platform_obligation,Y,,ok,http_200,body_valid,I058,global_incident:privacy_security:apple:apple,comp_overseas_platform_ai,COMPETITOR_AI_STRATEGY,401.5,,,COMP_OVERSEAS_PLATFORM_AI,overseas,경쟁사_해외이슈,COMPETITOR_AI_STRATEGY,comp_overseas_platform_ai,global_incident:privacy_security:apple:apple,global_incident:privacy_security:apple:apple,카카오가 경쟁사 전략·리스크·AI/플랫폼 대응을 비교 참고할 이슈,4.0,3.0,4.0,로컬 보조 라벨 / v26.2: overseas structural industry candidate,v43_hard_min:산업동향: daily-safe portfolio rescue,issue_selected,애플,경쟁사/해외이슈,경쟁사_해외이슈,경쟁사_해외이슈,경쟁사_해외이슈,경쟁사/해외이슈,18.0,본문추출성공,issue_representative_attempt,fail:v41_competitor_guard_no_actual_competitor,,,
자사_및_계열사_이슈,자사 및 계열사 이슈,카카오,"인뱅은 '대면 심사' 허용, 보이스피싱 구제는 '모바일'로…금융당국 맞춤형 규제 시행",네이트,네이트,"Thu, 02 Jul 2026 04:48:08 GMT","Thu, 02 Jul 2026 04:48:08 GMT","인뱅은 '대면 심사' 허용, 보이스피싱 구제는 '모바일'로…금융당국 맞춤형 규제 시행 네이트","금융당국이 업무의 성격과 목적에 따라 대면과 비대면 방식을 유연하게 적용하는 ‘맞춤형 규제’를 본격화한다. 현장 확인이 필수적인 인터넷전문은행의 기업금융 분야에는 대면 업무를 예외적으로 허용하기로 했다. 반면, 행정 절차 중심인 보이스피싱 피해구제는 영업점 방문 없이 모바일 애플리케이션(앱)만으로 가능하도록 제도를 개선해 소비자 편의를 높였다.2일 금융권에 따르면 금융위원회는 지난 1일 정례회의에서 ‘인터넷전문은행 대면 업무 범위의 합리적 조정 방안’을 의결했다. 비대면 영업 원칙은 유지하되 기업금융 확대와 소비자 보호를 위해 필요한 경우에 한해 대면 업무를 허용하는 것이 골자다.현행 인터넷전문은행법에 따르면 케이뱅크와 카카오뱅크, 토스뱅크 등 인터넷전문은행은 원칙적으로 모든 업무를 비대면으로 처리해야 한다. 그러나 기업금융 확대 과정에서는 대출 심사와 담보 관리, 연체채권 협의 등 현장 확인이 필요한 업무가 늘어나면서 비대면 원칙만으로는 업무 수행에 한계가 있다는 지적이 이어졌다.이에 금융당국은 비대면 영업 원칙은 유지하면서도 기업여신의 건전성과 소비자 보호에 필요한 업무에 한해 대면 업무 범위를 확대하기로 했다.앞으로는 기업대출 심사 과정에서 대표자나 임직원을 직접 만나 자금 용도와 상환계획의 실현 가능성을 확인할 수 있게 된다. 연체채권 관리 과정에서 채무자 상담과 채무조정 협의도 가능하며, 비대면으로 제출된 서류의 원본 확인, 담보물 현황과 가치 점검, 대출금 목적 외 사용 여부 확인 등을 위한 현장 업무도 허용된다.인터넷은행이 대면 업무를 수행하려면 업무 운영일 7일 전까지 업무 내용과 방식, 범위 등을 금융위원회에 보고해야 한다. 금융당국은 정기검사 등을 통해 허용 범위를 벗어난 영업 여부를 점검하고 법령 위반 시 엄정 조치할 방침이다.반면 금융감독원은 같은 날 보이스피싱 피해자가 금융회사 영업점을 방문하지 않아도 피해구제와 지급정지 이의신청 서류를 금융사 앱으로 제출할 수 있도록 업무 절차를 개선하며 비대면 영역도 확대했다.그동안 피해자는 지급정지를 요청한 뒤에도 신청서와 증빙서류를 제출하기 위해 영업점을 직접 방문해야 했다. 앞으로는 피해 계좌를 보유한 금융사 앱에서 신청서를 작성하고 관련 서류를 첨부하면 된다. 기존처럼 영업점을 방문해 서류를 제출하는 방식도 병행된다.보이스피싱 비대면 서류제출은 은행·저축은행·상호금융(수협, 신협, 새마을금고, 산림조합)에서 전날부터 순차적으로 적용됐으며, 농협·우체국은 하반기 중 전산 개발 완료 후 운영을 개시할 예정이다.이번 제도 개선은 기업금융과 소비자 보호를 각각 다른 방식으로 접근했다는 점이 특징이다. 현장 확인이 필요한 기업대출 심사와 담보 관리에는 대면을 허용하고, 행정 절차 중심의 피해구제는 비대면으로 전환해 업무 효율성과 소비자 편의를 동시에 높이겠다는 취지다.금감원은 “이번 방안을 통해 인터넷은행의 불가피한 대면 업무에 관한 법적 불확실성을 해소해 채무 조정 활성화, 지방 중소기업·개인사업자에 대한 자금 공급 확대, 소비자 편의성 제고 등이 기대된다”며 “앞으로도 금융소비자 불편사항을 발굴하고 개선해 나가겠다”고 말했다.정은지 기자 blue@viva100.com",1552,newspaper3k,29.0,category_guardrail_failed:v41_self_guard_actual_actor_absent,86.2,True,False,https://news.google.com/rss/articles/CBMiU0FVX3lxTE80TnJPMEhOVWg2ZkplelFCeUVXamJMcGxWTHpxVzhMRUZiV0V4VzVuZG5lX194anBLVG1fR0d1QzlaU3dEUE1jeGhvRlV6dWlnbkV3?oc=5,https://news.nate.com/view/20260702n20220,93.8,"labor_dispute,phishing_security,platform_obligation,policy_legislation,privacy_security_reliability",labor_general,2026-07-02,url_date,original_date_recent,2,131.44,privacy_security:kakao:phishing_or_account_takeover:policy_change,7.0,global_incident:platform_regulation:kakao:platform_content_moderation_obligation:policy_change,global_incident:platform_regulation:kakao:platform_content_moderation_obligation,32.0,self:platform_obligation,Y,,ok,http_200,body_valid,I036,global_incident:platform_regulation:platform_sector:platform_content_moderation_obligation,self_privacy_security,SELF_DIRECT_RISK,468.3,DIRECT_RISK,GOV_GENERAL_LOW_RELEVANCE,COMP_OVERSEAS_REGULATION_DATA,other,자사_및_계열사_이슈,SELF_DIRECT_RISK,self_privacy_security,global_incident:platform_regulation:platform_sector:platform_content_moderation_obligation,global_incident:platform_regulation:platform_sector:platform_content_moderation_obligation,카카오 또는 계열사에 직접 발생한 외부 대응 필요 이슈,5.0,5.0,5.0,로컬 보조 라벨 / v26: 오늘 새 직접 사건·진전,v43_soft_target:정부_국회: daily-safe portfolio rescue,issue_selected,카카오,자사 및 계열사 이슈,자사_및_계열사_이슈,자사_및_계열사_이슈,자사_및_계열사_이슈,자사 및 계열사 이슈,21.0,본문추출성공,issue_representative_attempt,fail:v41_self_guard_actual_actor_absent,,,
자사_및_계열사_이슈,자사 및 계열사 이슈,카카오뱅크,"인뱅은 ‘대면 심사’ 허용, 보이스피싱 구제는 ‘모바일’로…금융당국 맞춤형 규제 시행",브릿지경제,브릿지경제,"Thu, 02 Jul 2026 04:47:00 GMT","Thu, 02 Jul 2026 04:47:00 GMT","인뱅은 ‘대면 심사’ 허용, 보이스피싱 구제는 ‘모바일’로…금융당국 맞춤형 규제 시행 브릿지경제","현장 확인이 필수적인 인터넷전문은행의 기업금융 분야에는 대면 업무를 예외적으로 허용하기로 했다. 반면, 행정 절차 중심인 보이스피싱 피해구제는 영업점 방문 없이 모바일 애플리케이션(앱)만으로 가능하도록 제도를 개선해 소비자 편의를 높였다. 2일 금융권에 따르면 금융위원회는 지난 1일 정례회의에서 ‘인터넷전문은행 대면 업무 범위의 합리적 조정 방안’을 의결했다. 비대면 영업 원칙은 유지하되 기업금융 확대와 소비자 보호를 위해 필요한 경우에 한해 대면 업무를 허용하는 것이 골자다. 현행 인터넷전문은행법에 따르면 케이뱅크와 카카오뱅크, 토스뱅크 등 인터넷전문은행은 원칙적으로 모든 업무를 비대면으로 처리해야 한다. 그러나 기업금융 확대 과정에서는 대출 심사와 담보 관리, 연체채권 협의 등 현장 확인이 필요한 업무가 늘어나면서 비대면 원칙만으로는 업무 수행에 한계가 있다는 지적이 이어졌다. 이에 금융당국은 비대면 영업 원칙은 유지하면서도 기업여신의 건전성과 소비자 보호에 필요한 업무에 한해 대면 업무 범위를 확대하기로 했다. 앞으로는 기업대출 심사 과정에서 대표자나 임직원을 직접 만나 자금 용도와 상환계획의 실현 가능성을 확인할 수 있게 된다. 연체채권 관리 과정에서 채무자 상담과 채무조정 협의도 가능하며, 비대면으로 제출된 서류의 원본 확인, 담보물 현황과 가치 점검, 대출금 목적 외 사용 여부 확인 등을 위한 현장 업무도 허용된다. 인터넷은행이 대면 업무를 수행하려면 업무 운영일 7일 전까지 업무 내용과 방식, 범위 등을 금융위원회에 보고해야 한다. 금융당국은 정기검사 등을 통해 허용 범위를 벗어난 영업 여부를 점검하고 법령 위반 시 엄정 조치할 방침이다. 반면 금융감독원은 같은 날 보이스피싱 피해자가 금융회사 영업점을 방문하지 않아도 피해구제와 지급정지 이의신청 서류를 금융사 앱으로 제출할 수 있도록 업무 절차를 개선하며 비대면 영역도 확대했다. 그동안 피해자는 지급정지를 요청한 뒤에도 신청서와 증빙서류를 제출하기 위해 영업점을 직접 방문해야 했다. 앞으로는 피해 계좌를 보유한 금융사 앱에서 신청서를 작성하고 관련 서류를 첨부하면 된다. 기존처럼 영업점을 방문해 서류를 제출하는 방식도 병행된다. 보이스피싱 비대면 서류제출은 은행·저축은행·상호금융(수협, 신협, 새마을금고, 산림조합)에서 전날부터 순차적으로 적용됐으며, 농협·우체국은 하반기 중 전산 개발 완료 후 운영을 개시할 예정이다. 이번 제도 개선은 기업금융과 소비자 보호를 각각 다른 방식으로 접근했다는 점이 특징이다. 현장 확인이 필요한 기업대출 심사와 담보 관리에는 대면을 허용하고, 행정 절차 중심의 피해구제는 비대면으로 전환해 업무 효율성과 소비자 편의를 동시에 높이겠다는 취지다. 금감원은 “이번 방안을 통해 인터넷은행의 불가피한 대면 업무에 관한 법적 불확실성을 해소해 채무 조정 활성화, 지방 중소기업·개인사업자에 대한 자금 공급 확대, 소비자 편의성 제고 등이 기대된다”며 “앞으로도 금융소비자 불편사항을 발굴하고 개선해 나가겠다”고 말했다. 정은지 기자 blue@viva100.com 기자의 다른 기사 더보기 # 인터넷전문은행 # 대면 업무 # 비대면 업무 # 보이스피싱 # 기업금융",1559,bs4_selector,31.0,category_guardrail_failed:v41_self_guard_actual_actor_absent,86.2,True,True,https://news.google.com/rss/articles/CBMiWkFVX3lxTE9NOTdYbmFkdmQtWUUzU2Q2UGpyLThUTnU3ZTJYUV9WbTFNMnNScWdqNEVueFRhVDNGdXdXTnJvWnVrajhTNTNFMXp2UnVHUTI1eGNDVFFCWDhQQQ?oc=5,https://www.viva100.com/article/20260702500765,93.8,"labor_dispute,phishing_security,platform_obligation,policy_legislation,privacy_security_reliability",labor_general,2026-07-02,visible_date_node,original_date_recent,1,134.24,privacy_security:kakao:phishing_or_account_takeover:policy_change,7.0,global_incident:platform_regulation:kakao:platform_content_moderation_obligation:policy_change,global_incident:platform_regulation:kakao:platform_content_moderation_obligation,32.0,self:platform_obligation,Y,,ok,http_200,body_valid,I036,global_incident:platform_regulation:platform_sector:platform_content_moderation_obligation,self_privacy_security,SELF_DIRECT_RISK,468.3,DIRECT_RISK,GOV_GENERAL_LOW_RELEVANCE,COMP_OVERSEAS_REGULATION_DATA,other,자사_및_계열사_이슈,SELF_DIRECT_RISK,self_privacy_security,global_incident:platform_regulation:platform_sector:platform_content_moderation_obligation,global_incident:platform_regulation:platform_sector:platform_content_moderation_obligation,카카오 또는 계열사에 직접 발생한 외부 대응 필요 이슈,5.0,5.0,5.0,로컬 보조 라벨 / v26: 오늘 새 직접 사건·진전,v43_soft_target:정부_국회: daily-safe portfolio rescue,issue_selected,카카오뱅크,자사 및 계열사 이슈,자사_및_계열사_이슈,자사_및_계열사_이슈,자사_및_계열사_이슈,자사 및 계열사 이슈,21.0,본문추출성공,issue_representative_attempt,fail:v41_self_guard_actual_actor_absent,,,
자사_및_계열사_이슈,자사 및 계열사 이슈,플랫폼 산업 동향,"투자정보도 '콘텐츠' 경쟁…한화투자증권, 디지털 자산 유튜브 강화",이코노미사이언스,이코노미사이언스,"Thu, 02 Jul 2026 01:01:21 GMT","Thu, 02 Jul 2026 01:01:21 GMT","투자정보도 '콘텐츠' 경쟁…한화투자증권, 디지털 자산 유튜브 강화 이코노미사이언스","한화투자증권 본사 전경 (사진=이코노미사이언스DB) | 이코노미사이언스 박성현 기자 | 증권사들이 유튜브를 단순한 홍보 채널이 아닌 투자정보 플랫폼으로 활용하는 전략을 강화하고 있다. 실시간 시황과 숏폼 콘텐츠, 디지털 자산 정보까지 제공 범위를 넓히며 투자자와의 접점을 확대하는 경쟁이 본격화되는 모습이다. 한화투자증권은 공식 유튜브 채널을 전면 개편하고 디지털 자산과 실시간 시장 분석을 중심으로 한 신규 콘텐츠를 선보였다. 약 18만 명의 구독자를 확보한 공식 채널을 기반으로 투자 콘텐츠 경쟁력을 한층 강화한다는 전략이다. 이번 개편에서는 기존 미국 주식, 세무, 연금 콘텐츠에 더해 디지털 자산 전문 프로그램 '디지털 쩐쟁 3.0'을 새롭게 편성했다. 디지털자산리서치팀 최윤영 팀장이 시장 이슈와 산업 동향을 쉽게 설명하는 형식으로 매주 콘텐츠를 공개한다. 라이브 콘텐츠도 확대했다. 지난해 종료됐던 시황 프로그램은 '퀵시황 리턴즈'로 새롭게 개편돼 평일 장 마감 이후 국내외 증시 흐름과 주요 투자 이슈를 실시간으로 전달한다. 실시간 채팅 기능을 활용해 시청자와의 소통도 강화할 계획이다. 콘텐츠 소비 방식 변화에도 대응한다. 긴 영상의 핵심 내용을 1분 안팎의 숏폼으로 재구성하고 유튜브와 인스타그램 등 SNS를 연계해 다양한 플랫폼에서 투자 정보를 접할 수 있도록 운영 방식을 고도화한다. 한화투자증권 유튜브 채널 개편 디지털 자산 콘텐츠를 선보인다. (사진=한화투자증권) 최근 증권업계는 모바일 투자 비중이 커지고 AI와 디지털 자산 시장에 대한 관심이 높아지면서 리서치 보고서뿐 아니라 영상 콘텐츠를 통한 정보 제공을 확대하고 있다. 특히 젊은 투자층은 유튜브와 숏폼을 주요 정보 습득 창구로 활용하는 비중이 높아지면서 콘텐츠 경쟁력이 금융 플랫폼의 차별화 요소로 자리 잡고 있다는 평가가 나온다. 증권업계 관계자는 ""투자자들은 단순한 상품 설명보다 시장 흐름을 빠르게 이해할 수 있는 콘텐츠를 선호하는 경향이 강해지고 있다""며 ""영상과 라이브 방송, 숏폼을 결합한 투자정보 서비스가 금융회사의 새로운 고객 접점으로 자리 잡고 있다""고 말했다. 김도형 한화투자증권 혁신지원실장은 이번 채널 개편에 대해 주식시장과 디지털 자산 시장 변화에 맞춰 투자자들이 보다 다양한 정보를 접할 수 있도록 콘텐츠를 확대하는 데 의미가 있다고 설명했다. 이어 고객과 지속적으로 소통할 수 있는 투자 콘텐츠를 꾸준히 강화해 나가겠다는 방향을 제시했다. 투자 정보 전달 방식이 보고서 중심에서 영상과 실시간 콘텐츠 중심으로 빠르게 변화하면서 금융회사들의 디지털 미디어 경쟁도 새로운 단계에 들어서고 있다. 콘텐츠 품질과 정보 신뢰성이 앞으로 금융 플랫폼 경쟁력을 좌우하는 중요한 요소로 자리 잡을 것으로 전망된다.",1349,newspaper3k,-35.0,private_kakaotalk_or_entertainment_noise,-137.0,False,False,https://news.google.com/rss/articles/CBMib0FVX3lxTE5UNUdJWXVCVFpSSUhmaTIxcjhvcUZlWlljUXlMd3dkeDlwMmpyckFhTFFKREJDX3NxNHpWdjV1M2ZXSmx2WlNDUk1QdmMzNERPanJ3UVk5RV9TNzVNSHZwRVlxRTlGTjU3UkZtbjQ4Zw?oc=5,https://www.e-science.co.kr/news/articleView.html?idxno=131329,43.5,"ai_infrastructure_security,digital_asset_stablecoin,market_power_platform,platform_obligation,policy_legislation",ai_infrastructure_security,2026-07-02,json_ld:datePublished,original_date_recent,4,-88.4,,0.0,global_incident:platform_regulation:meta:platform_content_moderation_obligation:executive_or_org_change,global_incident:platform_regulation:meta:platform_content_moderation_obligation,24.0,industry:platform_obligation,Y,,,,,I036,global_incident:platform_regulation:platform_sector:platform_content_moderation_obligation,,,,,,,,,,,,,,,,,,,,플랫폼 산업 동향,산업동향,산업동향,경쟁사_해외이슈,자사_및_계열사_이슈,자사 및 계열사 이슈,,,issue_representative_attempt,,,,
정부_국회,정부/국회,EU 규제,"EU, 데이터센터 탄소 배출 규제 완화…빅테크 요구 반영",네이트,네이트,"Fri, 03 Jul 2026 01:52:00 GMT","Fri, 03 Jul 2026 01:52:00 GMT","EU, 데이터센터 탄소 배출 규제 완화…빅테크 요구 반영 네이트","아시아경제 원문 기사전송 2026-07-03 10:52 기사 제목과 본문 내용을 자동 요약한 내용입니다. 전체 내용을 이해하기 위해서는 기사 본문 전체를 확인하는 것이 더 좋습니다. 유럽연합(EU)이 데이터센터의 탄소 배출을 더 저렴한 방식으로 상쇄할 수 있도록 허용하는 방향의 새로운 규정안을 마련한 것으로 나타났다. 데이터센터가 실제 전력 사용 시간·지역과 맞지 않는 청정에너지 인증서를 활용하더라도 배출량을 상쇄한 것으로 인정받을 수 있게 되는 것이다. 2일(현지시간) 파이낸셜타임스(FT)에 따르면 EU는 당초 데이터센터의 에너지·물 사용량을 기준으로 친환경 수준을 평가하는 이른바 '신호등' 체계를 도입하려 했으나 이 계획을 대폭 완화할 방침이다. 지난 3월 초안에서는 데이터센터가 화석연료 배출량을 상쇄하려면 최근 10년 안에 가동을 시작한 청정에너지 프로젝트의 인증서에 투자해야 한다고 규정했다. 이때 인정되는 청정에너지 프로젝트는 데이터센터와 대체로 같은 시간대와 지역에서 전력을 생산한 것이어야 했다. 즉 데이터센터가 실제로 전기를 쓰는 시간대와 지역에서 추가로 생산된 태양광·풍력 등 청정전력만 배출량 상쇄 수단으로 인정하겠다는 취지였다. 하지만 FT가 확인한 최신안에서는 이러한 시간·지역 일치 요건이 대폭 완화됐다. 예를 들어 독일에서 석탄 발전 전력을 쓰는 데이터센터도 스페인에서 생산된 태양광 전력 인증서를 사들이면 배출량을 상쇄할 수 있도록 했다. FT는 이를 두고 EU가 빅테크의 압박을 상당 부분 수용한 셈이라고 설명했다. 아마존웹서비스(AWS), 마이크로소프트, 유럽데이터센터협회 등 기업과 로비단체들은 비용 증가 우려를 이유로 EU에 여러 요건을 삭제해 달라고 요구했다. 일부 회계·기후변화 전문가들은 이런 인증서가 실제 배출량 감축 효과는 크지 않다고 지적한다. 싱크탱크 에너지태그의 킬리언 데일리 사무국장은 ""데이터센터가 전력 사용량과 실시간으로 연동되는 신규 지역 재생에너지로 운영되지 않는다면, 가격 변동성이 큰 수입 가스 수요를 끌어올릴 것""이라고 말했다. 이어 이는 에너지 가격 상승과 에너지 안보 약화로 이어질 수 있다고 덧붙였다.",1051,bs4_selector,68.0,category_reassign_blocked_max:경쟁사_해외이슈:v26_2_foreign_policy_to_competitor_overseas,-31.0,True,False,https://news.google.com/rss/articles/CBMiU0FVX3lxTE5aSVpMXzRWNDVkMEltbE8tdDB6dmItckt6Q2xoV05vZm5GOVc5SnJoazlJTE9ReUVPZWU5dm83S3pSVEdUcE5aZU1xQncwa09zWGU0?oc=5,https://news.nate.com/view/20260703n10916,169.0,"ai_infrastructure_security,policy_legislation",ai_infrastructure_security,2026-07-03,url_date,original_date_recent,3,75.5,,0.0,,,0.0,,,,ok,http_200,body_valid,I048,government_ai_core_policy:eu 데이터센터 탄소 배출 규제 완화 빅테크 요구 반영,government_ai_core_policy,GOV_AI_DIGITAL_POLICY,436.5,,GOV_AI_CORE_POLICY,COMP_GENERAL_LOW_RELEVANCE,other,정부_국회,GOV_AI_DIGITAL_POLICY,government_ai_core_policy,government_ai_core_policy:eu 데이터센터 탄소 배출 규제 완화 빅테크 요구 반영,government_ai_core_policy:eu 데이터센터 탄소 배출 규제 완화 빅테크 요구 반영,카카오 AI agent/AI 서비스 전략과 연결되는 핵심 정책환경,5.0,4.0,5.0,v26: 해외 정부·규제기관 이슈는 경쟁사/해외로 분류 / v26.2: overseas structural industry candidate,v43_soft_target:산업동향: daily-safe portfolio rescue,issue_selected,EU 규제,경쟁사/해외이슈,경쟁사_해외이슈,정부_국회,정부_국회,정부/국회,22.0,본문추출성공,issue_representative_attempt,reassign_blocked:v26_2_foreign_policy_to_competitor_overseas,,N:foreign_policy,
경쟁사_해외이슈,경쟁사/해외이슈,구글,"SK텔레콤, 'T 우주'에서 제미나이·클라우드 결합 '구글 AI 플랜' 출시",라이센스뉴스,라이센스뉴스,"Fri, 03 Jul 2026 01:48:45 GMT","Fri, 03 Jul 2026 01:48:45 GMT","SK텔레콤, 'T 우주'에서 제미나이·클라우드 결합 '구글 AI 플랜' 출시 라이센스뉴스","라이센스뉴스 = 백성요 기자 | SK텔레콤이 구독 플랫폼 'T 우주'에서 구글 AI 서비스를 구독하면 할인을 제공하는 '구글 AI 플랜' 3종을 선보인다. 신규 요금제 '베스트 프로'와 '베스트 맥스' 이용 고객에게 AI와 OTT 혜택을 묶어서 제공하는 자사 고객 상품도 새롭게 출시했다. SK텔레콤은 ▲구글 AI 프로 ▲구글 AI 플러스(2TB) ▲구글 AI 플러스(400GB) 등 총 3종의 '구글 AI 플랜'을 출시했다고 3일 밝혔다. 구글의 AI '제미나이'를 사용할 수 있고 클라우드 스토리지 용량도 확대한 서비스다. 'T 우주'는 이용하는 통신사와 관계없이 누구나 가입하고 이용할 수 있는 SK텔레콤의 구독 플랫폼이다. T 우주를 통해 '구글 AI 플랜'을 구독하면 구글 AI 프로는 정가 대비 2100원 할인된 월 2만 6900원에 이용할 수 있다. 구글 AI 플러스(2TB)는 100원 할인된 월 1만 900원, 구글 AI 플러스(400GB)는 600원 할인된 월 6900원이다. SK텔레콤 고객에게만 제공되는 혜택도 있다. 신규 요금제 '베스트 프로'와 '베스트 맥스'를 이용하면 '구글 AI 플랜'과 유튜브 프리미엄, 넷플릭스, 디즈니+, 티빙, 웨이브 등 OTT 5종 중 하나를 선택해 추가 혜택을 제공한다. 최상위 요금제인 베스트 맥스는 월 12만 9000원, 베스트 프로는 월 11만 9000원이다. 이승하 SKT 프로덕트 담당은 “T 우주 ‘구글 AI 플랜’ 구독 상품 출시를 통해 고객이 최고 수준의 AI 서비스를 보다 합리적인 조건으로 이용할 수 있을 것으로 기대한다”며, “SKT는 향후에도 고객이 체감할 수 있는 실질적인 혜택을 지속 확대해 나갈 것”이라고 밝혔다. 본 기사는 영어, 일본어, 중국어로 볼 수 있습니다. 번역을 원한다면 해당 국가 국기 이모티콘을 클릭하시기 바랍니다. This news is available in English, Japanese, Chinese and Korean. For translation please click on the national flag emoticon.",1029,trafilatura,70.0,relevance_failed:v43_weak_filler_or_distant_industry,26.5,True,False,https://news.google.com/rss/articles/CBMia0FVX3lxTE1XalB1WmFaVmhmZWlPamw5TGJPS1UzX0FVNjFXVkZuNGNFTG9IbkRYekNlLVhSQ1RURkJLRF9hTVBxVkMxQUV6V0tCX1RsV1F6a0MzTDBDR3hkRFQ1OHBmdzNVZHF6U3hlOVlr?oc=5,https://www.lcnews.co.kr/news/articleView.html?idxno=204385,322.5,"ai_agent,ai_infrastructure_security,market_power_platform,self_pr_promo",ai_infrastructure_security,2026-07-03,json_ld:datePublished,original_date_recent,4,123.55,,0.0,global_incident:platform_regulation:tving:platform_regulation:general,global_incident:platform_regulation:tving:platform_regulation,0.0,,,,ok,http_200,body_valid,I007,comp_domestic_ai_platform:sk텔레콤 t 우주 에서 제미나이 클라우드 결합 구글 ai 플랜 출시,comp_domestic_ai_platform,COMPETITOR_AI_STRATEGY,631.5,,,COMP_DOMESTIC_AI_PLATFORM,mixed,경쟁사_해외이슈,COMPETITOR_AI_STRATEGY,comp_domestic_ai_platform,comp_domestic_ai_platform:sk텔레콤 t 우주 에서 제미나이 클라우드 결합 구글 ai 플랜 출시,comp_domestic_ai_platform:sk텔레콤 t 우주 에서 제미나이 클라우드 결합 구글 ai 플랜 출시,카카오가 경쟁사 전략·리스크·AI/플랫폼 대응을 비교 참고할 이슈,4.0,4.0,5.0,로컬 보조 라벨 / v26.2: overseas structural industry candidate,v43_soft_target:산업동향: daily-safe portfolio rescue,issue_selected,구글,경쟁사/해외이슈,경쟁사_해외이슈,경쟁사_해외이슈,경쟁사_해외이슈,경쟁사/해외이슈,23.0,본문추출성공,issue_representative_attempt,pass:competitor_guardrail_pass,pass:representative_aligned,,
경쟁사_해외이슈,경쟁사/해외이슈,애플,"""탈중국 하려다 날벼락"" 애플, 인도 공급망 해킹으로 '아이폰 18 프로' 기밀 대거 유출 (Apple Supply Chain Breach in India Leaks ""iPhone 18 Pro"" Specifications)",글로벌휴먼타임즈,글로벌휴먼타임즈,"Thu, 02 Jul 2026 23:40:28 GMT","Thu, 02 Jul 2026 23:40:28 GMT","""탈중국 하려다 날벼락"" 애플, 인도 공급망 해킹으로 '아이폰 18 프로' 기밀 대거 유출 (Apple Supply Chain Breach in India Leaks ""iPhone 18 Pro"" Specifications) 글로벌휴먼타임즈","""탈중국 하려다 날벼락"" 애플, 인도 공급망 해킹으로 '아이폰 18 프로' 기밀 대거 유출 (Apple Supply Chain Breach in India Leaks ""iPhone 18 Pro"" Specifications) 가 가 기사의 본문 내용은 이 글자크기로 변경됩니다. 스크롤 이동 상태바 ""탈중국 하려다 날벼락"" 애플, 인도 공급망 해킹으로 '아이폰 18 프로' 기밀 대거 유출 (Apple Supply Chain Breach in India Leaks ""iPhone 18 Pro"" Specifications) 가 가 기사의 본문 내용은 이 글자크기로 변경됩니다. ""탈중국 하려다 날벼락"" 애플, 인도 공급망 해킹으로 '아이폰 18 프로' 기밀 대거 유출 (Apple Supply Chain Breach in India Leaks ""iPhone 18 Pro"" Specifications) 가 가 기사의 본문 내용은 이 글자크기로 변경됩니다. 기사의 본문 내용은 이 글자크기로 변경됩니다. [글로벌휴먼타임즈=취재본부] 전 세계 스마트폰 시장의 트렌드를 이끄는 애플(Apple)이 인도 제조 공장의 보안망 붕괴로 인해 아직 출시가 한참 남은 ‘아이폰 18 프로’의 핵심 하드웨어 스펙과 공급망 기밀이 통째로 털리는 사상 초유의 보안 재앙을 맞이했다. 해커 그룹 월드 리크스가 다크웹에 유포한 데이터는 무려 630기가바이트(GB)에 달하는 방대한 분량이다. 유출된 문서에는 아직 양산 단계에 접어들지도 않은 아이폰 18 프로 모델의 메인 회로 기판 칩(A20 Pro)의 세부 설계도, 배터리 용량 규격, 카메라 모듈 설계 등 수백 종의 정밀 부품이 어떤 글로벌 협력업체에서 조달되는지 상세히 기록된 파일들이 고스란히 노출됐다. 더욱이 올해 초 인도 타타 공장 내부에서 철저한 보안 속에 진행된 아이폰 18 프로 프로토타입의 낙하 테스트(Drop Test) 현장 사진과 애플 특유의 내부 워터마크가 찍힌 회색 실물 외관까지 유포되면서 파장이 걷잡을 수 없이 커지고 있다. 이번 사태는 미·중 패권 경쟁 속에서 중국 의존도를 낮추기 위해 인도를 차세대 핵심 생산 기지로 낙점하고 급격히 투자를 늘려가던 팀 쿡(Tim Cook) 애플 최고경영자(CEO)의 ‘탈중국 공급망 다변화 전략’에 치명적인 급제동을 걸었다. 업계에서는 인도의 아이폰 생산 점유율을 4년 전 6%에서 올해 26%까지 폭발적으로 끌어올리는 외형적 성장에는 성공했으나, 과거 중국 폭스콘 공장 수준의 빈틈없는 내부 통제와 철저한 정보 보안 인프라를 구축하지 못해 발생한 구조적 인재라는 지적이 쏟아지고 있다. 공급망 정보는 테크 기업의 독점적 협상력과 시장 경쟁력을 좌우하는 가장 민감한 영업 비밀이다. 아이폰 18의 패가 너무 일찍 공개되면서 글로벌 경쟁사들에게 하드웨어 로드맵을 선제적으로 노출당한 꼴이 됐으며, 짝퉁 제조범(카운터피터)들에게 역설계의 빌미를 주게 되었다. 외신과 시장 분석가들은 이번 해킹 사건이 단순한 데이터 유출을 넘어, 신흥 제조 허브로서의 인도의 신뢰도와 글로벌 IT 거물들의 공급망 보안 통제력 시험대에 올랐다고 평가했다. 현재 애플과 타타 측은 공식 논평을 거부한 채 글로벌 컨설턴트를 고용해 포렌식 감사를 진행하며 온라인상에 퍼지는 이미지 차단에 총력을 기울이고 있다. [GlobalHumanTimes=NewsRoom] Apple, the global arbiter of smartphone innovation, has suffered a catastrophic security disaster following a massive network breach at an Indian manufacturing hub, resulting in the premature leaks of critical hardware specifications and raw supply-chain data for the yet-unreleased ""iPhone 18 Pro."" According to international technology watchdogs and dark-web monitoring groups, the extortionist cyber collective known as ""World Leaks"" published 630 gigabytes (GB) of sensitive operational data exfiltrated from the interior security grid of Tata Electronics—a primary anchor of Apple’s Indian assembly line. The leaked archive comprehensively itemizes specialized structural engineering blueprints for the next-generation A20 Pro logic board, rigorous battery capacity profiles, camera module specifications, and precise component sourcing logs from various international vendors. Even more damagingly, authentic operational snapshots detailing on-site drop tests of early iPhone 18 Pro physical prototypes—stamped with Apple’s internal gray identification watermarks—have spread uncontrollably across online forums. This intelligence catastrophic failure delivers a monumental setback to the post-China supply-chain diversification strategy championed by Apple CEO Tim Cook, who has actively moved production centers out of mainland China to mitigate escalating U.S.-Sino trade tensions. While Cook’s corporate maneuver successfully inflated India’s localized iPhone assembly share from just 6 percent four years ago to a projected 26 percent this year, industry analysts point out that Indian operators have structurally failed to replicate the severe, military-grade internal physical policing and impenetrable data infrastructures characteristic of China’s mature Foxconn compounds. Because supply-chain architecture forms the absolute bedrock of a tech giant’s monopolistic bargaining power and market leverage, this premature exposure effectively surrenders Apple’s long-term hardware roadmap to primary global competitors and malicious counterfeiters alike. Independent foreign correspondents and market researchers evaluate the breach not merely as an isolated corporate incident, but as a severe litmus test for India's credibility as an emerging global manufacturing alternative. Currently, both Apple and Tata Electronics have denied requests for official comments, though sources confirm they have retained global forensic consultants to audit the network vulnerabilities while issuing urgent take-down orders for all online prototype images. 류정희 기자 jhee0034@naver.com",4217,bs4_selector,86.0,category_guardrail_failed:v41_competitor_guard_no_actual_competitor,114.0,True,False,https://news.google.com/rss/articles/CBMickFVX3lxTE02XzVTRkl0aFk4OEVZblJ4em5kUkhGZFNvQUlrMjI1eWhWNU95d0VTd0M4R1pMcjZrUUUtZEhmQnRxLVIyLU1leXR3dU83OU94aW1NdVA3R2xPRkkxWUM0NWhodUxrc2cyN2QwZXBaQVYtQQ?oc=5,https://www.globalhumantimes.kr/news/articleView.html?idxno=5015,211.0,"ai_infrastructure_security,kim_beomsoo_trial,market_power_platform,phishing_security,platform_obligation,policy_legislation,privacy_security_reliability",security_hacking_incident,2026-07-03,json_ld:datePublished,original_date_recent,6,207.2,privacy_security:apple:data_leak:initial_investigation_response,5.0,global_incident:platform_regulation:apple:platform_content_moderation_obligation:executive_or_org_change,global_incident:platform_regulation:apple:platform_content_moderation_obligation,24.0,competitor:platform_obligation,Y,,ok,http_200,body_valid,I058,global_incident:privacy_security:apple:apple,comp_overseas_platform_ai,COMPETITOR_AI_STRATEGY,401.5,,,COMP_OVERSEAS_PLATFORM_AI,overseas,경쟁사_해외이슈,COMPETITOR_AI_STRATEGY,comp_overseas_platform_ai,global_incident:privacy_security:apple:apple,global_incident:privacy_security:apple:apple,카카오가 경쟁사 전략·리스크·AI/플랫폼 대응을 비교 참고할 이슈,4.0,3.0,4.0,로컬 보조 라벨 / v26.2: overseas structural industry candidate,v43_soft_target:산업동향: daily-safe portfolio rescue,issue_selected,애플,경쟁사/해외이슈,경쟁사_해외이슈,경쟁사_해외이슈,경쟁사_해외이슈,경쟁사/해외이슈,24.0,본문추출성공,issue_representative_attempt,fail:v41_competitor_guard_no_actual_competitor,,,
