카테고리,카테고리명,검색어,기사제목,언론사,정규언론사,게시일,RSS게시일,RSS요약,본문전문,본문글자수,본문추출방식,본문품질점수,본문품질사유,중요도점수,본문사용가능,본문정제적용,원래RSS링크,링크,랭킹점수,사건태그,사건단계,원문날짜,원문날짜출처,날짜검증결과,날짜후보수,대표선택점수,개인정보보안사건키,개인정보보안대표보너스,전역사건키,전역사건기본키,전역사건대표보너스,이슈패밀리,정책규제의무,자사홍보성,제외단계,v20_issue_id,v20_issue_group,수집검색어,수집원카테고리,수집JSON카테고리,Gemini판단카테고리,최종카테고리,최종카테고리명,링크상태,링크검증사유,본문정합성,v20_issue_family,v20_internal_category,v20_issue_score,v21_self_tier,v21_gov_tier,v21_competitor_tier,v21_competitor_scope,Gemini카테고리,Gemini내부카테고리,Gemini이슈유형,Gemini이슈그룹,Gemini중복그룹,Gemini관련성,Gemini중요도,Gemini대외협력중요도,Gemini관련도,Gemini판단사유,Gemini선정사유,선정단계,v25한국정부국회근거,선정순서,본문상태,최종카테고리검증결과,v24대표기사정합성
정부_국회,정부/국회,네이버,"KAI-팀네이버, 국내 기술로 독자 국방 AI플랫폼 구축한다",mstoday.co.kr,mstoday.co.kr,"Tue, 07 Jul 2026 04:26:13 GMT","Tue, 07 Jul 2026 04:26:13 GMT","KAI-팀네이버, 국내 기술로 독자 국방 AI플랫폼 구축한다 mstoday.co.kr","[대한뉴스=이윤성 기자] KAI(한국항공우주산업㈜)와 팀네이버(네이버, 네이버클라우드)가 국내 독자 기술을 바탕으로 피지컬 AI 기반 미래전투체계 플랫폼을 공동 개발한다. ⓒ KAI KAI와 팀네이버는 6일 KAI 사천 본사에서 ‘항공우주·방산 AI 분야 협력을 위한 전략적 제휴협약(MOU)’을 체결했다. 체결식은 KAI 김종출 대표이사 사장과 네이버 최수연 대표이사, 네이버클라우드 김유원 대표이사 등 3사 주요 경영진이 참석한 가운데 개최되었다. 이번 MOU를 통해 3사는 KAI의 항공·방산 역량과 팀네이버의 AI·클라우드 기술력을 결합해 국방 소버린 AI 확보 및 독자 모델 개발, 국방 AI 신사업 공동 발굴, 피지컬 AI 고도화, 국방 AI 생태계 확대 등 기술 개발부터 사업화까지 이어지는 전방위적 협력체계를 구축하기로 했다. 3사는 무인기 자율비행·자율임무 수행 기술 및 미래전투체계 통합 AI 플랫폼 개발을 우선 추진한다. 이를 통해 국내 안보 환경에 최적화된 독자적 국방 AI를 구현하여, 해외 의존성을 최소화하고 국방 AI 기술 주권을 확보할 계획이다. 나아가 정부 주도의 국가 연구개발 과제 및 블록펀딩 사업에 공동으로 참여해 차세대 방산 피지컬 AI 핵심 기술을 선점하고, 실질적인 후속 사업화로 연계할 수 있는 민·관·군 협력의 기반을 다지는 등 신사업도 공동 발굴할 예정이다. 또한 유·무인복합체계(MUM-T) 등 미래 항공우주 플랫폼에 AI를 내재화해 자율화 수준을 고도화하고, 방산·항공 분야 협력사와의 AI 협력체계를 확대해 국내 국방 AI 생태계 조성과 산업 경쟁력을 강화할 방침이다. 특히 KAI가 유·무인 전투기와 위성 등이 초연결되는 차세대공중전투체계(NACS)를 개발하고 있어, 국내 대표 AI기업인 팀네이버와의 협력은 KAI의 무인기 플랫폼과 AI파일럿 등 피지컬 AI 개발 가속화에 시너지를 창출할 것으로 기대된다. KAI 김종출 대표이사 사장은 ""글로벌 방산 AI 경쟁이 그 어느 때보다 치열해지고 있어 3사의 핵심역량을 결합하여 공동 대응이 필요하다”라며 ""KAI의 항공·방산 전문성과 팀네이버의 AI·클라우드 기술력이 만나, 대한민국이 국방 AI 기술 주권을 확립하고, 피지컬 AI기반 무인기 및 미래전투체계 분야에서 글로벌 경쟁력을 높여나갈 수 있을 것으로 확신한다.”라고 말했다. 네이버 최수연 대표이사는 ""국방 및 안보 분야에서의 기술 자립은 국가적 주권과 직결되는 만큼, 독자적인 소버린 AI 인프라를 확보하는 것이 무엇보다 중요하다”라며 ""팀네이버의 고도화된 AI 역량과 KAI의 방산 인프라를 결합해 대한민국 국방 안보의 기술 주권을 공고히 하고, 미래 방산 산업의 새로운 글로벌 경쟁력을 창출할 수 있도록 최선을 다할 것”이라고 말했다. 종합지 대한뉴스(등록번호:서울가361호) 코리아뉴스(등록번호:강서라00189호) 시사매거진 2580(등록번호:서울다06981호) on-off line 을 모두 겸비한 종합 매체입니다.",1447,newspaper3k,18.0,digital_asset_without_policy_context,-35.5,False,False,https://news.google.com/rss/articles/CBMiZ0FVX3lxTFBFa2RsVjNkUVZXQTZjV2E1OU85ZE1aNnBmUTIzNXFBREdpMWdadWtSMkxtZ0x6dENLTW5IZFNYQmFoUXQwNjlNdGp3dEhuMW5HVXJCSy1XRlJQTWtLVzh5TVlmdU80Qjg?oc=5,http://www.dhns.co.kr/news/articleView.html?idxno=380851,328.0,"ai_infrastructure_security,leadership_change,market_power_platform,platform_obligation,policy_legislation",ai_infrastructure_security,2026-07-07,meta:article:published_time,original_date_recent,1,27.35,,7.0,global_incident:platform_enforcement:naver:consumer_dark_pattern:general,global_incident:platform_enforcement:naver:consumer_dark_pattern,32.0,government:platform_obligation,Y,,issue_representative_attempt,I001,global_incident:platform_regulation:naver:platform_regulation,네이버,경쟁사/해외이슈,경쟁사_해외이슈,경쟁사_해외이슈,정부_국회,정부/국회,,,,,,,,,,,,,,,,,,,,,,,,,,,
정부_국회,정부/국회,네이버,KAI·네이버 맞손...국방 AI 플랫폼 구축해 '해외 의존' 낮춘다,파이낸셜리뷰,파이낸셜리뷰,"Tue, 07 Jul 2026 05:16:10 GMT","Tue, 07 Jul 2026 05:16:10 GMT",KAI·네이버 맞손...국방 AI 플랫폼 구축해 '해외 의존' 낮춘다 파이낸셜리뷰,"KAI '항공·방산' 역량과 네이버 'AI·클라우드' 기술력 만나 체결식 기념사진(왼쪽부터 네이버 최수연 대표이사, KAI 김종출 대표이사 사장, 네이버클라우드 김유원 대표이사)/사진=KAI [파이낸셜리뷰=김경은 기자] 국방 AI 생태계 확산을 위해 KAI와 팀네이버(네이버, 네이버클라우드)가 전방위적인 협력체계를 구축한다. KAI(한국항공우주산업)와 팀네이버(네이버, 네이버클라우드)는 국내 독자 기술을 바탕으로 피지컬 AI 기반 미래전투체계 플랫폼을 공동 개발한다고 7일 밝혔다. 지난 6일 개최된 체결식에는 KAI 김종출 대표이사 사장과 네이버 최수연 대표이사, 네이버클라우드 김유원 대표이사 등 3사 주요 경영진이 참석했다. 이번 MOU를 통해 3사는 KAI의 항공·방산 역량과 팀네이버의 AI·클라우드 기술력을 결합한다. ▲국방 소버린 AI 확보 및 독자 모델 개발 ▲국방 AI 신사업 공동 발굴 ▲피지컬 AI 고도화 ▲국방 AI 생태계 확대 등 기술 개발부터 사업화까지 이어지는 전방위적 협력체계를 구축하게 된다. 3사는 무인기 자율비행·자율임무 수행 기술 및 미래전투체계 통합 AI 플랫폼 개발을 우선 추진한다. 이를 통해 국내 안보 환경에 최적화된 독자적 국방 AI를 구현해 해외 의존성을 최소화하고 국방 AI 기술 주권을 확보한다는 구상이다. 나아가 정부 주도의 국가 연구개발 과제 및 블록펀딩 사업에 공동으로 참여해 차세대 방산 피지컬 AI 핵심 기술을 선점할 예정이다. 또 후속 사업화로 연계할 수 있는 민·관·군 협력의 기반을 다지는 등 신사업도 공동 발굴할 계획이다. 아울러 유·무인복합체계(MUM-T) 등 미래 항공우주 플랫폼에 AI를 내재화해 자율화 수준을 고도화하고, 방산·항공 분야 협력사와의 AI 협력체계를 확대해 국내 국방 AI 생태계 조성과 산업 경쟁력을 강화할 방침이다. 특히 현재 KAI가 유·무인 전투기와 위성 등이 초연결되는 차세대공중전투체계(NACS)를 개발하고 있는만큼, 국내 대표 AI기업 팀네이버와의 협력으로 피지컬 AI 개발 가속화에 시너지를 창출할 것으로 기대된다. KAI 김종출 대표이사 사장은 ""글로벌 방산 AI 경쟁이 그 어느 때보다 치열해지고 있어 3사의 핵심역량을 결합한 공동 대응이 필요하다”라며 ""KAI의 항공·방산 전문성과 팀네이버의 AI·클라우드 기술력이 만나, 대한민국이 국방 AI 기술 주권을 확립하고, 피지컬 AI기반 무인기 및 미래전투체계 분야에서 글로벌 경쟁력을 높여나갈 수 있을 것으로 확신한다”고 말했다. 네이버 최수연 대표이사는 ""국방 및 안보 분야에서의 기술 자립은 국가적 주권과 직결되는 만큼, 독자적인 소버린 AI 인프라를 확보하는 것이 무엇보다 중요하다”라며 ""팀네이버의 고도화된 AI 역량과 KAI의 방산 인프라를 결합해 대한민국 국방 안보의 기술 주권을 공고히 하고, 미래 방산 산업의 새로운 글로벌 경쟁력을 창출할 수 있도록 최선을 다할 것”이라고 전했다.",1430,newspaper3k,84.0,category_guardrail_failed:v26_2_government_without_central_public_actor_action:roundup_without_central_public_actor,-42.5,True,False,https://news.google.com/rss/articles/CBMidEFVX3lxTE1zM1ItMVZ2ak96ZHhjVzVwaDNORFY0a0gyLUl5YWNvdFZ0ekhvMkg3THNQbm1kYzEwQ0FMdnltS2t5SUI3WnBPMXQwUTFLWHJWVGFjekZ6V0xfWjlwb2xXT3NneDBxUHVpZ194SzZERVI0bFJp?oc=5,http://www.financialreview.co.kr/news/articleView.html?idxno=43360,320.0,"ai_infrastructure_security,leadership_change,market_power_platform,platform_obligation",ai_infrastructure_security,2026-07-07,json_ld:datePublished,original_date_recent,3,84.85,,7.0,global_incident:platform_enforcement:naver:consumer_dark_pattern:general,global_incident:platform_enforcement:naver:consumer_dark_pattern,32.0,government:platform_obligation,Y,,issue_representative_attempt,I001,global_incident:platform_regulation:naver:platform_regulation,네이버,경쟁사/해외이슈,경쟁사_해외이슈,정부_국회,정부_국회,정부/국회,ok,http_200,body_valid,comp_domestic_finance_commerce,COMPETITOR_PLATFORM_RISK,690.0,OFF_TOPIC,GOV_REGULATORY_ENFORCEMENT,COMP_DOMESTIC_FINANCE_COMMERCE,domestic,정부_국회,COMPETITOR_AI_STRATEGY,comp_domestic_ai_platform,global_incident:platform_regulation:naver:platform_regulation,global_incident:platform_regulation:naver:platform_regulation,카카오가 경쟁사 전략·리스크·AI/플랫폼 대응을 비교 참고할 이슈,4.0,4.0,5.0,로컬 보조 라벨 / v26.2: overseas structural industry candidate,로컬 보조 라벨 / v26.2: overseas structural industry candidate / v26.2: no central Korean public actor/action for Government section: no_public_actor_action_domain / v26.2: overseas structural industry candidate / v26: 카카오 직접 주체가 없어 자사 섹션 제외/재분류 / v26.2: overseas structural industry candidate / v26: 카카오 직접 주체가 없어 자사 섹션 제외/재분류,issue_selected,Y,3.0,본문추출성공,fail:v26_2_government_without_central_public_actor_action:roundup_without_central_public_actor,
정부_국회,정부/국회,KT,"[버핏 리포트] KT, 'AX 인프라 투자' '주주환원 확대'...하반기 실적 개선 뒷받침 - SK",버핏연구소,버핏연구소,"Tue, 07 Jul 2026 23:42:41 GMT","Tue, 07 Jul 2026 23:42:41 GMT","[버핏 리포트] KT, 'AX 인프라 투자' '주주환원 확대'...하반기 실적 개선 뒷받침 - SK 버핏연구소","하루에도 수십개씩 쏟아지는 증권사 리포트. 이 가운데 버핏연구소가 그간의 애널리스트 적중도, 객관성, 정보 가치 등을 종합 선별해 투자자에게 유익한 리포트를 소개합니다. [편집자주] [버핏연구소=홍승환 기자] SK증권은 KT(030200)에 대해 정보유출 관련 비용 부담이 2분기를 기점으로 마무리 단계에 들어가고, 인공지능 전환(AX) 인프라 투자와 주주환원 확대가 하반기 실적 개선을 뒷받침할 것으로 전망하며 투자의견 ‘매수’와 목표주가 7만2000원을 유지했다. KT의 전일 종가는 5만5500원이다. KT 매출액 비중. [이미지=버핏연구소] 최관순 SK증권 연구원은 “KT의 2분기 영업수익은 6조8000억원, 영업이익은 5622억원으로 예상된다”며 “영업수익은 전년동기대비 8.5%, 영업이익은 43.7% 감소할 전망”이라고 밝혔다. 이어 “정보유출에 따른 고객 보답 프로그램 시행으로 무선 매출이 1.9% 감소할 것으로 예상된다”며 “전년동기 반영된 7640억원 규모의 일회성 부동산 매출이 제거되는 영향도 실적 감소 요인”이라고 설명했다. 다만 정보유출 사태의 재무적 영향은 하반기부터 약화될 것으로 봤다. 최 연구원은 “올해 하반기 영업이익은 9314억원으로 전년동기대비 21.7% 증가할 전망”이라며 “정보유출에 따른 재무적 영향은 2분기를 기점으로 마무리 수순에 들어갈 것”이라고 평가했다. KT가 최근 발표한 AX 인프라 투자 계획도 중장기 성장 동력으로 제시했다. 그는 “KT는 AX 플랫폼 기업으로의 도약을 선언하고 2031년까지 AI 데이터센터 용량 1기가와트(GW) 추가 확보, 해저케이블 용량 90테라비트퍼세컨드(Tbps) 추가 공급을 추진할 계획”이라고 밝혔다. 이어 “이를 위해 약 6조원을 투자할 예정이지만 마스터리스 등을 활용하면 재무 부담은 크지 않을 것”이라며 “마이크로소프트(MS)와의 협력 등을 통한 실수요 기반 투자라는 점에서 매출 가시성이 높다”고 분석했다. 주주환원도 투자 매력으로 꼽았다. 최 연구원은 “KT의 2분기 배당은 주당 600원, 연간 배당은 2400원으로 예상된다”며 “현재 주가 기준 시가배당률은 4.3% 수준”이라고 말했다. 그는 “올해 2500억원 규모 자사주 매입과 2025~2028년 총 1조원 규모 매입 계획까지 고려하면 올해 주주환원율은 6.1%에 달할 전망”이라며 “변동성이 큰 시장에서 안정적인 대안이 될 수 있다”고 덧붙였다. SK증권은 KT의 올해 연결기준 영업수익과 영업이익을 각각 27조5620억원, 1조9860억원으로 전망했다. 영업수익은 전년보다 2.4% 감소하지만 영업이익은 19.6% 줄어드는 수준이다. 내년 영업수익과 영업이익은 각각 28조1630억원, 2조1550억원으로 추정했다. KT는 이동통신과 초고속인터넷, IPTV, 기업서비스, 데이터센터, AI·클라우드 사업을 영위하는 종합 통신기업이다. 안정적인 유무선 가입자 기반을 바탕으로 현금흐름을 창출하고 있으며, 최근에는 AI 데이터센터와 해저케이블 등 AX 인프라 투자 확대, 정보유출 관련 비용 부담 완화, 배당과 자사주 매입을 통한 주주환원이 주요 투자 변수로 꼽힌다. KT 매출액 및 영업이익률 추이. [이미지=버핏연구소]",1557,newspaper3k,-10.0,date_failed:original_date_too_old>52h:2023-08-21,3.0,False,False,https://news.google.com/rss/articles/CBMiYkFVX3lxTFA1c09nTUtDSkVJSjBBWTkzcFkycXh0YjBUX2hHN1FjY1ljMnBKdnY1aUJySFpRcXNTN2ZDdVBoQklfWm03a19yd1lhSEVzUjBGRHMxVFdZY0xHSEFUc2pBbDdn?oc=5,https://www.buffettlab.co.kr/news/view.php?idx=55448,338.0,"ai_infrastructure_security,aidc_datacenter,earnings,financial_performance,market_power_platform,platform_obligation,privacy_security_reliability",aidc_general,2023-08-21,visible_date_node,original_date_too_old>52h,2,-16.9,privacy_security:kt:data_leak:initial_investigation_response,7.0,global_incident:platform_regulation:kt:platform_content_moderation_obligation:policy_change,global_incident:platform_regulation:kt:platform_content_moderation_obligation,24.0,government:platform_obligation,Y,,issue_representative_attempt,I048,국가 AI 인프라/AIDC/GPU 정책,KT,경쟁사/해외이슈,경쟁사_해외이슈,경쟁사_해외이슈,정부_국회,정부/국회,,,,,,,,,,,,,,,,,,,,,,,,,,,
정부_국회,정부/국회,구글,"SKT, T우주 '구글 AI 플랜' 출시",MSN,MSN,"Tue, 07 Jul 2026 07:55:27 GMT","Tue, 07 Jul 2026 07:55:27 GMT","SKT, T우주 '구글 AI 플랜' 출시 MSN",,0,failed,0.0,empty,-38.5,False,False,https://news.google.com/rss/articles/CBMizAFBVV95cUxOaFZsOVpkN25oZFJXMjVINlBxSVJIakFjaldkUFl0VkV5TGVCUTIyaUZlR2hJeDBRZnVuUFBzakVPeXROZWFPdHF2bmI5aWxSMmNNLVJmWDhzTWJDRTdORlVvWVF4TU55cFVaWUtPeDY3LWZsR2I3bDZ3RktvaUpvTGI2QkVoZzVneVZyM1Q5Tk8taXp6WjBObDRaMl9ZeXpyX2haS3RZNGxrTUhwd250R3l3SEZyWGJnLU1kUWV6anZNQkQ0dTVOYk1vTjI?oc=5,https://www.msn.com/ko-kr/news/other/skt-t%EC%9A%B0%EC%A3%BC-%EA%B5%AC%EA%B8%80-ai-%ED%94%8C%EB%9E%9C-%EC%B6%9C%EC%8B%9C/ar-AA276kAS,310.0,ai_infrastructure_security,ai_infrastructure_security,,no_original_date_found,no_original_date_found_kept,0,-59.95,,0.0,,,0.0,,,,issue_representative_attempt,I048,국가 AI 인프라/AIDC/GPU 정책,구글,경쟁사/해외이슈,경쟁사_해외이슈,경쟁사_해외이슈,정부_국회,정부/국회,,,,,,,,,,,,,,,,,,,,,,,,,,,
정부_국회,정부/국회,플랫폼 시장점유율,"삼성전자, AI 데이터센터용 차세대 SSD 양산… 엔비디아 ‘베라 루빈’ 플랫폼 탑재 예정",파이낸스스코프,파이낸스스코프,"Wed, 08 Jul 2026 00:41:00 GMT","Wed, 08 Jul 2026 00:41:00 GMT","삼성전자, AI 데이터센터용 차세대 SSD 양산… 엔비디아 ‘베라 루빈’ 플랫폼 탑재 예정 파이낸스스코프","올해 1분기 기업용 SSD시장서 점유율 35%로 압도적 1위 기록 삼성전자가 엔비디아의 차세대 AI 플랫폼인 베라 루빈(Vera Rubin)에 탑재될 최첨단 데이터센터용 저장장치(SSD) 양산에 돌입했다. 해당 소식은 8일(현지시간) 대만 매체 경제일보(經濟日報)를 통해 보도됐다. 'PM1763'으로 명명된 이 기업용 고성능 SSD는 올해 초 엔비디아 GTC 대회에서 처음 공개된 제품이다. 당시 삼성전자는 차세대 고대역폼 메모리(HBM4) 및 저전력 SOCAMM2 모듈을 함께 선보이며, AI 데이터센터를 겨냥한 토탈 메모리 솔루션을 제시한 바 있다. 삼성전자는 이번 제품에 최신 V-NAND 플래시 메모리 칩과 새롭게 개발한 4나노 공정 컨트롤러를 적용해, 읽기·쓰기 속도를 전세대 대비 두 배 이상 끌어올렸다고 언급했다. 회사에 따르면 PM1763은 첨단 프로세서와 AI 가속기의 데이터 읽기 지연(레이턴시)을 최소화하도록 설계됐다. 특히 AI 학습 및 추론 과정에서 가해지는 고부하 환경에서도 초고속 성능을 안정적으로 유지할 수 있도록 수랭(액체냉각) 기능까지 갖췄다. 한편 시장조산업체 트렌드포스(TrendForce) 자료에 따르면 삼성전자는 올해 1분기 기업용 SSD 시장에서 점유율 35%로 압도적인 1위를 기록했다. 그 뒤를 이어 SK하이닉스, 마이크론 테크놀로지, 키옥시아(Kioxia) 및 키옥시아의 파트너사인 샌디스크(SanDisk) 순으로 시장을 점유하고 있다. 남지완 기자 ainik@finance-scope.com 삼성전자가 엔비디아의 차세대 AI 플랫폼인 베라 루빈(Vera Rubin)에 탑재될 최첨단 데이터센터용 저장장치(SSD) 양산에 돌입했다. 해당 소식은 8일(현지시간) 대만 매체 경제일보(經濟日報)를 통해 보도됐다. 'PM1763'으로 명명된 이 기업용 고성능 SSD는 올해 초 엔비디아 GTC 대회에서 처음 공개된 제품이다. 당시 삼성전자는 차세대 고대역폼 메모리(HBM4) 및 저전력 SOCAMM2 모듈을 함께 선보이며, AI 데이터센터를 겨냥한 토탈 메모리 솔루션을 제시한 바 있다. 삼성전자는 이번 제품에 최신 V-NAND 플래시 메모리 칩과 새롭게 개발한 4나노 공정 컨트롤러를 적용해, 읽기·쓰기 속도를 전세대 대비 두 배 이상 끌어올렸다고 언급했다. 회사에 따르면 PM1763은 첨단 프로세서와 AI 가속기의 데이터 읽기 지연(레이턴시)을 최소화하도록 설계됐다. 특히 AI 학습 및 추론 과정에서 가해지는 고부하 환경에서도 초고속 성능을 안정적으로 유지할 수 있도록 수랭(액체냉각) 기능까지 갖췄다. 한편 시장조산업체 트렌드포스(TrendForce) 자료에 따르면 삼성전자는 올해 1분기 기업용 SSD 시장에서 점유율 35%로 압도적인 1위를 기록했다. 그 뒤를 이어 SK하이닉스, 마이크론 테크놀로지, 키옥시아(Kioxia) 및 키옥시아의 파트너사인 샌디스크(SanDisk) 순으로 시장을 점유하고 있다.",1433,bs4_selector,-10.0,date_failed:original_date_too_old>52h:2026-06-16,-31.0,False,False,https://news.google.com/rss/articles/CBMiakFVX3lxTE85bzZWWnZ0SmsxSUdVNXNieUwxd3JLRlFweExIYmo5TFNqTDRwOVgxOVY1MDFhS0NnLWNwaDdsdGtoUXFabTA3Yl9aOWlWalUwc093Rl91bmUzZkJfRmlJVjdmamhQYk9MTGc?oc=5,https://www.finance-scope.com/article/view/scp202607080011,255.0,"ai_infrastructure_security,aidc_datacenter,copyright_ai,market_power_platform,platform_obligation",aidc_law_power,2026-06-16,visible_date_node,original_date_too_old>52h,10,-49.7,,16.0,global_incident:platform_regulation:platform_sector:platform_data_protection_obligation:announcement,global_incident:platform_regulation:platform_sector:platform_data_protection_obligation,24.0,government:platform_obligation,Y,,issue_representative_attempt,I048,국가 AI 인프라/AIDC/GPU 정책,플랫폼 시장점유율,산업동향,산업동향,경쟁사_해외이슈,정부_국회,정부/국회,,,,,,,,,,,,,,,,,,,,,,,,,,,
정부_국회,정부/국회,KT,"통신 3사, AI 보안 투자 확대…KT 1276억원 '최대'",네이트,네이트,"Wed, 08 Jul 2026 01:55:00 GMT","Wed, 08 Jul 2026 01:55:00 GMT","통신 3사, AI 보안 투자 확대…KT 1276억원 '최대' 네이트","아주경제 원문 기사전송 2026-07-08 10:55 기사 제목과 본문 내용을 자동 요약한 내용입니다. 전체 내용을 이해하기 위해서는 기사 본문 전체를 확인하는 것이 더 좋습니다. 통신 3사(SK텔레콤·KT·LG유플러스)가 정보보호 투자 확대에 속도를 내고 있다. 지난해 KT는 정보보호에 1276억원을 투자해 통신 3사 가운데 가장 많은 투자액을 기록했고, LG유플러스도 966억원으로 역대 최대 규모를 집행했다. SK텔레콤 역시 정보보호백서를 발간하고 향후 5년간 7000억원을 투입하는 등 AI 시대 보안 경쟁력 강화에 나섰다. 8일 통신업계에 따르면 SKT는 지난 1일 정보보호백서를 발간하고 정보보호 거버넌스와 보안 아키텍처, 개인정보보호 체계 등을 담은 중장기 로드맵을 공개했다. SKT는 향후 5년간 약 7000억원을 투입해 제로트러스트 기반 보안 체계와 AI 기반 위협 탐지·분석 시스템을 구축하고 고객 보호 체계를 강화할 계획이다. CEO 직속 통합보안센터를 중심으로 CISO가 이사회에 직접 보고하는 거버넌스를 구축하고, AI 기반 보안 운영과 공급망 보안, 개인정보보호 체계도 단계적으로 고도화한다. KT는 지난해 정보보호 부문에 1276억원을 투자하며 4년 연속 연간 투자액 1000억원 이상을 유지했다. 이는 국내 단일 기업 기준 3위이자 통신사 가운데 가장 큰 규모다. 정보보호 전담인력은 317명으로, 이 가운데 내부 전문인력이 164명으로 절반 이상을 차지한다. KT는 중장기 보안 전문인력 양성 체계도 구축하고 있다. IT·네트워크 개발자를 대상으로 보안 아카데미를 운영하고 서울대학교와 정보보호 계약학과 개설을 추진하는 한편, 제로트러스트 기반 상시 예방 체계와 AI 기반 보안 기술 고도화를 추진한다. 최근에는 정보보안과 IT·네트워크 분야에 향후 3년간 약 12조원을 투자하고, 이 가운데 4조원을 정보보안 및 IT 혁신에 투입하겠다는 계획도 발표했다. LG유플러스는 CEO 직속 정보보안센터를 중심으로 AI 기반 보안 체계 구축을 강화하고 있다. 지난해 정보보호 투자액은 966억원으로 전년보다 16.7% 증가했으며, 최근 5년간 투자 규모는 292억원에서 966억원으로 3배 이상 늘었다. 정보보호 전담인력도 같은 기간 91명에서 351명으로 약 4배 확대됐다. LG유플러스는 AI 기반 통합 보안관제와 제로트러스트 기반 인증·접근통제 체계를 단계적으로 구축하고 있다. 오는 2027년까지 AI를 활용한 이상행위 탐지와 접근통제를 자동화하는 한편, 보이스피싱과 스미싱을 탐지하는 '고객피해방지 분석시스템'을 고도화해 선제 대응 역량을 강화할 계획이다. KB證 ""KT&G, 2분기 호실적 전망…목표가 25만원으로↑"" 박윤영 KT 대표 ""향후 5년간 통신+AI에 18조원 투자"" KT, 향후 5년간 18조원 투자…AX 플랫폼 도약 우본 DaaS 입찰에 KT·NHN 참전…네이버는 국방 AX로 '선택과 집중' SKT·KT, 퀀텀코리아 출격…차세대 양자보안 선봬",1452,bs4_selector,86.0,relevance_failed:v43_not_government_policy,-4.5,True,False,https://news.google.com/rss/articles/CBMiYEFVX3lxTE5FWld4cnduVVFNRndDSG5qaFlzTXFGN2FwZGlPdHVxcGxQQjNfYVh6UUZZZFhYeWFJQ0ZSeGZuc2JkbnpkY2UwWnFPOEZKbFBGOEJtb3BwQWdoOHdxdVUzbA?oc=5,https://news.nate.com/view/20260708n13743?mid=n0105,219.0,"ai_infrastructure_security,earnings,financial_performance,market_power_platform,phishing_security,platform_obligation,privacy_security_reliability",security_phishing_malware,2026-07-08,url_date,original_date_recent,3,110.25,privacy_security:naver:data_leak:initial_investigation_response,23.0,global_incident:platform_regulation:naver:platform_content_moderation_obligation:announcement,global_incident:platform_regulation:naver:platform_content_moderation_obligation,24.0,government:platform_obligation,Y,,issue_representative_attempt,I048,국가 AI 인프라/AIDC/GPU 정책,KT,경쟁사/해외이슈,경쟁사_해외이슈,정부_국회,정부_국회,정부/국회,ok,http_200,body_valid,comp_domestic_ai_platform,COMPETITOR_AI_STRATEGY,565.0,,OFF_TOPIC,COMP_DOMESTIC_AI_PLATFORM,domestic,정부_국회,COMPETITOR_AI_STRATEGY,comp_domestic_ai_platform,KT 금융 AX/AI 인프라 전략,KT 금융 AX/AI 인프라 전략,카카오가 경쟁사 전략·리스크·AI/플랫폼 대응을 비교 참고할 이슈,4.0,4.0,5.0,로컬 보조 라벨 / v26.2: overseas structural industry candidate,로컬 보조 라벨 / 로컬 보조 라벨 / v26.2: overseas structural industry candidate / v26.2: no central Korean public actor/action for Government section: no_public_actor_action_domain / v26.2: overseas structural industry candidate,issue_selected,Y,4.0,본문추출성공,pass:v26_2_public_actor_action_pass:platform_obligation,pass:representative_aligned
경쟁사_해외이슈,경쟁사/해외이슈,네이버,"네이버클라우드, 佛 미스트랄과 소버린 AI 동맹…피지컬 AI 공략",뉴스1,뉴스1,"Wed, 08 Jul 2026 00:17:00 GMT","Wed, 08 Jul 2026 00:17:00 GMT","네이버클라우드, 佛 미스트랄과 소버린 AI 동맹…피지컬 AI 공략 뉴스1",,0,failed,0.0,empty,13.5,False,False,https://news.google.com/rss/articles/CBMiZEFVX3lxTE9VTkFaaFY3bnlCb2ZmVEJsYm9nN3BSX3hNZUVNS1ZJTmZ0WFNYTFJpako3Q1VYamNJUTNIZVFWZlpLVnFDM1k4ZUJySG9EdFhlbmlqVVRaZDVxVFUxbnZmNGxHR3g?oc=5,https://www.news1.kr/amp/it-science/general-it/6221102,205.5,ai_infrastructure_security,ai_infrastructure_security,,no_original_date_found,no_original_date_found_kept,0,-9.55,,0.0,,,0.0,,,,issue_representative_attempt,I004,comp_domestic_ai_platform:네이버클라우드 미스트랄과 소버린 ai 동맹 피지컬 ai 공략,네이버,경쟁사/해외이슈,경쟁사_해외이슈,경쟁사_해외이슈,경쟁사_해외이슈,경쟁사/해외이슈,,,,,,,,,,,,,,,,,,,,,,,,,,,
경쟁사_해외이슈,경쟁사/해외이슈,네이버,"“이용자·서비스까지 AI 안전성 확대”…네이버, ASF 2.0 공개",서울경제신문,서울경제신문,"Wed, 08 Jul 2026 01:11:14 GMT","Wed, 08 Jul 2026 01:11:14 GMT","“이용자·서비스까지 AI 안전성 확대”…네이버, ASF 2.0 공개 서울경제신문",,0,failed,0.0,empty,13.5,False,False,https://news.google.com/rss/articles/CBMiUkFVX3lxTE16YlMyS0tYajhhSnllNVZ5clJ6QnF5RkJvQ3NxcTlEX0V5bE5SMGVYa1loanVXM09nejFpOENMZE1iQmlFVWVBNjRKa0NUOW9SRHfSAVNBVV95cUxNRWp5SU5YUEdyZkNZSUQ1SnpoUjBXX1RJeURpLXpTWTdEVUVFaFBWUmtOVEp3UFdxZGZfcFBFRkJ1N1B4ZnJVRXJxTDY2Q0xBcGlpQQ?oc=5,https://www.sedaily.com/article/20065132,206.5,ai_infrastructure_security,ai_infrastructure_security,,no_original_date_found,no_original_date_found_kept,0,-16.05,,0.0,,,0.0,,,,issue_representative_attempt,I007,comp_domestic_ai_platform:이용자 서비스까지 ai 안전성 확대 네이버 asf 2 0 공개,네이버,경쟁사/해외이슈,경쟁사_해외이슈,경쟁사_해외이슈,경쟁사_해외이슈,경쟁사/해외이슈,,,,,,,,,,,,,,,,,,,,,,,,,,,
경쟁사_해외이슈,경쟁사/해외이슈,네이버,"네이버클라우드, 미스트랄 AI와 손잡고 ‘제조 AI 시장’ 정조준",서울경제신문,서울경제신문,"Wed, 08 Jul 2026 00:08:57 GMT","Wed, 08 Jul 2026 00:08:57 GMT","네이버클라우드, 미스트랄 AI와 손잡고 ‘제조 AI 시장’ 정조준 서울경제신문",,0,failed,0.0,empty,13.5,False,False,https://news.google.com/rss/articles/CBMiU0FVX3lxTE5zdVlMYW9Bb2l4NUJGOEZMam1SYy02eGJJUWtxa1JNVkxIbTF2WDZwdFV6N2V5dV8yN1B4elBXWEJHMzNMckJNOVJJYkhpRmJOV2JB0gFTQVVfeXFMTnN1WUxhb0FvaXg1QkY4RkxqbVJjLTZ4YklRa3FrUk1WTEhtMXZYNnB0VXo3ZXl1XzI3UHh6UFdYQkczM0xyQk05UkliSGlGYk5XYkE?oc=5,https://m.sedaily.com/amparticle/20065061,206.5,ai_infrastructure_security,ai_infrastructure_security,,no_original_date_found,no_original_date_found_kept,0,-16.05,,0.0,,,0.0,,,,issue_representative_attempt,I008,comp_domestic_ai_platform:네이버클라우드 미스트랄 ai와 손잡고 제조 ai 시장 정조준,네이버,경쟁사/해외이슈,경쟁사_해외이슈,경쟁사_해외이슈,경쟁사_해외이슈,경쟁사/해외이슈,,,,,,,,,,,,,,,,,,,,,,,,,,,
정부_국회,정부/국회,금융위원회,"개보위, 우리은행 개인정보 유출 사고 조사 착수",알티케이뉴스,알티케이뉴스,"Mon, 06 Jul 2026 17:50:40 GMT","Mon, 06 Jul 2026 17:50:40 GMT","개보위, 우리은행 개인정보 유출 사고 조사 착수 알티케이뉴스","개인정보보호위원회가 우리은행 고객 개인정보 유출 사고에 대한 조사에 착수했다. 외부 개발업체를 통해 이용자 닉네임과 연계정보(CI) 1만7551건이 노출됐으며, 은행은 약 9개월간 유출 사실을 자체적으로 인지하지 못한 것으로 파악됐다. 7일 관계 당국에 따르면 개인정보보호위원회는 전날부터 이번 사고와 관련한 개인정보보호법 위반 여부를 확인하기 위한 조사를 진행하고 있다. 사업 종료 이후에도 외부 개발업체에 고객정보가 남아 있었던 경위와 수탁업체 관리·감독 의무 이행 여부 등이 중점 조사 대상인 것으로 알려졌다. 우리은행은 2024년 9월 대체불가토큰(NFT) 플랫폼 구축 과정에서 외부 개발업체에 고객정보를 제공했다. 이후 지난해 9월 업체 직원이 고객정보가 포함된 파일 링크를 개발자 공유 플랫폼에 게시한 것으로 파악됐다. 이 사실은 플랫폼 이용자가 한국인터넷진흥원(KISA)에 신고한 뒤 금융보안원이 지난달 30일 통보하면서 드러났다. 은행은 유출 사실을 약 9개월간 자체적으로 인지하지 못했고, 외부 신고를 통해서야 사고를 파악했다. 이에 개인정보 관리 체계 전반에 대한 점검 필요성이 제기되고 있다. 유출된 정보는 이용자 닉네임과 연계정보(CI)다. CI는 본인확인 과정에서 동일인 식별에 활용되는 정보로, 다른 개인정보와 결합될 경우 명의도용이나 보이스피싱 등 2차 피해에 악용될 수 있다는 우려가 제기된다. 현재까지 유출 정보가 확산되거나 악용된 사례는 확인되지 않았다. 금융감독원도 사고 경위에 대한 자체 점검과 재발방지 대책 마련을 요구했다. 필요할 경우 현장점검을 실시하고, 위법 사항이 확인되면 검사로 전환할 방침인 것으로 알려졌다. 우리은행은 프로젝트 전후 외주업체로부터 개인정보 파기 확인서를 제출받고 직원 대상 개인정보보호 교육을 실시해 왔다고 밝혔다. 정진완 행장은 사과문을 통해 ""이번 일을 계기로 개발업체의 개인정보 관리 현황을 전수 조사해 미흡한 점은 즉시 시정 조치하겠다""며 ""우리은행 자체의 개인정보보호 체계도 한층 강화해 어떠한 유형의 개인정보 유출도 재발하지 않도록 심기일전하겠다""고 밝혔다. English(中文·日本語) news is the result of applying Google Translate. is not responsible for the content of English(中文·日本語) news. 남기두기자 openspace78@rightknow.co.kr [기획] '램프’ 다음은 어디인가…현대모비스 매각 협상 뒤 남은 고용 과제 (하) 아시아나 노조 “대한항공, 아시아나 노동자 경력 짓밟아”...취업규칙 변경 강력 규탄 [초점] '노스페이스’ 영원무역, 오너 일가 사익편취 의혹 배경은? [기획] 홈플러스 갉아먹은 사모펀드 MBK의 10년…‘제2의 론스타’ 막으려면 (하) [단독] 인천경제청 공무원, 출입기자 고소 전 인사청탁 의혹 고용부 K-뉴딜 아카데미, 청년 476명 모집…비수도권 직무교육 확대 [기획] ‘조선 빅3’ 성과급 전쟁 본격화…영업이익 30% 요구에 ‘하투’ 장기화 우려 (상) [기획] '램프’ 다음은 어디인가…현대모비스 매각 협상 뒤 남은 고용 과제 (하) [기획] '램프’ 다음은 어디인가…현대모비스 매각 협상 뒤 남은 고용 과제 (하) 아시아나 노조 “대한항공, 아시아나 노동자 경력 짓밟아”...취업규칙 변경 강력 규탄 [초점] '노스페이스’ 영원무역, 오너 일가 사익편취 의혹 배경은? [기획] 홈플러스 갉아먹은 사모펀드 MBK의 10년…‘제2의 론스타’ 막으려면 (하) [단독] 인천경제청 공무원, 출입기자 고소 전 인사청탁 의혹 고용부 K-뉴딜 아카데미, 청년 476명 모집…비수도권 직무교육 확대 [기획] ‘조선 빅3’ 성과급 전쟁 본격화…영업이익 30% 요구에 ‘하투’ 장기화 우려 (상) [기획] '램프’ 다음은 어디인가…현대모비스 매각 협상 뒤 남은 고용 과제 (하) 아시아나 노조 “대한항공, 아시아나 노동자 경력 짓밟아”...취업규칙 변경 강력 규탄 [초점] '노스페이스’ 영원무역, 오너 일가 사익편취 의혹 배경은? [기획] 홈플러스 갉아먹은 사모펀드 MBK의 10년…‘제2의 론스타’ 막으려면 (하) [단독] 인천경제청 공무원, 출입기자 고소 전 인사청탁 의혹 고용부 K-뉴딜 아카데미, 청년 476명 모집…비수도권 직무교육 확대 [기획] ‘조선 빅3’ 성과급 전쟁 본격화…영업이익 30% 요구에 ‘하투’ 장기화 우려 (상)",2150,bs4_selector,86.0,category_reassign_blocked_max:경쟁사_해외이슈:v26_2_foreign_policy_to_competitor_overseas,221.0,True,False,https://news.google.com/rss/articles/CBMibkFVX3lxTFBHcE03Z2hlaktqWElwNkd3dHNPN3hva0ZwM2ZubDN6YUhWcWEwck5ZMU5hcWdVV3ZYR0tERE8xcmVUSW5INkxsRVo3MXVrODFHVzlVMXVyS3BDRG9pNll0Z0ZQUjN1aTZGUUI4amNn?oc=5,https://www.rightknow.co.kr/news/articleView.html?idxno=34380,102.6,"earnings,financial_performance,labor_dispute,labor_negotiation,legal_regulatory_enforcement,market_power_platform,phishing_security,platform_obligation,policy_legislation,privacy_security_reliability,strategy_mna_governance",labor_pay_dispute,2026-07-07,meta:article:published_time,original_date_recent,2,282.1,privacy_security:google:data_leak:litigation,77.0,global_incident:platform_enforcement:google:privacy_data_violation:investigation_review,global_incident:platform_enforcement:google:privacy_data_violation,56.0,self:platform_obligation,Y,,issue_representative_attempt,I053,global_incident:platform_regulation:platform_sector:platform_regulation,금융위원회,정부/국회,정부_국회,정부_국회,정부_국회,정부/국회,ok,http_200,body_valid,government_ai_core_policy,GOV_AI_DIGITAL_POLICY,533.0,,GOV_AI_CORE_POLICY,COMP_OVERSEAS_REGULATION_DATA,other,정부_국회,GOV_PLATFORM_REGULATION,government_regulatory_enforcement,global_incident:platform_regulation:platform_sector:platform_regulation,global_incident:platform_regulation:platform_sector:platform_regulation,카카오 플랫폼·AI·대관 대응 경로에 영향을 줄 수 있는 정책/감독 이슈,4.0,5.0,4.0,로컬 보조 라벨,로컬 보조 라벨 / v26.2: no central Korean public actor/action for Government section: no_public_actor_action_domain / v26.2: overseas structural industry candidate,issue_selected,N:foreign_policy,9.0,본문추출성공,reassign_blocked:v26_2_foreign_policy_to_competitor_overseas,
자사_및_계열사_이슈,자사 및 계열사 이슈,카카오,"카카오게임즈, 김태환·이시우 신임 공동 대표 선임... 글로벌 외연 확장",인벤,인벤,"Tue, 07 Jul 2026 09:36:21 GMT","Tue, 07 Jul 2026 09:36:21 GMT","카카오게임즈, 김태환·이시우 신임 공동 대표 선임... 글로벌 외연 확장 인벤","RSS https://www.inven.co.kr/webzine/news/?news=317668 https://www.inven.co.kr/webzine/news/?news=317668 날짜 : 2026-06-22 12:13 댓글 : 0 카카오게임즈, 김태환·이시우 신임 공동 대표 선임... 글로벌 외연 확장 김찬휘 기자 ( Charliee@inven.co.kr ) 카카오게임즈는 22일 임시주주총회와 이사회 등 절차를 거쳐 김태환과 이시우 신임 공동 대표이사를 공식 선임했다고 밝혔다. 새로운 리더십을 필두로 재무 안정화를 마친 카카오게임즈는 본격적인 외연 확장에 시동을 건다. 김태환 신임 대표이사는 넥슨과 라인게임즈를 거치며 국내외 인수합병과 전략적 투자를 이끌어 온 게임업계의 대표적 딜 메이커다. 넥슨코리아 전략기획실장과 기획조정이사 및 부사장, 넥슨재팬 CBDO, 넥슨아메리카 부사장, 라인게임즈 CSO(부사장)를 역임하며 글로벌 시장에서의 사업 개발과 전략 실행을 두루 경험했다. 특히 넥슨 재직 시절 다수의 주요 M&A를 주도했으며 인수 이후의 조직과 사업 통합(PMI)까지 성공적으로 이끌어 낸 인물로 카카오게임즈에서는 회사의 중장기 비즈니스 전략 수립과 글로벌 사업 확장 그리고 M&A 및 전략적 투자 전반을 총괄한다. 이시우 신임 대표이사는 2015년 카카오게임즈 창립 초기 모바일 사업본부장으로 합류해 CBO(부사장) 등을 역임하며 모바일 및 PC 게임 사업을 총괄해 왔다. 오딘: 발할라 라이징 등 대형 IP 및 다수 인기 서브컬처 장르 게임들을 성공적으로 퍼블리싱하며 카카오게임즈를 국내 대표 게임사 반열에 올리는 데 기여했다. 그간의 사업 역량을 바탕으로 게임 라이브 서비스 운영과 신작 퍼블리싱 그리고 IP 포트폴리오 관리 등 게임 사업 전반을 총괄해 게임 사업 핵심 경쟁력을 한층 강화할 예정이다. 카카오게임즈는 비핵심 사업 정리와 재무 구조 개선을 마무리하고 전략적 투자 유치로 확보한 재무건전성을 기반으로 성장 전략을 꾀한다. 국내외 유망 개발사에 대한 지분 투자와 인수합병을 적극 추진해 IP 포트폴리오와 개발 역량을 확대할 계획이다. 김태환 신임 대표는 치열한 글로벌 시장에서의 경쟁을 위해서는 공격적인 투자와 혁신은 필수적인 것이라며, 확보한 자본력을 기반으로 카카오게임즈가 글로벌 무대에서 속도감 있게 성장할 수 있도록 최선을 다하겠다고 전했다. 이시우 신임 대표는 검증된 라이브 서비스 역량과 신작 라인업을 바탕으로 카카오게임즈만의 차별화된 IP를 선보일 수 있도록 노력하겠다고 전했다. 두 대표는 성장 전략을 공격적으로 추진하면서 그 성과가 기업가치로 이어지도록 하는 것이 궁극적인 목표라며, 투명한 시장 소통을 통해 주주들과 이용자들의 기대에 부응하는 회사를 만들겠다고 포부를 밝혔다. 김찬휘 기자 Charliee@inven.co.kr 댓글 등록순 | 최신순 | 주사위만 새로고침 새로고침 인벤",1423,bs4_selector,-10.0,date_failed:original_date_too_old>52h:2026-06-22,144.0,False,False,https://news.google.com/rss/articles/CBMickFVX3lxTE9kbVBnRGZRS1JwQnN5c2ZfT3VWNVpwcUVCUlFMeEcyNndiTW9lOUVTNjJTdWZRWXNsaWw1Y2QtUjBGcDhLOXJRY0lHT1JZY1FLSndLbE85bXJEemtveFRROTJmY2dQSm1qZE1NSnJqcE0xUQ?oc=5,https://www.inven.co.kr/webzine/news?news=317668&site=dnfspirit,114.8,"kakao_games_management,labor_dispute,leadership_change,policy_legislation,strategy_mna_governance",labor_general,2026-06-22,json_ld:datePublished,original_date_too_old>52h,5,72.8,,7.0,global_incident:leadership_service:kakao:executive_change:executive_or_org_change,global_incident:leadership_service:kakao:executive_change,18.0,,,,issue_representative_attempt,I081,카카오게임즈 최대주주 변경 및 공동대표 체제,카카오,자사 및 계열사 이슈,자사_및_계열사_이슈,자사_및_계열사_이슈,자사_및_계열사_이슈,자사 및 계열사 이슈,,,,,,,,,,,,,,,,,,,,,,,,,,,
정부_국회,정부/국회,일본 빅테크,"에너지·첨단 인프라 수요 폭증…""데이터센터·원전 패키지로 승부""",네이트,네이트,"Tue, 07 Jul 2026 09:30:00 GMT","Tue, 07 Jul 2026 09:30:00 GMT","에너지·첨단 인프라 수요 폭증…""데이터센터·원전 패키지로 승부"" 네이트","■ 현대건설 日 상륙 현대건설이 일본 건설시장에 진출한 것은 인공지능(AI) 특수로 데이터센터와 같은 인프라 수요가 폭증하고 있지만 일본 대형 건설사들의 시공 여력이 한계에 봉착해 외국 건설사에도 참여 기회가 확대되고 있어서다. 현대건설은 이 틈을 공략해 데이터센터뿐 아니라 원전과 소형모듈원자로(SMR)까지 패키지로 수주하겠다는 복안이다. 7일 건설업계에 따르면 현대건설은 해외 먹거리를 본격적으로 발굴하기 위해 올 3월 건축주택사업본부 내 글로벌데이터센터팀을 신설했다. 신사업의 경우 보통 태스크포스(TF) 차원에서 접근하지만 정식 팀으로 격상한 데는 현대건설의 미래 먹거리 발굴 의지가 담겼다는 평가다. 앞서 지난해 3월 현대건설이 처음 개최한 인베스터데이에서도 이한우 대표가 데이터센터와 대형 원전, SMR을 하나로 묶은 에너지 패키지 전략을 제시했다. 데이터센터 가동을 위해 전력 인프라가 필수적인 만큼 데이터센터 시공을 넘어 전력 공급과 에너지 인프라까지 함께 수출하겠다는 구상이다. 현지 관계자들에 따르면 일본은 이러한 패키지 전략의 시험대가 될 수 있는 시장으로 꼽힌다. AI 투자 확대로 인해 일본 기업뿐 아니라 글로벌 빅테크가 일본 전역에서 대규모 AI 데이터센터(AIDC) 구축 계획을 잇따라 밝히면서 인프라 수요가 급격히 늘어나고 있다. 오사카부 사카이시 샤프 공장 부지에서는 KDDI의 최신 데이터센터가 올해 1월 가동을 시작했다. 엔비디아의 최신 반도체를 탑재한 이 시설은 48메가와트(㎿)급 전력 수용 능력을 갖췄다. 소프트뱅크도 사카이시에 150㎿ 규모 데이터센터를 연내 완공 목표로 짓고 있으며 홋카이도에서도 대형 프로젝트를 추진 중이다. 도야마현과 가고시마현 등 지방자치단체들도 지역 기업과 손잡고 350~400㎿급 초대형 데이터센터 건설을 검토하고 있다. 일본 총무성은 일본의 AI 관련 시장이 2029년 약 4조2000억 엔 규모로 지난해의 3배 수준으로 커질 것으로 보고 있다. 다만 공급 병목 현상이 뚜렷하다. 일본 대형 건설사(제네콘)들은 TSMC가 추진하는 구마모토 공장과 반도체·첨단산업 프로젝트에 인력과 장비가 집중돼 있다. 데이터센터 시공 목표는 수십 ㎿급에서 수백 ㎿급으로 대형화하고 있지만 이를 제때 지을 수 있는 시공 여력은 부족하다는 평가가 나온다. 한 일본 현지 관계자는 “AIDC 수요는 급증하고 있지만 이를 소화할 수 있는 중견 이상의 건설사가 부족한 상황”이라며 “이전과 달리 국내 건설사들이 적극적으로 일본 시장을 공략하는 것도 기회가 있다는 판단이 작용한 것”이라고 짚었다. 현대건설은 이미 데이터센터와 원전 분야에 있어서 착실히 시공 레퍼런스를 쌓아왔다. 내년 10월 상업운전을 목표로 추진 중인 포항 AIDC 사업에서 우선협상대상자로 선정된 것은 물론 서울 구로구 항동 데이터센터, 안산 성공동·시화 데이터센터 등 주요 프로젝트를 진행하고 있다. AIDC가 대용량 전력 공급, 냉각, 내진 설계 등 고난도 기술력을 요구하는 만큼 이 같은 경험이 일본 시장 진출의 무기가 될 것이라는 분석이다. 첨단 인프라 시공능력을 보유한 일본 대형 건설사와 비교해도 현대건설의 체급이 밀리지 않는다는 분석도 나온다. 일본 대형 건설사인 카지마건설과 오바야시구미의 지난해 매출은 각각 2조9000억 엔(약 27조 원), 2조6000억 엔(약 24조 원) 수준으로 현대건설의 지난해 매출(약 31조 원)보다 적다. 여기에 원전·플랜트·데이터센터 시공 경험을 함께 보유한 점은 AI 인프라 시장에서 차별화된 경쟁력으로 꼽힌다. 다른 국내 건설사들도 일본 접점을 넓히고 있다. 삼성물산 건설부문은 일본 도쿄 법인에서 2023년 일본 건설면허를 취득한 뒤 일본 현지 기업과의 협력 사업을 확대하고 있다. 최근에는 일본 인프로니아홀딩스와 글로벌 민관합작투자사업(PPP)·컨세션 사업 협력을 위한 업무협약을 체결하며 개발·투자·운영 중심의 협력 모델을 강화하고 있다. 대우건설은 1990년대 일본 시장을 처음 개척해 후쿠오카 캐널 시티 등 대형 프로젝트를 수행했지만 현재는 별도 일본 지사를 운영하지 않는다. 대신 일본 JGC와 사우디아라비아 자잔 리파이너리 프로젝트를 함께 수행하는 등 제3국 공동 수주 방식으로 협력을 이어가고 있다. 업계 관계자는 “AIDC는 앞으로 원전, 송배전망, 에너지저장장치(ESS) 등 에너지 인프라와 함께 움직이는 시장이 될 가능성이 크다”며 “첨단 시공능력을 앞세워 인프라 공급 병목을 뚫는다면 충분히 기회가 있다”고 말했다. 정혜진 기자 madein@sedaily.com [서울경제",2217,trafilatura,88.0,category_reassign_blocked_max:경쟁사_해외이슈:v26_2_foreign_policy_to_competitor_overseas,-10.0,True,True,https://news.google.com/rss/articles/CBMiU0FVX3lxTE4yUV9zbWp6MXNnS21uN3h3cEtsdGpsdjFfalRSUnl0WndHRUJGdTNWNjRtOGlGWEYwZVZ5WnFTOTNvZm1DV2pIWXJZNXh2cFdVc0JV?oc=5,https://news.nate.com/view/20260707n32849,37.5,"ai_infrastructure_security,aidc_datacenter,earnings,financial_performance,kim_beomsoo_trial,platform_obligation,policy_legislation,strategy_mna_governance",aidc_law_power,2026-07-07,url_date,original_date_recent,2,120.2,,23.0,global_incident:platform_regulation:platform_sector:platform_data_protection_obligation:announcement,global_incident:platform_regulation:platform_sector:platform_data_protection_obligation,24.0,government:platform_obligation,Y,,issue_representative_attempt,I064,government_ai_core_policy:에너지 첨단 인프라 수요 폭증 데이터센터 원전 패키지로 승부,일본 빅테크,경쟁사/해외이슈,경쟁사_해외이슈,정부_국회,정부_국회,정부/국회,ok,http_200,body_valid,government_ai_core_policy,GOV_AI_DIGITAL_POLICY,450.25,,OFF_TOPIC,COMP_GENERAL_LOW_RELEVANCE,other,정부_국회,GOV_AI_DIGITAL_POLICY,government_ai_core_policy,government_ai_core_policy:에너지 첨단 인프라 수요 폭증 데이터센터 원전 패키지로 승부,government_ai_core_policy:에너지 첨단 인프라 수요 폭증 데이터센터 원전 패키지로 승부,카카오 AI agent/AI 서비스 전략과 연결되는 핵심 정책환경,4.0,4.0,5.0,v26.2: no central Korean public actor/action for Government section: no_public_actor_action_domain / v26.2: overseas structural industry candidate,v26.2: no central Korean public actor/action for Government section: no_public_actor_action_domain / v26.2: overseas structural industry candidate,issue_selected,N:foreign_policy,10.0,본문추출성공,reassign_blocked:v26_2_foreign_policy_to_competitor_overseas,
정부_국회,정부/국회,인공지능 산업 동향,"AI 기업들이 먼저 ""합성 DNA 규제"" 촉구…미국 바이오안보 입법 본격화",약업신문,약업신문,"Tue, 07 Jul 2026 21:01:00 GMT","Tue, 07 Jul 2026 21:01:00 GMT","AI 기업들이 먼저 ""합성 DNA 규제"" 촉구…미국 바이오안보 입법 본격화 약업신문",,0,failed,0.0,empty,-34.0,False,False,https://news.google.com/rss/articles/CBMiZkFVX3lxTE1Mbm1aVlZYM0VSOUYyYWJtZE1qVWFQUkJWRnAzdWM4X2VKYUowbzJObEVlUmVRbndTYTh2VEhzVVVBQ3pfaWp4a2hYSFFLT1FXaUFMRUkwU19HYWZaMDd1OVBsc1N2QQ?oc=5,http://m.yakup.com/news/index.html?mode=view&nid=329531,157.0,"ai_infrastructure_security,policy_legislation",ai_infrastructure_security,,no_original_date_found,no_original_date_found_kept,0,-56.8,,0.0,,,0.0,,,,issue_representative_attempt,I082,government_ai_core_policy:ai 기업들이 먼저 합성 dna 규제 촉구 미국 바이오안보 입법 본격화,인공지능 산업 동향,산업동향,산업동향,경쟁사_해외이슈,정부_국회,정부/국회,,,,,,,,,,,,,,,,,,,,,,,,,,,
정부_국회,정부/국회,정무위원회,디지털자산기본법 논의 재가동 기대…정무위에 입법 인사 포진,이투데이,이투데이,"Tue, 07 Jul 2026 01:41:00 GMT","Tue, 07 Jul 2026 01:41:00 GMT",디지털자산기본법 논의 재가동 기대…정무위에 입법 인사 포진 이투데이,"입력 2026-07-07 10:41 박정호 기자 기자 이름을 클릭하면 더 자세한 정보를 확인할 수 있어요! 북마크 되었습니다. 마이페이지에서 확인하세요. 기사 듣기 00:00 / 입력 2026-07-07 10:41 박정호 기자 기자 이름을 클릭하면 더 자세한 정보를 확인할 수 있어요! 박정호 기자 기자 이름을 클릭하면 더 자세한 정보를 확인할 수 있어요! 기자 이름을 클릭하면 더 자세한 정보를 확인할 수 있어요! 북마크 되었습니다. 마이페이지에서 확인하세요. 민주당 정무위원 13명 중 8명, 디지털자산 법안 발의 참여 박상혁 여당 간사 선임…주요 대표발의자 정무위 포진 거래소 지분 제한·스테이블코인 요건 등 쟁점 조율 관건 ▲6일 국회에서 열린 정무위원회 제1차 전체회의가 국민의힘 소속 위원들이 불참한 가운데 진행되고 있다. (연합뉴스) 제22대 국회 후반기 정무위원회가 새로 꾸려지면서 디지털자산기본법 논의가 다시 속도를 낼 지 주목된다. 정무위에 배정된 더불어민주당 의원 상당수가 디지털자산 관련 법안 발의에 참여한 데다 주요 법안 대표 발의자들도 정무위에 포진하면서 제도화 논의의 기반이 넓어졌다는 평가가 나온다. 다만 거래소 대주주 지분 제한과 스테이블코인 발행 요건 등 핵심 쟁점이 남아 법안 병합 심사와 단일안 조율이 입법 속도를 가를 전망이다. 7일 정치권과 가상자산 업계에 따르면 제22대 국회 후반기 정무위에 배정된 더불어민주당 의원 13명 가운데 8명이 디지털자산 관련 법안 발의에 참여한 것으로 나타났다. 강준현·김현정·민병덕·박민규·박상혁·유동수·이강일·한민수 의원이 관련 법안 대표발의자 또는 공동발의자 명단에 이름을 올렸다. 국민의힘 정무위원 중에서는 김재섭·김상훈 의원이 디지털자산 법안 발의 명단에 포함됐다. 김재섭 의원은 디지털자산시장통합법안을 대표 발의했고 김상훈 의원은 관련 법안 공동 발의자로 참여했다. 여야 모두에서 디지털자산 제도화 법안에 관여한 의원들이 정무위에 배치된 셈이다. 특히 민주당 정무위원에 디지털자산 제도화 법안 발의 참여자가 다수 포진한 상황에서 박상혁 의원이 여당 간사를 맡으면서 관련 입법 논의에 힘이 실릴 수 있다는 전망도 나온다. 박 의원은 '디지털자산의 시장 및 산업에 관한 법률안'을 대표 발의했다. 민병덕·김현정·이강일 의원도 각각 '디지털자산기본법안', '가치안정형 디지털자산 발행업 등에 관한 법률안', '디지털자산시장의 혁신과 성장에 관한 법률안'을 대표 발의했다. 정무위 첫 전체회의에서도 디지털자산 입법 필요성이 거론됐다. 이강일 의원은 6일 열린 전체회의에서 “디지털 자산 입법과 관련되는 부분이 상당히 오랫동안 논의가 됐는데 지난 정무위에서 통과시키지 못했다”며 “시장이 기대에서 실망으로 완전히 변한 상황”이라고 지적했다. 이어 “동력을 다시 끌어올려야 한다”고 강조했다. 유동수 정무위원장도 디지털자산기본법을 정무위 주요 현안으로 꼽았다. 유 위원장은 디지털자산기본법 관련 문제와 자본시장 변동성 등을 언급하며 “정무위가 현재 현안으로 가장 깊이 다뤄야 할 문제라고 인식하고 있다”고 밝혔다. 다만 실제 입법까지는 적지 않은 문턱을 넘어야 한다. 현재 국회에는 디지털자산기본법안뿐 아니라 스테이블코인 성격의 가치고정형·가치안정형 디지털자산 법안, 디지털자산시장통합법안 등이 함께 올라온 상태다. 법안별 규율 대상과 감독 체계, 산업 육성 방향이 달라 정무위 법안심사 과정에서 병합 심사와 단일안 조율이 핵심 과제로 꼽힌다. 쟁점도 여전하다. 심수빈 키움증권 연구원은 “가상자산 거래소 대주주 지분 제한, 스테이블코인 발행사의 지분 요건 등 핵심 규율 방안을 둘러싼 이견이 지속 중”이라며 “단일안 합의, 국회 통과 등의 과정을 거쳐야 하는 만큼 실질적인 법안 시행 시점이 2028년으로 지연될 가능성도 언급된다”고 말했다. 민주당 정무위원 13명 중 8명, 디지털자산 법안 발의 참여 박상혁 여당 간사 선임…주요 대표발의자 정무위 포진 거래소 지분 제한·스테이블코인 요건 등 쟁점 조율 관건 ▲6일 국회에서 열린 정무위원회 제1차 전체회의가 국민의힘 소속 위원들이 불참한 가운데 진행되고 있다. (연합뉴스) 제22대 국회 후반기 정무위원회가 새로 꾸려지면서 디지털자산기본법 논의가 다시 속도를 낼 지 주목된다. 정무위에 배정된 더불어민주당 의원 상당수가 디지털자산 관련 법안 발의에 참여한 데다 주요 법안 대표 발의자들도 정무위에 포진하면서 제도화 논의의 기반이 넓어졌다는 평가가 나온다. 다만 거래소 대주주 지분 제한과 스테이블코인 발행 요건 등 핵심 쟁점이 남아 법안 병합 심사와 단일안 조율이 입법 속도를 가를 전망이다. 7일 정치권과 가상자산 업계에 따르면 제22대 국회 후반기 정무위에 배정된 더불어민주당 의원 13명 가운데 8명이 디지털자산 관련 법안 발의에 참여한 것으로 나타났다. 강준현·김현정·민병덕·박민규·박상혁·유동수·이강일·한민수 의원이 관련 법안 대표발의자 또는 공동발의자 명단에 이름을 올렸다. 국민의힘 정무위원 중에서는 김재섭·김상훈 의원이 디지털자산 법안 발의 명단에 포함됐다. 김재섭 의원은 디지털자산시장통합법안을 대표 발의했고 김상훈 의원은 관련 법안 공동 발의자로 참여했다. 여야 모두에서 디지털자산 제도화 법안에 관여한 의원들이 정무위에 배치된 셈이다. 특히 민주당 정무위원에 디지털자산 제도화 법안 발의 참여자가 다수 포진한 상황에서 박상혁 의원이 여당 간사를 맡으면서 관련 입법 논의에 힘이 실릴 수 있다는 전망도 나온다. 박 의원은 '디지털자산의 시장 및 산업에 관한 법률안'을 대표 발의했다. 민병덕·김현정·이강일 의원도 각각 '디지털자산기본법안', '가치안정형 디지털자산 발행업 등에 관한 법률안', '디지털자산시장의 혁신과 성장에 관한 법률안'을 대표 발의했다. 정무위 첫 전체회의에서도 디지털자산 입법 필요성이 거론됐다. 이강일 의원은 6일 열린 전체회의에서 “디지털 자산 입법과 관련되는 부분이 상당히 오랫동안 논의가 됐는데 지난 정무위에서 통과시키지 못했다”며 “시장이 기대에서 실망으로 완전히 변한 상황”이라고 지적했다. 이어 “동력을 다시 끌어올려야 한다”고 강조했다. 유동수 정무위원장도 디지털자산기본법을 정무위 주요 현안으로 꼽았다. 유 위원장은 디지털자산기본법 관련 문제와 자본시장 변동성 등을 언급하며 “정무위가 현재 현안으로 가장 깊이 다뤄야 할 문제라고 인식하고 있다”고 밝혔다. 다만 실제 입법까지는 적지 않은 문턱을 넘어야 한다. 현재 국회에는 디지털자산기본법안뿐 아니라 스테이블코인 성격의 가치고정형·가치안정형 디지털자산 법안, 디지털자산시장통합법안 등이 함께 올라온 상태다. 법안별 규율 대상과 감독 체계, 산업 육성 방향이 달라 정무위 법안심사 과정에서 병합 심사와 단일안 조율이 핵심 과제로 꼽힌다. 쟁점도 여전하다. 심수빈 키움증권 연구원은 “가상자산 거래소 대주주 지분 제한, 스테이블코인 발행사의 지분 요건 등 핵심 규율 방안을 둘러싼 이견이 지속 중”이라며 “단일안 합의, 국회 통과 등의 과정을 거쳐야 하는 만큼 실질적인 법안 시행 시점이 2028년으로 지연될 가능성도 언급된다”고 말했다. 관련 뉴스 디지털자산기본법 잰걸음…""구체적 후속 법체계 속도내야"" 디지털자산기본법 발의 1년…지선 이후 입법 시계 다시 움직이나 바이낸스 2억 달러 대규모 손해배상 소송에 위기設 ‘솔솔’ 디지털자산기본법 잰걸음…""구체적 후속 법체계 속도내야"" 디지털자산기본법 발의 1년…지선 이후 입법 시계 다시 움직이나 바이낸스 2억 달러 대규모 손해배상 소송에 위기設 ‘솔솔’ #디지털자산기본법 #정무위원회 #스테이블코인 #거래소지분제한 #2단계법 박정호 기자의",3706,bs4_selector,86.0,body_validation_failed:body_contamination_political_sidebar,195.0,False,False,https://news.google.com/rss/articles/CBMiVEFVX3lxTE9HRWRfSE5pck5lYzNjOWVVd2QwRzVQTkJtTDhpZjRjc1AtOUlmMGR4XzAxd0Q3SGFTUmVzUHFwVm9yZzh0QXdmNmtPOWVzZDJyTFdfcQ?oc=5,https://www.etoday.co.kr/news/view/2601021,102.6,"digital_asset_stablecoin,platform_obligation,policy_legislation,stablecoin,strategy_mna_governance",stablecoin_legislation,2026-07-07,json_ld:datePublished,original_date_recent,5,263.9,,23.0,global_incident:platform_regulation:digital_asset_sector:platform_operator_obligation:policy_change,global_incident:platform_regulation:digital_asset_sector:platform_operator_obligation,56.0,government:platform_obligation,Y,,issue_representative_attempt,I092,global_incident:digital_asset_policy:digital_asset_sector:digital_asset_policy,정무위원회,정부/국회,정부_국회,정부_국회,정부_국회,정부/국회,ok,http_200,body_contamination_political_sidebar,,,,,,,,,,,,,,,,,,,,,,본문오염의심_대체필요,,
정부_국회,정부/국회,정무위원회,디지털자산기본법 논의 재가동 기대…정무위에 입법 인사 포진,v.daum.net,v.daum.net,"Tue, 07 Jul 2026 01:42:10 GMT","Tue, 07 Jul 2026 01:42:10 GMT",디지털자산기본법 논의 재가동 기대…정무위에 입법 인사 포진 v.daum.net,"디지털자산기본법 논의 재가동 기대…정무위에 입법 인사 포진 박정호 기자 2026. 7. 7. 글자 수 10,000자 초과 시 일부만 음성으로 제공합니다. 가 매우 작은 폰트 작은 폰트 보통 폰트 큰 폰트 매우 큰 폰트 가 이 글자크기로 변경됩니다. (예시) 가장 빠른 뉴스가 있고 다양한 정보, 쌍방향 소통이 숨쉬는 다음뉴스를 만나보세요. 다음뉴스는 국내외 주요이슈와 실시간 속보, 문화생활 및 다양한 분야의 뉴스를 입체적으로 전달하고 있습니다. 글자 수 10,000자 초과 시 일부만 음성으로 제공합니다. 가 매우 작은 폰트 작은 폰트 보통 폰트 큰 폰트 매우 큰 폰트 가 이 글자크기로 변경됩니다. (예시) 가장 빠른 뉴스가 있고 다양한 정보, 쌍방향 소통이 숨쉬는 다음뉴스를 만나보세요. 다음뉴스는 국내외 주요이슈와 실시간 속보, 문화생활 및 다양한 분야의 뉴스를 입체적으로 전달하고 있습니다. 글자 수 10,000자 초과 시 일부만 음성으로 제공합니다. 글자 수 10,000자 초과 시 일부만 음성으로 제공합니다. 글자 수 10,000자 초과 시 일부만 음성으로 제공합니다. 가 매우 작은 폰트 작은 폰트 보통 폰트 큰 폰트 매우 큰 폰트 가 이 글자크기로 변경됩니다. (예시) 가장 빠른 뉴스가 있고 다양한 정보, 쌍방향 소통이 숨쉬는 다음뉴스를 만나보세요. 다음뉴스는 국내외 주요이슈와 실시간 속보, 문화생활 및 다양한 분야의 뉴스를 입체적으로 전달하고 있습니다. 가 매우 작은 폰트 작은 폰트 보통 폰트 큰 폰트 매우 큰 폰트 가 이 글자크기로 변경됩니다. (예시) 가장 빠른 뉴스가 있고 다양한 정보, 쌍방향 소통이 숨쉬는 다음뉴스를 만나보세요. 다음뉴스는 국내외 주요이슈와 실시간 속보, 문화생활 및 다양한 분야의 뉴스를 입체적으로 전달하고 있습니다. 가 매우 작은 폰트 작은 폰트 보통 폰트 큰 폰트 매우 큰 폰트 가 이 글자크기로 변경됩니다. (예시) 가장 빠른 뉴스가 있고 다양한 정보, 쌍방향 소통이 숨쉬는 다음뉴스를 만나보세요. 다음뉴스는 국내외 주요이슈와 실시간 속보, 문화생활 및 다양한 분야의 뉴스를 입체적으로 전달하고 있습니다. (예시) 가장 빠른 뉴스가 있고 다양한 정보, 쌍방향 소통이 숨쉬는 다음뉴스를 만나보세요. 다음뉴스는 국내외 주요이슈와 실시간 속보, 문화생활 및 다양한 분야의 뉴스를 입체적으로 전달하고 있습니다. 민주당 정무위원 13명 중 8명, 디지털자산 법안 발의 참여 박상혁 여당 간사 선임…주요 대표발의자 정무위 포진 거래소 지분 제한·스테이블코인 요건 등 쟁점 조율 관건 제22대 국회 후반기 정무위원회가 새로 꾸려지면서 디지털자산기본법 논의가 다시 속도를 낼 지 주목된다. 정무위에 배정된 더불어민주당 의원 상당수가 디지털자산 관련 법안 발의에 참여한 데다 주요 법안 대표 발의자들도 정무위에 포진하면서 제도화 논의의 기반이 넓어졌다는 평가가 나온다. 다만 거래소 대주주 지분 제한과 스테이블코인 발행 요건 등 핵심 쟁점이 남아 법안 병합 심사와 단일안 조율이 입법 속도를 가를 전망이다. 7일 정치권과 가상자산 업계에 따르면 제22대 국회 후반기 정무위에 배정된 더불어민주당 의원 13명 가운데 8명이 디지털자산 관련 법안 발의에 참여한 것으로 나타났다. 강준현·김현정·민병덕·박민규·박상혁·유동수·이강일·한민수 의원이 관련 법안 대표발의자 또는 공동발의자 명단에 이름을 올렸다. 국민의힘 정무위원 중에서는 김재섭·김상훈 의원이 디지털자산 법안 발의 명단에 포함됐다. 김재섭 의원은 디지털자산시장통합법안을 대표 발의했고 김상훈 의원은 관련 법안 공동 발의자로 참여했다. 여야 모두에서 디지털자산 제도화 법안에 관여한 의원들이 정무위에 배치된 셈이다. 특히 민주당 정무위원에 디지털자산 제도화 법안 발의 참여자가 다수 포진한 상황에서 박상혁 의원이 여당 간사를 맡으면서 관련 입법 논의에 힘이 실릴 수 있다는 전망도 나온다. 박 의원은 '디지털자산의 시장 및 산업에 관한 법률안'을 대표 발의했다. 민병덕·김현정·이강일 의원도 각각 '디지털자산기본법안', '가치안정형 디지털자산 발행업 등에 관한 법률안', '디지털자산시장의 혁신과 성장에 관한 법률안'을 대표 발의했다. 정무위 첫 전체회의에서도 디지털자산 입법 필요성이 거론됐다. 이강일 의원은 6일 열린 전체회의에서 “디지털 자산 입법과 관련되는 부분이 상당히 오랫동안 논의가 됐는데 지난 정무위에서 통과시키지 못했다”며 “시장이 기대에서 실망으로 완전히 변한 상황”이라고 지적했다. 이어 “동력을 다시 끌어올려야 한다”고 강조했다. 유동수 정무위원장도 디지털자산기본법을 정무위 주요 현안으로 꼽았다. 유 위원장은 디지털자산기본법 관련 문제와 자본시장 변동성 등을 언급하며 “정무위가 현재 현안으로 가장 깊이 다뤄야 할 문제라고 인식하고 있다”고 밝혔다. 다만 실제 입법까지는 적지 않은 문턱을 넘어야 한다. 현재 국회에는 디지털자산기본법안뿐 아니라 스테이블코인 성격의 가치고정형·가치안정형 디지털자산 법안, 디지털자산시장통합법안 등이 함께 올라온 상태다. 법안별 규율 대상과 감독 체계, 산업 육성 방향이 달라 정무위 법안심사 과정에서 병합 심사와 단일안 조율이 핵심 과제로 꼽힌다. 쟁점도 여전하다. 심수빈 키움증권 연구원은 “가상자산 거래소 대주주 지분 제한, 스테이블코인 발행사의 지분 요건 등 핵심 규율 방안을 둘러싼 이견이 지속 중”이라며 “단일안 합의, 국회 통과 등의 과정을 거쳐야 하는 만큼 실질적인 법안 시행 시점이 2028년으로 지연될 가능성도 언급된다”고 말했다. 제22대 국회 후반기 정무위원회가 새로 꾸려지면서 디지털자산기본법 논의가 다시 속도를 낼 지 주목된다. 정무위에 배정된 더불어민주당 의원 상당수가 디지털자산 관련 법안 발의에 참여한 데다 주요 법안 대표 발의자들도 정무위에 포진하면서 제도화 논의의 기반이 넓어졌다는 평가가 나온다. 다만 거래소 대주주 지분 제한과 스테이블코인 발행 요건 등 핵심 쟁점이 남아 법안 병합 심사와 단일안 조율이 입법 속도를 가를 전망이다. 7일 정치권과 가상자산 업계에 따르면 제22대 국회 후반기 정무위에 배정된 더불어민주당 의원 13명 가운데 8명이 디지털자산 관련 법안 발의에 참여한 것으로 나타났다. 강준현·김현정·민병덕·박민규·박상혁·유동수·이강일·한민수 의원이 관련 법안 대표발의자 또는 공동발의자 명단에 이름을 올렸다. 국민의힘 정무위원 중에서는 김재섭·김상훈 의원이 디지털자산 법안 발의 명단에 포함됐다. 김재섭 의원은 디지털자산시장통합법안을 대표 발의했고 김상훈 의원은 관련 법안 공동 발의자로 참여했다. 여야 모두에서 디지털자산 제도화 법안에 관여한 의원들이 정무위에 배치된 셈이다. 특히 민주당 정무위원에 디지털자산 제도화 법안 발의 참여자가 다수 포진한 상황에서 박상혁 의원이 여당 간사를 맡으면서 관련 입법 논의에 힘이 실릴 수 있다는 전망도 나온다. 박 의원은 '디지털자산의 시장 및 산업에 관한 법률안'을 대표 발의했다. 민병덕·김현정·이강일 의원도 각각 '디지털자산기본법안', '가치안정형 디지털자산 발행업 등에 관한 법률안', '디지털자산시장의 혁신과 성장에 관한 법률안'을 대표 발의했다. 정무위 첫 전체회의에서도 디지털자산 입법 필요성이 거론됐다. 이강일 의원은 6일 열린 전체회의에서 “디지털 자산 입법과 관련되는 부분이 상당히 오랫동안 논의가 됐는데 지난 정무위에서 통과시키지 못했다”며 “시장이 기대에서 실망으로 완전히 변한 상황”이라고 지적했다. 이어 “동력을 다시 끌어올려야 한다”고 강조했다. 유동수 정무위원장도 디지털자산기본법을 정무위 주요 현안으로 꼽았다. 유 위원장은 디지털자산기본법 관련 문제와 자본시장 변동성 등을 언급하며 “정무위가 현재 현안으로 가장 깊이 다뤄야 할 문제라고 인식하고 있다”고 밝혔다. 다만 실제 입법까지는 적지 않은 문턱을 넘어야 한다. 현재 국회에는 디지털자산기본법안뿐 아니라 스테이블코인 성격의 가치고정형·가치안정형 디지털자산 법안, 디지털자산시장통합법안 등이 함께 올라온 상태다. 법안별 규율 대상과 감독 체계, 산업 육성 방향이 달라 정무위 법안심사 과정에서 병합 심사와 단일안 조율이 핵심 과제로 꼽힌다. 쟁점도 여전하다. 심수빈 키움증권 연구원은 “가상자산 거래소 대주주 지분 제한, 스테이블코인 발행사의 지분 요건 등 핵심 규율 방안을 둘러싼 이견이 지속 중”이라며 “단일안 합의, 국회 통과 등의 과정을 거쳐야 하는 만큼 실질적인 법안 시행 시점이 2028년으로 지연될 가능성도 언급된다”고 말했다. 이투데이에서 직접 확인하세요. 해당 언론사로 이동합니다.",4156,bs4_selector,86.0,body_validation_failed:body_contamination_political_sidebar,187.0,False,True,https://news.google.com/rss/articles/CBMiRkFVX3lxTE41U2lZTFAzd3NNN1VpOF84VEtNeVcyN3Mzd3RBVkVaSlBnSzE4U0lVRmlVSlV1MlBER2FXeTN1R0ZoV0N4RXc?oc=5,https://v.daum.net/v/uVXJvy9UC8,102.6,"digital_asset_stablecoin,platform_obligation,policy_legislation,stablecoin,strategy_mna_governance",stablecoin_legislation,2026-07-07,visible_date_node,original_date_recent,2,250.3,,23.0,global_incident:platform_regulation:digital_asset_sector:platform_operator_obligation:policy_change,global_incident:platform_regulation:digital_asset_sector:platform_operator_obligation,56.0,self:platform_obligation,Y,,issue_representative_attempt,I092,global_incident:digital_asset_policy:digital_asset_sector:digital_asset_policy,정무위원회,정부/국회,정부_국회,정부_국회,정부_국회,정부/국회,ok,http_200,body_contamination_political_sidebar,,,,,,,,,,,,,,,,,,,,,,본문오염의심_대체필요,,
정부_국회,정부/국회,가상자산사업자,"싱가포르, 디지털자산 수탁 보안기준 전면 시행…글로벌 금융허브 경쟁력 강화 나서",핀테크투데이,핀테크투데이,"Tue, 07 Jul 2026 10:12:28 GMT","Tue, 07 Jul 2026 10:12:28 GMT","싱가포르, 디지털자산 수탁 보안기준 전면 시행…글로벌 금융허브 경쟁력 강화 나서 핀테크투데이","싱가포르, 디지털자산 수탁 보안기준 전면 시행…글로벌 금융허브 경쟁력 강화 나서 -MAS, 고객자산 분리 보관과 콜드월렛 의무화 등 디지털자산 수탁 보안기준 시행 -은행의 가상자산 익스포저 제한, 무허가형 블록체인 차등 규제 등 금융 리스크 관리 강화 -명확한 제도 마련으로 기관투자자 신뢰 확보 및 해외 사업자 유치 기반 확대 (서울-핀테크투데이) 싱가포르 금융관리청(MAS)이 2026년 4월부터 디지털자산 수탁(Custody) 보안 표준을 시행했다. 고객자산 보호와 금융시스템 안정성을 강화하기 위한 조치로, 글로벌 디지털자산 허브 경쟁에서 신뢰 기반을 확보하기 위한 정책으로 해석된다. 이번 보안 표준의 핵심은 고객자산의 분리 보관이다. 모든 수탁사업자는 고객 자산을 회사 운영자금과 분리해 별도의 신탁(Trust) 계좌에 보관해야 한다. 사업자의 재무 상황과 관계없이 고객 자산을 보호하기 위한 제도적 장치다. 보안 기준도 한층 강화됐다. 수탁사업자는 관리 중인 고객 자산의 90% 이상을 인터넷과 연결되지 않은 콜드월렛(Cold Wallet)에 보관해야 한다. 해킹 등 외부 침해 위험을 최소화하기 위한 조치다. 자산 인출 과정에서는 최소 3인의 독립된 승인을 거치는 다중서명(Multi-Signature) 체계를 의무적으로 구축해야 한다. 단일 관리자에 의한 오남용 가능성을 줄이고 내부통제를 강화하기 위한 목적이다. MAS는 이번 제도와 함께 금융권의 가상자산 리스크 관리 기준도 상향했다. 은행의 가상자산 익스포저는 기본자본(Tier 1)의 2% 이내로 제한했다. 가상자산 시장의 변동성이 금융권 전반으로 확산되는 것을 방지하기 위한 조치다. 무허가형(Permissionless) 블록체인 기반 자산에 대해서는 위험도를 높게 평가했다. 해당 자산을 취급하는 금융기관에는 추가 자기자본 적립을 요구하는 등 차등 규제를 적용한다. 실시간 이상거래 모니터링과 즉시 보고 체계도 의무화해 시장 감시 기능을 강화했다. 싱가포르의 제도 정비는 해외 사업자의 시장 진출에도 영향을 미치고 있다. 국내에서는 업비트 싱가포르를 비롯한 일부 가상자산 사업자가 MAS의 주요결제기관(MPI, Major Payment Institution) 라이선스를 취득하고 현지 사업을 확대하고 있다. 싱가포르에서 디지털자산 수탁 및 거래 서비스를 제공하려는 사업자는 강화된 인허가 기준을 충족해야 한다. MPI 라이선스 취득을 위해서는 최소 50만 싱가포르달러 이상의 납입자본금을 유지해야 하며, 싱가포르 거주 적격 이사와 자금세탁방지(AML) 책임자를 선임해야 한다. 아울러 제3자 전문기관의 정기적인 기술위험관리(TRM) 점검과 서비스 장애 발생 시 사업 연속성 및 복구계획을 갖춰야 한다. 업계는 이번 제도 시행이 투자자 보호와 금융 안정성을 높이는 동시에 기관투자자의 시장 참여를 촉진하는 기반이 될 것으로 보고 있다. 명확한 규제 체계와 강화된 보안 기준은 사업자의 예측 가능성을 높이고, 디지털자산 산업에 대한 신뢰를 높이는 요소로 작용할 수 있기 때문이다. 홍콩과 두바이 등 주요 디지털금융 허브가 관련 제도를 지속적으로 정비하는 가운데, 싱가포르는 규제와 산업 육성을 병행하는 정책을 통해 글로벌 디지털자산 시장에서 경쟁력을 강화한다는 방침이다.",1592,trafilatura,88.0,category_guardrail_failed:v26_2_government_without_central_public_actor_action:no_public_actor_action_domain,148.0,True,False,https://news.google.com/rss/articles/CBMic0FVX3lxTE1PajAzN1lPLUNrN3p0NGJyeGhwa2ZFMlhrS0RkbTN3c1lnMy1wWjI0MHlMNUxfaTJYTDVhMEdHZWVxTTczaDNDN0lXVkpoU0drNEdOZjgyTjBUZTh6a0Q1MFdpWUVpczJqLWtPZVl3cHpfUmPSAXNBVV95cUxNT2owMzdZTy1Dazd6dDRicnhocGtmRTJYa0tEZG0zd3NZZzMtcFoyNDB5TDVMX2kyWEw1YTBHR2VlcU03M2gzQzdJV1ZKaFNHazRHTmY4Mk4wVGU4emtENTBXaVlFaXMyai1rT2VZd3B6X1Jj?oc=5,http://www.fintechtoday.co.kr/news/articleViewAmp.html?idxno=2926,12.0,"digital_asset_stablecoin,dunamu_stake,leadership_change,phishing_security,platform_obligation,policy_legislation,privacy_security_reliability,stablecoin",dunamu_general,2026-07-07,json_ld:datePublished,original_date_recent,2,234.8,privacy_security:upbit_dunamu:data_leak:policy_change,0.0,global_incident:platform_regulation:dunamu_upbit:platform_operator_obligation:policy_change,global_incident:platform_regulation:dunamu_upbit:platform_operator_obligation,24.0,government:platform_obligation,Y,,issue_representative_attempt,I092,global_incident:digital_asset_policy:digital_asset_sector:digital_asset_policy,가상자산사업자,정부/국회,정부_국회,정부_국회,정부_국회,정부/국회,ok,http_200,body_valid,government_appointment_governance,GOV_PLATFORM_REGULATION,372.5,OFF_TOPIC,GOV_APPOINTMENT_GOVERNANCE,,other,정부_국회,GOV_FINANCIAL_DIGITAL_POLICY,government_digital_finance_policy,global_incident:digital_asset_policy:digital_asset_sector:digital_asset_policy,global_incident:digital_asset_policy:digital_asset_sector:digital_asset_policy,카카오페이·카카오뱅크 등 금융 계열사에 참고 가능한 디지털금융 정책,4.0,4.0,3.0,v26.2: no central Korean public actor/action for Government section: no_public_actor_action_domain / v26.2: overseas structural industry candidate,로컬 보조 라벨 / v26.2: no central Korean public actor/action for Government section: no_public_actor_action_domain / v26.2: overseas structural industry candidate / v26: 카카오 직접 주체가 없어 자사 섹션 제외/재분류,issue_selected,Y,11.0,본문추출성공,fail:v26_2_government_without_central_public_actor_action:no_public_actor_action_domain,
경쟁사_해외이슈,경쟁사/해외이슈,네이버,"네이버, AI 안전성 체계 'ASF 2.0' 공개…""서비스 중심 관리""",뉴스1,뉴스1,"Wed, 08 Jul 2026 00:37:38 GMT","Wed, 08 Jul 2026 00:37:38 GMT","네이버, AI 안전성 체계 'ASF 2.0' 공개…""서비스 중심 관리"" 뉴스1",,0,failed,0.0,empty,13.5,False,False,https://news.google.com/rss/articles/CBMiX0FVX3lxTE16ZjNkbXJ0Y2J6cjJ3UFppTWJMc0VNUE0tN1huUDVHSWNrWWp5WFQtZDM2WXFrWVVMeFJFLWdsa3h2czFiUkNlTHlpa29ZNmNRUzE0MnY5T3g1c24zejRv?oc=5,https://www.news1.kr/it-science/general-it/6221152/amp,205.5,ai_infrastructure_security,ai_infrastructure_security,,no_original_date_found,no_original_date_found_kept,0,-9.55,,0.0,,,0.0,,,,issue_representative_attempt,I009,comp_domestic_ai_platform:네이버 ai 안전성 체계 asf 2 0 공개 서비스 중심 관리,네이버,경쟁사/해외이슈,경쟁사_해외이슈,경쟁사_해외이슈,경쟁사_해외이슈,경쟁사/해외이슈,,,,,,,,,,,,,,,,,,,,,,,,,,,
경쟁사_해외이슈,경쟁사/해외이슈,네이버,"네이버클라우드-미스트랄AI, 제조 AI 사업 맞손…전방위 파트너십 체결",헤럴드경제,헤럴드경제,"Tue, 07 Jul 2026 23:53:03 GMT","Tue, 07 Jul 2026 23:53:03 GMT","네이버클라우드-미스트랄AI, 제조 AI 사업 맞손…전방위 파트너십 체결 헤럴드경제","사회 백종원 “대패삼겹 내가 개발” 대반전…법원 “80년대 이미 유행” [헤럴드경제=김성훈 기자] 백종원 더본코리아 대표가 ‘대패삼겹살’을 최초로 개발했다고 주장해왔지만 법원은 사실이 아니라고 판단했다. 4일 채널A 등에 따르면, 수원지방법원 안양지원은 더본코리아 가맹점주 A 씨가 유튜버 김재환 PD를 상대로 낸 손해배상 소송에서 지난달 25일 원고 패소 판결했다. 김 PD는 ‘백 대표는 대패삼겹살 원조가 아니다’라고 주장해온 인물이다. 백 대표는 자신이 1993년 대패삼겹살을 최초로 개발했다고 여러 경로를 통해 주장해왔다. 더본코리아 홈페이지에도 그 같은 내용이 있다. 육절기를 구매하려다 햄 슬라이서를 사는 바람에 냉동 삼겹살을 썰다가 고기가 대패에 민 것처럼 돌돌 말려 나왔고, 그 모양에 착안해 대패삼겹살이라는 메뉴를 자신이 처음으로 세상에 내놨다는 주장이다. 백 대표는 1998년 ‘대패삼겹살’ 상표등록을 하기도 했다. 그러나 김 PD는 대패삼겹살이 1993년 이전부터 부산, 광주 등에서 자연스럽게 생겨나 팔리고 있었다며 백 대표의 주장이 거짓이라고 2 사회 ‘파리 한식당 개업’ 김어준 “사업 건들면 가만히 안 있겠다” 3 연예 변진섭이 친 골프공, 황영조 맞아 뇌진탕 의식 잃어…아찔한 사고 경험담 4 스포츠 이임생 캄보디아行에 김영광이 SNS에 붙인 말 5 연예 ‘심혜진 친조카’ 심재원, 혼혈 고백…“아들처럼 키웠다” 6 연예 딘딘 ‘손흥민 저격’ 논란 심경, “소신병 걸려…4년간 사과하고 다녔다” 7 사회 “요즘 65세가 노인인가” “지하철 얼마나 탄다고” 무임승차 상향 찬반 팽팽 8 연예 “행사비 5000인데, 내 손엔 200만원”…데뷔 10년 차 아이돌이 밝힌 정산 구조 9 연예 ‘전과 6범’ 임성근, 초대형 식당 ‘대박’…오픈 첫날 ‘1시간 만에 마감’ 사회 백종원 “대패삼겹 내가 개발” 대반전…법원 “80년대 이미 유행” [헤럴드경제=김성훈 기자] 백종원 더본코리아 대표가 ‘대패삼겹살’을 최초로 개발했다고 주장해왔지만 법원은 사실이 아니라고 판단했다. 4일 채널A 등에 따르면, 수원지방법원 안양지원은 더본코리아 가맹점주 A 씨가 유튜버 김재환 PD를 상대로 낸 손해배상 소송에서 지난달 25일 원고 패소 판결했다. 김 PD는 ‘백 대표는 대패삼겹살 원조가 아니다’라고 주장해온 인물이다. 백 대표는 자신이 1993년 대패삼겹살을 최초로 개발했다고 여러 경로를 통해 주장해왔다. 더본코리아 홈페이지에도 그 같은 내용이 있다. 육절기를 구매하려다 햄 슬라이서를 사는 바람에 냉동 삼겹살을 썰다가 고기가 대패에 민 것처럼 돌돌 말려 나왔고, 그 모양에 착안해 대패삼겹살이라는 메뉴를 자신이 처음으로 세상에 내놨다는 주장이다. 백 대표는 1998년 ‘대패삼겹살’ 상표등록을 하기도 했다. 그러나 김 PD는 대패삼겹살이 1993년 이전부터 부산, 광주 등에서 자연스럽게 생겨나 팔리고 있었다며 백 대표의 주장이 거짓이라고 백종원 “대패삼겹 내가 개발” 대반전…법원 “80년대 이미 유행” [헤럴드경제=김성훈 기자] 백종원 더본코리아 대표가 ‘대패삼겹살’을 최초로 개발했다고 주장해왔지만 법원은 사실이 아니라고 판단했다. 4일 채널A 등에 따르면, 수원지방법원 안양지원은 더본코리아 가맹점주 A 씨가 유튜버 김재환 PD를 상대로 낸 손해배상 소송에서 지난달 25일 원고 패소 판결했다. 김 PD는 ‘백 대표는 대패삼겹살 원조가 아니다’라고 주장해온 인물이다. 백 대표는 자신이 1993년 대패삼겹살을 최초로 개발했다고 여러 경로를 통해 주장해왔다. 더본코리아 홈페이지에도 그 같은 내용이 있다. 육절기를 구매하려다 햄 슬라이서를 사는 바람에 냉동 삼겹살을 썰다가 고기가 대패에 민 것처럼 돌돌 말려 나왔고, 그 모양에 착안해 대패삼겹살이라는 메뉴를 자신이 처음으로 세상에 내놨다는 주장이다. 백 대표는 1998년 ‘대패삼겹살’ 상표등록을 하기도 했다. 그러나 김 PD는 대패삼겹살이 1993년 이전부터 부산, 광주 등에서 자연스럽게 생겨나 팔리고 있었다며 백 대표의 주장이 거짓이라고 2 사회 ‘파리 한식당 개업’ 김어준 “사업 건들면 가만히 안 있겠다” 3 연예 변진섭이 친 골프공, 황영조 맞아 뇌진탕 의식 잃어…아찔한 사고 경험담 4 스포츠 이임생 캄보디아行에 김영광이 SNS에 붙인 말 5 연예 ‘심혜진 친조카’ 심재원, 혼혈 고백…“아들처럼 키웠다” 2 사회 ‘파리 한식당 개업’ 김어준 “사업 건들면 가만히 안 있겠다” ‘파리 한식당 개업’ 김어준 “사업 건들면 가만히 안 있겠다” 3 연예 변진섭이 친 골프공, 황영조 맞아 뇌진탕 의식 잃어…아찔한 사고 경험담 변진섭이 친 골프공, 황영조 맞아 뇌진탕 의식 잃어…아찔한 사고 경험담 4 스포츠 이임생 캄보디아行에 김영광이 SNS에 붙인 말 이임생 캄보디아行에 김영광이 SNS에 붙인 말 5 연예 ‘심혜진 친조카’ 심재원, 혼혈 고백…“아들처럼 키웠다” ‘심혜진 친조카’ 심재원, 혼혈 고백…“아들처럼 키웠다” 6 연예 딘딘 ‘손흥민 저격’ 논란 심경, “소신병 걸려…4년간 사과하고 다녔다” 7 사회 “요즘 65세가 노인인가” “지하철 얼마나 탄다고” 무임승차 상향 찬반 팽팽 8 연예 “행사비 5000인데, 내 손엔 200만원”…데뷔 10년 차 아이돌이 밝힌 정산 구조 9 연예 ‘전과 6범’ 임성근, 초대형 식당 ‘대박’…오픈 첫날 ‘1시간 만에 마감’ 6 연예 딘딘 ‘손흥민 저격’ 논란 심경, “소신병 걸려…4년간 사과하고 다녔다” 딘딘 ‘손흥민 저격’ 논란 심경, “소신병 걸려…4년간 사과하고 다녔다” 7 사회 “요즘 65세가 노인인가” “지하철 얼마나 탄다고” 무임승차 상향 찬반 팽팽 “요즘 65세가 노인인가” “지하철 얼마나 탄다고” 무임승차 상향 찬반 팽팽 8 연예 “행사비 5000인데, 내 손엔 200만원”…데뷔 10년 차 아이돌이 밝힌 정산 구조 “행사비 5000인데, 내 손엔 200만원”…데뷔 10년 차 아이돌이 밝힌 정산 구조 9 연예 ‘전과 6범’ 임성근, 초대형 식당 ‘대박’…오픈 첫날 ‘1시간 만에 마감’ ‘전과 6범’ 임성근, 초대형 식당 ‘대박’…오픈 첫날 ‘1시간 만에 마감’ 부동산 김흥국이 16억에 낙찰받은 그집, 50억이 됐다…하정우·민호도 반한 잠원 빌라 [초고가 주택 그들이 사는 세상] 서울 서초구 잠원동은 ‘메이플자이’, ‘오티에르신반포’, ‘아크로리버뷰’ 등 한강변을 중심으로 고가 단지들이 촘촘히 들어서있는 아파트 중심의 부촌으로 ‘띠에라하우스’는 철저한 프라이빗 주거 형태와 영구적 한강 조망권을 무기로 오랜 기간 자산가들의 선택을 받았다. 2 사회 백종원 “대패삼겹 내가 개발” 대반전…법원 “80년대 이미 유행” 3 사회 헬리오시티 9000원 가성비 뷔페 운영 중단, 이유는? 4 IT·과학 “억지 코믹 대사” “너무 올드한 개그” 쏟아지는 혹평에도 1위 알고보니…넷플릭스 알고리즘 힘 5 부동산 [영상] “강남서 약 1시간, 무려 220평” 양평 2층집이 3억대로 경매행 [부동산360] 6 스포츠 “그걸 왜 네가 얘기해”…“홍명보·손흥민 라커룸 갈등” 진종오 제보 공개 7 사회 ‘파리 한식당 개업’ 김어준 “사업 건들면 가만히 안 있겠다” 8 IT·과학 이틀 연속 30% 상한가…“삼전닉스 버리고, 샀는데” LG 다시 살아나나 9 생활·문화 오윤아, 이혼 11년 만에 ‘재혼’ 발표…“예비신랑은 일반인, 결혼 확신한 이유는” 부동산 김흥국이 16억에 낙찰받은 그집, 50억이 됐다…하정우·민호도 반한 잠원 빌라 [초고가 주택 그들이 사는 세상] 서울 서초구 잠원동은 ‘메이플자이’, ‘오티에르신반포’, ‘아크로리버뷰’ 등 한강변을 중심으로 고가 단지들이 촘촘히 들어서있는 아파트 중심의 부촌으로 ‘띠에라하우스’는 철저한 프라이빗 주거 형태와 영구적 한강 조망권을 무기로 오랜 기간 자산가들의 선택을 받았다. 김흥국이 16억에 낙찰받은 그집, 50억이 됐다…하정우·민호도 반한 잠원 빌라 [초고가 주택 그들이 사는 세상] 서울 서초구 잠원동은 ‘메이플자이’, ‘오티에르신반포’, ‘아크로리버뷰’ 등 한강변을 중심으로 고가 단지들이 촘촘히 들어서있는 아파트 중심의 부촌으로 ‘띠에라하우스’는 철저한 프라이빗 주거 형태와 영구적 한강 조망권을 무기로 오랜 기간 자산가들의 선택을 받았다. 2 사회 백종원 “대패삼겹 내가 개발” 대반전…법원 “80년대 이미 유행” 3 사회 헬리오시티 9000원 가성비 뷔페 운영 중단, 이유는? 4 IT·과학 “억지 코믹 대사” “너무 올드한 개그” 쏟아지는 혹평에도 1위 알고보니…넷플릭스 알고리즘 힘 5 부동산 [영상] “강남서 약 1시간, 무려 220평” 양평 2층집이 3억대로 경매행 [부동산360] 2 사회 백종원 “대패삼겹 내가 개발” 대반전…법원 “80년대 이미 유행” 3 사회 헬리오시티 9000원 가성비 뷔페 운영 중단, 이유는? 헬리오시티 9000원 가성비 뷔페 운영 중단, 이유는? 4 IT·과학 “억지 코믹 대사” “너무 올드한 개그” 쏟아지는 혹평에도 1위 알고보니…넷플릭스 알고리즘 힘 “억지 코믹 대사” “너무 올드한 개그” 쏟아지는 혹평에도 1위 알고보니…넷플릭스 알고리즘 힘 5 부동산 [영상] “강남서 약 1시간, 무려 220평” 양평 2층집이 3억대로 경매행 [부동산360] [영상] “강남서 약 1시간, 무려 220평” 양평 2층집이 3억대로 경매행 [부동산360] 6 스포츠 “그걸 왜 네가 얘기해”…“홍명보·손흥민 라커룸 갈등” 진종오 제보 공개 7 사회 ‘파리 한식당 개업’ 김어준 “사업 건들면 가만히 안 있겠다” 8 IT·과학 이틀 연속 30% 상한가…“삼전닉스 버리고, 샀는데” LG 다시 살아나나 9 생활·문화 오윤아, 이혼 11년 만에 ‘재혼’ 발표…“예비신랑은 일반인, 결혼 확신한 이유는” 6 스포츠 “그걸 왜 네가 얘기해”…“홍명보·손흥민 라커룸 갈등” 진종오 제보 공개 “그걸 왜 네가 얘기해”…“홍명보·손흥민 라커룸 갈등” 진종오 제보 공개 7 사회 ‘파리 한식당 개업’ 김어준 “사업 건들면 가만히 안 있겠다” 8 IT·과학 이틀 연속 30% 상한가…“삼전닉스 버리고, 샀는데” LG 다시 살아나나 이틀 연속 30% 상한가…“삼전닉스 버리고, 샀는데” LG 다시 살아나나 9 생활·문화 오윤아, 이혼 11년 만에 ‘재혼’ 발표…“예비신랑은 일반인, 결혼 확신한 이유는” 오윤아, 이혼 11년 만에 ‘재혼’ 발표…“예비신랑은 일반인, 결혼 확신한 이유는” 부동산 김흥국이 16억에 낙찰받은 그집, 50억이 됐다…하정우·민호도 반한 잠원 빌라 [초고가 주택 그들이 사는 세상] 서울 서초구 잠원동은 ‘메이플자이’, ‘오티에르신반포’, ‘아크로리버뷰’ 등 한강변을 중심으로 고가 단지들이 촘촘히 들어서있는 아파트 중심의 부촌으로 ‘띠에라하우스’는 철저한 프라이빗 주거 형태와 영구적 한강 조망권을 무기로 오랜 기간 자산가들의 선택을 받았다. 2 사회 백종원 “대패삼겹 내가 개발” 대반전…법원 “80년대 이미 유행” 3 연예 백종원·소유진 ‘위암 사별’ 남편에 보낸 선물…“수시로 보내겠다. 식사 잘 챙겨 드시라” 4 부동산 [영상] 용인 기흥 194평 럭셔리 저택, ‘13억→4억’ 됐다 [부동산360] 5 연예 ‘800평 대저택’ 노주현…세컨드하우스는 月400만원 초호화 서울 실버타운 6 연예 딘딘 ‘손흥민 저격’ 논란 심경, “소신병 걸려…4년간 사과하고 다녔다” 7 사회 “요즘 65세가 노인인가” “지하철 얼마나 탄다고” 무임승차 상향 찬반 팽팽 8 연예 “행사비 5000인데, 내 손엔 200만원”…데뷔 10년 차 아이돌이 밝힌 정산 구조 9 연예 ‘전과 6범’ 임성근, 초대형 식당 ‘대박’…오픈 첫날 ‘1시간 만에 마감’ 2 사회 백종원 “대패삼겹 내가 개발” 대반전…법원 “80년대 이미 유행” 3 연예 백종원·소유진 ‘위암 사별’ 남편에 보낸 선물…“수시로 보내겠다. 식사 잘 챙겨 드시라” 4 부동산 [영상] 용인 기흥 194평 럭셔리 저택, ‘13억→4억’ 됐다 [부동산360] 5 연예 ‘800평 대저택’ 노주현…세컨드하우스는 月400만원 초호화 서울 실버타운 3 연예 백종원·소유진 ‘위암 사별’ 남편에 보낸 선물…“수시로 보내겠다. 식사 잘 챙겨 드시라” 백종원·소유진 ‘위암 사별’ 남편에 보낸 선물…“수시로 보내겠다. 식사 잘 챙겨 드시라” 4 부동산 [영상] 용인 기흥 194평 럭셔리 저택, ‘13억→4억’ 됐다 [부동산360] [영상] 용인 기흥 194평 럭셔리 저택, ‘13억→4억’ 됐다 [부동산360] 5 연예 ‘800평 대저택’ 노주현…세컨드하우스는 月400만원 초호화 서울 실버타운 ‘800평 대저택’ 노주현…세컨드하우스는 月400만원 초호화 서울 실버타운",6130,bs4_selector,13.0,individual_case_not_policy,-34.5,False,False,https://news.google.com/rss/articles/CBMiVkFVX3lxTFBFOHV1d3hWaEVLZVBibTRsLVFQVmZUWGZNVFY1YjhwMlczWUxNc2pmblBnOVZOem5rV0RaYlpsSnFOLWFZZmhjeG9HSzRMQmhVUUtlLWpn?oc=5,https://biz.heraldcorp.com/article/10801605,204.5,"ai_infrastructure_security,legal_regulatory_enforcement,market_power_platform",ai_infrastructure_security,2026-07-08,json_ld:datePublished,original_date_recent,3,46.55,,-11.0,global_incident:leadership_service:naver:leadership_service:litigation,global_incident:leadership_service:naver:leadership_service,0.0,,,,issue_representative_attempt,I013,comp_domestic_ai_platform:네이버클라우드 미스트랄ai 제조 ai 사업 맞손 전방위 파트너십 체결,네이버,경쟁사/해외이슈,경쟁사_해외이슈,경쟁사_해외이슈,경쟁사_해외이슈,경쟁사/해외이슈,,,,,,,,,,,,,,,,,,,,,,,,,,,
경쟁사_해외이슈,경쟁사/해외이슈,네이버,"네이버클라우드·미스트랄AI, 제조 AI 손잡았다… 아시아·유럽 소버린 연합",플래텀(Platum),플래텀(Platum),"Wed, 08 Jul 2026 01:28:36 GMT","Wed, 08 Jul 2026 01:28:36 GMT","네이버클라우드·미스트랄AI, 제조 AI 손잡았다… 아시아·유럽 소버린 연합 플래텀(Platum)","미국 빅테크가 주도하는 AI 시장에 아시아와 유럽의 대표 기업이 맞손을 잡았다. 첫 전략 시장은 제조다. 네이버클라우드와 프랑스 AI 기업 미스트랄AI는 제조 AI 시장을 함께 공략하는 전방위 파트너십을 맺었다. 미국 중심의 범용 AI 대신 유럽·아시아 제조 현장의 데이터 주권과 산업 특성에 맞춘 소버린 AI 솔루션으로 글로벌 제조 기업을 겨냥한다는 구상이다. 두 회사는 엔비디아가 주요 기업들과 구성한 ‘네모트론 연합’의 회원사로 이미 같은 기술 생태계를 공유하고 있다. 이를 토대로 시너지가 클 것으로 보는 제조 산업을 중심으로 공동 사업을 펼친다. 미스트랄AI는 에어버스, BMW, ASML 등 유럽 주요 제조 기업과 협업하며 제조 특화 AI 역량을 쌓아온 기업으로, 네이버클라우드의 인프라와 결합해 제조 현장에 바로 적용할 수 있는 솔루션을 함께 선보인다는 방침이다. 국내 사업도 함께 시작한다. 네이버 클라우드 플랫폼을 통해 미스트랄AI의 최신 모델과 플랫폼 등 풀스택 상품이 공급되고, 국내 고객사 현장에는 미스트랄AI의 현장 전담 엔지니어(FDE)가 직접 파견돼 기술 지원과 이슈 해결을 맡는다. 미스트랄AI가 유럽 제조 현장에서 축적한 실시간 품질 이상 감지, 부품 선택 최적화 같은 활용 사례를 한국 제조 환경에 접목하는 것을 첫 과제로 삼는다. 국내 제조 기업이 데이터를 외부에 노출하지 않는 환경에서 제조 AI 기술을 쓸 수 있게 한다는 계획이다. 111111 양사는 계약 직후 네이버 제2사옥 1784에서 공동 워크숍을 열고 제조 분야 상용화 서비스 출시 계획과 실행 로드맵 수립에 착수했다. 김유원 네이버클라우드 대표는 “이번 파트너십은 글로벌 시장에서 검증된 미스트랄AI의 제조 특화 기술력과 네이버클라우드의 안정적인 인프라를 결합하는 실질적인 비즈니스 협력”이라며 “국내에서 성공적인 레퍼런스를 구축하고, 이를 바탕으로 글로벌 소버린 AI 시장에서 공동 비즈니스 기회를 지속적으로 발굴해 나갈 것”이라고 말했다. 제프 순 미스트랄AI APAC 대표는 “네이버클라우드는 제조 AI 비즈니스를 함께 실현할 수 있는 최적의 파트너”라며 “미스트랄AI가 유럽 제조 현장에서 쌓아온 노하우와 네이버클라우드의 탄탄한 인프라를 결합해 한국을 포함한 글로벌 제조 기업들의 AI 전환을 실질적으로 지원하겠다”고 말했다. 네이버클라우드 미스트랄AI 소버린 AI 미국 빅테크가 주도하는 AI 시장에 아시아와 유럽의 대표 기업이 맞손을 잡았다. 첫 전략 시장은 제조다. 네이버클라우드와 프랑스 AI 기업 미스트랄AI는 제조 AI 시장을 함께 공략하는 전방위 파트너십을 맺었다. 미국 중심의 범용 AI 대신 유럽·아시아 제조 현장의 데이터 주권과 산업 특성에 맞춘 소버린 AI 솔루션으로 글로벌 제조 기업을 겨냥한다는 구상이다. 두 회사는 엔비디아가 주요 기업들과 구성한 ‘네모트론 연합’의 회원사로 이미 같은 기술 생태계를 공유하고 있다. 이를 토대로 시너지가 클 것으로 보는 제조 산업을 중심으로 공동 사업을 펼친다. 미스트랄AI는 에어버스, BMW, ASML 등 유럽 주요 제조 기업과 협업하며 제조 특화 AI 역량을 쌓아온 기업으로, 네이버클라우드의 인프라와 결합해 제조 현장에 바로 적용할 수 있는 솔루션을 함께 선보인다는 방침이다. 국내 사업도 함께 시작한다. 네이버 클라우드 플랫폼을 통해 미스트랄AI의 최신 모델과 플랫폼 등 풀스택 상품이 공급되고, 국내 고객사 현장에는 미스트랄AI의 현장 전담 엔지니어(FDE)가 직접 파견돼 기술 지원과 이슈 해결을 맡는다. 미스트랄AI가 유럽 제조 현장에서 축적한 실시간 품질 이상 감지, 부품 선택 최적화 같은 활용 사례를 한국 제조 환경에 접목하는 것을 첫 과제로 삼는다. 국내 제조 기업이 데이터를 외부에 노출하지 않는 환경에서 제조 AI 기술을 쓸 수 있게 한다는 계획이다. 111111 양사는 계약 직후 네이버 제2사옥 1784에서 공동 워크숍을 열고 제조 분야 상용화 서비스 출시 계획과 실행 로드맵 수립에 착수했다. 김유원 네이버클라우드 대표는 “이번 파트너십은 글로벌 시장에서 검증된 미스트랄AI의 제조 특화 기술력과 네이버클라우드의 안정적인 인프라를 결합하는 실질적인 비즈니스 협력”이라며 “국내에서 성공적인 레퍼런스를 구축하고, 이를 바탕으로 글로벌 소버린 AI 시장에서 공동 비즈니스 기회를 지속적으로 발굴해 나갈 것”이라고 말했다. 제프 순 미스트랄AI APAC 대표는 “네이버클라우드는 제조 AI 비즈니스를 함께 실현할 수 있는 최적의 파트너”라며 “미스트랄AI가 유럽 제조 현장에서 쌓아온 노하우와 네이버클라우드의 탄탄한 인프라를 결합해 한국을 포함한 글로벌 제조 기업들의 AI 전환을 실질적으로 지원하겠다”고 말했다. 미국 빅테크가 주도하는 AI 시장에 아시아와 유럽의 대표 기업이 맞손을 잡았다. 첫 전략 시장은 제조다. 네이버클라우드와 프랑스 AI 기업 미스트랄AI는 제조 AI 시장을 함께 공략하는 전방위 파트너십을 맺었다. 미국 중심의 범용 AI 대신 유럽·아시아 제조 현장의 데이터 주권과 산업 특성에 맞춘 소버린 AI 솔루션으로 글로벌 제조 기업을 겨냥한다는 구상이다. 두 회사는 엔비디아가 주요 기업들과 구성한 ‘네모트론 연합’의 회원사로 이미 같은 기술 생태계를 공유하고 있다. 이를 토대로 시너지가 클 것으로 보는 제조 산업을 중심으로 공동 사업을 펼친다. 미스트랄AI는 에어버스, BMW, ASML 등 유럽 주요 제조 기업과 협업하며 제조 특화 AI 역량을 쌓아온 기업으로, 네이버클라우드의 인프라와 결합해 제조 현장에 바로 적용할 수 있는 솔루션을 함께 선보인다는 방침이다. 국내 사업도 함께 시작한다. 네이버 클라우드 플랫폼을 통해 미스트랄AI의 최신 모델과 플랫폼 등 풀스택 상품이 공급되고, 국내 고객사 현장에는 미스트랄AI의 현장 전담 엔지니어(FDE)가 직접 파견돼 기술 지원과 이슈 해결을 맡는다. 미스트랄AI가 유럽 제조 현장에서 축적한 실시간 품질 이상 감지, 부품 선택 최적화 같은 활용 사례를 한국 제조 환경에 접목하는 것을 첫 과제로 삼는다. 국내 제조 기업이 데이터를 외부에 노출하지 않는 환경에서 제조 AI 기술을 쓸 수 있게 한다는 계획이다. 양사는 계약 직후 네이버 제2사옥 1784에서 공동 워크숍을 열고 제조 분야 상용화 서비스 출시 계획과 실행 로드맵 수립에 착수했다. 김유원 네이버클라우드 대표는 “이번 파트너십은 글로벌 시장에서 검증된 미스트랄AI의 제조 특화 기술력과 네이버클라우드의 안정적인 인프라를 결합하는 실질적인 비즈니스 협력”이라며 “국내에서 성공적인 레퍼런스를 구축하고, 이를 바탕으로 글로벌 소버린 AI 시장에서 공동 비즈니스 기회를 지속적으로 발굴해 나갈 것”이라고 말했다. 제프 순 미스트랄AI APAC 대표는 “네이버클라우드는 제조 AI 비즈니스를 함께 실현할 수 있는 최적의 파트너”라며 “미스트랄AI가 유럽 제조 현장에서 쌓아온 노하우와 네이버클라우드의 탄탄한 인프라를 결합해 한국을 포함한 글로벌 제조 기업들의 AI 전환을 실질적으로 지원하겠다”고 말했다. 손요한 기자 / 제 눈에 스타트업 관계자들은 연예인입니다. 그들의 오늘을 기록합니다. 가끔 해외 취재도 가고 서비스 리뷰도 합니다. 기자 / 제 눈에 스타트업 관계자들은 연예인입니다. 그들의 오늘을 기록합니다. 가끔 해외 취재도 가고 서비스 리뷰도 합니다.",3572,bs4_selector,-10.0,date_failed:original_date_too_old>52h:2026-06-11,95.5,False,False,https://news.google.com/rss/articles/CBMiSEFVX3lxTFBCWl9JTmRHdWxXSUpkV3FlcDFJS3BCeWZFdjZzOUFSSmJEdmZ0VzNlUUNnbHl1TEZSekJ2NzhDOGlGY0tEdHFiZA?oc=5,https://platum.kr/archives/290583,201.5,"ai_infrastructure_security,kim_beomsoo_trial,market_power_platform,platform_obligation,policy_legislation",ai_infrastructure_security,2026-06-11,time_tag,original_date_too_old>52h,22,48.85,privacy_security:naver:data_leak:initial_investigation_response,7.0,global_incident:platform_regulation:naver:platform_data_protection_obligation:announcement,global_incident:platform_regulation:naver:platform_data_protection_obligation,24.0,competitor:platform_obligation,Y,,issue_representative_attempt,I017,comp_domestic_ai_platform:네이버클라우드 미스트랄ai 제조 ai 손잡았다 아시아 유럽 소버린 연합,네이버,경쟁사/해외이슈,경쟁사_해외이슈,경쟁사_해외이슈,경쟁사_해외이슈,경쟁사/해외이슈,,,,,,,,,,,,,,,,,,,,,,,,,,,
경쟁사_해외이슈,경쟁사/해외이슈,네이버,"네이버클라우드, 佛 미스트랄과 소버린 AI 동맹…피지컬 AI 공략",뉴스1,뉴스1,"Wed, 08 Jul 2026 00:17:00 GMT","Wed, 08 Jul 2026 00:17:00 GMT","네이버클라우드, 佛 미스트랄과 소버린 AI 동맹…피지컬 AI 공략 뉴스1",,0,failed,0.0,empty,13.5,False,False,https://news.google.com/rss/articles/CBMiZEFVX3lxTE9VTkFaaFY3bnlCb2ZmVEJsYm9nN3BSX3hNZUVNS1ZJTmZ0WFNYTFJpako3Q1VYamNJUTNIZVFWZlpLVnFDM1k4ZUJySG9EdFhlbmlqVVRaZDVxVFUxbnZmNGxHR3g?oc=5,https://www.news1.kr/amp/it-science/general-it/6221102,205.5,ai_infrastructure_security,ai_infrastructure_security,,no_original_date_found,no_original_date_found_kept,0,-9.55,,0.0,,,0.0,,,,issue_representative_attempt,I004,comp_domestic_ai_platform:네이버클라우드 미스트랄과 소버린 ai 동맹 피지컬 ai 공략,네이버,경쟁사/해외이슈,경쟁사_해외이슈,경쟁사_해외이슈,경쟁사_해외이슈,경쟁사/해외이슈,,,,,,,,,,,,,,,,,,,,,,,,,,,
경쟁사_해외이슈,경쟁사/해외이슈,네이버,"네이버클라우드, 미스트랄 AI와 손잡고 ‘제조 AI 시장’ 정조준",서울경제신문,서울경제신문,"Wed, 08 Jul 2026 00:08:57 GMT","Wed, 08 Jul 2026 00:08:57 GMT","네이버클라우드, 미스트랄 AI와 손잡고 ‘제조 AI 시장’ 정조준 서울경제신문",,0,failed,0.0,empty,13.5,False,False,https://news.google.com/rss/articles/CBMiU0FVX3lxTE5zdVlMYW9Bb2l4NUJGOEZMam1SYy02eGJJUWtxa1JNVkxIbTF2WDZwdFV6N2V5dV8yN1B4elBXWEJHMzNMckJNOVJJYkhpRmJOV2JB0gFTQVVfeXFMTnN1WUxhb0FvaXg1QkY4RkxqbVJjLTZ4YklRa3FrUk1WTEhtMXZYNnB0VXo3ZXl1XzI3UHh6UFdYQkczM0xyQk05UkliSGlGYk5XYkE?oc=5,https://m.sedaily.com/amparticle/20065061,206.5,ai_infrastructure_security,ai_infrastructure_security,,no_original_date_found,no_original_date_found_kept,0,-16.05,,0.0,,,0.0,,,,issue_representative_attempt,I008,comp_domestic_ai_platform:네이버클라우드 미스트랄 ai와 손잡고 제조 ai 시장 정조준,네이버,경쟁사/해외이슈,경쟁사_해외이슈,경쟁사_해외이슈,경쟁사_해외이슈,경쟁사/해외이슈,,,,,,,,,,,,,,,,,,,,,,,,,,,
정부_국회,정부/국회,KT,"[버핏 리포트] KT, 'AX 인프라 투자' '주주환원 확대'...하반기 실적 개선 뒷받침 - SK",버핏연구소,버핏연구소,"Tue, 07 Jul 2026 23:42:41 GMT","Tue, 07 Jul 2026 23:42:41 GMT","[버핏 리포트] KT, 'AX 인프라 투자' '주주환원 확대'...하반기 실적 개선 뒷받침 - SK 버핏연구소","하루에도 수십개씩 쏟아지는 증권사 리포트. 이 가운데 버핏연구소가 그간의 애널리스트 적중도, 객관성, 정보 가치 등을 종합 선별해 투자자에게 유익한 리포트를 소개합니다. [편집자주] [버핏연구소=홍승환 기자] SK증권은 KT(030200)에 대해 정보유출 관련 비용 부담이 2분기를 기점으로 마무리 단계에 들어가고, 인공지능 전환(AX) 인프라 투자와 주주환원 확대가 하반기 실적 개선을 뒷받침할 것으로 전망하며 투자의견 ‘매수’와 목표주가 7만2000원을 유지했다. KT의 전일 종가는 5만5500원이다. KT 매출액 비중. [이미지=버핏연구소] 최관순 SK증권 연구원은 “KT의 2분기 영업수익은 6조8000억원, 영업이익은 5622억원으로 예상된다”며 “영업수익은 전년동기대비 8.5%, 영업이익은 43.7% 감소할 전망”이라고 밝혔다. 이어 “정보유출에 따른 고객 보답 프로그램 시행으로 무선 매출이 1.9% 감소할 것으로 예상된다”며 “전년동기 반영된 7640억원 규모의 일회성 부동산 매출이 제거되는 영향도 실적 감소 요인”이라고 설명했다. 다만 정보유출 사태의 재무적 영향은 하반기부터 약화될 것으로 봤다. 최 연구원은 “올해 하반기 영업이익은 9314억원으로 전년동기대비 21.7% 증가할 전망”이라며 “정보유출에 따른 재무적 영향은 2분기를 기점으로 마무리 수순에 들어갈 것”이라고 평가했다. KT가 최근 발표한 AX 인프라 투자 계획도 중장기 성장 동력으로 제시했다. 그는 “KT는 AX 플랫폼 기업으로의 도약을 선언하고 2031년까지 AI 데이터센터 용량 1기가와트(GW) 추가 확보, 해저케이블 용량 90테라비트퍼세컨드(Tbps) 추가 공급을 추진할 계획”이라고 밝혔다. 이어 “이를 위해 약 6조원을 투자할 예정이지만 마스터리스 등을 활용하면 재무 부담은 크지 않을 것”이라며 “마이크로소프트(MS)와의 협력 등을 통한 실수요 기반 투자라는 점에서 매출 가시성이 높다”고 분석했다. 주주환원도 투자 매력으로 꼽았다. 최 연구원은 “KT의 2분기 배당은 주당 600원, 연간 배당은 2400원으로 예상된다”며 “현재 주가 기준 시가배당률은 4.3% 수준”이라고 말했다. 그는 “올해 2500억원 규모 자사주 매입과 2025~2028년 총 1조원 규모 매입 계획까지 고려하면 올해 주주환원율은 6.1%에 달할 전망”이라며 “변동성이 큰 시장에서 안정적인 대안이 될 수 있다”고 덧붙였다. SK증권은 KT의 올해 연결기준 영업수익과 영업이익을 각각 27조5620억원, 1조9860억원으로 전망했다. 영업수익은 전년보다 2.4% 감소하지만 영업이익은 19.6% 줄어드는 수준이다. 내년 영업수익과 영업이익은 각각 28조1630억원, 2조1550억원으로 추정했다. KT는 이동통신과 초고속인터넷, IPTV, 기업서비스, 데이터센터, AI·클라우드 사업을 영위하는 종합 통신기업이다. 안정적인 유무선 가입자 기반을 바탕으로 현금흐름을 창출하고 있으며, 최근에는 AI 데이터센터와 해저케이블 등 AX 인프라 투자 확대, 정보유출 관련 비용 부담 완화, 배당과 자사주 매입을 통한 주주환원이 주요 투자 변수로 꼽힌다. KT 매출액 및 영업이익률 추이. [이미지=버핏연구소]",1557,newspaper3k,-10.0,date_failed:original_date_too_old>52h:2023-08-21,3.0,False,False,https://news.google.com/rss/articles/CBMiYkFVX3lxTFA1c09nTUtDSkVJSjBBWTkzcFkycXh0YjBUX2hHN1FjY1ljMnBKdnY1aUJySFpRcXNTN2ZDdVBoQklfWm03a19yd1lhSEVzUjBGRHMxVFdZY0xHSEFUc2pBbDdn?oc=5,https://www.buffettlab.co.kr/news/view.php?idx=55448,338.0,"ai_infrastructure_security,aidc_datacenter,earnings,financial_performance,market_power_platform,platform_obligation,privacy_security_reliability",aidc_general,2023-08-21,visible_date_node,original_date_too_old>52h,2,-16.9,privacy_security:kt:data_leak:initial_investigation_response,7.0,global_incident:platform_regulation:kt:platform_content_moderation_obligation:policy_change,global_incident:platform_regulation:kt:platform_content_moderation_obligation,24.0,government:platform_obligation,Y,,issue_representative_attempt,I048,국가 AI 인프라/AIDC/GPU 정책,KT,경쟁사/해외이슈,경쟁사_해외이슈,경쟁사_해외이슈,정부_국회,정부/국회,,,,,,,,,,,,,,,,,,,,,,,,,,,
정부_국회,정부/국회,구글,"SKT, T우주 '구글 AI 플랜' 출시",MSN,MSN,"Tue, 07 Jul 2026 07:55:27 GMT","Tue, 07 Jul 2026 07:55:27 GMT","SKT, T우주 '구글 AI 플랜' 출시 MSN",,0,failed,0.0,empty,-38.5,False,False,https://news.google.com/rss/articles/CBMizAFBVV95cUxOaFZsOVpkN25oZFJXMjVINlBxSVJIakFjaldkUFl0VkV5TGVCUTIyaUZlR2hJeDBRZnVuUFBzakVPeXROZWFPdHF2bmI5aWxSMmNNLVJmWDhzTWJDRTdORlVvWVF4TU55cFVaWUtPeDY3LWZsR2I3bDZ3RktvaUpvTGI2QkVoZzVneVZyM1Q5Tk8taXp6WjBObDRaMl9ZeXpyX2haS3RZNGxrTUhwd250R3l3SEZyWGJnLU1kUWV6anZNQkQ0dTVOYk1vTjI?oc=5,https://www.msn.com/ko-kr/news/other/skt-t%EC%9A%B0%EC%A3%BC-%EA%B5%AC%EA%B8%80-ai-%ED%94%8C%EB%9E%9C-%EC%B6%9C%EC%8B%9C/ar-AA276kAS,310.0,ai_infrastructure_security,ai_infrastructure_security,,no_original_date_found,no_original_date_found_kept,0,-59.95,,0.0,,,0.0,,,,issue_representative_attempt,I048,국가 AI 인프라/AIDC/GPU 정책,구글,경쟁사/해외이슈,경쟁사_해외이슈,경쟁사_해외이슈,정부_국회,정부/국회,,,,,,,,,,,,,,,,,,,,,,,,,,,
정부_국회,정부/국회,플랫폼 시장점유율,"삼성전자, AI 데이터센터용 차세대 SSD 양산… 엔비디아 ‘베라 루빈’ 플랫폼 탑재 예정",파이낸스스코프,파이낸스스코프,"Wed, 08 Jul 2026 00:41:00 GMT","Wed, 08 Jul 2026 00:41:00 GMT","삼성전자, AI 데이터센터용 차세대 SSD 양산… 엔비디아 ‘베라 루빈’ 플랫폼 탑재 예정 파이낸스스코프","올해 1분기 기업용 SSD시장서 점유율 35%로 압도적 1위 기록 삼성전자가 엔비디아의 차세대 AI 플랫폼인 베라 루빈(Vera Rubin)에 탑재될 최첨단 데이터센터용 저장장치(SSD) 양산에 돌입했다. 해당 소식은 8일(현지시간) 대만 매체 경제일보(經濟日報)를 통해 보도됐다. 'PM1763'으로 명명된 이 기업용 고성능 SSD는 올해 초 엔비디아 GTC 대회에서 처음 공개된 제품이다. 당시 삼성전자는 차세대 고대역폼 메모리(HBM4) 및 저전력 SOCAMM2 모듈을 함께 선보이며, AI 데이터센터를 겨냥한 토탈 메모리 솔루션을 제시한 바 있다. 삼성전자는 이번 제품에 최신 V-NAND 플래시 메모리 칩과 새롭게 개발한 4나노 공정 컨트롤러를 적용해, 읽기·쓰기 속도를 전세대 대비 두 배 이상 끌어올렸다고 언급했다. 회사에 따르면 PM1763은 첨단 프로세서와 AI 가속기의 데이터 읽기 지연(레이턴시)을 최소화하도록 설계됐다. 특히 AI 학습 및 추론 과정에서 가해지는 고부하 환경에서도 초고속 성능을 안정적으로 유지할 수 있도록 수랭(액체냉각) 기능까지 갖췄다. 한편 시장조산업체 트렌드포스(TrendForce) 자료에 따르면 삼성전자는 올해 1분기 기업용 SSD 시장에서 점유율 35%로 압도적인 1위를 기록했다. 그 뒤를 이어 SK하이닉스, 마이크론 테크놀로지, 키옥시아(Kioxia) 및 키옥시아의 파트너사인 샌디스크(SanDisk) 순으로 시장을 점유하고 있다. 남지완 기자 ainik@finance-scope.com 삼성전자가 엔비디아의 차세대 AI 플랫폼인 베라 루빈(Vera Rubin)에 탑재될 최첨단 데이터센터용 저장장치(SSD) 양산에 돌입했다. 해당 소식은 8일(현지시간) 대만 매체 경제일보(經濟日報)를 통해 보도됐다. 'PM1763'으로 명명된 이 기업용 고성능 SSD는 올해 초 엔비디아 GTC 대회에서 처음 공개된 제품이다. 당시 삼성전자는 차세대 고대역폼 메모리(HBM4) 및 저전력 SOCAMM2 모듈을 함께 선보이며, AI 데이터센터를 겨냥한 토탈 메모리 솔루션을 제시한 바 있다. 삼성전자는 이번 제품에 최신 V-NAND 플래시 메모리 칩과 새롭게 개발한 4나노 공정 컨트롤러를 적용해, 읽기·쓰기 속도를 전세대 대비 두 배 이상 끌어올렸다고 언급했다. 회사에 따르면 PM1763은 첨단 프로세서와 AI 가속기의 데이터 읽기 지연(레이턴시)을 최소화하도록 설계됐다. 특히 AI 학습 및 추론 과정에서 가해지는 고부하 환경에서도 초고속 성능을 안정적으로 유지할 수 있도록 수랭(액체냉각) 기능까지 갖췄다. 한편 시장조산업체 트렌드포스(TrendForce) 자료에 따르면 삼성전자는 올해 1분기 기업용 SSD 시장에서 점유율 35%로 압도적인 1위를 기록했다. 그 뒤를 이어 SK하이닉스, 마이크론 테크놀로지, 키옥시아(Kioxia) 및 키옥시아의 파트너사인 샌디스크(SanDisk) 순으로 시장을 점유하고 있다.",1433,bs4_selector,-10.0,date_failed:original_date_too_old>52h:2026-06-16,-31.0,False,False,https://news.google.com/rss/articles/CBMiakFVX3lxTE85bzZWWnZ0SmsxSUdVNXNieUwxd3JLRlFweExIYmo5TFNqTDRwOVgxOVY1MDFhS0NnLWNwaDdsdGtoUXFabTA3Yl9aOWlWalUwc093Rl91bmUzZkJfRmlJVjdmamhQYk9MTGc?oc=5,https://www.finance-scope.com/article/view/scp202607080011,255.0,"ai_infrastructure_security,aidc_datacenter,copyright_ai,market_power_platform,platform_obligation",aidc_law_power,2026-06-16,visible_date_node,original_date_too_old>52h,10,-49.7,,16.0,global_incident:platform_regulation:platform_sector:platform_data_protection_obligation:announcement,global_incident:platform_regulation:platform_sector:platform_data_protection_obligation,24.0,government:platform_obligation,Y,,issue_representative_attempt,I048,국가 AI 인프라/AIDC/GPU 정책,플랫폼 시장점유율,산업동향,산업동향,경쟁사_해외이슈,정부_국회,정부/국회,,,,,,,,,,,,,,,,,,,,,,,,,,,
정부_국회,정부/국회,KT,"통신 3사, AI 보안 투자 확대…KT 1276억원 '최대'",네이트,네이트,"Wed, 08 Jul 2026 01:55:00 GMT","Wed, 08 Jul 2026 01:55:00 GMT","통신 3사, AI 보안 투자 확대…KT 1276억원 '최대' 네이트","아주경제 원문 기사전송 2026-07-08 10:55 기사 제목과 본문 내용을 자동 요약한 내용입니다. 전체 내용을 이해하기 위해서는 기사 본문 전체를 확인하는 것이 더 좋습니다. 통신 3사(SK텔레콤·KT·LG유플러스)가 정보보호 투자 확대에 속도를 내고 있다. 지난해 KT는 정보보호에 1276억원을 투자해 통신 3사 가운데 가장 많은 투자액을 기록했고, LG유플러스도 966억원으로 역대 최대 규모를 집행했다. SK텔레콤 역시 정보보호백서를 발간하고 향후 5년간 7000억원을 투입하는 등 AI 시대 보안 경쟁력 강화에 나섰다. 8일 통신업계에 따르면 SKT는 지난 1일 정보보호백서를 발간하고 정보보호 거버넌스와 보안 아키텍처, 개인정보보호 체계 등을 담은 중장기 로드맵을 공개했다. SKT는 향후 5년간 약 7000억원을 투입해 제로트러스트 기반 보안 체계와 AI 기반 위협 탐지·분석 시스템을 구축하고 고객 보호 체계를 강화할 계획이다. CEO 직속 통합보안센터를 중심으로 CISO가 이사회에 직접 보고하는 거버넌스를 구축하고, AI 기반 보안 운영과 공급망 보안, 개인정보보호 체계도 단계적으로 고도화한다. KT는 지난해 정보보호 부문에 1276억원을 투자하며 4년 연속 연간 투자액 1000억원 이상을 유지했다. 이는 국내 단일 기업 기준 3위이자 통신사 가운데 가장 큰 규모다. 정보보호 전담인력은 317명으로, 이 가운데 내부 전문인력이 164명으로 절반 이상을 차지한다. KT는 중장기 보안 전문인력 양성 체계도 구축하고 있다. IT·네트워크 개발자를 대상으로 보안 아카데미를 운영하고 서울대학교와 정보보호 계약학과 개설을 추진하는 한편, 제로트러스트 기반 상시 예방 체계와 AI 기반 보안 기술 고도화를 추진한다. 최근에는 정보보안과 IT·네트워크 분야에 향후 3년간 약 12조원을 투자하고, 이 가운데 4조원을 정보보안 및 IT 혁신에 투입하겠다는 계획도 발표했다. LG유플러스는 CEO 직속 정보보안센터를 중심으로 AI 기반 보안 체계 구축을 강화하고 있다. 지난해 정보보호 투자액은 966억원으로 전년보다 16.7% 증가했으며, 최근 5년간 투자 규모는 292억원에서 966억원으로 3배 이상 늘었다. 정보보호 전담인력도 같은 기간 91명에서 351명으로 약 4배 확대됐다. LG유플러스는 AI 기반 통합 보안관제와 제로트러스트 기반 인증·접근통제 체계를 단계적으로 구축하고 있다. 오는 2027년까지 AI를 활용한 이상행위 탐지와 접근통제를 자동화하는 한편, 보이스피싱과 스미싱을 탐지하는 '고객피해방지 분석시스템'을 고도화해 선제 대응 역량을 강화할 계획이다. KB證 ""KT&G, 2분기 호실적 전망…목표가 25만원으로↑"" 박윤영 KT 대표 ""향후 5년간 통신+AI에 18조원 투자"" KT, 향후 5년간 18조원 투자…AX 플랫폼 도약 우본 DaaS 입찰에 KT·NHN 참전…네이버는 국방 AX로 '선택과 집중' SKT·KT, 퀀텀코리아 출격…차세대 양자보안 선봬",1452,bs4_selector,86.0,relevance_failed:v43_not_government_policy,-4.5,True,False,https://news.google.com/rss/articles/CBMiYEFVX3lxTE5FWld4cnduVVFNRndDSG5qaFlzTXFGN2FwZGlPdHVxcGxQQjNfYVh6UUZZZFhYeWFJQ0ZSeGZuc2JkbnpkY2UwWnFPOEZKbFBGOEJtb3BwQWdoOHdxdVUzbA?oc=5,https://news.nate.com/view/20260708n13743?mid=n0105,219.0,"ai_infrastructure_security,earnings,financial_performance,market_power_platform,phishing_security,platform_obligation,privacy_security_reliability",security_phishing_malware,2026-07-08,url_date,original_date_recent,3,110.25,privacy_security:naver:data_leak:initial_investigation_response,23.0,global_incident:platform_regulation:naver:platform_content_moderation_obligation:announcement,global_incident:platform_regulation:naver:platform_content_moderation_obligation,24.0,government:platform_obligation,Y,,issue_representative_attempt,I048,국가 AI 인프라/AIDC/GPU 정책,KT,경쟁사/해외이슈,경쟁사_해외이슈,정부_국회,정부_국회,정부/국회,ok,http_200,body_valid,comp_domestic_ai_platform,COMPETITOR_AI_STRATEGY,565.0,,OFF_TOPIC,COMP_DOMESTIC_AI_PLATFORM,domestic,정부_국회,COMPETITOR_AI_STRATEGY,comp_domestic_ai_platform,KT 금융 AX/AI 인프라 전략,KT 금융 AX/AI 인프라 전략,카카오가 경쟁사 전략·리스크·AI/플랫폼 대응을 비교 참고할 이슈,4.0,4.0,5.0,로컬 보조 라벨 / v26.2: overseas structural industry candidate,v43_hard_min:산업동향: daily-safe portfolio rescue,issue_selected,Y,16.0,본문추출성공,pass:v26_2_public_actor_action_pass:platform_obligation,pass:representative_aligned
정부_국회,정부/국회,KT,"KT, AI 시대 보안 경쟁력 강화…4년 연속 1000억원대 투자",네이트,네이트,"Wed, 08 Jul 2026 01:49:00 GMT","Wed, 08 Jul 2026 01:49:00 GMT","KT, AI 시대 보안 경쟁력 강화…4년 연속 1000억원대 투자 네이트","임직원들에게 정보보안 혁신 노력 중요성 강조 KT는 인공지능(AI) 시대 보안 경쟁력 강화를 위해 정보보안 혁신 노력의 중요성을 임직원들에게 강조했다고 8일 밝혔다. KT가 7월 한 달간 사내에서 운영 중인 ‘정보보호 주간’은 보안을 단순한 규정이 아닌 일하는 문화로 정착시키기 위한 프로그램이며, 임직원이 업무 속에서 보안 실천을 자연스럽게 체득할 수 있도록 마련됐다. 임직원에게 정보보호의 중요성과 실천 행동을 담은 핵심 보안 메시지를 지속 전달하고, 참여형 캠페인으로 자발적인 실천과 공감대를 확산함으로써 보안 인식을 강화한다. KT는 2025년 회계연도 기준 정보보호 부문에 1276억원을 투자하며 4년 연속 연간 투자액 1000억원 이상을 유지했다. 단일 기업 기준 국내 3위이자 통신사 가운데 가장 큰 규모다. 정보보호 전담 인력 총 317명 중 내부 전문 인력으로 164명을 둬 투자와 전문성도 함께 강화하고 있다. KT는 이들을 중심으로 보안 전략 수립부터 핵심 시스템 보호, 사고 대응까지 수행하는 체계를 운영하고 있다. IT·네트워크 개발자 대상 보안 아카데미를 운영하는 등 중장기 보안 전문 인력 양성 체계도 구축하고 있다. KT 관계자는 “AI 시대 정보보안은 사고 이후 대응보다 상시 예방과 선제 대응이 더욱 중요하다”며 “고객이 가장 신뢰할 수 있는 기업으로 도약하도록 보안 경쟁력을 강화하겠다”고 말했다. 김동환 기자 kimcharr@segye.com ▶ 소지섭, 30년 전 수영 포기하고 기숙사 나선 이유…故 김성재가 바꾼 인생 ▶ 보증금 20만원 창고방서 ‘회당 3500만원 제왕’으로, 장민호의 24년 ▶ 166억 빌딩이 152억 되기까지…노홍철, 현금 2억 들고 강남 건물주 바꾼 계산법 ▶ 강남 떠나 송도 ‘7억 학비’ 베팅, 이시영·장윤정·현영이 선택한 미래 ▶ 22세에 연예인 소득 1위…하춘화 200억 기부 이끈 아버지의 한마디 ▶ 장나라 “내 돈 아니다”…통장에서 ‘200억원’ 비워낸 ‘24년 진심’ ▶ ‘백지수표’ 대신 ‘증명’을 택했던 축구 레전드…그래서 박지성의 말은 무거웠다 ▶ ‘케이팝데몬헌터스’ 연기한 이유가 있었다…아덴 조와 이재가 사랑한 한국 ▶ 양수경 “널 낳지 못해 미안해”…이혜영·박영규, 가슴으로 품은 자녀 이야기 ▶ 30억 빚에 반지하 생활까지…절망 딛고 다시 일어선 이훈·이혜영·김지연ⓒ 세상을 보는 눈, 세계일보 KT는 인공지능(AI) 시대 보안 경쟁력 강화를 위해 정보보안 혁신 노력의 중요성을 임직원들에게 강조했다고 8일 밝혔다. KT가 7월 한 달간 사내에서 운영 중인 ‘정보보호 주간’은 보안을 단순한 규정이 아닌 일하는 문화로 정착시키기 위한 프로그램이며, 임직원이 업무 속에서 보안 실천을 자연스럽게 체득할 수 있도록 마련됐다. 임직원에게 정보보호의 중요성과 실천 행동을 담은 핵심 보안 메시지를 지속 전달하고, 참여형 캠페인으로 자발적인 실천과 공감대를 확산함으로써 보안 인식을 강화한다. KT는 2025년 회계연도 기준 정보보호 부문에 1276억원을 투자하며 4년 연속 연간 투자액 1000억원 이상을 유지했다. 단일 기업 기준 국내 3위이자 통신사 가운데 가장 큰 규모다. 정보보호 전담 인력 총 317명 중 내부 전문 인력으로 164명을 둬 투자와 전문성도 함께 강화하고 있다. KT는 이들을 중심으로 보안 전략 수립부터 핵심 시스템 보호, 사고 대응까지 수행하는 체계를 운영하고 있다. IT·네트워크 개발자 대상 보안 아카데미를 운영하는 등 중장기 보안 전문 인력 양성 체계도 구축하고 있다. KT 관계자는 “AI 시대 정보보안은 사고 이후 대응보다 상시 예방과 선제 대응이 더욱 중요하다”며 “고객이 가장 신뢰할 수 있는 기업으로 도약하도록 보안 경쟁력을 강화하겠다”고 말했다. 김동환 기자 kimcharr@segye.com ▶ 소지섭, 30년 전 수영 포기하고 기숙사 나선 이유…故 김성재가 바꾼 인생 ▶ 보증금 20만원 창고방서 ‘회당 3500만원 제왕’으로, 장민호의 24년 ▶ 166억 빌딩이 152억 되기까지…노홍철, 현금 2억 들고 강남 건물주 바꾼 계산법 ▶ 강남 떠나 송도 ‘7억 학비’ 베팅, 이시영·장윤정·현영이 선택한 미래 ▶ 22세에 연예인 소득 1위…하춘화 200억 기부 이끈 아버지의 한마디 ▶ 장나라 “내 돈 아니다”…통장에서 ‘200억원’ 비워낸 ‘24년 진심’ ▶ ‘백지수표’ 대신 ‘증명’을 택했던 축구 레전드…그래서 박지성의 말은 무거웠다 ▶ ‘케이팝데몬헌터스’ 연기한 이유가 있었다…아덴 조와 이재가 사랑한 한국 ▶ 양수경 “널 낳지 못해 미안해”…이혜영·박영규, 가슴으로 품은 자녀 이야기 ▶ 30억 빚에 반지하 생활까지…절망 딛고 다시 일어선 이훈·이혜영·김지연",2292,trafilatura,70.0,category_reassign_blocked_max:경쟁사_해외이슈:v41_company_strategy_to_competitor,-20.0,True,False,https://news.google.com/rss/articles/CBMiU0FVX3lxTE5xb19BRG9VUlNZTWpEYUYxRE56UmdjUkNFT3AzeTFGNU81UHNPMldQOUIyeWRYc28yaTJvVy14LTRPMjFYdmpkZFVnQXpZWlNJc0lv?oc=5,https://news.nate.com/view/20260708n13367,219.0,"ai_infrastructure_security,phishing_security,policy_legislation,privacy_security_reliability",security_general,2026-07-08,url_date,original_date_recent,2,97.0,,23.0,,,0.0,,,,issue_representative_attempt,I048,국가 AI 인프라/AIDC/GPU 정책,KT,경쟁사/해외이슈,경쟁사_해외이슈,정부_국회,정부_국회,정부/국회,ok,http_200,body_valid,comp_domestic_ai_platform,COMPETITOR_AI_STRATEGY,565.0,,OFF_TOPIC,COMP_DOMESTIC_AI_PLATFORM,domestic,정부_국회,COMPETITOR_AI_STRATEGY,comp_domestic_ai_platform,KT 금융 AX/AI 인프라 전략,KT 금융 AX/AI 인프라 전략,카카오가 경쟁사 전략·리스크·AI/플랫폼 대응을 비교 참고할 이슈,4.0,4.0,5.0,로컬 보조 라벨 / v26.2: overseas structural industry candidate,v43_hard_min:산업동향: daily-safe portfolio rescue,issue_selected,Y,16.0,본문추출성공,reassign_blocked:v41_company_strategy_to_competitor,
정부_국회,정부/국회,KT,"KT, 정보보호 투자 4년 연속 1000억원 돌파… AI 시대 '보안 경쟁력' 강화 속도",Korea IT Times,Korea IT Times,"Wed, 08 Jul 2026 00:49:07 GMT","Wed, 08 Jul 2026 00:49:07 GMT","KT, 정보보호 투자 4년 연속 1000억원 돌파… AI 시대 '보안 경쟁력' 강화 속도 Korea IT Times","KT 개인정보보호 자문위원회 발족식에 KT 박윤영 대표, 정보보안실장(CISO) 이상운 전무, 개인정보보호그룹장(CPO) 김창오 상무가 참석해 자문위원들과 개인정보보호 체계 고도화 방향을 논의하고 있다/ KT 제공 KT가 정보보호 투자 확대와 내부 보안 전문인력 육성을 앞세워 인공지능(AI) 시대에 맞는 보안 경쟁력 강화에 나서고 있다. 최근 기업 경쟁력의 핵심 요소로 정보보안이 부각되는 가운데 기술 투자와 조직 혁신을 동시에 추진하며 고객 신뢰 회복과 디지털 서비스 안전성 확보에 속도를 내는 모습이다. KT는 정보보호의 날을 맞아 정보보호 분야에 대한 지속적인 투자와 보안 체계 고도화 성과를 공개했다. 회사는 2025 회계연도 기준 정보보호 부문에 1,276억원을 투자해 4년 연속 연간 1,000억원 이상의 투자 규모를 유지했다. 이는 국내 단일 기업 기준 상위권 수준이며, 통신업계에서는 가장 큰 규모다. 보안 인력 확보에도 적극 나서고 있다. 현재 KT의 정보보호 전담 인력은 총 317명이며, 이 가운데 164명이 자체적으로 양성한 내부 전문인력이다. 외부 인력 의존도를 낮추고 장기간 축적된 시스템 운영 경험을 보안 역량으로 연결하는 데 초점을 맞추고 있다는 설명이다. KT는 내부 전문가를 중심으로 보안 정책 수립부터 핵심 시스템 보호, 사이버 침해 대응까지 전 과정을 수행하는 체계를 운영하고 있다. 여기에 IT·네트워크 개발자를 대상으로 한 보안 교육 프로그램과 서울대학교 정보보호 계약학과 추진 등을 통해 중장기 인재 양성에도 힘을 쏟고 있다. 보안 문화를 조직 전반에 확산하기 위한 활동도 강화하고 있다. 7월 한 달 동안 'Secure Together'를 주제로 정보보호 주간을 운영하며 임직원이 일상 업무 속에서 보안 수칙을 자연스럽게 실천할 수 있도록 다양한 참여형 프로그램을 진행하고 있다. 단순한 규정 준수를 넘어 보안을 기업문화로 정착시키겠다는 전략이다. 보안 체계 개편도 속도를 내고 있다. KT는 지난해 민관합동조사단의 권고를 반영해 정보보안 마스터플랜을 수립했으며, 보안 거버넌스와 공급망 관리 체계 전반을 재정비하고 있다. 기존의 사고 대응 중심 체계에서 벗어나 사전에 위험을 차단하는 예방 중심 보안 시스템으로 전환하는 것이 핵심이다. 이를 위해 '아무도 기본적으로 신뢰하지 않고 모든 접근을 검증한다'는 제로트러스트(Zero Trust) 보안 원칙을 확대 적용하고, AI 기반 보안 기술도 지속적으로 고도화하고 있다. 또한 최고개인정보보호책임자(CPO)를 별도로 선임하고 개인정보보호 자문위원회를 운영하는 등 개인정보 보호 체계도 강화했다. 현장 중심의 보안 관리도 확대하고 있다. 이상운 KT 정보보안실장(CISO)은 목동 데이터센터를 비롯해 부산 동부코어운용센터, 구로 수도권제어센터, 대전 서부코어운용센터 등을 직접 방문해 핵심 시설의 보안 정책 이행 상황과 운영 체계를 점검했다. 실제 현장에서 보안 정책이 제대로 실행되고 있는지를 확인하며 실행력을 높이는 데 집중하고 있다. KT는 최근 정보보안과 IT, 네트워크 경쟁력 강화를 위해 향후 3년간 약 12조원을 투자하겠다는 계획도 발표했다. 이 가운데 4조원은 정보보안과 IT 혁신에 투입해 AI 시대에 대응하는 디지털 인프라와 보안 체계를 고도화할 예정이다. 업계에서는 최근 AI 서비스 확산과 사이버 공격이 고도화되면서 정보보호 투자가 기업의 핵심 경쟁력으로 자리 잡고 있다고 평가한다. 특히 통신사는 국가 핵심 인프라를 운영하는 만큼 안정적인 보안 체계 구축이 고객 신뢰와 서비스 경쟁력을 좌우하는 중요한 요소로 인식되고 있다.",1758,newspaper3k,84.0,category_reassign_blocked_max:경쟁사_해외이슈:v41_company_strategy_to_competitor,77.0,True,False,https://news.google.com/rss/articles/CBMicEFVX3lxTFB2Z2hUVjRVYXdYQ0N6bGJqLUJQYy1yWjF0Q0JuSGJoU1Nub0gtR0FrWTZvZEItNjlhMWZpQVdibWdzT0RfckJGckc0NGpmbXNmWEVsazk0Y2xkX0p5T3RGUnBvaVp6ZzlYVlpjODFkci0?oc=5,https://www.koreaittimes.com/news/articleView.html?idxno=155024,219.0,"ai_infrastructure_security,leadership_change,phishing_security,platform_obligation,policy_legislation,privacy_security_reliability",security_hacking_incident,2026-07-08,meta:article:published_time,original_date_recent,1,178.5,privacy_security:kt:data_leak:initial_investigation_response,77.0,global_incident:platform_regulation:kt:platform_data_protection_obligation:executive_or_org_change,global_incident:platform_regulation:kt:platform_data_protection_obligation,48.0,government:platform_obligation,Y,,issue_representative_attempt,I048,국가 AI 인프라/AIDC/GPU 정책,KT,경쟁사/해외이슈,경쟁사_해외이슈,정부_국회,정부_국회,정부/국회,ok,http_200,body_valid,comp_domestic_ai_platform,COMPETITOR_AI_STRATEGY,565.0,,OFF_TOPIC,COMP_DOMESTIC_AI_PLATFORM,domestic,정부_국회,COMPETITOR_AI_STRATEGY,comp_domestic_ai_platform,KT 금융 AX/AI 인프라 전략,KT 금융 AX/AI 인프라 전략,카카오가 경쟁사 전략·리스크·AI/플랫폼 대응을 비교 참고할 이슈,4.0,4.0,5.0,로컬 보조 라벨 / v26.2: overseas structural industry candidate,v43_hard_min:산업동향: daily-safe portfolio rescue,issue_selected,Y,16.0,본문추출성공,reassign_blocked:v41_company_strategy_to_competitor,
정부_국회,정부/국회,KT,"KT, 정보보안 혁신 지속 추진⋯ “고객 신뢰 회복·AI 시대 보안 경쟁력 강화”",브릿지경제,브릿지경제,"Wed, 08 Jul 2026 00:15:00 GMT","Wed, 08 Jul 2026 00:15:00 GMT","KT, 정보보안 혁신 지속 추진⋯ “고객 신뢰 회복·AI 시대 보안 경쟁력 강화” 브릿지경제","KT는 2025년 회계연도 기준 정보보호 부문에 1276억원을 투자하며 4년 연속 연간 투자액 1000억원 이상을 유지했다. 이는 단일 기업 기준 국내 3위이자 통신사 가운데 가장 큰 규모다. 정보보호 전담인력 가운데 내부 전문인력이 절반 이상을 차지하는 등 투자와 전문성도 함께 강화하고 있다. KT의 정보보호 전담 인력은 317명이며, 이 가운데 내부 전문인력은 164명이다. 중장기 보안 전문인력 양성 체계도 구축했다. IT·네트워크 개발자를 대상으로 맞춤형 보안 아카데미를 운영하고 서울대학교와 정보보호 분야 계약학과 개설을 추진하는 등 우수 보안 인재를 지속적으로 육성하며 내부 전문성을 더욱 강화해 나가고 있다. 또한, KT는 정보보호의 날을 계기로 7월 한 달간 사내에서 ‘정보보호 주간’을 운영 중이며 이를 지속 확대해 나갈 방침이다. 정보보호 주간은 보안을 단순한 규정이 아닌 일하는 문화로 정착시키기 위한 프로그램으로, 임직원이 일상 업무 속에서 보안 실천을 자연스럽게 체득하도록 마련됐다. KT는 지난해 민관합동조사단의 재발방지 권고사항을 기반으로 정보보안 마스터플랜을 수립하고 보안 체계 전반의 혁신도 추진하고 있다. 침해 사고를 계기로 확인된 관리 체계 전면 재정비 및 정보보안 거버넌스와 자산(공급망) 관리 체계를 강화하고 KT 환경에 최적화된 정보보안 프레임워크를 재정립해 보다 견고한 보안 기반을 완성한다는 방침이다. 아울러 KT는 제로트러스트 기반의 상시 예방·선제 대응 체계를 확대하고 AI 기반 보안 기술을 고도화하는 등 사고 대응 중심에서 예방 중심의 보안 체계로 전환을 지속하고 있다. CPO를 별도 선임하고 개인정보보호 자문위원회를 출범하는 등 개인정보 보호 거버넌스도 강화하고 있다. KT는 정보보안 정책이 현장에서 실제 실행되도록 현장 중심의 보안 거버넌스도 강화한다. 이상운 KT 정보보안실장(CISO, 전무)은 직접 중요 개인정보를 처리하는 목동 데이터센터와 해외발 사이버 공격 대응의 최전방인 동부코어운용센터(부산), 핵심 백본 시설을 관장하는 수도권제어센터(구로)와 서부코어운용센터(대전) 등을 순차적으로 방문해 보안 정책 이행 현황을 점검하고 현장의 보안 실행력을 확인했다. 최근 KT는 성장의 출발점인 ‘단단한 본질’을 강화하기 위해 정보보안·IT와 네트워크 분야에 3년간 총 약 12조원을 투입한다고 밝혔다. ‘모든 것을 신뢰하지 않고 항상 철저히 검증하라’는 제로트러스트 원칙 아래 전사 보안 체계를 전면 재정의하고, 정보보안 및 IT 혁신에 4조원의 재원을 투자할 계획이다. 이 CISO는 “AI 시대의 정보보안은 사고 이후 대응보다 상시 예방과 선제 대응이 더욱 중요하다”며 “KT는 단순히 보안 기술을 강화하는 데 그치지 않고 조직과 인력, 프로세스가 함께 작동하는 견고한 정보보안 체계를 구축해 고객이 가장 신뢰할 수 있는 AX 플랫폼 기업으로 도약하도록 보안 경쟁력을 지속 강화해 나가겠다”고 말했다. 박준영 기자 pjy60@viva100.com 기자의 다른 기사 더보기",1476,bs4_selector,86.0,category_reassign_blocked_max:경쟁사_해외이슈:v41_company_strategy_to_competitor,70.0,True,True,https://news.google.com/rss/articles/CBMiWkFVX3lxTE5peF9ENEN2cjJWOGprblk3OVlZMkcwV1NSa0c1b1pPMmE5czhuRG0wOHJRMzFGY3pvbDBvOUwwOXJKcHRQN0pURzMya2VXZV8wRkFJTS14cWJCUQ?oc=5,https://www.viva100.com/article/20260708500255,219.0,"ai_infrastructure_security,leadership_change,market_power_platform,phishing_security,platform_obligation,policy_legislation,privacy_security_reliability",security_hacking_incident,2026-07-08,visible_date_node,original_date_recent,1,162.4,privacy_security:kt:data_leak:initial_investigation_response,77.0,global_incident:platform_regulation:kt:platform_data_protection_obligation:executive_or_org_change,global_incident:platform_regulation:kt:platform_data_protection_obligation,48.0,government:platform_obligation,Y,,issue_representative_attempt,I048,국가 AI 인프라/AIDC/GPU 정책,KT,경쟁사/해외이슈,경쟁사_해외이슈,정부_국회,정부_국회,정부/국회,ok,http_200,body_valid,comp_domestic_ai_platform,COMPETITOR_AI_STRATEGY,565.0,,OFF_TOPIC,COMP_DOMESTIC_AI_PLATFORM,domestic,정부_국회,COMPETITOR_AI_STRATEGY,comp_domestic_ai_platform,KT 금융 AX/AI 인프라 전략,KT 금융 AX/AI 인프라 전략,카카오가 경쟁사 전략·리스크·AI/플랫폼 대응을 비교 참고할 이슈,4.0,4.0,5.0,로컬 보조 라벨 / v26.2: overseas structural industry candidate,v43_hard_min:산업동향: daily-safe portfolio rescue,issue_selected,Y,16.0,본문추출성공,reassign_blocked:v41_company_strategy_to_competitor,
정부_국회,정부/국회,KT,"KT, 정보보호 투자 4년 연속 1000억원 돌파…'AI 시대 보안 경쟁력' 강화",이로운넷,이로운넷,"Wed, 08 Jul 2026 00:56:38 GMT","Wed, 08 Jul 2026 00:56:38 GMT","KT, 정보보호 투자 4년 연속 1000억원 돌파…'AI 시대 보안 경쟁력' 강화 이로운넷","KT, 정보보호 투자 4년 연속 1000억원 돌파…'AI 시대 보안 경쟁력' 강화 스크롤 이동 상태바 KT, 정보보호 투자 4년 연속 1000억원 돌파…'AI 시대 보안 경쟁력' 강화 KT가 정보보호의 날을 맞아 정보보호 투자 확대와 내부 전문인력 육성, 보안 문화 확산을 통해 AI 시대 보안 경쟁력 강화에 속도를 내고 있다. KT는 2025 회계연도 기준 정보보호 분야에 1276억원을 투자하며 4년 연속 연간 투자액 1000억원 이상을 유지했다고 밝혔다. 이는 단일 기업 기준 국내 3위이자 통신사 가운데 가장 큰 규모다. 정보보호 전문인력도 지속 확대하고 있다. 현재 정보보호 전담인력은 317명이며, 이 가운데 내부 전문인력은 164명으로 절반 이상을 차지한다. KT는 내부 전문인력을 중심으로 보안 전략 수립부터 핵심 시스템 보호, 사고 대응까지 수행하는 체계를 운영하고 있다. 보안 전문성 강화를 위해 중장기 인재 양성에도 나섰다. IT·네트워크 개발자를 대상으로 맞춤형 보안 아카데미를 운영하는 한편, 서울대학교와 정보보호 분야 계약학과 개설을 추진하며 전문 인력을 지속적으로 확보할 계획이다. KT는 7월 한 달 동안 임직원을 대상으로 '정보보호 주간(Secure Together)'도 운영한다. 보안을 단순한 규정이 아닌 조직 문화로 정착시키기 위해 핵심 보안 메시지 전달과 참여형 캠페인을 진행하며 자발적인 보안 실천 문화를 확산한다는 방침이다. 또 지난해 민관합동조사단의 재발방지 권고를 반영해 정보보안 마스터플랜을 수립하고 보안 체계 전반의 혁신도 추진 중이다. 정보보안 거버넌스와 자산·공급망 관리 체계를 강화하고, KT 환경에 맞는 정보보안 프레임워크를 재정립해 예방 중심의 보안 체계로 전환하고 있다. 제로트러스트 기반의 상시 예방·선제 대응 체계와 AI 기반 보안 기술도 지속 고도화하고 있다. 아울러 개인정보보호책임자(CPO)를 별도로 선임하고 개인정보보호 자문위원회를 출범시키는 등 개인정보 보호 거버넌스도 강화했다. 현장 중심의 보안 관리도 병행하고 있다. KT는 정보보안 정책의 실행력을 높이기 위해 정보보안실장(CISO)이 목동 데이터센터와 부산 동부코어운용센터, 구로 수도권제어센터, 대전 서부코어운용센터 등을 직접 방문해 보안 정책 이행 현황과 현장 대응 체계를 점검했다고 설명했다. 이와 함께 KT는 최근 발표한 'AX 플랫폼 컴퍼니' 전략의 일환으로 정보보안·IT와 네트워크 분야에 향후 3년간 총 12조원을 투자할 계획이다. 이 가운데 정보보안과 IT 혁신에는 4조원을 투입해 제로트러스트 원칙에 기반한 전사 보안 체계를 구축하고 AI 시대 보안 경쟁력을 강화한다는 방침이라고 밝혔다. 정선 여량고, 여량4리 경로당에서 스마트폰 교육 등 경로효친 문화 확산 [이로운진단]분만실이 사라진다…출산 장려보다 먼저 무너지는 '출생 안전망' 정선군, 외국인 계절근로자 537명 대상 온열질환 등 현장점검 강화 영주시, ‘2026 에너지바우처’ 시행… 취약계층 최대 70만 원 지원 영월군종합사회복지관, 취약계층 100가구 물품 지원 영주시 학사골목, 경북 ‘골목상권 특화거리’ 최종 선정… 2억 원 확보 봉화군, 상반기 계약원가심사로 소중한 혈세 ‘12억 원’ 아꼈다 정선 여량고, 여량4리 경로당에서 스마트폰 교육 등 경로효친 문화 확산 정선 여량고, 여량4리 경로당에서 스마트폰 교육 등 경로효친 문화 확산 [이로운진단]분만실이 사라진다…출산 장려보다 먼저 무너지는 '출생 안전망' 정선군, 외국인 계절근로자 537명 대상 온열질환 등 현장점검 강화 영주시, ‘2026 에너지바우처’ 시행… 취약계층 최대 70만 원 지원 영월군종합사회복지관, 취약계층 100가구 물품 지원 영주시 학사골목, 경북 ‘골목상권 특화거리’ 최종 선정… 2억 원 확보 봉화군, 상반기 계약원가심사로 소중한 혈세 ‘12억 원’ 아꼈다 정선 여량고, 여량4리 경로당에서 스마트폰 교육 등 경로효친 문화 확산 [이로운진단]분만실이 사라진다…출산 장려보다 먼저 무너지는 '출생 안전망' 정선군, 외국인 계절근로자 537명 대상 온열질환 등 현장점검 강화 영주시, ‘2026 에너지바우처’ 시행… 취약계층 최대 70만 원 지원 영월군종합사회복지관, 취약계층 100가구 물품 지원 영주시 학사골목, 경북 ‘골목상권 특화거리’ 최종 선정… 2억 원 확보 봉화군, 상반기 계약원가심사로 소중한 혈세 ‘12억 원’ 아꼈다 [이로운 칼럼] ‘반전의 드라마’가 남긴 숙제...제10대 포항시의회가 가야 할 길 [이로운체험] 상처에서 치유로, '양구 DMZ 투어' 배재고 교장, 광주일고 찾아 ‘5·18 조롱’ 공식 사과 [이로운주목]고령운전자 안전 대책 '예방' 강화...KB금융, 전국 740명 지원 150개 체험·1대1 상담 한자리에...'2026 서울진로직업박람회' 14일 개최 [연재칼럼] AI로 관통한 반세기 사진의 기억(29) 살곶이다리 [이로운 칼럼] ‘반전의 드라마’가 남긴 숙제...제10대 포항시의회가 가야 할 길 [이로운체험] 상처에서 치유로, '양구 DMZ 투어' 배재고 교장, 광주일고 찾아 ‘5·18 조롱’ 공식 사과 [이로운주목]고령운전자 안전 대책 '예방' 강화...KB금융, 전국 740명 지원 150개 체험·1대1 상담 한자리에...'2026 서울진로직업박람회' 14일 개최 [연재칼럼] AI로 관통한 반세기 사진의 기억(29) 살곶이다리",2615,bs4_selector,86.0,category_reassign_blocked_max:경쟁사_해외이슈:v41_company_strategy_to_competitor,11.0,True,False,https://news.google.com/rss/articles/CBMiZkFVX3lxTE1OYmtPMmpScmVHc3FZenIwME5uYWVfTkhtWmJRcUl1cWk3TFI1aVUycUdjdFdhMVgtVTJOQjF4bmc5ZjlYbi0ydFBEVWdVVHZKVWhZaW5YdUV2WXdReXo1Z2NPTWpxZw?oc=5,https://www.eroun.net/news/articleView.html?idxno=84897,219.0,"ai_infrastructure_security,leadership_change,legal_regulatory_enforcement,market_power_platform,phishing_security,platform_obligation,policy_legislation,privacy_security_reliability",security_hacking_incident,2026-07-08,meta:article:published_time,original_date_recent,1,135.1,privacy_security:kt:data_leak:initial_investigation_response,77.0,global_incident:platform_regulation:kt:platform_data_protection_obligation:policy_change,global_incident:platform_regulation:kt:platform_data_protection_obligation,48.0,government:platform_obligation,Y,,issue_representative_attempt,I048,국가 AI 인프라/AIDC/GPU 정책,KT,경쟁사/해외이슈,경쟁사_해외이슈,정부_국회,정부_국회,정부/국회,ok,http_200,body_valid,comp_domestic_ai_platform,COMPETITOR_AI_STRATEGY,565.0,,OFF_TOPIC,COMP_DOMESTIC_AI_PLATFORM,domestic,정부_국회,COMPETITOR_AI_STRATEGY,comp_domestic_ai_platform,KT 금융 AX/AI 인프라 전략,KT 금융 AX/AI 인프라 전략,카카오가 경쟁사 전략·리스크·AI/플랫폼 대응을 비교 참고할 이슈,4.0,4.0,5.0,로컬 보조 라벨 / v26.2: overseas structural industry candidate,v43_hard_min:산업동향: daily-safe portfolio rescue,issue_selected,Y,16.0,본문추출성공,reassign_blocked:v41_company_strategy_to_competitor,
정부_국회,정부/국회,SKT,"SKT·KT·LGU+, AI 수요 잡아라…AIDC 구축 승부수",한국아이닷컴,한국아이닷컴,"Tue, 07 Jul 2026 06:58:28 GMT","Tue, 07 Jul 2026 06:58:28 GMT","SKT·KT·LGU+, AI 수요 잡아라…AIDC 구축 승부수 한국아이닷컴","정재헌 SKT CEO가 지난 3일 경남 진주에서 진행된 ‘영남권 첨단산업 발전비전 국민보고회’에서 발언하고 있다. 사진=SK텔레콤 제공 [데일리한국 장정우 기자] 이동통신 3사(SK텔레콤, KT, LG유플러스)가 인공지능(AI) 데이터센터 구축에 앞장서며 새로운 성장동력 확보에 나서고 있다. 7일 SKT·KT·LGU+에 따르면 최근 통신사들은 AI 데이터센터 구축 계획과 새로운 수익 모델을 발표하고 있다. SKT는 오는 2035년까지 15GW(기가와트) 규모의 AI 데이터센터를 순차적으로 구축해 ‘아시아 AI 인프라 허브’를 만들겠다는 목표를 제시했다. 이는 SK그룹이 참여해 추진하는 ‘메가프로젝트’의 일환이다. SKT가 AI 데이터센터 구축 사업의 주축을 맡아 추진한다. SK그룹은 지난달 29일과 지난 3일 AI 데이터센터 구축을 포함한 주요 전략을 소개하기도 했다. 정재헌 SKT CEO(최고경영자)는 지난 3일 경남 진주에서 진행된 ‘영남권 첨단산업 발전비전 국민보고회’에서 직접 SK그룹의 프레젠테이션을 진행했다. 그는 “막대한 전산력을 가진 데이터센터는 세상을 혁신시키는 고부가 산업 자산일 뿐만 아니라 국가의 핵심 안보자산”이라며 “정부와 지방 정부의 지원에 발맞춰 AI로 새로운 경부고속도로를 만들어가도록 하겠다”고 강조했다. SKT는 오는 2029년까지 5GW 규모의 AI 데이터센터를 단계적으로 오픈하는 것을 목표로 하고 있다. 현재 울산에 진행 중인 1호 AI 데이터센터를 시작으로 영남권에 2GW 이상, 서남권에 1GW 추가 구축을 진행해 글로벌 빅테크의 AI 인프라 수요를 한국에 유치할 계획이다. 박윤영 KT 대표는 지난 7일 개최된 기자간담회에서 'AX 플랫폼 컴퍼니' 비전을 제시해 실수요 기반 AI 데이터센터를 구축하겠다고 밝혔다. 사진=데일리한국 KT는 지난 7일 기업 비전인 ‘AX(인공지능 전환) 플랫폼 컴퍼니’ 전략을 공개하는 기자간담회를 통해 향후 5년간 5조원을 투자해 실수요 기반 1GW 규모의 AI 데이터센터를 구축하겠다는 계획을 밝혔다. 40MW(메가와트) 규모의 AI 데이터센터 25곳을 구축하고, 피지컬 AI(물리적 환경에서 작동하는 AI), 자율주행 등에서 예상되는 실수요에 대응할 수 있는 체계를 마련한다. 특히 산업현장 인근에 AI 데이터센터를 확충하는 ‘에지 AI’를 통해 기민한 대응에 나선다. 박윤영 KT 대표는 “조만간 피지컬 AI와 자율주행 등의 시장이 폭발적으로 늘어나게 될 것이다. 이때를 대비해 최전선에 배치한 AI 데이터센터를 에지 AI라고 부르며 이를 KT 국사(인터넷센터)에 배치할 것”이라고 설명했다. KT는 구축된 AI 인프라를 기반으로 △금융 △공공 △제조·의료 분야의 AX를 지원하는 신사업에 집중할 계획이다. 금융 분야에서는 이전부터 ‘AI 컨택트센터’와 DX(디지털전환)을 진행한 이해도를 바탕으로 ‘에이전틱 AI’ 제공에 나서며, 공공 분야에서는 정부의 방향성에 따라 자국의 데이터와 인프라를 활용해 구축 및 운영하는 AI인 ‘소버린 AI’으로 AX 수요를 공략한다. 제조·의료 분야에서는 피지컬 AI 수요를 충족시킬 서비스를 제공할 예정이다. 박 대표는 “제조·의료 분야에서의 고객 수요도 있지만 AI 강국으로 가기 위한 정부의 다양한 실증 사업들이 나오고 있다”며 “이에 적극 참여해 에지 AI가 연결되면 제조·의료에 피지컬 AI를 성공적으로 적용하고 진출할 수 있을 것으로 예상한다”고 밝혔다. LG유플러스는 지난달 AI 데이터센터를 기반으로 2030년까지 5조원의 누적 수주를 달성하겠다는 목표를 제시했다. 사진=LG유플러스 제공 LG유플러스는 지난달 AI 데이터센터 인프라 표준을 제시하고 2030년까지 누적 수주 5조원을 달성하겠다는 목표를 발표했다. AI 인프라 수요와 공급의 격차가 발생하는 현 상황에서 ‘디 에이스 온 트러스트’(The ACE on Trust) 전략을 기반으로 △구축 속도(Agility) △전력·규모(Capacity) △냉각 효율(Efficiency)라는 강점을 살려 이 격차를 극복할 계획이다. 인프라와 관련해 지난 1일 발간한 ‘2025 지속가능경영보고서’에 따르면 LG유플러스는 평촌 데이터센터(165MW)에 이어 파주 AI 데이터센터(200MW)를 구축하고 있으며, 자체 데이터센터 역량을 기반으로 DBO(설계·구축·운영) 사업으로 확장하겠다고 언급하고 있다. LG유플러스는 구축 속도와 관련해 ‘표준 모듈형 데이터센터’ 공법을 도입한다. 주요 설비를 사전에 제작해 현장에서 조립하는 방식으로 구축 시간을 단축하는 전략으로 파주 AI 데이터에도 활용 중이다. 전력·규모 측면에서는 수도권에서 공급 가능한 최대 규모인 200MW를 확보해 고객이 필요한 추론형 AI 데이터센터 역할을 수도권에서 이뤄지게 만든다. 이 외에도 글로벌 파트너 및 자산운용사와 협업해 DBO 기반 맞춤 공급 또한 진행할 계획이다. 냉각 효율 측면에서는 공기냉각과 액체냉각을 동시에 지원하는 하이브리드 구조로 파주 AI 데이터센터를 구축해 GPU(그래픽처리장치)의 발열에 대응한다. 특히 로봇을 활용해 24시간 건물의 문제를 확인하고 외곽 부지를 모니터링해 안전성을 강화할 예정이다.",2514,newspaper3k,84.0,category_reassign_blocked_max:경쟁사_해외이슈:v41_company_strategy_to_competitor,153.0,True,False,https://news.google.com/rss/articles/CBMib0FVX3lxTE1WcXcwSGhFWE1zQ0J4M3pCSERoRFUtTG1oaFJfOWVxNXY1WlYyWDZYaEFPV2oyeVRlcFZBYlBaLVU0dzgwaDZVdlVkM3FTWUdNb0gwUUUxRnpFNXpWZ3NVOVc4UlFfbkpGZmFHeEJvSdIBb0FVX3lxTE1WcXcwSGhFWE1zQ0J4M3pCSERoRFUtTG1oaFJfOWVxNXY1WlYyWDZYaEFPV2oyeVRlcFZBYlBaLVU0dzgwaDZVdlVkM3FTWUdNb0gwUUUxRnpFNXpWZ3NVOVc4UlFfbkpGZmFHeEJvSQ?oc=5,https://www.hankooki.com/news/articleViewAmp.html?idxno=337794,205.5,"ai_agent,ai_infrastructure_security,aidc_datacenter,market_power_platform,platform_obligation,policy_legislation",aidc_general,2026-07-07,json_ld:datePublished,original_date_recent,2,231.7,,23.0,global_incident:platform_regulation:skt:platform_data_protection_obligation:announcement,global_incident:platform_regulation:skt:platform_data_protection_obligation,32.0,government:platform_obligation,Y,,issue_representative_attempt,I048,국가 AI 인프라/AIDC/GPU 정책,SKT,경쟁사/해외이슈,경쟁사_해외이슈,정부_국회,정부_국회,정부/국회,ok,http_200,body_valid,comp_domestic_ai_platform,COMPETITOR_AI_STRATEGY,565.0,,OFF_TOPIC,COMP_DOMESTIC_AI_PLATFORM,domestic,정부_국회,COMPETITOR_AI_STRATEGY,comp_domestic_ai_platform,국가 AI 인프라/AIDC/GPU 정책,국가 AI 인프라/AIDC/GPU 정책,카카오가 경쟁사 전략·리스크·AI/플랫폼 대응을 비교 참고할 이슈,4.0,4.0,5.0,로컬 보조 라벨 / v26.2: overseas structural industry candidate,v43_hard_min:산업동향: daily-safe portfolio rescue,issue_selected,Y,16.0,본문추출성공,reassign_blocked:v41_company_strategy_to_competitor,
정부_국회,정부/국회,SKT,"SKT·KT·LGU+, AI 수요 잡아라…AIDC 구축 승부수",데일리한국,데일리한국,"Tue, 07 Jul 2026 06:08:19 GMT","Tue, 07 Jul 2026 06:08:19 GMT","SKT·KT·LGU+, AI 수요 잡아라…AIDC 구축 승부수 데일리한국","정재헌 SKT CEO가 지난 3일 경남 진주에서 진행된 ‘영남권 첨단산업 발전비전 국민보고회’에서 발언하고 있다. 사진=SK텔레콤 제공 [데일리한국 장정우 기자] 이동통신 3사(SK텔레콤, KT, LG유플러스)가 인공지능(AI) 데이터센터 구축에 앞장서며 새로운 성장동력 확보에 나서고 있다. 7일 SKT·KT·LGU+에 따르면 최근 통신사들은 AI 데이터센터 구축 계획과 새로운 수익 모델을 발표하고 있다. SKT는 오는 2035년까지 15GW(기가와트) 규모의 AI 데이터센터를 순차적으로 구축해 ‘아시아 AI 인프라 허브’를 만들겠다는 목표를 제시했다. 이는 SK그룹이 참여해 추진하는 ‘메가프로젝트’의 일환이다. SKT가 AI 데이터센터 구축 사업의 주축을 맡아 추진한다. SK그룹은 지난달 29일과 지난 3일 AI 데이터센터 구축을 포함한 주요 전략을 소개하기도 했다. 정재헌 SKT CEO(최고경영자)는 지난 3일 경남 진주에서 진행된 ‘영남권 첨단산업 발전비전 국민보고회’에서 직접 SK그룹의 프레젠테이션을 진행했다. 그는 “막대한 전산력을 가진 데이터센터는 세상을 혁신시키는 고부가 산업 자산일 뿐만 아니라 국가의 핵심 안보자산”이라며 “정부와 지방 정부의 지원에 발맞춰 AI로 새로운 경부고속도로를 만들어가도록 하겠다”고 강조했다. SKT는 오는 2029년까지 5GW 규모의 AI 데이터센터를 단계적으로 오픈하는 것을 목표로 하고 있다. 현재 울산에 진행 중인 1호 AI 데이터센터를 시작으로 영남권에 2GW 이상, 서남권에 1GW 추가 구축을 진행해 글로벌 빅테크의 AI 인프라 수요를 한국에 유치할 계획이다. 박윤영 KT 대표는 지난 7일 개최된 기자간담회에서 'AX 플랫폼 컴퍼니' 비전을 제시해 실수요 기반 AI 데이터센터를 구축하겠다고 밝혔다. 사진=데일리한국 KT는 지난 7일 기업 비전인 ‘AX(인공지능 전환) 플랫폼 컴퍼니’ 전략을 공개하는 기자간담회를 통해 향후 5년간 5조원을 투자해 실수요 기반 1GW 규모의 AI 데이터센터를 구축하겠다는 계획을 밝혔다. 40MW(메가와트) 규모의 AI 데이터센터 25곳을 구축하고, 피지컬 AI(물리적 환경에서 작동하는 AI), 자율주행 등에서 예상되는 실수요에 대응할 수 있는 체계를 마련한다. 특히 산업현장 인근에 AI 데이터센터를 확충하는 ‘에지 AI’를 통해 기민한 대응에 나선다. 박윤영 KT 대표는 “조만간 피지컬 AI와 자율주행 등의 시장이 폭발적으로 늘어나게 될 것이다. 이때를 대비해 최전선에 배치한 AI 데이터센터를 에지 AI라고 부르며 이를 KT 국사(인터넷센터)에 배치할 것”이라고 설명했다. KT는 구축된 AI 인프라를 기반으로 △금융 △공공 △제조·의료 분야의 AX를 지원하는 신사업에 집중할 계획이다. 금융 분야에서는 이전부터 ‘AI 컨택트센터’와 DX(디지털전환)을 진행한 이해도를 바탕으로 ‘에이전틱 AI’ 제공에 나서며, 공공 분야에서는 정부의 방향성에 따라 자국의 데이터와 인프라를 활용해 구축 및 운영하는 AI인 ‘소버린 AI’으로 AX 수요를 공략한다. 제조·의료 분야에서는 피지컬 AI 수요를 충족시킬 서비스를 제공할 예정이다. 박 대표는 “제조·의료 분야에서의 고객 수요도 있지만 AI 강국으로 가기 위한 정부의 다양한 실증 사업들이 나오고 있다”며 “이에 적극 참여해 에지 AI가 연결되면 제조·의료에 피지컬 AI를 성공적으로 적용하고 진출할 수 있을 것으로 예상한다”고 밝혔다. LG유플러스는 지난달 AI 데이터센터를 기반으로 2030년까지 5조원의 누적 수주를 달성하겠다는 목표를 제시했다. 사진=LG유플러스 제공 LG유플러스는 지난달 AI 데이터센터 인프라 표준을 제시하고 2030년까지 누적 수주 5조원을 달성하겠다는 목표를 발표했다. AI 인프라 수요와 공급의 격차가 발생하는 현 상황에서 ‘디 에이스 온 트러스트’(The ACE on Trust) 전략을 기반으로 △구축 속도(Agility) △전력·규모(Capacity) △냉각 효율(Efficiency)라는 강점을 살려 이 격차를 극복할 계획이다. 인프라와 관련해 지난 1일 발간한 ‘2025 지속가능경영보고서’에 따르면 LG유플러스는 평촌 데이터센터(165MW)에 이어 파주 AI 데이터센터(200MW)를 구축하고 있으며, 자체 데이터센터 역량을 기반으로 DBO(설계·구축·운영) 사업으로 확장하겠다고 언급하고 있다. LG유플러스는 구축 속도와 관련해 ‘표준 모듈형 데이터센터’ 공법을 도입한다. 주요 설비를 사전에 제작해 현장에서 조립하는 방식으로 구축 시간을 단축하는 전략으로 파주 AI 데이터에도 활용 중이다. 전력·규모 측면에서는 수도권에서 공급 가능한 최대 규모인 200MW를 확보해 고객이 필요한 추론형 AI 데이터센터 역할을 수도권에서 이뤄지게 만든다. 이 외에도 글로벌 파트너 및 자산운용사와 협업해 DBO 기반 맞춤 공급 또한 진행할 계획이다. 냉각 효율 측면에서는 공기냉각과 액체냉각을 동시에 지원하는 하이브리드 구조로 파주 AI 데이터센터를 구축해 GPU(그래픽처리장치)의 발열에 대응한다. 특히 로봇을 활용해 24시간 건물의 문제를 확인하고 외곽 부지를 모니터링해 안전성을 강화할 예정이다.",2514,newspaper3k,84.0,category_reassign_blocked_max:경쟁사_해외이슈:v41_company_strategy_to_competitor,153.0,True,False,https://news.google.com/rss/articles/CBMib0FVX3lxTE14Q0xNaERUZnR2R0FQd3Z2dGN4aU8tSUJpdWpBLUNJcUJ5NnlxcnZTS3NmaDBFckNQM2JVc0IwTU5OaFgwWjA5T0E1TElnVmpBZkVYOGhuWS1UU3hRM1Nac0pzUkIyVE95RGVBdU9IUdIBc0FVX3lxTE5hWmVZQlpfaU83b0NkT05YdlBDVllleDd0OU90LW9IbjlxZlUzZzdEVktvLVJSTWxEc0ZVb2c3c0tFSDJ0eEFzaUc2WGtYQzlONmIxbm9zRFVLR3VXWWg1ZnZoOUUyYlJqSUk1RnV5Sk9yeU0?oc=5,https://daily.hankooki.com/news/articleView.html?idxno=1383624,205.5,"ai_agent,ai_infrastructure_security,aidc_datacenter,market_power_platform,platform_obligation,policy_legislation",aidc_general,2026-07-07,json_ld:datePublished,original_date_recent,3,231.7,,23.0,global_incident:platform_regulation:skt:platform_data_protection_obligation:announcement,global_incident:platform_regulation:skt:platform_data_protection_obligation,32.0,government:platform_obligation,Y,,issue_representative_attempt,I048,국가 AI 인프라/AIDC/GPU 정책,SKT,경쟁사/해외이슈,경쟁사_해외이슈,정부_국회,정부_국회,정부/국회,ok,http_200,body_valid,comp_domestic_ai_platform,COMPETITOR_AI_STRATEGY,565.0,,OFF_TOPIC,COMP_DOMESTIC_AI_PLATFORM,domestic,정부_국회,COMPETITOR_AI_STRATEGY,comp_domestic_ai_platform,국가 AI 인프라/AIDC/GPU 정책,국가 AI 인프라/AIDC/GPU 정책,카카오가 경쟁사 전략·리스크·AI/플랫폼 대응을 비교 참고할 이슈,4.0,4.0,5.0,로컬 보조 라벨 / v26.2: overseas structural industry candidate,v43_hard_min:산업동향: daily-safe portfolio rescue,issue_selected,Y,16.0,본문추출성공,reassign_blocked:v41_company_strategy_to_competitor,
정부_국회,정부/국회,SKT,"SKT, 전국 T 월드 매장 'AI 전환' 시동…매장용 AI 에이전트 도입",아시아경제,아시아경제,"Wed, 08 Jul 2026 00:11:00 GMT","Wed, 08 Jul 2026 00:11:00 GMT","SKT, 전국 T 월드 매장 'AI 전환' 시동…매장용 AI 에이전트 도입 아시아경제","대리점주용 AI 에이전트 9월 운영 목표 SK텔레콤 T 월드 매장에서 상담받고 있는 고객 모습. SKT 제공. AD 원본보기 아이콘 SK텔레콤 SK텔레콤 close 증권정보 017670 KOSPI 현재가 83,600 전일대비 1,600 등락률 -1.88% 거래량 340,574 전일가 85,200 2026.07.08 11:18 기준 관련기사 [르포]""20% 환급 막차 타자…갤럭시 S26 재고도 동났다"" SKT, 15GW 규모 AI 데이터센터 구축…""아시아 AI 인프라 허브될 것"" ""코스피 1만2600 간다""…하반기 강세장서 찍은 최선호株 10개[주末머니] 전 종목 시세 보기 은 고객 서비스 혁신을 위해 T 월드 오프라인 매장에 인공지능(AI)을 전면 도입한다고 8일 밝혔다. SKT는 AI 조사를 통해 수집한 데이터에 기반해 지난달 T 월드 매장 별점 공개를 시작으로, 오는 9월부터 매장용 AI 에이전트 등을 도입하기 위해 개발과 인프라 구축 작업에 착수했다. SKT는 매장 탐색부터 대면 상담에 이르는 고객 경험 전 과정에 AI 기술을 접목해 단계적으로 고도화를 추진한다. 우선 매장 정보를 투명하게 공개해 고객이 원하는 매장을 손쉽게 찾을 수 있도록 지원한다. 이를 위해 지난달부터 T 월드 홈페이지와 앱에 실제 방문 고객의 추천 지수를 토대로 매장별 별점 정보를 올려두고 있다. 고객 추천 지수는 STT(음성인식) 기반의 AI 콜 서비스를 활용해 매장을 방문한 고객의 만족도와 추천도를 조사한 결과다. 이를 알아보기 쉬운 별점 형태로 공개함으로써, 고객이 매장 방문 전 어느 매장이 친절한지 등 서비스 품질을 확인 후 선택할 수 있도록 했다. SKT는 AI를 활용해 수집한 다양한 고객 경험 데이터를 매장 데이터와 결합해 내년까지 온라인 T 월드에 '맞춤형 매장 검색 기능'을 구현할 계획이다. 이 기능이 도입되면 고객이 단말기 재고, 혜택 정보, 매장 특성 등 본인이 원하는 조건을 갖춘 매장을 한층 더 빠르게 찾을 수 있다. 또 대면 상담 과정의 신뢰도를 높이기 위해 'AI 상담 분석' 기능도 단계적으로 확대할 계획이다. 대기 시간을 최소화하고 상담의 전문성을 높이기 위해 '온라인 상담과 방문 예약 서비스'도 활성화한다. T 월드 매장의 AI 도입은 고객뿐만 아니라 직접 매장을 운영하는 대리점주와 T 크루 모두를 대상으로 추진된다. SKT는 고객 상담 과정에 AI를 접목해 빠르고 전문적인 서비스를 제공하고, 대리점주와 T 크루 전용 AI 에이전트를 개발해 반복 업무 부담을 크게 줄일 계획이다. 가장 먼저 선보일 대리점주용 AI 에이전트는 오는 9월 시범 운영을 목표로 추진 중이다. 해당 에이전트는 매장의 강?약점 진단, 매장 간 비교 분석, 효율적인 인력 운영 등 맞춤형 매장 컨설팅을 제공한다. 이어 T 크루 용 에이전트는 하반기 중 시범 운영을 목표로 개발 중이다. AD 구현철 SKT 세일즈 & 마케팅 본부장은 ""T 월드 매장의 AI 도입의 궁극적인 목적은 고객의 목소리에 더욱 집중해 고객 친화적인 매장으로의 실질적인 변화를 만들어 가는 것""이라며 ""고객의 심리적 문턱은 낮추고 신뢰도를 높여 언제든 믿고 방문할 수 있는 통신 파트너로 T 월드 매장을 변화시켜 나가겠다""고 밝혔다. 서소정 기자 ssj@asiae.co.kr <ⓒ투자가를 위한 경제콘텐츠 플랫폼, 아시아경제.",1627,newspaper3k,84.0,category_reassign_blocked_max:경쟁사_해외이슈:v41_company_strategy_to_competitor,40.0,True,False,https://news.google.com/rss/articles/CBMiYEFVX3lxTE9XUnZweXh2QlhFdko5UV9yWmJBaFMwd0FzRjVjaExvWWVpeWVFTDZNSWs5eU5kdEU2a1ZqUFpwOHlvbVVKV2VOekY3WUl3YlhMdXVKdWhNMHY5el9vVnF5RA?oc=5,https://www.asiae.co.kr/article/2026070809110081057,208.0,"ai_agent,ai_infrastructure_security,aidc_datacenter,market_power_platform,platform_obligation,search_ads,self_pr_promo",aidc_general,2026-07-08,json_ld:datePublished,original_date_recent,7,160.6,,7.0,global_incident:platform_regulation:skt:platform_content_moderation_obligation:announcement,global_incident:platform_regulation:skt:platform_content_moderation_obligation,48.0,government:platform_obligation,Y,,issue_representative_attempt,I048,국가 AI 인프라/AIDC/GPU 정책,SKT,경쟁사/해외이슈,경쟁사_해외이슈,정부_국회,정부_국회,정부/국회,ok,http_200,body_valid,comp_domestic_ai_platform,COMPETITOR_AI_STRATEGY,565.0,,OFF_TOPIC,COMP_DOMESTIC_AI_PLATFORM,domestic,정부_국회,COMPETITOR_AI_STRATEGY,comp_domestic_ai_platform,KT 금융 AX/AI 인프라 전략,KT 금융 AX/AI 인프라 전략,카카오가 경쟁사 전략·리스크·AI/플랫폼 대응을 비교 참고할 이슈,4.0,4.0,5.0,로컬 보조 라벨 / v26.2: overseas structural industry candidate,v43_hard_min:산업동향: daily-safe portfolio rescue,issue_selected,Y,16.0,본문추출성공,reassign_blocked:v41_company_strategy_to_competitor,
경쟁사_해외이슈,경쟁사/해외이슈,네이버,"네이버클라우드-미스트랄AI, 제조 AI 사업 맞손…전방위 파트너십 체결",헤럴드경제,헤럴드경제,"Tue, 07 Jul 2026 23:53:03 GMT","Tue, 07 Jul 2026 23:53:03 GMT","네이버클라우드-미스트랄AI, 제조 AI 사업 맞손…전방위 파트너십 체결 헤럴드경제","사회 백종원 “대패삼겹 내가 개발” 대반전…법원 “80년대 이미 유행” [헤럴드경제=김성훈 기자] 백종원 더본코리아 대표가 ‘대패삼겹살’을 최초로 개발했다고 주장해왔지만 법원은 사실이 아니라고 판단했다. 4일 채널A 등에 따르면, 수원지방법원 안양지원은 더본코리아 가맹점주 A 씨가 유튜버 김재환 PD를 상대로 낸 손해배상 소송에서 지난달 25일 원고 패소 판결했다. 김 PD는 ‘백 대표는 대패삼겹살 원조가 아니다’라고 주장해온 인물이다. 백 대표는 자신이 1993년 대패삼겹살을 최초로 개발했다고 여러 경로를 통해 주장해왔다. 더본코리아 홈페이지에도 그 같은 내용이 있다. 육절기를 구매하려다 햄 슬라이서를 사는 바람에 냉동 삼겹살을 썰다가 고기가 대패에 민 것처럼 돌돌 말려 나왔고, 그 모양에 착안해 대패삼겹살이라는 메뉴를 자신이 처음으로 세상에 내놨다는 주장이다. 백 대표는 1998년 ‘대패삼겹살’ 상표등록을 하기도 했다. 그러나 김 PD는 대패삼겹살이 1993년 이전부터 부산, 광주 등에서 자연스럽게 생겨나 팔리고 있었다며 백 대표의 주장이 거짓이라고 2 사회 ‘파리 한식당 개업’ 김어준 “사업 건들면 가만히 안 있겠다” 3 연예 변진섭이 친 골프공, 황영조 맞아 뇌진탕 의식 잃어…아찔한 사고 경험담 4 스포츠 이임생 캄보디아行에 김영광이 SNS에 붙인 말 5 연예 ‘심혜진 친조카’ 심재원, 혼혈 고백…“아들처럼 키웠다” 6 연예 딘딘 ‘손흥민 저격’ 논란 심경, “소신병 걸려…4년간 사과하고 다녔다” 7 사회 “요즘 65세가 노인인가” “지하철 얼마나 탄다고” 무임승차 상향 찬반 팽팽 8 연예 “행사비 5000인데, 내 손엔 200만원”…데뷔 10년 차 아이돌이 밝힌 정산 구조 9 연예 ‘전과 6범’ 임성근, 초대형 식당 ‘대박’…오픈 첫날 ‘1시간 만에 마감’ 사회 백종원 “대패삼겹 내가 개발” 대반전…법원 “80년대 이미 유행” [헤럴드경제=김성훈 기자] 백종원 더본코리아 대표가 ‘대패삼겹살’을 최초로 개발했다고 주장해왔지만 법원은 사실이 아니라고 판단했다. 4일 채널A 등에 따르면, 수원지방법원 안양지원은 더본코리아 가맹점주 A 씨가 유튜버 김재환 PD를 상대로 낸 손해배상 소송에서 지난달 25일 원고 패소 판결했다. 김 PD는 ‘백 대표는 대패삼겹살 원조가 아니다’라고 주장해온 인물이다. 백 대표는 자신이 1993년 대패삼겹살을 최초로 개발했다고 여러 경로를 통해 주장해왔다. 더본코리아 홈페이지에도 그 같은 내용이 있다. 육절기를 구매하려다 햄 슬라이서를 사는 바람에 냉동 삼겹살을 썰다가 고기가 대패에 민 것처럼 돌돌 말려 나왔고, 그 모양에 착안해 대패삼겹살이라는 메뉴를 자신이 처음으로 세상에 내놨다는 주장이다. 백 대표는 1998년 ‘대패삼겹살’ 상표등록을 하기도 했다. 그러나 김 PD는 대패삼겹살이 1993년 이전부터 부산, 광주 등에서 자연스럽게 생겨나 팔리고 있었다며 백 대표의 주장이 거짓이라고 백종원 “대패삼겹 내가 개발” 대반전…법원 “80년대 이미 유행” [헤럴드경제=김성훈 기자] 백종원 더본코리아 대표가 ‘대패삼겹살’을 최초로 개발했다고 주장해왔지만 법원은 사실이 아니라고 판단했다. 4일 채널A 등에 따르면, 수원지방법원 안양지원은 더본코리아 가맹점주 A 씨가 유튜버 김재환 PD를 상대로 낸 손해배상 소송에서 지난달 25일 원고 패소 판결했다. 김 PD는 ‘백 대표는 대패삼겹살 원조가 아니다’라고 주장해온 인물이다. 백 대표는 자신이 1993년 대패삼겹살을 최초로 개발했다고 여러 경로를 통해 주장해왔다. 더본코리아 홈페이지에도 그 같은 내용이 있다. 육절기를 구매하려다 햄 슬라이서를 사는 바람에 냉동 삼겹살을 썰다가 고기가 대패에 민 것처럼 돌돌 말려 나왔고, 그 모양에 착안해 대패삼겹살이라는 메뉴를 자신이 처음으로 세상에 내놨다는 주장이다. 백 대표는 1998년 ‘대패삼겹살’ 상표등록을 하기도 했다. 그러나 김 PD는 대패삼겹살이 1993년 이전부터 부산, 광주 등에서 자연스럽게 생겨나 팔리고 있었다며 백 대표의 주장이 거짓이라고 2 사회 ‘파리 한식당 개업’ 김어준 “사업 건들면 가만히 안 있겠다” 3 연예 변진섭이 친 골프공, 황영조 맞아 뇌진탕 의식 잃어…아찔한 사고 경험담 4 스포츠 이임생 캄보디아行에 김영광이 SNS에 붙인 말 5 연예 ‘심혜진 친조카’ 심재원, 혼혈 고백…“아들처럼 키웠다” 2 사회 ‘파리 한식당 개업’ 김어준 “사업 건들면 가만히 안 있겠다” ‘파리 한식당 개업’ 김어준 “사업 건들면 가만히 안 있겠다” 3 연예 변진섭이 친 골프공, 황영조 맞아 뇌진탕 의식 잃어…아찔한 사고 경험담 변진섭이 친 골프공, 황영조 맞아 뇌진탕 의식 잃어…아찔한 사고 경험담 4 스포츠 이임생 캄보디아行에 김영광이 SNS에 붙인 말 이임생 캄보디아行에 김영광이 SNS에 붙인 말 5 연예 ‘심혜진 친조카’ 심재원, 혼혈 고백…“아들처럼 키웠다” ‘심혜진 친조카’ 심재원, 혼혈 고백…“아들처럼 키웠다” 6 연예 딘딘 ‘손흥민 저격’ 논란 심경, “소신병 걸려…4년간 사과하고 다녔다” 7 사회 “요즘 65세가 노인인가” “지하철 얼마나 탄다고” 무임승차 상향 찬반 팽팽 8 연예 “행사비 5000인데, 내 손엔 200만원”…데뷔 10년 차 아이돌이 밝힌 정산 구조 9 연예 ‘전과 6범’ 임성근, 초대형 식당 ‘대박’…오픈 첫날 ‘1시간 만에 마감’ 6 연예 딘딘 ‘손흥민 저격’ 논란 심경, “소신병 걸려…4년간 사과하고 다녔다” 딘딘 ‘손흥민 저격’ 논란 심경, “소신병 걸려…4년간 사과하고 다녔다” 7 사회 “요즘 65세가 노인인가” “지하철 얼마나 탄다고” 무임승차 상향 찬반 팽팽 “요즘 65세가 노인인가” “지하철 얼마나 탄다고” 무임승차 상향 찬반 팽팽 8 연예 “행사비 5000인데, 내 손엔 200만원”…데뷔 10년 차 아이돌이 밝힌 정산 구조 “행사비 5000인데, 내 손엔 200만원”…데뷔 10년 차 아이돌이 밝힌 정산 구조 9 연예 ‘전과 6범’ 임성근, 초대형 식당 ‘대박’…오픈 첫날 ‘1시간 만에 마감’ ‘전과 6범’ 임성근, 초대형 식당 ‘대박’…오픈 첫날 ‘1시간 만에 마감’ 부동산 김흥국이 16억에 낙찰받은 그집, 50억이 됐다…하정우·민호도 반한 잠원 빌라 [초고가 주택 그들이 사는 세상] 서울 서초구 잠원동은 ‘메이플자이’, ‘오티에르신반포’, ‘아크로리버뷰’ 등 한강변을 중심으로 고가 단지들이 촘촘히 들어서있는 아파트 중심의 부촌으로 ‘띠에라하우스’는 철저한 프라이빗 주거 형태와 영구적 한강 조망권을 무기로 오랜 기간 자산가들의 선택을 받았다. 2 사회 백종원 “대패삼겹 내가 개발” 대반전…법원 “80년대 이미 유행” 3 사회 헬리오시티 9000원 가성비 뷔페 운영 중단, 이유는? 4 IT·과학 “억지 코믹 대사” “너무 올드한 개그” 쏟아지는 혹평에도 1위 알고보니…넷플릭스 알고리즘 힘 5 부동산 [영상] “강남서 약 1시간, 무려 220평” 양평 2층집이 3억대로 경매행 [부동산360] 6 스포츠 “그걸 왜 네가 얘기해”…“홍명보·손흥민 라커룸 갈등” 진종오 제보 공개 7 사회 ‘파리 한식당 개업’ 김어준 “사업 건들면 가만히 안 있겠다” 8 IT·과학 이틀 연속 30% 상한가…“삼전닉스 버리고, 샀는데” LG 다시 살아나나 9 생활·문화 오윤아, 이혼 11년 만에 ‘재혼’ 발표…“예비신랑은 일반인, 결혼 확신한 이유는” 부동산 김흥국이 16억에 낙찰받은 그집, 50억이 됐다…하정우·민호도 반한 잠원 빌라 [초고가 주택 그들이 사는 세상] 서울 서초구 잠원동은 ‘메이플자이’, ‘오티에르신반포’, ‘아크로리버뷰’ 등 한강변을 중심으로 고가 단지들이 촘촘히 들어서있는 아파트 중심의 부촌으로 ‘띠에라하우스’는 철저한 프라이빗 주거 형태와 영구적 한강 조망권을 무기로 오랜 기간 자산가들의 선택을 받았다. 김흥국이 16억에 낙찰받은 그집, 50억이 됐다…하정우·민호도 반한 잠원 빌라 [초고가 주택 그들이 사는 세상] 서울 서초구 잠원동은 ‘메이플자이’, ‘오티에르신반포’, ‘아크로리버뷰’ 등 한강변을 중심으로 고가 단지들이 촘촘히 들어서있는 아파트 중심의 부촌으로 ‘띠에라하우스’는 철저한 프라이빗 주거 형태와 영구적 한강 조망권을 무기로 오랜 기간 자산가들의 선택을 받았다. 2 사회 백종원 “대패삼겹 내가 개발” 대반전…법원 “80년대 이미 유행” 3 사회 헬리오시티 9000원 가성비 뷔페 운영 중단, 이유는? 4 IT·과학 “억지 코믹 대사” “너무 올드한 개그” 쏟아지는 혹평에도 1위 알고보니…넷플릭스 알고리즘 힘 5 부동산 [영상] “강남서 약 1시간, 무려 220평” 양평 2층집이 3억대로 경매행 [부동산360] 2 사회 백종원 “대패삼겹 내가 개발” 대반전…법원 “80년대 이미 유행” 3 사회 헬리오시티 9000원 가성비 뷔페 운영 중단, 이유는? 헬리오시티 9000원 가성비 뷔페 운영 중단, 이유는? 4 IT·과학 “억지 코믹 대사” “너무 올드한 개그” 쏟아지는 혹평에도 1위 알고보니…넷플릭스 알고리즘 힘 “억지 코믹 대사” “너무 올드한 개그” 쏟아지는 혹평에도 1위 알고보니…넷플릭스 알고리즘 힘 5 부동산 [영상] “강남서 약 1시간, 무려 220평” 양평 2층집이 3억대로 경매행 [부동산360] [영상] “강남서 약 1시간, 무려 220평” 양평 2층집이 3억대로 경매행 [부동산360] 6 스포츠 “그걸 왜 네가 얘기해”…“홍명보·손흥민 라커룸 갈등” 진종오 제보 공개 7 사회 ‘파리 한식당 개업’ 김어준 “사업 건들면 가만히 안 있겠다” 8 IT·과학 이틀 연속 30% 상한가…“삼전닉스 버리고, 샀는데” LG 다시 살아나나 9 생활·문화 오윤아, 이혼 11년 만에 ‘재혼’ 발표…“예비신랑은 일반인, 결혼 확신한 이유는” 6 스포츠 “그걸 왜 네가 얘기해”…“홍명보·손흥민 라커룸 갈등” 진종오 제보 공개 “그걸 왜 네가 얘기해”…“홍명보·손흥민 라커룸 갈등” 진종오 제보 공개 7 사회 ‘파리 한식당 개업’ 김어준 “사업 건들면 가만히 안 있겠다” 8 IT·과학 이틀 연속 30% 상한가…“삼전닉스 버리고, 샀는데” LG 다시 살아나나 이틀 연속 30% 상한가…“삼전닉스 버리고, 샀는데” LG 다시 살아나나 9 생활·문화 오윤아, 이혼 11년 만에 ‘재혼’ 발표…“예비신랑은 일반인, 결혼 확신한 이유는” 오윤아, 이혼 11년 만에 ‘재혼’ 발표…“예비신랑은 일반인, 결혼 확신한 이유는” 부동산 김흥국이 16억에 낙찰받은 그집, 50억이 됐다…하정우·민호도 반한 잠원 빌라 [초고가 주택 그들이 사는 세상] 서울 서초구 잠원동은 ‘메이플자이’, ‘오티에르신반포’, ‘아크로리버뷰’ 등 한강변을 중심으로 고가 단지들이 촘촘히 들어서있는 아파트 중심의 부촌으로 ‘띠에라하우스’는 철저한 프라이빗 주거 형태와 영구적 한강 조망권을 무기로 오랜 기간 자산가들의 선택을 받았다. 2 사회 백종원 “대패삼겹 내가 개발” 대반전…법원 “80년대 이미 유행” 3 연예 백종원·소유진 ‘위암 사별’ 남편에 보낸 선물…“수시로 보내겠다. 식사 잘 챙겨 드시라” 4 부동산 [영상] 용인 기흥 194평 럭셔리 저택, ‘13억→4억’ 됐다 [부동산360] 5 연예 ‘800평 대저택’ 노주현…세컨드하우스는 月400만원 초호화 서울 실버타운 6 연예 딘딘 ‘손흥민 저격’ 논란 심경, “소신병 걸려…4년간 사과하고 다녔다” 7 사회 “요즘 65세가 노인인가” “지하철 얼마나 탄다고” 무임승차 상향 찬반 팽팽 8 연예 “행사비 5000인데, 내 손엔 200만원”…데뷔 10년 차 아이돌이 밝힌 정산 구조 9 연예 ‘전과 6범’ 임성근, 초대형 식당 ‘대박’…오픈 첫날 ‘1시간 만에 마감’ 2 사회 백종원 “대패삼겹 내가 개발” 대반전…법원 “80년대 이미 유행” 3 연예 백종원·소유진 ‘위암 사별’ 남편에 보낸 선물…“수시로 보내겠다. 식사 잘 챙겨 드시라” 4 부동산 [영상] 용인 기흥 194평 럭셔리 저택, ‘13억→4억’ 됐다 [부동산360] 5 연예 ‘800평 대저택’ 노주현…세컨드하우스는 月400만원 초호화 서울 실버타운 3 연예 백종원·소유진 ‘위암 사별’ 남편에 보낸 선물…“수시로 보내겠다. 식사 잘 챙겨 드시라” 백종원·소유진 ‘위암 사별’ 남편에 보낸 선물…“수시로 보내겠다. 식사 잘 챙겨 드시라” 4 부동산 [영상] 용인 기흥 194평 럭셔리 저택, ‘13억→4억’ 됐다 [부동산360] [영상] 용인 기흥 194평 럭셔리 저택, ‘13억→4억’ 됐다 [부동산360] 5 연예 ‘800평 대저택’ 노주현…세컨드하우스는 月400만원 초호화 서울 실버타운 ‘800평 대저택’ 노주현…세컨드하우스는 月400만원 초호화 서울 실버타운",6130,bs4_selector,13.0,individual_case_not_policy,-34.5,False,False,https://news.google.com/rss/articles/CBMiVkFVX3lxTFBFOHV1d3hWaEVLZVBibTRsLVFQVmZUWGZNVFY1YjhwMlczWUxNc2pmblBnOVZOem5rV0RaYlpsSnFOLWFZZmhjeG9HSzRMQmhVUUtlLWpn?oc=5,https://biz.heraldcorp.com/article/10801605,204.5,"ai_infrastructure_security,legal_regulatory_enforcement,market_power_platform",ai_infrastructure_security,2026-07-08,json_ld:datePublished,original_date_recent,3,46.55,,-11.0,global_incident:leadership_service:naver:leadership_service:litigation,global_incident:leadership_service:naver:leadership_service,0.0,,,,issue_representative_attempt,I013,comp_domestic_ai_platform:네이버클라우드 미스트랄ai 제조 ai 사업 맞손 전방위 파트너십 체결,네이버,경쟁사/해외이슈,경쟁사_해외이슈,경쟁사_해외이슈,경쟁사_해외이슈,경쟁사/해외이슈,,,,,,,,,,,,,,,,,,,,,,,,,,,
경쟁사_해외이슈,경쟁사/해외이슈,네이버,"네이버클라우드·미스트랄AI, 제조 AI 손잡았다… 아시아·유럽 소버린 연합",플래텀(Platum),플래텀(Platum),"Wed, 08 Jul 2026 01:28:36 GMT","Wed, 08 Jul 2026 01:28:36 GMT","네이버클라우드·미스트랄AI, 제조 AI 손잡았다… 아시아·유럽 소버린 연합 플래텀(Platum)","미국 빅테크가 주도하는 AI 시장에 아시아와 유럽의 대표 기업이 맞손을 잡았다. 첫 전략 시장은 제조다. 네이버클라우드와 프랑스 AI 기업 미스트랄AI는 제조 AI 시장을 함께 공략하는 전방위 파트너십을 맺었다. 미국 중심의 범용 AI 대신 유럽·아시아 제조 현장의 데이터 주권과 산업 특성에 맞춘 소버린 AI 솔루션으로 글로벌 제조 기업을 겨냥한다는 구상이다. 두 회사는 엔비디아가 주요 기업들과 구성한 ‘네모트론 연합’의 회원사로 이미 같은 기술 생태계를 공유하고 있다. 이를 토대로 시너지가 클 것으로 보는 제조 산업을 중심으로 공동 사업을 펼친다. 미스트랄AI는 에어버스, BMW, ASML 등 유럽 주요 제조 기업과 협업하며 제조 특화 AI 역량을 쌓아온 기업으로, 네이버클라우드의 인프라와 결합해 제조 현장에 바로 적용할 수 있는 솔루션을 함께 선보인다는 방침이다. 국내 사업도 함께 시작한다. 네이버 클라우드 플랫폼을 통해 미스트랄AI의 최신 모델과 플랫폼 등 풀스택 상품이 공급되고, 국내 고객사 현장에는 미스트랄AI의 현장 전담 엔지니어(FDE)가 직접 파견돼 기술 지원과 이슈 해결을 맡는다. 미스트랄AI가 유럽 제조 현장에서 축적한 실시간 품질 이상 감지, 부품 선택 최적화 같은 활용 사례를 한국 제조 환경에 접목하는 것을 첫 과제로 삼는다. 국내 제조 기업이 데이터를 외부에 노출하지 않는 환경에서 제조 AI 기술을 쓸 수 있게 한다는 계획이다. 111111 양사는 계약 직후 네이버 제2사옥 1784에서 공동 워크숍을 열고 제조 분야 상용화 서비스 출시 계획과 실행 로드맵 수립에 착수했다. 김유원 네이버클라우드 대표는 “이번 파트너십은 글로벌 시장에서 검증된 미스트랄AI의 제조 특화 기술력과 네이버클라우드의 안정적인 인프라를 결합하는 실질적인 비즈니스 협력”이라며 “국내에서 성공적인 레퍼런스를 구축하고, 이를 바탕으로 글로벌 소버린 AI 시장에서 공동 비즈니스 기회를 지속적으로 발굴해 나갈 것”이라고 말했다. 제프 순 미스트랄AI APAC 대표는 “네이버클라우드는 제조 AI 비즈니스를 함께 실현할 수 있는 최적의 파트너”라며 “미스트랄AI가 유럽 제조 현장에서 쌓아온 노하우와 네이버클라우드의 탄탄한 인프라를 결합해 한국을 포함한 글로벌 제조 기업들의 AI 전환을 실질적으로 지원하겠다”고 말했다. 네이버클라우드 미스트랄AI 소버린 AI 미국 빅테크가 주도하는 AI 시장에 아시아와 유럽의 대표 기업이 맞손을 잡았다. 첫 전략 시장은 제조다. 네이버클라우드와 프랑스 AI 기업 미스트랄AI는 제조 AI 시장을 함께 공략하는 전방위 파트너십을 맺었다. 미국 중심의 범용 AI 대신 유럽·아시아 제조 현장의 데이터 주권과 산업 특성에 맞춘 소버린 AI 솔루션으로 글로벌 제조 기업을 겨냥한다는 구상이다. 두 회사는 엔비디아가 주요 기업들과 구성한 ‘네모트론 연합’의 회원사로 이미 같은 기술 생태계를 공유하고 있다. 이를 토대로 시너지가 클 것으로 보는 제조 산업을 중심으로 공동 사업을 펼친다. 미스트랄AI는 에어버스, BMW, ASML 등 유럽 주요 제조 기업과 협업하며 제조 특화 AI 역량을 쌓아온 기업으로, 네이버클라우드의 인프라와 결합해 제조 현장에 바로 적용할 수 있는 솔루션을 함께 선보인다는 방침이다. 국내 사업도 함께 시작한다. 네이버 클라우드 플랫폼을 통해 미스트랄AI의 최신 모델과 플랫폼 등 풀스택 상품이 공급되고, 국내 고객사 현장에는 미스트랄AI의 현장 전담 엔지니어(FDE)가 직접 파견돼 기술 지원과 이슈 해결을 맡는다. 미스트랄AI가 유럽 제조 현장에서 축적한 실시간 품질 이상 감지, 부품 선택 최적화 같은 활용 사례를 한국 제조 환경에 접목하는 것을 첫 과제로 삼는다. 국내 제조 기업이 데이터를 외부에 노출하지 않는 환경에서 제조 AI 기술을 쓸 수 있게 한다는 계획이다. 111111 양사는 계약 직후 네이버 제2사옥 1784에서 공동 워크숍을 열고 제조 분야 상용화 서비스 출시 계획과 실행 로드맵 수립에 착수했다. 김유원 네이버클라우드 대표는 “이번 파트너십은 글로벌 시장에서 검증된 미스트랄AI의 제조 특화 기술력과 네이버클라우드의 안정적인 인프라를 결합하는 실질적인 비즈니스 협력”이라며 “국내에서 성공적인 레퍼런스를 구축하고, 이를 바탕으로 글로벌 소버린 AI 시장에서 공동 비즈니스 기회를 지속적으로 발굴해 나갈 것”이라고 말했다. 제프 순 미스트랄AI APAC 대표는 “네이버클라우드는 제조 AI 비즈니스를 함께 실현할 수 있는 최적의 파트너”라며 “미스트랄AI가 유럽 제조 현장에서 쌓아온 노하우와 네이버클라우드의 탄탄한 인프라를 결합해 한국을 포함한 글로벌 제조 기업들의 AI 전환을 실질적으로 지원하겠다”고 말했다. 미국 빅테크가 주도하는 AI 시장에 아시아와 유럽의 대표 기업이 맞손을 잡았다. 첫 전략 시장은 제조다. 네이버클라우드와 프랑스 AI 기업 미스트랄AI는 제조 AI 시장을 함께 공략하는 전방위 파트너십을 맺었다. 미국 중심의 범용 AI 대신 유럽·아시아 제조 현장의 데이터 주권과 산업 특성에 맞춘 소버린 AI 솔루션으로 글로벌 제조 기업을 겨냥한다는 구상이다. 두 회사는 엔비디아가 주요 기업들과 구성한 ‘네모트론 연합’의 회원사로 이미 같은 기술 생태계를 공유하고 있다. 이를 토대로 시너지가 클 것으로 보는 제조 산업을 중심으로 공동 사업을 펼친다. 미스트랄AI는 에어버스, BMW, ASML 등 유럽 주요 제조 기업과 협업하며 제조 특화 AI 역량을 쌓아온 기업으로, 네이버클라우드의 인프라와 결합해 제조 현장에 바로 적용할 수 있는 솔루션을 함께 선보인다는 방침이다. 국내 사업도 함께 시작한다. 네이버 클라우드 플랫폼을 통해 미스트랄AI의 최신 모델과 플랫폼 등 풀스택 상품이 공급되고, 국내 고객사 현장에는 미스트랄AI의 현장 전담 엔지니어(FDE)가 직접 파견돼 기술 지원과 이슈 해결을 맡는다. 미스트랄AI가 유럽 제조 현장에서 축적한 실시간 품질 이상 감지, 부품 선택 최적화 같은 활용 사례를 한국 제조 환경에 접목하는 것을 첫 과제로 삼는다. 국내 제조 기업이 데이터를 외부에 노출하지 않는 환경에서 제조 AI 기술을 쓸 수 있게 한다는 계획이다. 양사는 계약 직후 네이버 제2사옥 1784에서 공동 워크숍을 열고 제조 분야 상용화 서비스 출시 계획과 실행 로드맵 수립에 착수했다. 김유원 네이버클라우드 대표는 “이번 파트너십은 글로벌 시장에서 검증된 미스트랄AI의 제조 특화 기술력과 네이버클라우드의 안정적인 인프라를 결합하는 실질적인 비즈니스 협력”이라며 “국내에서 성공적인 레퍼런스를 구축하고, 이를 바탕으로 글로벌 소버린 AI 시장에서 공동 비즈니스 기회를 지속적으로 발굴해 나갈 것”이라고 말했다. 제프 순 미스트랄AI APAC 대표는 “네이버클라우드는 제조 AI 비즈니스를 함께 실현할 수 있는 최적의 파트너”라며 “미스트랄AI가 유럽 제조 현장에서 쌓아온 노하우와 네이버클라우드의 탄탄한 인프라를 결합해 한국을 포함한 글로벌 제조 기업들의 AI 전환을 실질적으로 지원하겠다”고 말했다. 손요한 기자 / 제 눈에 스타트업 관계자들은 연예인입니다. 그들의 오늘을 기록합니다. 가끔 해외 취재도 가고 서비스 리뷰도 합니다. 기자 / 제 눈에 스타트업 관계자들은 연예인입니다. 그들의 오늘을 기록합니다. 가끔 해외 취재도 가고 서비스 리뷰도 합니다.",3572,bs4_selector,-10.0,date_failed:original_date_too_old>52h:2026-06-11,95.5,False,False,https://news.google.com/rss/articles/CBMiSEFVX3lxTFBCWl9JTmRHdWxXSUpkV3FlcDFJS3BCeWZFdjZzOUFSSmJEdmZ0VzNlUUNnbHl1TEZSekJ2NzhDOGlGY0tEdHFiZA?oc=5,https://platum.kr/archives/290583,201.5,"ai_infrastructure_security,kim_beomsoo_trial,market_power_platform,platform_obligation,policy_legislation",ai_infrastructure_security,2026-06-11,time_tag,original_date_too_old>52h,22,48.85,privacy_security:naver:data_leak:initial_investigation_response,7.0,global_incident:platform_regulation:naver:platform_data_protection_obligation:announcement,global_incident:platform_regulation:naver:platform_data_protection_obligation,24.0,competitor:platform_obligation,Y,,issue_representative_attempt,I017,comp_domestic_ai_platform:네이버클라우드 미스트랄ai 제조 ai 손잡았다 아시아 유럽 소버린 연합,네이버,경쟁사/해외이슈,경쟁사_해외이슈,경쟁사_해외이슈,경쟁사_해외이슈,경쟁사/해외이슈,,,,,,,,,,,,,,,,,,,,,,,,,,,
정부_국회,정부/국회,일본 빅테크,"에너지·첨단 인프라 수요 폭증…""데이터센터·원전 패키지로 승부""",네이트,네이트,"Tue, 07 Jul 2026 09:30:00 GMT","Tue, 07 Jul 2026 09:30:00 GMT","에너지·첨단 인프라 수요 폭증…""데이터센터·원전 패키지로 승부"" 네이트","■ 현대건설 日 상륙 현대건설이 일본 건설시장에 진출한 것은 인공지능(AI) 특수로 데이터센터와 같은 인프라 수요가 폭증하고 있지만 일본 대형 건설사들의 시공 여력이 한계에 봉착해 외국 건설사에도 참여 기회가 확대되고 있어서다. 현대건설은 이 틈을 공략해 데이터센터뿐 아니라 원전과 소형모듈원자로(SMR)까지 패키지로 수주하겠다는 복안이다. 7일 건설업계에 따르면 현대건설은 해외 먹거리를 본격적으로 발굴하기 위해 올 3월 건축주택사업본부 내 글로벌데이터센터팀을 신설했다. 신사업의 경우 보통 태스크포스(TF) 차원에서 접근하지만 정식 팀으로 격상한 데는 현대건설의 미래 먹거리 발굴 의지가 담겼다는 평가다. 앞서 지난해 3월 현대건설이 처음 개최한 인베스터데이에서도 이한우 대표가 데이터센터와 대형 원전, SMR을 하나로 묶은 에너지 패키지 전략을 제시했다. 데이터센터 가동을 위해 전력 인프라가 필수적인 만큼 데이터센터 시공을 넘어 전력 공급과 에너지 인프라까지 함께 수출하겠다는 구상이다. 현지 관계자들에 따르면 일본은 이러한 패키지 전략의 시험대가 될 수 있는 시장으로 꼽힌다. AI 투자 확대로 인해 일본 기업뿐 아니라 글로벌 빅테크가 일본 전역에서 대규모 AI 데이터센터(AIDC) 구축 계획을 잇따라 밝히면서 인프라 수요가 급격히 늘어나고 있다. 오사카부 사카이시 샤프 공장 부지에서는 KDDI의 최신 데이터센터가 올해 1월 가동을 시작했다. 엔비디아의 최신 반도체를 탑재한 이 시설은 48메가와트(㎿)급 전력 수용 능력을 갖췄다. 소프트뱅크도 사카이시에 150㎿ 규모 데이터센터를 연내 완공 목표로 짓고 있으며 홋카이도에서도 대형 프로젝트를 추진 중이다. 도야마현과 가고시마현 등 지방자치단체들도 지역 기업과 손잡고 350~400㎿급 초대형 데이터센터 건설을 검토하고 있다. 일본 총무성은 일본의 AI 관련 시장이 2029년 약 4조2000억 엔 규모로 지난해의 3배 수준으로 커질 것으로 보고 있다. 다만 공급 병목 현상이 뚜렷하다. 일본 대형 건설사(제네콘)들은 TSMC가 추진하는 구마모토 공장과 반도체·첨단산업 프로젝트에 인력과 장비가 집중돼 있다. 데이터센터 시공 목표는 수십 ㎿급에서 수백 ㎿급으로 대형화하고 있지만 이를 제때 지을 수 있는 시공 여력은 부족하다는 평가가 나온다. 한 일본 현지 관계자는 “AIDC 수요는 급증하고 있지만 이를 소화할 수 있는 중견 이상의 건설사가 부족한 상황”이라며 “이전과 달리 국내 건설사들이 적극적으로 일본 시장을 공략하는 것도 기회가 있다는 판단이 작용한 것”이라고 짚었다. 현대건설은 이미 데이터센터와 원전 분야에 있어서 착실히 시공 레퍼런스를 쌓아왔다. 내년 10월 상업운전을 목표로 추진 중인 포항 AIDC 사업에서 우선협상대상자로 선정된 것은 물론 서울 구로구 항동 데이터센터, 안산 성공동·시화 데이터센터 등 주요 프로젝트를 진행하고 있다. AIDC가 대용량 전력 공급, 냉각, 내진 설계 등 고난도 기술력을 요구하는 만큼 이 같은 경험이 일본 시장 진출의 무기가 될 것이라는 분석이다. 첨단 인프라 시공능력을 보유한 일본 대형 건설사와 비교해도 현대건설의 체급이 밀리지 않는다는 분석도 나온다. 일본 대형 건설사인 카지마건설과 오바야시구미의 지난해 매출은 각각 2조9000억 엔(약 27조 원), 2조6000억 엔(약 24조 원) 수준으로 현대건설의 지난해 매출(약 31조 원)보다 적다. 여기에 원전·플랜트·데이터센터 시공 경험을 함께 보유한 점은 AI 인프라 시장에서 차별화된 경쟁력으로 꼽힌다. 다른 국내 건설사들도 일본 접점을 넓히고 있다. 삼성물산 건설부문은 일본 도쿄 법인에서 2023년 일본 건설면허를 취득한 뒤 일본 현지 기업과의 협력 사업을 확대하고 있다. 최근에는 일본 인프로니아홀딩스와 글로벌 민관합작투자사업(PPP)·컨세션 사업 협력을 위한 업무협약을 체결하며 개발·투자·운영 중심의 협력 모델을 강화하고 있다. 대우건설은 1990년대 일본 시장을 처음 개척해 후쿠오카 캐널 시티 등 대형 프로젝트를 수행했지만 현재는 별도 일본 지사를 운영하지 않는다. 대신 일본 JGC와 사우디아라비아 자잔 리파이너리 프로젝트를 함께 수행하는 등 제3국 공동 수주 방식으로 협력을 이어가고 있다. 업계 관계자는 “AIDC는 앞으로 원전, 송배전망, 에너지저장장치(ESS) 등 에너지 인프라와 함께 움직이는 시장이 될 가능성이 크다”며 “첨단 시공능력을 앞세워 인프라 공급 병목을 뚫는다면 충분히 기회가 있다”고 말했다. 정혜진 기자 madein@sedaily.com [서울경제",2217,trafilatura,88.0,category_reassign_blocked_max:경쟁사_해외이슈:v26_2_foreign_policy_to_competitor_overseas,-10.0,True,True,https://news.google.com/rss/articles/CBMiU0FVX3lxTE4yUV9zbWp6MXNnS21uN3h3cEtsdGpsdjFfalRSUnl0WndHRUJGdTNWNjRtOGlGWEYwZVZ5WnFTOTNvZm1DV2pIWXJZNXh2cFdVc0JV?oc=5,https://news.nate.com/view/20260707n32849,37.5,"ai_infrastructure_security,aidc_datacenter,earnings,financial_performance,kim_beomsoo_trial,platform_obligation,policy_legislation,strategy_mna_governance",aidc_law_power,2026-07-07,url_date,original_date_recent,2,120.2,,23.0,global_incident:platform_regulation:platform_sector:platform_data_protection_obligation:announcement,global_incident:platform_regulation:platform_sector:platform_data_protection_obligation,24.0,government:platform_obligation,Y,,issue_representative_attempt,I064,government_ai_core_policy:에너지 첨단 인프라 수요 폭증 데이터센터 원전 패키지로 승부,일본 빅테크,경쟁사/해외이슈,경쟁사_해외이슈,정부_국회,정부_국회,정부/국회,ok,http_200,body_valid,government_ai_core_policy,GOV_AI_DIGITAL_POLICY,450.25,,OFF_TOPIC,COMP_GENERAL_LOW_RELEVANCE,other,정부_국회,GOV_AI_DIGITAL_POLICY,government_ai_core_policy,government_ai_core_policy:에너지 첨단 인프라 수요 폭증 데이터센터 원전 패키지로 승부,government_ai_core_policy:에너지 첨단 인프라 수요 폭증 데이터센터 원전 패키지로 승부,카카오 AI agent/AI 서비스 전략과 연결되는 핵심 정책환경,4.0,4.0,5.0,v26.2: no central Korean public actor/action for Government section: no_public_actor_action_domain / v26.2: overseas structural industry candidate,v43_hard_min:산업동향: daily-safe portfolio rescue,issue_selected,N:foreign_policy,22.0,본문추출성공,reassign_blocked:v26_2_foreign_policy_to_competitor_overseas,
정부_국회,정부/국회,정무위원회,디지털자산기본법 논의 재가동 기대…정무위에 입법 인사 포진,이투데이,이투데이,"Tue, 07 Jul 2026 01:41:00 GMT","Tue, 07 Jul 2026 01:41:00 GMT",디지털자산기본법 논의 재가동 기대…정무위에 입법 인사 포진 이투데이,"입력 2026-07-07 10:41 박정호 기자 기자 이름을 클릭하면 더 자세한 정보를 확인할 수 있어요! 북마크 되었습니다. 마이페이지에서 확인하세요. 기사 듣기 00:00 / 입력 2026-07-07 10:41 박정호 기자 기자 이름을 클릭하면 더 자세한 정보를 확인할 수 있어요! 박정호 기자 기자 이름을 클릭하면 더 자세한 정보를 확인할 수 있어요! 기자 이름을 클릭하면 더 자세한 정보를 확인할 수 있어요! 북마크 되었습니다. 마이페이지에서 확인하세요. 민주당 정무위원 13명 중 8명, 디지털자산 법안 발의 참여 박상혁 여당 간사 선임…주요 대표발의자 정무위 포진 거래소 지분 제한·스테이블코인 요건 등 쟁점 조율 관건 ▲6일 국회에서 열린 정무위원회 제1차 전체회의가 국민의힘 소속 위원들이 불참한 가운데 진행되고 있다. (연합뉴스) 제22대 국회 후반기 정무위원회가 새로 꾸려지면서 디지털자산기본법 논의가 다시 속도를 낼 지 주목된다. 정무위에 배정된 더불어민주당 의원 상당수가 디지털자산 관련 법안 발의에 참여한 데다 주요 법안 대표 발의자들도 정무위에 포진하면서 제도화 논의의 기반이 넓어졌다는 평가가 나온다. 다만 거래소 대주주 지분 제한과 스테이블코인 발행 요건 등 핵심 쟁점이 남아 법안 병합 심사와 단일안 조율이 입법 속도를 가를 전망이다. 7일 정치권과 가상자산 업계에 따르면 제22대 국회 후반기 정무위에 배정된 더불어민주당 의원 13명 가운데 8명이 디지털자산 관련 법안 발의에 참여한 것으로 나타났다. 강준현·김현정·민병덕·박민규·박상혁·유동수·이강일·한민수 의원이 관련 법안 대표발의자 또는 공동발의자 명단에 이름을 올렸다. 국민의힘 정무위원 중에서는 김재섭·김상훈 의원이 디지털자산 법안 발의 명단에 포함됐다. 김재섭 의원은 디지털자산시장통합법안을 대표 발의했고 김상훈 의원은 관련 법안 공동 발의자로 참여했다. 여야 모두에서 디지털자산 제도화 법안에 관여한 의원들이 정무위에 배치된 셈이다. 특히 민주당 정무위원에 디지털자산 제도화 법안 발의 참여자가 다수 포진한 상황에서 박상혁 의원이 여당 간사를 맡으면서 관련 입법 논의에 힘이 실릴 수 있다는 전망도 나온다. 박 의원은 '디지털자산의 시장 및 산업에 관한 법률안'을 대표 발의했다. 민병덕·김현정·이강일 의원도 각각 '디지털자산기본법안', '가치안정형 디지털자산 발행업 등에 관한 법률안', '디지털자산시장의 혁신과 성장에 관한 법률안'을 대표 발의했다. 정무위 첫 전체회의에서도 디지털자산 입법 필요성이 거론됐다. 이강일 의원은 6일 열린 전체회의에서 “디지털 자산 입법과 관련되는 부분이 상당히 오랫동안 논의가 됐는데 지난 정무위에서 통과시키지 못했다”며 “시장이 기대에서 실망으로 완전히 변한 상황”이라고 지적했다. 이어 “동력을 다시 끌어올려야 한다”고 강조했다. 유동수 정무위원장도 디지털자산기본법을 정무위 주요 현안으로 꼽았다. 유 위원장은 디지털자산기본법 관련 문제와 자본시장 변동성 등을 언급하며 “정무위가 현재 현안으로 가장 깊이 다뤄야 할 문제라고 인식하고 있다”고 밝혔다. 다만 실제 입법까지는 적지 않은 문턱을 넘어야 한다. 현재 국회에는 디지털자산기본법안뿐 아니라 스테이블코인 성격의 가치고정형·가치안정형 디지털자산 법안, 디지털자산시장통합법안 등이 함께 올라온 상태다. 법안별 규율 대상과 감독 체계, 산업 육성 방향이 달라 정무위 법안심사 과정에서 병합 심사와 단일안 조율이 핵심 과제로 꼽힌다. 쟁점도 여전하다. 심수빈 키움증권 연구원은 “가상자산 거래소 대주주 지분 제한, 스테이블코인 발행사의 지분 요건 등 핵심 규율 방안을 둘러싼 이견이 지속 중”이라며 “단일안 합의, 국회 통과 등의 과정을 거쳐야 하는 만큼 실질적인 법안 시행 시점이 2028년으로 지연될 가능성도 언급된다”고 말했다. 민주당 정무위원 13명 중 8명, 디지털자산 법안 발의 참여 박상혁 여당 간사 선임…주요 대표발의자 정무위 포진 거래소 지분 제한·스테이블코인 요건 등 쟁점 조율 관건 ▲6일 국회에서 열린 정무위원회 제1차 전체회의가 국민의힘 소속 위원들이 불참한 가운데 진행되고 있다. (연합뉴스) 제22대 국회 후반기 정무위원회가 새로 꾸려지면서 디지털자산기본법 논의가 다시 속도를 낼 지 주목된다. 정무위에 배정된 더불어민주당 의원 상당수가 디지털자산 관련 법안 발의에 참여한 데다 주요 법안 대표 발의자들도 정무위에 포진하면서 제도화 논의의 기반이 넓어졌다는 평가가 나온다. 다만 거래소 대주주 지분 제한과 스테이블코인 발행 요건 등 핵심 쟁점이 남아 법안 병합 심사와 단일안 조율이 입법 속도를 가를 전망이다. 7일 정치권과 가상자산 업계에 따르면 제22대 국회 후반기 정무위에 배정된 더불어민주당 의원 13명 가운데 8명이 디지털자산 관련 법안 발의에 참여한 것으로 나타났다. 강준현·김현정·민병덕·박민규·박상혁·유동수·이강일·한민수 의원이 관련 법안 대표발의자 또는 공동발의자 명단에 이름을 올렸다. 국민의힘 정무위원 중에서는 김재섭·김상훈 의원이 디지털자산 법안 발의 명단에 포함됐다. 김재섭 의원은 디지털자산시장통합법안을 대표 발의했고 김상훈 의원은 관련 법안 공동 발의자로 참여했다. 여야 모두에서 디지털자산 제도화 법안에 관여한 의원들이 정무위에 배치된 셈이다. 특히 민주당 정무위원에 디지털자산 제도화 법안 발의 참여자가 다수 포진한 상황에서 박상혁 의원이 여당 간사를 맡으면서 관련 입법 논의에 힘이 실릴 수 있다는 전망도 나온다. 박 의원은 '디지털자산의 시장 및 산업에 관한 법률안'을 대표 발의했다. 민병덕·김현정·이강일 의원도 각각 '디지털자산기본법안', '가치안정형 디지털자산 발행업 등에 관한 법률안', '디지털자산시장의 혁신과 성장에 관한 법률안'을 대표 발의했다. 정무위 첫 전체회의에서도 디지털자산 입법 필요성이 거론됐다. 이강일 의원은 6일 열린 전체회의에서 “디지털 자산 입법과 관련되는 부분이 상당히 오랫동안 논의가 됐는데 지난 정무위에서 통과시키지 못했다”며 “시장이 기대에서 실망으로 완전히 변한 상황”이라고 지적했다. 이어 “동력을 다시 끌어올려야 한다”고 강조했다. 유동수 정무위원장도 디지털자산기본법을 정무위 주요 현안으로 꼽았다. 유 위원장은 디지털자산기본법 관련 문제와 자본시장 변동성 등을 언급하며 “정무위가 현재 현안으로 가장 깊이 다뤄야 할 문제라고 인식하고 있다”고 밝혔다. 다만 실제 입법까지는 적지 않은 문턱을 넘어야 한다. 현재 국회에는 디지털자산기본법안뿐 아니라 스테이블코인 성격의 가치고정형·가치안정형 디지털자산 법안, 디지털자산시장통합법안 등이 함께 올라온 상태다. 법안별 규율 대상과 감독 체계, 산업 육성 방향이 달라 정무위 법안심사 과정에서 병합 심사와 단일안 조율이 핵심 과제로 꼽힌다. 쟁점도 여전하다. 심수빈 키움증권 연구원은 “가상자산 거래소 대주주 지분 제한, 스테이블코인 발행사의 지분 요건 등 핵심 규율 방안을 둘러싼 이견이 지속 중”이라며 “단일안 합의, 국회 통과 등의 과정을 거쳐야 하는 만큼 실질적인 법안 시행 시점이 2028년으로 지연될 가능성도 언급된다”고 말했다. 관련 뉴스 디지털자산기본법 잰걸음…""구체적 후속 법체계 속도내야"" 디지털자산기본법 발의 1년…지선 이후 입법 시계 다시 움직이나 바이낸스 2억 달러 대규모 손해배상 소송에 위기設 ‘솔솔’ 디지털자산기본법 잰걸음…""구체적 후속 법체계 속도내야"" 디지털자산기본법 발의 1년…지선 이후 입법 시계 다시 움직이나 바이낸스 2억 달러 대규모 손해배상 소송에 위기設 ‘솔솔’ #디지털자산기본법 #정무위원회 #스테이블코인 #거래소지분제한 #2단계법 박정호 기자의",3706,bs4_selector,86.0,body_validation_failed:body_contamination_political_sidebar,195.0,False,False,https://news.google.com/rss/articles/CBMiVEFVX3lxTE9HRWRfSE5pck5lYzNjOWVVd2QwRzVQTkJtTDhpZjRjc1AtOUlmMGR4XzAxd0Q3SGFTUmVzUHFwVm9yZzh0QXdmNmtPOWVzZDJyTFdfcQ?oc=5,https://www.etoday.co.kr/news/view/2601021,102.6,"digital_asset_stablecoin,platform_obligation,policy_legislation,stablecoin,strategy_mna_governance",stablecoin_legislation,2026-07-07,json_ld:datePublished,original_date_recent,5,263.9,,23.0,global_incident:platform_regulation:digital_asset_sector:platform_operator_obligation:policy_change,global_incident:platform_regulation:digital_asset_sector:platform_operator_obligation,56.0,government:platform_obligation,Y,,issue_representative_attempt,I092,global_incident:digital_asset_policy:digital_asset_sector:digital_asset_policy,정무위원회,정부/국회,정부_국회,정부_국회,정부_국회,정부/국회,ok,http_200,body_contamination_political_sidebar,,,,,,,,,,,,,,,,,,,,,,본문오염의심_대체필요,,
정부_국회,정부/국회,정무위원회,디지털자산기본법 논의 재가동 기대…정무위에 입법 인사 포진,v.daum.net,v.daum.net,"Tue, 07 Jul 2026 01:42:10 GMT","Tue, 07 Jul 2026 01:42:10 GMT",디지털자산기본법 논의 재가동 기대…정무위에 입법 인사 포진 v.daum.net,"디지털자산기본법 논의 재가동 기대…정무위에 입법 인사 포진 박정호 기자 2026. 7. 7. 글자 수 10,000자 초과 시 일부만 음성으로 제공합니다. 가 매우 작은 폰트 작은 폰트 보통 폰트 큰 폰트 매우 큰 폰트 가 이 글자크기로 변경됩니다. (예시) 가장 빠른 뉴스가 있고 다양한 정보, 쌍방향 소통이 숨쉬는 다음뉴스를 만나보세요. 다음뉴스는 국내외 주요이슈와 실시간 속보, 문화생활 및 다양한 분야의 뉴스를 입체적으로 전달하고 있습니다. 글자 수 10,000자 초과 시 일부만 음성으로 제공합니다. 가 매우 작은 폰트 작은 폰트 보통 폰트 큰 폰트 매우 큰 폰트 가 이 글자크기로 변경됩니다. (예시) 가장 빠른 뉴스가 있고 다양한 정보, 쌍방향 소통이 숨쉬는 다음뉴스를 만나보세요. 다음뉴스는 국내외 주요이슈와 실시간 속보, 문화생활 및 다양한 분야의 뉴스를 입체적으로 전달하고 있습니다. 글자 수 10,000자 초과 시 일부만 음성으로 제공합니다. 글자 수 10,000자 초과 시 일부만 음성으로 제공합니다. 글자 수 10,000자 초과 시 일부만 음성으로 제공합니다. 가 매우 작은 폰트 작은 폰트 보통 폰트 큰 폰트 매우 큰 폰트 가 이 글자크기로 변경됩니다. (예시) 가장 빠른 뉴스가 있고 다양한 정보, 쌍방향 소통이 숨쉬는 다음뉴스를 만나보세요. 다음뉴스는 국내외 주요이슈와 실시간 속보, 문화생활 및 다양한 분야의 뉴스를 입체적으로 전달하고 있습니다. 가 매우 작은 폰트 작은 폰트 보통 폰트 큰 폰트 매우 큰 폰트 가 이 글자크기로 변경됩니다. (예시) 가장 빠른 뉴스가 있고 다양한 정보, 쌍방향 소통이 숨쉬는 다음뉴스를 만나보세요. 다음뉴스는 국내외 주요이슈와 실시간 속보, 문화생활 및 다양한 분야의 뉴스를 입체적으로 전달하고 있습니다. 가 매우 작은 폰트 작은 폰트 보통 폰트 큰 폰트 매우 큰 폰트 가 이 글자크기로 변경됩니다. (예시) 가장 빠른 뉴스가 있고 다양한 정보, 쌍방향 소통이 숨쉬는 다음뉴스를 만나보세요. 다음뉴스는 국내외 주요이슈와 실시간 속보, 문화생활 및 다양한 분야의 뉴스를 입체적으로 전달하고 있습니다. (예시) 가장 빠른 뉴스가 있고 다양한 정보, 쌍방향 소통이 숨쉬는 다음뉴스를 만나보세요. 다음뉴스는 국내외 주요이슈와 실시간 속보, 문화생활 및 다양한 분야의 뉴스를 입체적으로 전달하고 있습니다. 민주당 정무위원 13명 중 8명, 디지털자산 법안 발의 참여 박상혁 여당 간사 선임…주요 대표발의자 정무위 포진 거래소 지분 제한·스테이블코인 요건 등 쟁점 조율 관건 제22대 국회 후반기 정무위원회가 새로 꾸려지면서 디지털자산기본법 논의가 다시 속도를 낼 지 주목된다. 정무위에 배정된 더불어민주당 의원 상당수가 디지털자산 관련 법안 발의에 참여한 데다 주요 법안 대표 발의자들도 정무위에 포진하면서 제도화 논의의 기반이 넓어졌다는 평가가 나온다. 다만 거래소 대주주 지분 제한과 스테이블코인 발행 요건 등 핵심 쟁점이 남아 법안 병합 심사와 단일안 조율이 입법 속도를 가를 전망이다. 7일 정치권과 가상자산 업계에 따르면 제22대 국회 후반기 정무위에 배정된 더불어민주당 의원 13명 가운데 8명이 디지털자산 관련 법안 발의에 참여한 것으로 나타났다. 강준현·김현정·민병덕·박민규·박상혁·유동수·이강일·한민수 의원이 관련 법안 대표발의자 또는 공동발의자 명단에 이름을 올렸다. 국민의힘 정무위원 중에서는 김재섭·김상훈 의원이 디지털자산 법안 발의 명단에 포함됐다. 김재섭 의원은 디지털자산시장통합법안을 대표 발의했고 김상훈 의원은 관련 법안 공동 발의자로 참여했다. 여야 모두에서 디지털자산 제도화 법안에 관여한 의원들이 정무위에 배치된 셈이다. 특히 민주당 정무위원에 디지털자산 제도화 법안 발의 참여자가 다수 포진한 상황에서 박상혁 의원이 여당 간사를 맡으면서 관련 입법 논의에 힘이 실릴 수 있다는 전망도 나온다. 박 의원은 '디지털자산의 시장 및 산업에 관한 법률안'을 대표 발의했다. 민병덕·김현정·이강일 의원도 각각 '디지털자산기본법안', '가치안정형 디지털자산 발행업 등에 관한 법률안', '디지털자산시장의 혁신과 성장에 관한 법률안'을 대표 발의했다. 정무위 첫 전체회의에서도 디지털자산 입법 필요성이 거론됐다. 이강일 의원은 6일 열린 전체회의에서 “디지털 자산 입법과 관련되는 부분이 상당히 오랫동안 논의가 됐는데 지난 정무위에서 통과시키지 못했다”며 “시장이 기대에서 실망으로 완전히 변한 상황”이라고 지적했다. 이어 “동력을 다시 끌어올려야 한다”고 강조했다. 유동수 정무위원장도 디지털자산기본법을 정무위 주요 현안으로 꼽았다. 유 위원장은 디지털자산기본법 관련 문제와 자본시장 변동성 등을 언급하며 “정무위가 현재 현안으로 가장 깊이 다뤄야 할 문제라고 인식하고 있다”고 밝혔다. 다만 실제 입법까지는 적지 않은 문턱을 넘어야 한다. 현재 국회에는 디지털자산기본법안뿐 아니라 스테이블코인 성격의 가치고정형·가치안정형 디지털자산 법안, 디지털자산시장통합법안 등이 함께 올라온 상태다. 법안별 규율 대상과 감독 체계, 산업 육성 방향이 달라 정무위 법안심사 과정에서 병합 심사와 단일안 조율이 핵심 과제로 꼽힌다. 쟁점도 여전하다. 심수빈 키움증권 연구원은 “가상자산 거래소 대주주 지분 제한, 스테이블코인 발행사의 지분 요건 등 핵심 규율 방안을 둘러싼 이견이 지속 중”이라며 “단일안 합의, 국회 통과 등의 과정을 거쳐야 하는 만큼 실질적인 법안 시행 시점이 2028년으로 지연될 가능성도 언급된다”고 말했다. 제22대 국회 후반기 정무위원회가 새로 꾸려지면서 디지털자산기본법 논의가 다시 속도를 낼 지 주목된다. 정무위에 배정된 더불어민주당 의원 상당수가 디지털자산 관련 법안 발의에 참여한 데다 주요 법안 대표 발의자들도 정무위에 포진하면서 제도화 논의의 기반이 넓어졌다는 평가가 나온다. 다만 거래소 대주주 지분 제한과 스테이블코인 발행 요건 등 핵심 쟁점이 남아 법안 병합 심사와 단일안 조율이 입법 속도를 가를 전망이다. 7일 정치권과 가상자산 업계에 따르면 제22대 국회 후반기 정무위에 배정된 더불어민주당 의원 13명 가운데 8명이 디지털자산 관련 법안 발의에 참여한 것으로 나타났다. 강준현·김현정·민병덕·박민규·박상혁·유동수·이강일·한민수 의원이 관련 법안 대표발의자 또는 공동발의자 명단에 이름을 올렸다. 국민의힘 정무위원 중에서는 김재섭·김상훈 의원이 디지털자산 법안 발의 명단에 포함됐다. 김재섭 의원은 디지털자산시장통합법안을 대표 발의했고 김상훈 의원은 관련 법안 공동 발의자로 참여했다. 여야 모두에서 디지털자산 제도화 법안에 관여한 의원들이 정무위에 배치된 셈이다. 특히 민주당 정무위원에 디지털자산 제도화 법안 발의 참여자가 다수 포진한 상황에서 박상혁 의원이 여당 간사를 맡으면서 관련 입법 논의에 힘이 실릴 수 있다는 전망도 나온다. 박 의원은 '디지털자산의 시장 및 산업에 관한 법률안'을 대표 발의했다. 민병덕·김현정·이강일 의원도 각각 '디지털자산기본법안', '가치안정형 디지털자산 발행업 등에 관한 법률안', '디지털자산시장의 혁신과 성장에 관한 법률안'을 대표 발의했다. 정무위 첫 전체회의에서도 디지털자산 입법 필요성이 거론됐다. 이강일 의원은 6일 열린 전체회의에서 “디지털 자산 입법과 관련되는 부분이 상당히 오랫동안 논의가 됐는데 지난 정무위에서 통과시키지 못했다”며 “시장이 기대에서 실망으로 완전히 변한 상황”이라고 지적했다. 이어 “동력을 다시 끌어올려야 한다”고 강조했다. 유동수 정무위원장도 디지털자산기본법을 정무위 주요 현안으로 꼽았다. 유 위원장은 디지털자산기본법 관련 문제와 자본시장 변동성 등을 언급하며 “정무위가 현재 현안으로 가장 깊이 다뤄야 할 문제라고 인식하고 있다”고 밝혔다. 다만 실제 입법까지는 적지 않은 문턱을 넘어야 한다. 현재 국회에는 디지털자산기본법안뿐 아니라 스테이블코인 성격의 가치고정형·가치안정형 디지털자산 법안, 디지털자산시장통합법안 등이 함께 올라온 상태다. 법안별 규율 대상과 감독 체계, 산업 육성 방향이 달라 정무위 법안심사 과정에서 병합 심사와 단일안 조율이 핵심 과제로 꼽힌다. 쟁점도 여전하다. 심수빈 키움증권 연구원은 “가상자산 거래소 대주주 지분 제한, 스테이블코인 발행사의 지분 요건 등 핵심 규율 방안을 둘러싼 이견이 지속 중”이라며 “단일안 합의, 국회 통과 등의 과정을 거쳐야 하는 만큼 실질적인 법안 시행 시점이 2028년으로 지연될 가능성도 언급된다”고 말했다. 이투데이에서 직접 확인하세요. 해당 언론사로 이동합니다.",4156,bs4_selector,86.0,body_validation_failed:body_contamination_political_sidebar,187.0,False,True,https://news.google.com/rss/articles/CBMiRkFVX3lxTE41U2lZTFAzd3NNN1VpOF84VEtNeVcyN3Mzd3RBVkVaSlBnSzE4U0lVRmlVSlV1MlBER2FXeTN1R0ZoV0N4RXc?oc=5,https://v.daum.net/v/uVXJvy9UC8,102.6,"digital_asset_stablecoin,platform_obligation,policy_legislation,stablecoin,strategy_mna_governance",stablecoin_legislation,2026-07-07,visible_date_node,original_date_recent,2,250.3,,23.0,global_incident:platform_regulation:digital_asset_sector:platform_operator_obligation:policy_change,global_incident:platform_regulation:digital_asset_sector:platform_operator_obligation,56.0,self:platform_obligation,Y,,issue_representative_attempt,I092,global_incident:digital_asset_policy:digital_asset_sector:digital_asset_policy,정무위원회,정부/국회,정부_국회,정부_국회,정부_국회,정부/국회,ok,http_200,body_contamination_political_sidebar,,,,,,,,,,,,,,,,,,,,,,본문오염의심_대체필요,,
정부_국회,정부/국회,가상자산사업자,"싱가포르, 디지털자산 수탁 보안기준 전면 시행…글로벌 금융허브 경쟁력 강화 나서",핀테크투데이,핀테크투데이,"Tue, 07 Jul 2026 10:12:28 GMT","Tue, 07 Jul 2026 10:12:28 GMT","싱가포르, 디지털자산 수탁 보안기준 전면 시행…글로벌 금융허브 경쟁력 강화 나서 핀테크투데이","싱가포르, 디지털자산 수탁 보안기준 전면 시행…글로벌 금융허브 경쟁력 강화 나서 -MAS, 고객자산 분리 보관과 콜드월렛 의무화 등 디지털자산 수탁 보안기준 시행 -은행의 가상자산 익스포저 제한, 무허가형 블록체인 차등 규제 등 금융 리스크 관리 강화 -명확한 제도 마련으로 기관투자자 신뢰 확보 및 해외 사업자 유치 기반 확대 (서울-핀테크투데이) 싱가포르 금융관리청(MAS)이 2026년 4월부터 디지털자산 수탁(Custody) 보안 표준을 시행했다. 고객자산 보호와 금융시스템 안정성을 강화하기 위한 조치로, 글로벌 디지털자산 허브 경쟁에서 신뢰 기반을 확보하기 위한 정책으로 해석된다. 이번 보안 표준의 핵심은 고객자산의 분리 보관이다. 모든 수탁사업자는 고객 자산을 회사 운영자금과 분리해 별도의 신탁(Trust) 계좌에 보관해야 한다. 사업자의 재무 상황과 관계없이 고객 자산을 보호하기 위한 제도적 장치다. 보안 기준도 한층 강화됐다. 수탁사업자는 관리 중인 고객 자산의 90% 이상을 인터넷과 연결되지 않은 콜드월렛(Cold Wallet)에 보관해야 한다. 해킹 등 외부 침해 위험을 최소화하기 위한 조치다. 자산 인출 과정에서는 최소 3인의 독립된 승인을 거치는 다중서명(Multi-Signature) 체계를 의무적으로 구축해야 한다. 단일 관리자에 의한 오남용 가능성을 줄이고 내부통제를 강화하기 위한 목적이다. MAS는 이번 제도와 함께 금융권의 가상자산 리스크 관리 기준도 상향했다. 은행의 가상자산 익스포저는 기본자본(Tier 1)의 2% 이내로 제한했다. 가상자산 시장의 변동성이 금융권 전반으로 확산되는 것을 방지하기 위한 조치다. 무허가형(Permissionless) 블록체인 기반 자산에 대해서는 위험도를 높게 평가했다. 해당 자산을 취급하는 금융기관에는 추가 자기자본 적립을 요구하는 등 차등 규제를 적용한다. 실시간 이상거래 모니터링과 즉시 보고 체계도 의무화해 시장 감시 기능을 강화했다. 싱가포르의 제도 정비는 해외 사업자의 시장 진출에도 영향을 미치고 있다. 국내에서는 업비트 싱가포르를 비롯한 일부 가상자산 사업자가 MAS의 주요결제기관(MPI, Major Payment Institution) 라이선스를 취득하고 현지 사업을 확대하고 있다. 싱가포르에서 디지털자산 수탁 및 거래 서비스를 제공하려는 사업자는 강화된 인허가 기준을 충족해야 한다. MPI 라이선스 취득을 위해서는 최소 50만 싱가포르달러 이상의 납입자본금을 유지해야 하며, 싱가포르 거주 적격 이사와 자금세탁방지(AML) 책임자를 선임해야 한다. 아울러 제3자 전문기관의 정기적인 기술위험관리(TRM) 점검과 서비스 장애 발생 시 사업 연속성 및 복구계획을 갖춰야 한다. 업계는 이번 제도 시행이 투자자 보호와 금융 안정성을 높이는 동시에 기관투자자의 시장 참여를 촉진하는 기반이 될 것으로 보고 있다. 명확한 규제 체계와 강화된 보안 기준은 사업자의 예측 가능성을 높이고, 디지털자산 산업에 대한 신뢰를 높이는 요소로 작용할 수 있기 때문이다. 홍콩과 두바이 등 주요 디지털금융 허브가 관련 제도를 지속적으로 정비하는 가운데, 싱가포르는 규제와 산업 육성을 병행하는 정책을 통해 글로벌 디지털자산 시장에서 경쟁력을 강화한다는 방침이다.",1592,trafilatura,88.0,category_guardrail_failed:v26_2_government_without_central_public_actor_action:no_public_actor_action_domain,148.0,True,False,https://news.google.com/rss/articles/CBMic0FVX3lxTE1PajAzN1lPLUNrN3p0NGJyeGhwa2ZFMlhrS0RkbTN3c1lnMy1wWjI0MHlMNUxfaTJYTDVhMEdHZWVxTTczaDNDN0lXVkpoU0drNEdOZjgyTjBUZTh6a0Q1MFdpWUVpczJqLWtPZVl3cHpfUmPSAXNBVV95cUxNT2owMzdZTy1Dazd6dDRicnhocGtmRTJYa0tEZG0zd3NZZzMtcFoyNDB5TDVMX2kyWEw1YTBHR2VlcU03M2gzQzdJV1ZKaFNHazRHTmY4Mk4wVGU4emtENTBXaVlFaXMyai1rT2VZd3B6X1Jj?oc=5,http://www.fintechtoday.co.kr/news/articleViewAmp.html?idxno=2926,12.0,"digital_asset_stablecoin,dunamu_stake,leadership_change,phishing_security,platform_obligation,policy_legislation,privacy_security_reliability,stablecoin",dunamu_general,2026-07-07,json_ld:datePublished,original_date_recent,2,234.8,privacy_security:upbit_dunamu:data_leak:policy_change,0.0,global_incident:platform_regulation:dunamu_upbit:platform_operator_obligation:policy_change,global_incident:platform_regulation:dunamu_upbit:platform_operator_obligation,24.0,government:platform_obligation,Y,,issue_representative_attempt,I092,global_incident:digital_asset_policy:digital_asset_sector:digital_asset_policy,가상자산사업자,정부/국회,정부_국회,정부_국회,정부_국회,정부/국회,ok,http_200,body_valid,government_appointment_governance,GOV_PLATFORM_REGULATION,372.5,OFF_TOPIC,GOV_APPOINTMENT_GOVERNANCE,,other,정부_국회,GOV_FINANCIAL_DIGITAL_POLICY,government_digital_finance_policy,global_incident:digital_asset_policy:digital_asset_sector:digital_asset_policy,global_incident:digital_asset_policy:digital_asset_sector:digital_asset_policy,카카오페이·카카오뱅크 등 금융 계열사에 참고 가능한 디지털금융 정책,4.0,4.0,3.0,v26.2: no central Korean public actor/action for Government section: no_public_actor_action_domain / v26.2: overseas structural industry candidate,v43_hard_min:산업동향: daily-safe portfolio rescue,issue_selected,Y,22.0,본문추출성공,fail:v26_2_government_without_central_public_actor_action:no_public_actor_action_domain,
정부_국회,정부/국회,네이버,"KAI-팀네이버, 국내 기술로 독자 국방 AI플랫폼 구축한다",mstoday.co.kr,mstoday.co.kr,"Tue, 07 Jul 2026 04:26:13 GMT","Tue, 07 Jul 2026 04:26:13 GMT","KAI-팀네이버, 국내 기술로 독자 국방 AI플랫폼 구축한다 mstoday.co.kr","[대한뉴스=이윤성 기자] KAI(한국항공우주산업㈜)와 팀네이버(네이버, 네이버클라우드)가 국내 독자 기술을 바탕으로 피지컬 AI 기반 미래전투체계 플랫폼을 공동 개발한다. ⓒ KAI KAI와 팀네이버는 6일 KAI 사천 본사에서 ‘항공우주·방산 AI 분야 협력을 위한 전략적 제휴협약(MOU)’을 체결했다. 체결식은 KAI 김종출 대표이사 사장과 네이버 최수연 대표이사, 네이버클라우드 김유원 대표이사 등 3사 주요 경영진이 참석한 가운데 개최되었다. 이번 MOU를 통해 3사는 KAI의 항공·방산 역량과 팀네이버의 AI·클라우드 기술력을 결합해 국방 소버린 AI 확보 및 독자 모델 개발, 국방 AI 신사업 공동 발굴, 피지컬 AI 고도화, 국방 AI 생태계 확대 등 기술 개발부터 사업화까지 이어지는 전방위적 협력체계를 구축하기로 했다. 3사는 무인기 자율비행·자율임무 수행 기술 및 미래전투체계 통합 AI 플랫폼 개발을 우선 추진한다. 이를 통해 국내 안보 환경에 최적화된 독자적 국방 AI를 구현하여, 해외 의존성을 최소화하고 국방 AI 기술 주권을 확보할 계획이다. 나아가 정부 주도의 국가 연구개발 과제 및 블록펀딩 사업에 공동으로 참여해 차세대 방산 피지컬 AI 핵심 기술을 선점하고, 실질적인 후속 사업화로 연계할 수 있는 민·관·군 협력의 기반을 다지는 등 신사업도 공동 발굴할 예정이다. 또한 유·무인복합체계(MUM-T) 등 미래 항공우주 플랫폼에 AI를 내재화해 자율화 수준을 고도화하고, 방산·항공 분야 협력사와의 AI 협력체계를 확대해 국내 국방 AI 생태계 조성과 산업 경쟁력을 강화할 방침이다. 특히 KAI가 유·무인 전투기와 위성 등이 초연결되는 차세대공중전투체계(NACS)를 개발하고 있어, 국내 대표 AI기업인 팀네이버와의 협력은 KAI의 무인기 플랫폼과 AI파일럿 등 피지컬 AI 개발 가속화에 시너지를 창출할 것으로 기대된다. KAI 김종출 대표이사 사장은 ""글로벌 방산 AI 경쟁이 그 어느 때보다 치열해지고 있어 3사의 핵심역량을 결합하여 공동 대응이 필요하다”라며 ""KAI의 항공·방산 전문성과 팀네이버의 AI·클라우드 기술력이 만나, 대한민국이 국방 AI 기술 주권을 확립하고, 피지컬 AI기반 무인기 및 미래전투체계 분야에서 글로벌 경쟁력을 높여나갈 수 있을 것으로 확신한다.”라고 말했다. 네이버 최수연 대표이사는 ""국방 및 안보 분야에서의 기술 자립은 국가적 주권과 직결되는 만큼, 독자적인 소버린 AI 인프라를 확보하는 것이 무엇보다 중요하다”라며 ""팀네이버의 고도화된 AI 역량과 KAI의 방산 인프라를 결합해 대한민국 국방 안보의 기술 주권을 공고히 하고, 미래 방산 산업의 새로운 글로벌 경쟁력을 창출할 수 있도록 최선을 다할 것”이라고 말했다. 종합지 대한뉴스(등록번호:서울가361호) 코리아뉴스(등록번호:강서라00189호) 시사매거진 2580(등록번호:서울다06981호) on-off line 을 모두 겸비한 종합 매체입니다.",1447,newspaper3k,18.0,digital_asset_without_policy_context,-35.5,False,False,https://news.google.com/rss/articles/CBMiZ0FVX3lxTFBFa2RsVjNkUVZXQTZjV2E1OU85ZE1aNnBmUTIzNXFBREdpMWdadWtSMkxtZ0x6dENLTW5IZFNYQmFoUXQwNjlNdGp3dEhuMW5HVXJCSy1XRlJQTWtLVzh5TVlmdU80Qjg?oc=5,http://www.dhns.co.kr/news/articleView.html?idxno=380851,328.0,"ai_infrastructure_security,leadership_change,market_power_platform,platform_obligation,policy_legislation",ai_infrastructure_security,2026-07-07,meta:article:published_time,original_date_recent,1,27.35,,7.0,global_incident:platform_enforcement:naver:consumer_dark_pattern:general,global_incident:platform_enforcement:naver:consumer_dark_pattern,32.0,government:platform_obligation,Y,,issue_representative_attempt,I001,global_incident:platform_regulation:naver:platform_regulation,네이버,경쟁사/해외이슈,경쟁사_해외이슈,경쟁사_해외이슈,정부_국회,정부/국회,,,,,,,,,,,,,,,,,,,,,,,,,,,
정부_국회,정부/국회,네이버,KAI·네이버 맞손...국방 AI 플랫폼 구축해 '해외 의존' 낮춘다,파이낸셜리뷰,파이낸셜리뷰,"Tue, 07 Jul 2026 05:16:10 GMT","Tue, 07 Jul 2026 05:16:10 GMT",KAI·네이버 맞손...국방 AI 플랫폼 구축해 '해외 의존' 낮춘다 파이낸셜리뷰,"KAI '항공·방산' 역량과 네이버 'AI·클라우드' 기술력 만나 체결식 기념사진(왼쪽부터 네이버 최수연 대표이사, KAI 김종출 대표이사 사장, 네이버클라우드 김유원 대표이사)/사진=KAI [파이낸셜리뷰=김경은 기자] 국방 AI 생태계 확산을 위해 KAI와 팀네이버(네이버, 네이버클라우드)가 전방위적인 협력체계를 구축한다. KAI(한국항공우주산업)와 팀네이버(네이버, 네이버클라우드)는 국내 독자 기술을 바탕으로 피지컬 AI 기반 미래전투체계 플랫폼을 공동 개발한다고 7일 밝혔다. 지난 6일 개최된 체결식에는 KAI 김종출 대표이사 사장과 네이버 최수연 대표이사, 네이버클라우드 김유원 대표이사 등 3사 주요 경영진이 참석했다. 이번 MOU를 통해 3사는 KAI의 항공·방산 역량과 팀네이버의 AI·클라우드 기술력을 결합한다. ▲국방 소버린 AI 확보 및 독자 모델 개발 ▲국방 AI 신사업 공동 발굴 ▲피지컬 AI 고도화 ▲국방 AI 생태계 확대 등 기술 개발부터 사업화까지 이어지는 전방위적 협력체계를 구축하게 된다. 3사는 무인기 자율비행·자율임무 수행 기술 및 미래전투체계 통합 AI 플랫폼 개발을 우선 추진한다. 이를 통해 국내 안보 환경에 최적화된 독자적 국방 AI를 구현해 해외 의존성을 최소화하고 국방 AI 기술 주권을 확보한다는 구상이다. 나아가 정부 주도의 국가 연구개발 과제 및 블록펀딩 사업에 공동으로 참여해 차세대 방산 피지컬 AI 핵심 기술을 선점할 예정이다. 또 후속 사업화로 연계할 수 있는 민·관·군 협력의 기반을 다지는 등 신사업도 공동 발굴할 계획이다. 아울러 유·무인복합체계(MUM-T) 등 미래 항공우주 플랫폼에 AI를 내재화해 자율화 수준을 고도화하고, 방산·항공 분야 협력사와의 AI 협력체계를 확대해 국내 국방 AI 생태계 조성과 산업 경쟁력을 강화할 방침이다. 특히 현재 KAI가 유·무인 전투기와 위성 등이 초연결되는 차세대공중전투체계(NACS)를 개발하고 있는만큼, 국내 대표 AI기업 팀네이버와의 협력으로 피지컬 AI 개발 가속화에 시너지를 창출할 것으로 기대된다. KAI 김종출 대표이사 사장은 ""글로벌 방산 AI 경쟁이 그 어느 때보다 치열해지고 있어 3사의 핵심역량을 결합한 공동 대응이 필요하다”라며 ""KAI의 항공·방산 전문성과 팀네이버의 AI·클라우드 기술력이 만나, 대한민국이 국방 AI 기술 주권을 확립하고, 피지컬 AI기반 무인기 및 미래전투체계 분야에서 글로벌 경쟁력을 높여나갈 수 있을 것으로 확신한다”고 말했다. 네이버 최수연 대표이사는 ""국방 및 안보 분야에서의 기술 자립은 국가적 주권과 직결되는 만큼, 독자적인 소버린 AI 인프라를 확보하는 것이 무엇보다 중요하다”라며 ""팀네이버의 고도화된 AI 역량과 KAI의 방산 인프라를 결합해 대한민국 국방 안보의 기술 주권을 공고히 하고, 미래 방산 산업의 새로운 글로벌 경쟁력을 창출할 수 있도록 최선을 다할 것”이라고 전했다.",1430,newspaper3k,84.0,category_guardrail_failed:v26_2_government_without_central_public_actor_action:roundup_without_central_public_actor,-42.5,True,False,https://news.google.com/rss/articles/CBMidEFVX3lxTE1zM1ItMVZ2ak96ZHhjVzVwaDNORFY0a0gyLUl5YWNvdFZ0ekhvMkg3THNQbm1kYzEwQ0FMdnltS2t5SUI3WnBPMXQwUTFLWHJWVGFjekZ6V0xfWjlwb2xXT3NneDBxUHVpZ194SzZERVI0bFJp?oc=5,http://www.financialreview.co.kr/news/articleView.html?idxno=43360,320.0,"ai_infrastructure_security,leadership_change,market_power_platform,platform_obligation",ai_infrastructure_security,2026-07-07,json_ld:datePublished,original_date_recent,3,84.85,,7.0,global_incident:platform_enforcement:naver:consumer_dark_pattern:general,global_incident:platform_enforcement:naver:consumer_dark_pattern,32.0,government:platform_obligation,Y,,issue_representative_attempt,I001,global_incident:platform_regulation:naver:platform_regulation,네이버,경쟁사/해외이슈,경쟁사_해외이슈,정부_국회,정부_국회,정부/국회,ok,http_200,body_valid,comp_domestic_finance_commerce,COMPETITOR_PLATFORM_RISK,690.0,OFF_TOPIC,GOV_REGULATORY_ENFORCEMENT,COMP_DOMESTIC_FINANCE_COMMERCE,domestic,정부_국회,COMPETITOR_AI_STRATEGY,comp_domestic_ai_platform,global_incident:platform_regulation:naver:platform_regulation,global_incident:platform_regulation:naver:platform_regulation,카카오가 경쟁사 전략·리스크·AI/플랫폼 대응을 비교 참고할 이슈,4.0,4.0,5.0,로컬 보조 라벨 / v26.2: overseas structural industry candidate,v43_soft_target:정부_국회: daily-safe portfolio rescue,issue_selected,Y,23.0,본문추출성공,fail:v26_2_government_without_central_public_actor_action:roundup_without_central_public_actor,
정부_국회,정부/국회,금융위원회,"개보위, 우리은행 개인정보 유출 사고 조사 착수",알티케이뉴스,알티케이뉴스,"Mon, 06 Jul 2026 17:50:40 GMT","Mon, 06 Jul 2026 17:50:40 GMT","개보위, 우리은행 개인정보 유출 사고 조사 착수 알티케이뉴스","개인정보보호위원회가 우리은행 고객 개인정보 유출 사고에 대한 조사에 착수했다. 외부 개발업체를 통해 이용자 닉네임과 연계정보(CI) 1만7551건이 노출됐으며, 은행은 약 9개월간 유출 사실을 자체적으로 인지하지 못한 것으로 파악됐다. 7일 관계 당국에 따르면 개인정보보호위원회는 전날부터 이번 사고와 관련한 개인정보보호법 위반 여부를 확인하기 위한 조사를 진행하고 있다. 사업 종료 이후에도 외부 개발업체에 고객정보가 남아 있었던 경위와 수탁업체 관리·감독 의무 이행 여부 등이 중점 조사 대상인 것으로 알려졌다. 우리은행은 2024년 9월 대체불가토큰(NFT) 플랫폼 구축 과정에서 외부 개발업체에 고객정보를 제공했다. 이후 지난해 9월 업체 직원이 고객정보가 포함된 파일 링크를 개발자 공유 플랫폼에 게시한 것으로 파악됐다. 이 사실은 플랫폼 이용자가 한국인터넷진흥원(KISA)에 신고한 뒤 금융보안원이 지난달 30일 통보하면서 드러났다. 은행은 유출 사실을 약 9개월간 자체적으로 인지하지 못했고, 외부 신고를 통해서야 사고를 파악했다. 이에 개인정보 관리 체계 전반에 대한 점검 필요성이 제기되고 있다. 유출된 정보는 이용자 닉네임과 연계정보(CI)다. CI는 본인확인 과정에서 동일인 식별에 활용되는 정보로, 다른 개인정보와 결합될 경우 명의도용이나 보이스피싱 등 2차 피해에 악용될 수 있다는 우려가 제기된다. 현재까지 유출 정보가 확산되거나 악용된 사례는 확인되지 않았다. 금융감독원도 사고 경위에 대한 자체 점검과 재발방지 대책 마련을 요구했다. 필요할 경우 현장점검을 실시하고, 위법 사항이 확인되면 검사로 전환할 방침인 것으로 알려졌다. 우리은행은 프로젝트 전후 외주업체로부터 개인정보 파기 확인서를 제출받고 직원 대상 개인정보보호 교육을 실시해 왔다고 밝혔다. 정진완 행장은 사과문을 통해 ""이번 일을 계기로 개발업체의 개인정보 관리 현황을 전수 조사해 미흡한 점은 즉시 시정 조치하겠다""며 ""우리은행 자체의 개인정보보호 체계도 한층 강화해 어떠한 유형의 개인정보 유출도 재발하지 않도록 심기일전하겠다""고 밝혔다. English(中文·日本語) news is the result of applying Google Translate. is not responsible for the content of English(中文·日本語) news. 남기두기자 openspace78@rightknow.co.kr [기획] '램프’ 다음은 어디인가…현대모비스 매각 협상 뒤 남은 고용 과제 (하) 아시아나 노조 “대한항공, 아시아나 노동자 경력 짓밟아”...취업규칙 변경 강력 규탄 [초점] '노스페이스’ 영원무역, 오너 일가 사익편취 의혹 배경은? [기획] 홈플러스 갉아먹은 사모펀드 MBK의 10년…‘제2의 론스타’ 막으려면 (하) [단독] 인천경제청 공무원, 출입기자 고소 전 인사청탁 의혹 고용부 K-뉴딜 아카데미, 청년 476명 모집…비수도권 직무교육 확대 [기획] ‘조선 빅3’ 성과급 전쟁 본격화…영업이익 30% 요구에 ‘하투’ 장기화 우려 (상) [기획] '램프’ 다음은 어디인가…현대모비스 매각 협상 뒤 남은 고용 과제 (하) [기획] '램프’ 다음은 어디인가…현대모비스 매각 협상 뒤 남은 고용 과제 (하) 아시아나 노조 “대한항공, 아시아나 노동자 경력 짓밟아”...취업규칙 변경 강력 규탄 [초점] '노스페이스’ 영원무역, 오너 일가 사익편취 의혹 배경은? [기획] 홈플러스 갉아먹은 사모펀드 MBK의 10년…‘제2의 론스타’ 막으려면 (하) [단독] 인천경제청 공무원, 출입기자 고소 전 인사청탁 의혹 고용부 K-뉴딜 아카데미, 청년 476명 모집…비수도권 직무교육 확대 [기획] ‘조선 빅3’ 성과급 전쟁 본격화…영업이익 30% 요구에 ‘하투’ 장기화 우려 (상) [기획] '램프’ 다음은 어디인가…현대모비스 매각 협상 뒤 남은 고용 과제 (하) 아시아나 노조 “대한항공, 아시아나 노동자 경력 짓밟아”...취업규칙 변경 강력 규탄 [초점] '노스페이스’ 영원무역, 오너 일가 사익편취 의혹 배경은? [기획] 홈플러스 갉아먹은 사모펀드 MBK의 10년…‘제2의 론스타’ 막으려면 (하) [단독] 인천경제청 공무원, 출입기자 고소 전 인사청탁 의혹 고용부 K-뉴딜 아카데미, 청년 476명 모집…비수도권 직무교육 확대 [기획] ‘조선 빅3’ 성과급 전쟁 본격화…영업이익 30% 요구에 ‘하투’ 장기화 우려 (상)",2150,bs4_selector,86.0,category_reassign_blocked_max:경쟁사_해외이슈:v26_2_foreign_policy_to_competitor_overseas,221.0,True,False,https://news.google.com/rss/articles/CBMibkFVX3lxTFBHcE03Z2hlaktqWElwNkd3dHNPN3hva0ZwM2ZubDN6YUhWcWEwck5ZMU5hcWdVV3ZYR0tERE8xcmVUSW5INkxsRVo3MXVrODFHVzlVMXVyS3BDRG9pNll0Z0ZQUjN1aTZGUUI4amNn?oc=5,https://www.rightknow.co.kr/news/articleView.html?idxno=34380,102.6,"earnings,financial_performance,labor_dispute,labor_negotiation,legal_regulatory_enforcement,market_power_platform,phishing_security,platform_obligation,policy_legislation,privacy_security_reliability,strategy_mna_governance",labor_pay_dispute,2026-07-07,meta:article:published_time,original_date_recent,2,282.1,privacy_security:google:data_leak:litigation,77.0,global_incident:platform_enforcement:google:privacy_data_violation:investigation_review,global_incident:platform_enforcement:google:privacy_data_violation,56.0,self:platform_obligation,Y,,issue_representative_attempt,I053,global_incident:platform_regulation:platform_sector:platform_regulation,금융위원회,정부/국회,정부_국회,정부_국회,정부_국회,정부/국회,ok,http_200,body_valid,government_ai_core_policy,GOV_AI_DIGITAL_POLICY,533.0,,GOV_AI_CORE_POLICY,COMP_OVERSEAS_REGULATION_DATA,other,정부_국회,GOV_PLATFORM_REGULATION,government_regulatory_enforcement,global_incident:platform_regulation:platform_sector:platform_regulation,global_incident:platform_regulation:platform_sector:platform_regulation,카카오 플랫폼·AI·대관 대응 경로에 영향을 줄 수 있는 정책/감독 이슈,4.0,5.0,4.0,로컬 보조 라벨,v43_soft_target:정부_국회: daily-safe portfolio rescue,issue_selected,N:foreign_policy,23.0,본문추출성공,reassign_blocked:v26_2_foreign_policy_to_competitor_overseas,
경쟁사_해외이슈,경쟁사/해외이슈,네이버,"네이버클라우드, 佛 미스트랄과 소버린 AI 동맹…피지컬 AI 공략",뉴스1,뉴스1,"Wed, 08 Jul 2026 00:17:00 GMT","Wed, 08 Jul 2026 00:17:00 GMT","네이버클라우드, 佛 미스트랄과 소버린 AI 동맹…피지컬 AI 공략 뉴스1",,0,failed,0.0,empty,13.5,False,False,https://news.google.com/rss/articles/CBMiZEFVX3lxTE9VTkFaaFY3bnlCb2ZmVEJsYm9nN3BSX3hNZUVNS1ZJTmZ0WFNYTFJpako3Q1VYamNJUTNIZVFWZlpLVnFDM1k4ZUJySG9EdFhlbmlqVVRaZDVxVFUxbnZmNGxHR3g?oc=5,https://www.news1.kr/amp/it-science/general-it/6221102,205.5,ai_infrastructure_security,ai_infrastructure_security,,no_original_date_found,no_original_date_found_kept,0,-9.55,,0.0,,,0.0,,,,issue_representative_attempt,I004,comp_domestic_ai_platform:네이버클라우드 미스트랄과 소버린 ai 동맹 피지컬 ai 공략,네이버,경쟁사/해외이슈,경쟁사_해외이슈,경쟁사_해외이슈,경쟁사_해외이슈,경쟁사/해외이슈,,,,,,,,,,,,,,,,,,,,,,,,,,,
경쟁사_해외이슈,경쟁사/해외이슈,네이버,"네이버클라우드, 미스트랄 AI와 손잡고 ‘제조 AI 시장’ 정조준",서울경제신문,서울경제신문,"Wed, 08 Jul 2026 00:08:57 GMT","Wed, 08 Jul 2026 00:08:57 GMT","네이버클라우드, 미스트랄 AI와 손잡고 ‘제조 AI 시장’ 정조준 서울경제신문",,0,failed,0.0,empty,13.5,False,False,https://news.google.com/rss/articles/CBMiU0FVX3lxTE5zdVlMYW9Bb2l4NUJGOEZMam1SYy02eGJJUWtxa1JNVkxIbTF2WDZwdFV6N2V5dV8yN1B4elBXWEJHMzNMckJNOVJJYkhpRmJOV2JB0gFTQVVfeXFMTnN1WUxhb0FvaXg1QkY4RkxqbVJjLTZ4YklRa3FrUk1WTEhtMXZYNnB0VXo3ZXl1XzI3UHh6UFdYQkczM0xyQk05UkliSGlGYk5XYkE?oc=5,https://m.sedaily.com/amparticle/20065061,206.5,ai_infrastructure_security,ai_infrastructure_security,,no_original_date_found,no_original_date_found_kept,0,-16.05,,0.0,,,0.0,,,,issue_representative_attempt,I008,comp_domestic_ai_platform:네이버클라우드 미스트랄 ai와 손잡고 제조 ai 시장 정조준,네이버,경쟁사/해외이슈,경쟁사_해외이슈,경쟁사_해외이슈,경쟁사_해외이슈,경쟁사/해외이슈,,,,,,,,,,,,,,,,,,,,,,,,,,,
경쟁사_해외이슈,경쟁사/해외이슈,네이버,"네이버클라우드-미스트랄AI, 제조 AI 사업 맞손…전방위 파트너십 체결",헤럴드경제,헤럴드경제,"Tue, 07 Jul 2026 23:53:03 GMT","Tue, 07 Jul 2026 23:53:03 GMT","네이버클라우드-미스트랄AI, 제조 AI 사업 맞손…전방위 파트너십 체결 헤럴드경제","사회 백종원 “대패삼겹 내가 개발” 대반전…법원 “80년대 이미 유행” [헤럴드경제=김성훈 기자] 백종원 더본코리아 대표가 ‘대패삼겹살’을 최초로 개발했다고 주장해왔지만 법원은 사실이 아니라고 판단했다. 4일 채널A 등에 따르면, 수원지방법원 안양지원은 더본코리아 가맹점주 A 씨가 유튜버 김재환 PD를 상대로 낸 손해배상 소송에서 지난달 25일 원고 패소 판결했다. 김 PD는 ‘백 대표는 대패삼겹살 원조가 아니다’라고 주장해온 인물이다. 백 대표는 자신이 1993년 대패삼겹살을 최초로 개발했다고 여러 경로를 통해 주장해왔다. 더본코리아 홈페이지에도 그 같은 내용이 있다. 육절기를 구매하려다 햄 슬라이서를 사는 바람에 냉동 삼겹살을 썰다가 고기가 대패에 민 것처럼 돌돌 말려 나왔고, 그 모양에 착안해 대패삼겹살이라는 메뉴를 자신이 처음으로 세상에 내놨다는 주장이다. 백 대표는 1998년 ‘대패삼겹살’ 상표등록을 하기도 했다. 그러나 김 PD는 대패삼겹살이 1993년 이전부터 부산, 광주 등에서 자연스럽게 생겨나 팔리고 있었다며 백 대표의 주장이 거짓이라고 2 사회 ‘파리 한식당 개업’ 김어준 “사업 건들면 가만히 안 있겠다” 3 연예 변진섭이 친 골프공, 황영조 맞아 뇌진탕 의식 잃어…아찔한 사고 경험담 4 스포츠 이임생 캄보디아行에 김영광이 SNS에 붙인 말 5 연예 ‘심혜진 친조카’ 심재원, 혼혈 고백…“아들처럼 키웠다” 6 연예 딘딘 ‘손흥민 저격’ 논란 심경, “소신병 걸려…4년간 사과하고 다녔다” 7 사회 “요즘 65세가 노인인가” “지하철 얼마나 탄다고” 무임승차 상향 찬반 팽팽 8 연예 “행사비 5000인데, 내 손엔 200만원”…데뷔 10년 차 아이돌이 밝힌 정산 구조 9 연예 ‘전과 6범’ 임성근, 초대형 식당 ‘대박’…오픈 첫날 ‘1시간 만에 마감’ 사회 백종원 “대패삼겹 내가 개발” 대반전…법원 “80년대 이미 유행” [헤럴드경제=김성훈 기자] 백종원 더본코리아 대표가 ‘대패삼겹살’을 최초로 개발했다고 주장해왔지만 법원은 사실이 아니라고 판단했다. 4일 채널A 등에 따르면, 수원지방법원 안양지원은 더본코리아 가맹점주 A 씨가 유튜버 김재환 PD를 상대로 낸 손해배상 소송에서 지난달 25일 원고 패소 판결했다. 김 PD는 ‘백 대표는 대패삼겹살 원조가 아니다’라고 주장해온 인물이다. 백 대표는 자신이 1993년 대패삼겹살을 최초로 개발했다고 여러 경로를 통해 주장해왔다. 더본코리아 홈페이지에도 그 같은 내용이 있다. 육절기를 구매하려다 햄 슬라이서를 사는 바람에 냉동 삼겹살을 썰다가 고기가 대패에 민 것처럼 돌돌 말려 나왔고, 그 모양에 착안해 대패삼겹살이라는 메뉴를 자신이 처음으로 세상에 내놨다는 주장이다. 백 대표는 1998년 ‘대패삼겹살’ 상표등록을 하기도 했다. 그러나 김 PD는 대패삼겹살이 1993년 이전부터 부산, 광주 등에서 자연스럽게 생겨나 팔리고 있었다며 백 대표의 주장이 거짓이라고 백종원 “대패삼겹 내가 개발” 대반전…법원 “80년대 이미 유행” [헤럴드경제=김성훈 기자] 백종원 더본코리아 대표가 ‘대패삼겹살’을 최초로 개발했다고 주장해왔지만 법원은 사실이 아니라고 판단했다. 4일 채널A 등에 따르면, 수원지방법원 안양지원은 더본코리아 가맹점주 A 씨가 유튜버 김재환 PD를 상대로 낸 손해배상 소송에서 지난달 25일 원고 패소 판결했다. 김 PD는 ‘백 대표는 대패삼겹살 원조가 아니다’라고 주장해온 인물이다. 백 대표는 자신이 1993년 대패삼겹살을 최초로 개발했다고 여러 경로를 통해 주장해왔다. 더본코리아 홈페이지에도 그 같은 내용이 있다. 육절기를 구매하려다 햄 슬라이서를 사는 바람에 냉동 삼겹살을 썰다가 고기가 대패에 민 것처럼 돌돌 말려 나왔고, 그 모양에 착안해 대패삼겹살이라는 메뉴를 자신이 처음으로 세상에 내놨다는 주장이다. 백 대표는 1998년 ‘대패삼겹살’ 상표등록을 하기도 했다. 그러나 김 PD는 대패삼겹살이 1993년 이전부터 부산, 광주 등에서 자연스럽게 생겨나 팔리고 있었다며 백 대표의 주장이 거짓이라고 2 사회 ‘파리 한식당 개업’ 김어준 “사업 건들면 가만히 안 있겠다” 3 연예 변진섭이 친 골프공, 황영조 맞아 뇌진탕 의식 잃어…아찔한 사고 경험담 4 스포츠 이임생 캄보디아行에 김영광이 SNS에 붙인 말 5 연예 ‘심혜진 친조카’ 심재원, 혼혈 고백…“아들처럼 키웠다” 2 사회 ‘파리 한식당 개업’ 김어준 “사업 건들면 가만히 안 있겠다” ‘파리 한식당 개업’ 김어준 “사업 건들면 가만히 안 있겠다” 3 연예 변진섭이 친 골프공, 황영조 맞아 뇌진탕 의식 잃어…아찔한 사고 경험담 변진섭이 친 골프공, 황영조 맞아 뇌진탕 의식 잃어…아찔한 사고 경험담 4 스포츠 이임생 캄보디아行에 김영광이 SNS에 붙인 말 이임생 캄보디아行에 김영광이 SNS에 붙인 말 5 연예 ‘심혜진 친조카’ 심재원, 혼혈 고백…“아들처럼 키웠다” ‘심혜진 친조카’ 심재원, 혼혈 고백…“아들처럼 키웠다” 6 연예 딘딘 ‘손흥민 저격’ 논란 심경, “소신병 걸려…4년간 사과하고 다녔다” 7 사회 “요즘 65세가 노인인가” “지하철 얼마나 탄다고” 무임승차 상향 찬반 팽팽 8 연예 “행사비 5000인데, 내 손엔 200만원”…데뷔 10년 차 아이돌이 밝힌 정산 구조 9 연예 ‘전과 6범’ 임성근, 초대형 식당 ‘대박’…오픈 첫날 ‘1시간 만에 마감’ 6 연예 딘딘 ‘손흥민 저격’ 논란 심경, “소신병 걸려…4년간 사과하고 다녔다” 딘딘 ‘손흥민 저격’ 논란 심경, “소신병 걸려…4년간 사과하고 다녔다” 7 사회 “요즘 65세가 노인인가” “지하철 얼마나 탄다고” 무임승차 상향 찬반 팽팽 “요즘 65세가 노인인가” “지하철 얼마나 탄다고” 무임승차 상향 찬반 팽팽 8 연예 “행사비 5000인데, 내 손엔 200만원”…데뷔 10년 차 아이돌이 밝힌 정산 구조 “행사비 5000인데, 내 손엔 200만원”…데뷔 10년 차 아이돌이 밝힌 정산 구조 9 연예 ‘전과 6범’ 임성근, 초대형 식당 ‘대박’…오픈 첫날 ‘1시간 만에 마감’ ‘전과 6범’ 임성근, 초대형 식당 ‘대박’…오픈 첫날 ‘1시간 만에 마감’ 부동산 김흥국이 16억에 낙찰받은 그집, 50억이 됐다…하정우·민호도 반한 잠원 빌라 [초고가 주택 그들이 사는 세상] 서울 서초구 잠원동은 ‘메이플자이’, ‘오티에르신반포’, ‘아크로리버뷰’ 등 한강변을 중심으로 고가 단지들이 촘촘히 들어서있는 아파트 중심의 부촌으로 ‘띠에라하우스’는 철저한 프라이빗 주거 형태와 영구적 한강 조망권을 무기로 오랜 기간 자산가들의 선택을 받았다. 2 사회 백종원 “대패삼겹 내가 개발” 대반전…법원 “80년대 이미 유행” 3 사회 헬리오시티 9000원 가성비 뷔페 운영 중단, 이유는? 4 IT·과학 “억지 코믹 대사” “너무 올드한 개그” 쏟아지는 혹평에도 1위 알고보니…넷플릭스 알고리즘 힘 5 부동산 [영상] “강남서 약 1시간, 무려 220평” 양평 2층집이 3억대로 경매행 [부동산360] 6 스포츠 “그걸 왜 네가 얘기해”…“홍명보·손흥민 라커룸 갈등” 진종오 제보 공개 7 사회 ‘파리 한식당 개업’ 김어준 “사업 건들면 가만히 안 있겠다” 8 IT·과학 이틀 연속 30% 상한가…“삼전닉스 버리고, 샀는데” LG 다시 살아나나 9 생활·문화 오윤아, 이혼 11년 만에 ‘재혼’ 발표…“예비신랑은 일반인, 결혼 확신한 이유는” 부동산 김흥국이 16억에 낙찰받은 그집, 50억이 됐다…하정우·민호도 반한 잠원 빌라 [초고가 주택 그들이 사는 세상] 서울 서초구 잠원동은 ‘메이플자이’, ‘오티에르신반포’, ‘아크로리버뷰’ 등 한강변을 중심으로 고가 단지들이 촘촘히 들어서있는 아파트 중심의 부촌으로 ‘띠에라하우스’는 철저한 프라이빗 주거 형태와 영구적 한강 조망권을 무기로 오랜 기간 자산가들의 선택을 받았다. 김흥국이 16억에 낙찰받은 그집, 50억이 됐다…하정우·민호도 반한 잠원 빌라 [초고가 주택 그들이 사는 세상] 서울 서초구 잠원동은 ‘메이플자이’, ‘오티에르신반포’, ‘아크로리버뷰’ 등 한강변을 중심으로 고가 단지들이 촘촘히 들어서있는 아파트 중심의 부촌으로 ‘띠에라하우스’는 철저한 프라이빗 주거 형태와 영구적 한강 조망권을 무기로 오랜 기간 자산가들의 선택을 받았다. 2 사회 백종원 “대패삼겹 내가 개발” 대반전…법원 “80년대 이미 유행” 3 사회 헬리오시티 9000원 가성비 뷔페 운영 중단, 이유는? 4 IT·과학 “억지 코믹 대사” “너무 올드한 개그” 쏟아지는 혹평에도 1위 알고보니…넷플릭스 알고리즘 힘 5 부동산 [영상] “강남서 약 1시간, 무려 220평” 양평 2층집이 3억대로 경매행 [부동산360] 2 사회 백종원 “대패삼겹 내가 개발” 대반전…법원 “80년대 이미 유행” 3 사회 헬리오시티 9000원 가성비 뷔페 운영 중단, 이유는? 헬리오시티 9000원 가성비 뷔페 운영 중단, 이유는? 4 IT·과학 “억지 코믹 대사” “너무 올드한 개그” 쏟아지는 혹평에도 1위 알고보니…넷플릭스 알고리즘 힘 “억지 코믹 대사” “너무 올드한 개그” 쏟아지는 혹평에도 1위 알고보니…넷플릭스 알고리즘 힘 5 부동산 [영상] “강남서 약 1시간, 무려 220평” 양평 2층집이 3억대로 경매행 [부동산360] [영상] “강남서 약 1시간, 무려 220평” 양평 2층집이 3억대로 경매행 [부동산360] 6 스포츠 “그걸 왜 네가 얘기해”…“홍명보·손흥민 라커룸 갈등” 진종오 제보 공개 7 사회 ‘파리 한식당 개업’ 김어준 “사업 건들면 가만히 안 있겠다” 8 IT·과학 이틀 연속 30% 상한가…“삼전닉스 버리고, 샀는데” LG 다시 살아나나 9 생활·문화 오윤아, 이혼 11년 만에 ‘재혼’ 발표…“예비신랑은 일반인, 결혼 확신한 이유는” 6 스포츠 “그걸 왜 네가 얘기해”…“홍명보·손흥민 라커룸 갈등” 진종오 제보 공개 “그걸 왜 네가 얘기해”…“홍명보·손흥민 라커룸 갈등” 진종오 제보 공개 7 사회 ‘파리 한식당 개업’ 김어준 “사업 건들면 가만히 안 있겠다” 8 IT·과학 이틀 연속 30% 상한가…“삼전닉스 버리고, 샀는데” LG 다시 살아나나 이틀 연속 30% 상한가…“삼전닉스 버리고, 샀는데” LG 다시 살아나나 9 생활·문화 오윤아, 이혼 11년 만에 ‘재혼’ 발표…“예비신랑은 일반인, 결혼 확신한 이유는” 오윤아, 이혼 11년 만에 ‘재혼’ 발표…“예비신랑은 일반인, 결혼 확신한 이유는” 부동산 김흥국이 16억에 낙찰받은 그집, 50억이 됐다…하정우·민호도 반한 잠원 빌라 [초고가 주택 그들이 사는 세상] 서울 서초구 잠원동은 ‘메이플자이’, ‘오티에르신반포’, ‘아크로리버뷰’ 등 한강변을 중심으로 고가 단지들이 촘촘히 들어서있는 아파트 중심의 부촌으로 ‘띠에라하우스’는 철저한 프라이빗 주거 형태와 영구적 한강 조망권을 무기로 오랜 기간 자산가들의 선택을 받았다. 2 사회 백종원 “대패삼겹 내가 개발” 대반전…법원 “80년대 이미 유행” 3 연예 백종원·소유진 ‘위암 사별’ 남편에 보낸 선물…“수시로 보내겠다. 식사 잘 챙겨 드시라” 4 부동산 [영상] 용인 기흥 194평 럭셔리 저택, ‘13억→4억’ 됐다 [부동산360] 5 연예 ‘800평 대저택’ 노주현…세컨드하우스는 月400만원 초호화 서울 실버타운 6 연예 딘딘 ‘손흥민 저격’ 논란 심경, “소신병 걸려…4년간 사과하고 다녔다” 7 사회 “요즘 65세가 노인인가” “지하철 얼마나 탄다고” 무임승차 상향 찬반 팽팽 8 연예 “행사비 5000인데, 내 손엔 200만원”…데뷔 10년 차 아이돌이 밝힌 정산 구조 9 연예 ‘전과 6범’ 임성근, 초대형 식당 ‘대박’…오픈 첫날 ‘1시간 만에 마감’ 2 사회 백종원 “대패삼겹 내가 개발” 대반전…법원 “80년대 이미 유행” 3 연예 백종원·소유진 ‘위암 사별’ 남편에 보낸 선물…“수시로 보내겠다. 식사 잘 챙겨 드시라” 4 부동산 [영상] 용인 기흥 194평 럭셔리 저택, ‘13억→4억’ 됐다 [부동산360] 5 연예 ‘800평 대저택’ 노주현…세컨드하우스는 月400만원 초호화 서울 실버타운 3 연예 백종원·소유진 ‘위암 사별’ 남편에 보낸 선물…“수시로 보내겠다. 식사 잘 챙겨 드시라” 백종원·소유진 ‘위암 사별’ 남편에 보낸 선물…“수시로 보내겠다. 식사 잘 챙겨 드시라” 4 부동산 [영상] 용인 기흥 194평 럭셔리 저택, ‘13억→4억’ 됐다 [부동산360] [영상] 용인 기흥 194평 럭셔리 저택, ‘13억→4억’ 됐다 [부동산360] 5 연예 ‘800평 대저택’ 노주현…세컨드하우스는 月400만원 초호화 서울 실버타운 ‘800평 대저택’ 노주현…세컨드하우스는 月400만원 초호화 서울 실버타운",6130,bs4_selector,13.0,individual_case_not_policy,-34.5,False,False,https://news.google.com/rss/articles/CBMiVkFVX3lxTFBFOHV1d3hWaEVLZVBibTRsLVFQVmZUWGZNVFY1YjhwMlczWUxNc2pmblBnOVZOem5rV0RaYlpsSnFOLWFZZmhjeG9HSzRMQmhVUUtlLWpn?oc=5,https://biz.heraldcorp.com/article/10801605,204.5,"ai_infrastructure_security,legal_regulatory_enforcement,market_power_platform",ai_infrastructure_security,2026-07-08,json_ld:datePublished,original_date_recent,3,46.55,,-11.0,global_incident:leadership_service:naver:leadership_service:litigation,global_incident:leadership_service:naver:leadership_service,0.0,,,,issue_representative_attempt,I013,comp_domestic_ai_platform:네이버클라우드 미스트랄ai 제조 ai 사업 맞손 전방위 파트너십 체결,네이버,경쟁사/해외이슈,경쟁사_해외이슈,경쟁사_해외이슈,경쟁사_해외이슈,경쟁사/해외이슈,,,,,,,,,,,,,,,,,,,,,,,,,,,
경쟁사_해외이슈,경쟁사/해외이슈,네이버,"네이버클라우드·미스트랄AI, 제조 AI 손잡았다… 아시아·유럽 소버린 연합",플래텀(Platum),플래텀(Platum),"Wed, 08 Jul 2026 01:28:36 GMT","Wed, 08 Jul 2026 01:28:36 GMT","네이버클라우드·미스트랄AI, 제조 AI 손잡았다… 아시아·유럽 소버린 연합 플래텀(Platum)","미국 빅테크가 주도하는 AI 시장에 아시아와 유럽의 대표 기업이 맞손을 잡았다. 첫 전략 시장은 제조다. 네이버클라우드와 프랑스 AI 기업 미스트랄AI는 제조 AI 시장을 함께 공략하는 전방위 파트너십을 맺었다. 미국 중심의 범용 AI 대신 유럽·아시아 제조 현장의 데이터 주권과 산업 특성에 맞춘 소버린 AI 솔루션으로 글로벌 제조 기업을 겨냥한다는 구상이다. 두 회사는 엔비디아가 주요 기업들과 구성한 ‘네모트론 연합’의 회원사로 이미 같은 기술 생태계를 공유하고 있다. 이를 토대로 시너지가 클 것으로 보는 제조 산업을 중심으로 공동 사업을 펼친다. 미스트랄AI는 에어버스, BMW, ASML 등 유럽 주요 제조 기업과 협업하며 제조 특화 AI 역량을 쌓아온 기업으로, 네이버클라우드의 인프라와 결합해 제조 현장에 바로 적용할 수 있는 솔루션을 함께 선보인다는 방침이다. 국내 사업도 함께 시작한다. 네이버 클라우드 플랫폼을 통해 미스트랄AI의 최신 모델과 플랫폼 등 풀스택 상품이 공급되고, 국내 고객사 현장에는 미스트랄AI의 현장 전담 엔지니어(FDE)가 직접 파견돼 기술 지원과 이슈 해결을 맡는다. 미스트랄AI가 유럽 제조 현장에서 축적한 실시간 품질 이상 감지, 부품 선택 최적화 같은 활용 사례를 한국 제조 환경에 접목하는 것을 첫 과제로 삼는다. 국내 제조 기업이 데이터를 외부에 노출하지 않는 환경에서 제조 AI 기술을 쓸 수 있게 한다는 계획이다. 111111 양사는 계약 직후 네이버 제2사옥 1784에서 공동 워크숍을 열고 제조 분야 상용화 서비스 출시 계획과 실행 로드맵 수립에 착수했다. 김유원 네이버클라우드 대표는 “이번 파트너십은 글로벌 시장에서 검증된 미스트랄AI의 제조 특화 기술력과 네이버클라우드의 안정적인 인프라를 결합하는 실질적인 비즈니스 협력”이라며 “국내에서 성공적인 레퍼런스를 구축하고, 이를 바탕으로 글로벌 소버린 AI 시장에서 공동 비즈니스 기회를 지속적으로 발굴해 나갈 것”이라고 말했다. 제프 순 미스트랄AI APAC 대표는 “네이버클라우드는 제조 AI 비즈니스를 함께 실현할 수 있는 최적의 파트너”라며 “미스트랄AI가 유럽 제조 현장에서 쌓아온 노하우와 네이버클라우드의 탄탄한 인프라를 결합해 한국을 포함한 글로벌 제조 기업들의 AI 전환을 실질적으로 지원하겠다”고 말했다. 네이버클라우드 미스트랄AI 소버린 AI 미국 빅테크가 주도하는 AI 시장에 아시아와 유럽의 대표 기업이 맞손을 잡았다. 첫 전략 시장은 제조다. 네이버클라우드와 프랑스 AI 기업 미스트랄AI는 제조 AI 시장을 함께 공략하는 전방위 파트너십을 맺었다. 미국 중심의 범용 AI 대신 유럽·아시아 제조 현장의 데이터 주권과 산업 특성에 맞춘 소버린 AI 솔루션으로 글로벌 제조 기업을 겨냥한다는 구상이다. 두 회사는 엔비디아가 주요 기업들과 구성한 ‘네모트론 연합’의 회원사로 이미 같은 기술 생태계를 공유하고 있다. 이를 토대로 시너지가 클 것으로 보는 제조 산업을 중심으로 공동 사업을 펼친다. 미스트랄AI는 에어버스, BMW, ASML 등 유럽 주요 제조 기업과 협업하며 제조 특화 AI 역량을 쌓아온 기업으로, 네이버클라우드의 인프라와 결합해 제조 현장에 바로 적용할 수 있는 솔루션을 함께 선보인다는 방침이다. 국내 사업도 함께 시작한다. 네이버 클라우드 플랫폼을 통해 미스트랄AI의 최신 모델과 플랫폼 등 풀스택 상품이 공급되고, 국내 고객사 현장에는 미스트랄AI의 현장 전담 엔지니어(FDE)가 직접 파견돼 기술 지원과 이슈 해결을 맡는다. 미스트랄AI가 유럽 제조 현장에서 축적한 실시간 품질 이상 감지, 부품 선택 최적화 같은 활용 사례를 한국 제조 환경에 접목하는 것을 첫 과제로 삼는다. 국내 제조 기업이 데이터를 외부에 노출하지 않는 환경에서 제조 AI 기술을 쓸 수 있게 한다는 계획이다. 111111 양사는 계약 직후 네이버 제2사옥 1784에서 공동 워크숍을 열고 제조 분야 상용화 서비스 출시 계획과 실행 로드맵 수립에 착수했다. 김유원 네이버클라우드 대표는 “이번 파트너십은 글로벌 시장에서 검증된 미스트랄AI의 제조 특화 기술력과 네이버클라우드의 안정적인 인프라를 결합하는 실질적인 비즈니스 협력”이라며 “국내에서 성공적인 레퍼런스를 구축하고, 이를 바탕으로 글로벌 소버린 AI 시장에서 공동 비즈니스 기회를 지속적으로 발굴해 나갈 것”이라고 말했다. 제프 순 미스트랄AI APAC 대표는 “네이버클라우드는 제조 AI 비즈니스를 함께 실현할 수 있는 최적의 파트너”라며 “미스트랄AI가 유럽 제조 현장에서 쌓아온 노하우와 네이버클라우드의 탄탄한 인프라를 결합해 한국을 포함한 글로벌 제조 기업들의 AI 전환을 실질적으로 지원하겠다”고 말했다. 미국 빅테크가 주도하는 AI 시장에 아시아와 유럽의 대표 기업이 맞손을 잡았다. 첫 전략 시장은 제조다. 네이버클라우드와 프랑스 AI 기업 미스트랄AI는 제조 AI 시장을 함께 공략하는 전방위 파트너십을 맺었다. 미국 중심의 범용 AI 대신 유럽·아시아 제조 현장의 데이터 주권과 산업 특성에 맞춘 소버린 AI 솔루션으로 글로벌 제조 기업을 겨냥한다는 구상이다. 두 회사는 엔비디아가 주요 기업들과 구성한 ‘네모트론 연합’의 회원사로 이미 같은 기술 생태계를 공유하고 있다. 이를 토대로 시너지가 클 것으로 보는 제조 산업을 중심으로 공동 사업을 펼친다. 미스트랄AI는 에어버스, BMW, ASML 등 유럽 주요 제조 기업과 협업하며 제조 특화 AI 역량을 쌓아온 기업으로, 네이버클라우드의 인프라와 결합해 제조 현장에 바로 적용할 수 있는 솔루션을 함께 선보인다는 방침이다. 국내 사업도 함께 시작한다. 네이버 클라우드 플랫폼을 통해 미스트랄AI의 최신 모델과 플랫폼 등 풀스택 상품이 공급되고, 국내 고객사 현장에는 미스트랄AI의 현장 전담 엔지니어(FDE)가 직접 파견돼 기술 지원과 이슈 해결을 맡는다. 미스트랄AI가 유럽 제조 현장에서 축적한 실시간 품질 이상 감지, 부품 선택 최적화 같은 활용 사례를 한국 제조 환경에 접목하는 것을 첫 과제로 삼는다. 국내 제조 기업이 데이터를 외부에 노출하지 않는 환경에서 제조 AI 기술을 쓸 수 있게 한다는 계획이다. 양사는 계약 직후 네이버 제2사옥 1784에서 공동 워크숍을 열고 제조 분야 상용화 서비스 출시 계획과 실행 로드맵 수립에 착수했다. 김유원 네이버클라우드 대표는 “이번 파트너십은 글로벌 시장에서 검증된 미스트랄AI의 제조 특화 기술력과 네이버클라우드의 안정적인 인프라를 결합하는 실질적인 비즈니스 협력”이라며 “국내에서 성공적인 레퍼런스를 구축하고, 이를 바탕으로 글로벌 소버린 AI 시장에서 공동 비즈니스 기회를 지속적으로 발굴해 나갈 것”이라고 말했다. 제프 순 미스트랄AI APAC 대표는 “네이버클라우드는 제조 AI 비즈니스를 함께 실현할 수 있는 최적의 파트너”라며 “미스트랄AI가 유럽 제조 현장에서 쌓아온 노하우와 네이버클라우드의 탄탄한 인프라를 결합해 한국을 포함한 글로벌 제조 기업들의 AI 전환을 실질적으로 지원하겠다”고 말했다. 손요한 기자 / 제 눈에 스타트업 관계자들은 연예인입니다. 그들의 오늘을 기록합니다. 가끔 해외 취재도 가고 서비스 리뷰도 합니다. 기자 / 제 눈에 스타트업 관계자들은 연예인입니다. 그들의 오늘을 기록합니다. 가끔 해외 취재도 가고 서비스 리뷰도 합니다.",3572,bs4_selector,-10.0,date_failed:original_date_too_old>52h:2026-06-11,95.5,False,False,https://news.google.com/rss/articles/CBMiSEFVX3lxTFBCWl9JTmRHdWxXSUpkV3FlcDFJS3BCeWZFdjZzOUFSSmJEdmZ0VzNlUUNnbHl1TEZSekJ2NzhDOGlGY0tEdHFiZA?oc=5,https://platum.kr/archives/290583,201.5,"ai_infrastructure_security,kim_beomsoo_trial,market_power_platform,platform_obligation,policy_legislation",ai_infrastructure_security,2026-06-11,time_tag,original_date_too_old>52h,22,48.85,privacy_security:naver:data_leak:initial_investigation_response,7.0,global_incident:platform_regulation:naver:platform_data_protection_obligation:announcement,global_incident:platform_regulation:naver:platform_data_protection_obligation,24.0,competitor:platform_obligation,Y,,issue_representative_attempt,I017,comp_domestic_ai_platform:네이버클라우드 미스트랄ai 제조 ai 손잡았다 아시아 유럽 소버린 연합,네이버,경쟁사/해외이슈,경쟁사_해외이슈,경쟁사_해외이슈,경쟁사_해외이슈,경쟁사/해외이슈,,,,,,,,,,,,,,,,,,,,,,,,,,,
정부_국회,정부/국회,일본 빅테크,"에너지·첨단 인프라 수요 폭증…""데이터센터·원전 패키지로 승부""",네이트,네이트,"Tue, 07 Jul 2026 09:30:00 GMT","Tue, 07 Jul 2026 09:30:00 GMT","에너지·첨단 인프라 수요 폭증…""데이터센터·원전 패키지로 승부"" 네이트","■ 현대건설 日 상륙 현대건설이 일본 건설시장에 진출한 것은 인공지능(AI) 특수로 데이터센터와 같은 인프라 수요가 폭증하고 있지만 일본 대형 건설사들의 시공 여력이 한계에 봉착해 외국 건설사에도 참여 기회가 확대되고 있어서다. 현대건설은 이 틈을 공략해 데이터센터뿐 아니라 원전과 소형모듈원자로(SMR)까지 패키지로 수주하겠다는 복안이다. 7일 건설업계에 따르면 현대건설은 해외 먹거리를 본격적으로 발굴하기 위해 올 3월 건축주택사업본부 내 글로벌데이터센터팀을 신설했다. 신사업의 경우 보통 태스크포스(TF) 차원에서 접근하지만 정식 팀으로 격상한 데는 현대건설의 미래 먹거리 발굴 의지가 담겼다는 평가다. 앞서 지난해 3월 현대건설이 처음 개최한 인베스터데이에서도 이한우 대표가 데이터센터와 대형 원전, SMR을 하나로 묶은 에너지 패키지 전략을 제시했다. 데이터센터 가동을 위해 전력 인프라가 필수적인 만큼 데이터센터 시공을 넘어 전력 공급과 에너지 인프라까지 함께 수출하겠다는 구상이다. 현지 관계자들에 따르면 일본은 이러한 패키지 전략의 시험대가 될 수 있는 시장으로 꼽힌다. AI 투자 확대로 인해 일본 기업뿐 아니라 글로벌 빅테크가 일본 전역에서 대규모 AI 데이터센터(AIDC) 구축 계획을 잇따라 밝히면서 인프라 수요가 급격히 늘어나고 있다. 오사카부 사카이시 샤프 공장 부지에서는 KDDI의 최신 데이터센터가 올해 1월 가동을 시작했다. 엔비디아의 최신 반도체를 탑재한 이 시설은 48메가와트(㎿)급 전력 수용 능력을 갖췄다. 소프트뱅크도 사카이시에 150㎿ 규모 데이터센터를 연내 완공 목표로 짓고 있으며 홋카이도에서도 대형 프로젝트를 추진 중이다. 도야마현과 가고시마현 등 지방자치단체들도 지역 기업과 손잡고 350~400㎿급 초대형 데이터센터 건설을 검토하고 있다. 일본 총무성은 일본의 AI 관련 시장이 2029년 약 4조2000억 엔 규모로 지난해의 3배 수준으로 커질 것으로 보고 있다. 다만 공급 병목 현상이 뚜렷하다. 일본 대형 건설사(제네콘)들은 TSMC가 추진하는 구마모토 공장과 반도체·첨단산업 프로젝트에 인력과 장비가 집중돼 있다. 데이터센터 시공 목표는 수십 ㎿급에서 수백 ㎿급으로 대형화하고 있지만 이를 제때 지을 수 있는 시공 여력은 부족하다는 평가가 나온다. 한 일본 현지 관계자는 “AIDC 수요는 급증하고 있지만 이를 소화할 수 있는 중견 이상의 건설사가 부족한 상황”이라며 “이전과 달리 국내 건설사들이 적극적으로 일본 시장을 공략하는 것도 기회가 있다는 판단이 작용한 것”이라고 짚었다. 현대건설은 이미 데이터센터와 원전 분야에 있어서 착실히 시공 레퍼런스를 쌓아왔다. 내년 10월 상업운전을 목표로 추진 중인 포항 AIDC 사업에서 우선협상대상자로 선정된 것은 물론 서울 구로구 항동 데이터센터, 안산 성공동·시화 데이터센터 등 주요 프로젝트를 진행하고 있다. AIDC가 대용량 전력 공급, 냉각, 내진 설계 등 고난도 기술력을 요구하는 만큼 이 같은 경험이 일본 시장 진출의 무기가 될 것이라는 분석이다. 첨단 인프라 시공능력을 보유한 일본 대형 건설사와 비교해도 현대건설의 체급이 밀리지 않는다는 분석도 나온다. 일본 대형 건설사인 카지마건설과 오바야시구미의 지난해 매출은 각각 2조9000억 엔(약 27조 원), 2조6000억 엔(약 24조 원) 수준으로 현대건설의 지난해 매출(약 31조 원)보다 적다. 여기에 원전·플랜트·데이터센터 시공 경험을 함께 보유한 점은 AI 인프라 시장에서 차별화된 경쟁력으로 꼽힌다. 다른 국내 건설사들도 일본 접점을 넓히고 있다. 삼성물산 건설부문은 일본 도쿄 법인에서 2023년 일본 건설면허를 취득한 뒤 일본 현지 기업과의 협력 사업을 확대하고 있다. 최근에는 일본 인프로니아홀딩스와 글로벌 민관합작투자사업(PPP)·컨세션 사업 협력을 위한 업무협약을 체결하며 개발·투자·운영 중심의 협력 모델을 강화하고 있다. 대우건설은 1990년대 일본 시장을 처음 개척해 후쿠오카 캐널 시티 등 대형 프로젝트를 수행했지만 현재는 별도 일본 지사를 운영하지 않는다. 대신 일본 JGC와 사우디아라비아 자잔 리파이너리 프로젝트를 함께 수행하는 등 제3국 공동 수주 방식으로 협력을 이어가고 있다. 업계 관계자는 “AIDC는 앞으로 원전, 송배전망, 에너지저장장치(ESS) 등 에너지 인프라와 함께 움직이는 시장이 될 가능성이 크다”며 “첨단 시공능력을 앞세워 인프라 공급 병목을 뚫는다면 충분히 기회가 있다”고 말했다. 정혜진 기자 madein@sedaily.com [서울경제",2217,trafilatura,88.0,category_reassign_blocked_max:경쟁사_해외이슈:v26_2_foreign_policy_to_competitor_overseas,-10.0,True,True,https://news.google.com/rss/articles/CBMiU0FVX3lxTE4yUV9zbWp6MXNnS21uN3h3cEtsdGpsdjFfalRSUnl0WndHRUJGdTNWNjRtOGlGWEYwZVZ5WnFTOTNvZm1DV2pIWXJZNXh2cFdVc0JV?oc=5,https://news.nate.com/view/20260707n32849,37.5,"ai_infrastructure_security,aidc_datacenter,earnings,financial_performance,kim_beomsoo_trial,platform_obligation,policy_legislation,strategy_mna_governance",aidc_law_power,2026-07-07,url_date,original_date_recent,2,120.2,,23.0,global_incident:platform_regulation:platform_sector:platform_data_protection_obligation:announcement,global_incident:platform_regulation:platform_sector:platform_data_protection_obligation,24.0,government:platform_obligation,Y,,issue_representative_attempt,I064,government_ai_core_policy:에너지 첨단 인프라 수요 폭증 데이터센터 원전 패키지로 승부,일본 빅테크,경쟁사/해외이슈,경쟁사_해외이슈,정부_국회,정부_국회,정부/국회,ok,http_200,body_valid,government_ai_core_policy,GOV_AI_DIGITAL_POLICY,450.25,,OFF_TOPIC,COMP_GENERAL_LOW_RELEVANCE,other,정부_국회,GOV_AI_DIGITAL_POLICY,government_ai_core_policy,government_ai_core_policy:에너지 첨단 인프라 수요 폭증 데이터센터 원전 패키지로 승부,government_ai_core_policy:에너지 첨단 인프라 수요 폭증 데이터센터 원전 패키지로 승부,카카오 AI agent/AI 서비스 전략과 연결되는 핵심 정책환경,4.0,4.0,5.0,v26.2: no central Korean public actor/action for Government section: no_public_actor_action_domain / v26.2: overseas structural industry candidate,v43_soft_target:산업동향: daily-safe portfolio rescue,issue_selected,N:foreign_policy,24.0,본문추출성공,reassign_blocked:v26_2_foreign_policy_to_competitor_overseas,
정부_국회,정부/국회,정무위원회,디지털자산기본법 논의 재가동 기대…정무위에 입법 인사 포진,이투데이,이투데이,"Tue, 07 Jul 2026 01:41:00 GMT","Tue, 07 Jul 2026 01:41:00 GMT",디지털자산기본법 논의 재가동 기대…정무위에 입법 인사 포진 이투데이,"입력 2026-07-07 10:41 박정호 기자 기자 이름을 클릭하면 더 자세한 정보를 확인할 수 있어요! 북마크 되었습니다. 마이페이지에서 확인하세요. 기사 듣기 00:00 / 입력 2026-07-07 10:41 박정호 기자 기자 이름을 클릭하면 더 자세한 정보를 확인할 수 있어요! 박정호 기자 기자 이름을 클릭하면 더 자세한 정보를 확인할 수 있어요! 기자 이름을 클릭하면 더 자세한 정보를 확인할 수 있어요! 북마크 되었습니다. 마이페이지에서 확인하세요. 민주당 정무위원 13명 중 8명, 디지털자산 법안 발의 참여 박상혁 여당 간사 선임…주요 대표발의자 정무위 포진 거래소 지분 제한·스테이블코인 요건 등 쟁점 조율 관건 ▲6일 국회에서 열린 정무위원회 제1차 전체회의가 국민의힘 소속 위원들이 불참한 가운데 진행되고 있다. (연합뉴스) 제22대 국회 후반기 정무위원회가 새로 꾸려지면서 디지털자산기본법 논의가 다시 속도를 낼 지 주목된다. 정무위에 배정된 더불어민주당 의원 상당수가 디지털자산 관련 법안 발의에 참여한 데다 주요 법안 대표 발의자들도 정무위에 포진하면서 제도화 논의의 기반이 넓어졌다는 평가가 나온다. 다만 거래소 대주주 지분 제한과 스테이블코인 발행 요건 등 핵심 쟁점이 남아 법안 병합 심사와 단일안 조율이 입법 속도를 가를 전망이다. 7일 정치권과 가상자산 업계에 따르면 제22대 국회 후반기 정무위에 배정된 더불어민주당 의원 13명 가운데 8명이 디지털자산 관련 법안 발의에 참여한 것으로 나타났다. 강준현·김현정·민병덕·박민규·박상혁·유동수·이강일·한민수 의원이 관련 법안 대표발의자 또는 공동발의자 명단에 이름을 올렸다. 국민의힘 정무위원 중에서는 김재섭·김상훈 의원이 디지털자산 법안 발의 명단에 포함됐다. 김재섭 의원은 디지털자산시장통합법안을 대표 발의했고 김상훈 의원은 관련 법안 공동 발의자로 참여했다. 여야 모두에서 디지털자산 제도화 법안에 관여한 의원들이 정무위에 배치된 셈이다. 특히 민주당 정무위원에 디지털자산 제도화 법안 발의 참여자가 다수 포진한 상황에서 박상혁 의원이 여당 간사를 맡으면서 관련 입법 논의에 힘이 실릴 수 있다는 전망도 나온다. 박 의원은 '디지털자산의 시장 및 산업에 관한 법률안'을 대표 발의했다. 민병덕·김현정·이강일 의원도 각각 '디지털자산기본법안', '가치안정형 디지털자산 발행업 등에 관한 법률안', '디지털자산시장의 혁신과 성장에 관한 법률안'을 대표 발의했다. 정무위 첫 전체회의에서도 디지털자산 입법 필요성이 거론됐다. 이강일 의원은 6일 열린 전체회의에서 “디지털 자산 입법과 관련되는 부분이 상당히 오랫동안 논의가 됐는데 지난 정무위에서 통과시키지 못했다”며 “시장이 기대에서 실망으로 완전히 변한 상황”이라고 지적했다. 이어 “동력을 다시 끌어올려야 한다”고 강조했다. 유동수 정무위원장도 디지털자산기본법을 정무위 주요 현안으로 꼽았다. 유 위원장은 디지털자산기본법 관련 문제와 자본시장 변동성 등을 언급하며 “정무위가 현재 현안으로 가장 깊이 다뤄야 할 문제라고 인식하고 있다”고 밝혔다. 다만 실제 입법까지는 적지 않은 문턱을 넘어야 한다. 현재 국회에는 디지털자산기본법안뿐 아니라 스테이블코인 성격의 가치고정형·가치안정형 디지털자산 법안, 디지털자산시장통합법안 등이 함께 올라온 상태다. 법안별 규율 대상과 감독 체계, 산업 육성 방향이 달라 정무위 법안심사 과정에서 병합 심사와 단일안 조율이 핵심 과제로 꼽힌다. 쟁점도 여전하다. 심수빈 키움증권 연구원은 “가상자산 거래소 대주주 지분 제한, 스테이블코인 발행사의 지분 요건 등 핵심 규율 방안을 둘러싼 이견이 지속 중”이라며 “단일안 합의, 국회 통과 등의 과정을 거쳐야 하는 만큼 실질적인 법안 시행 시점이 2028년으로 지연될 가능성도 언급된다”고 말했다. 민주당 정무위원 13명 중 8명, 디지털자산 법안 발의 참여 박상혁 여당 간사 선임…주요 대표발의자 정무위 포진 거래소 지분 제한·스테이블코인 요건 등 쟁점 조율 관건 ▲6일 국회에서 열린 정무위원회 제1차 전체회의가 국민의힘 소속 위원들이 불참한 가운데 진행되고 있다. (연합뉴스) 제22대 국회 후반기 정무위원회가 새로 꾸려지면서 디지털자산기본법 논의가 다시 속도를 낼 지 주목된다. 정무위에 배정된 더불어민주당 의원 상당수가 디지털자산 관련 법안 발의에 참여한 데다 주요 법안 대표 발의자들도 정무위에 포진하면서 제도화 논의의 기반이 넓어졌다는 평가가 나온다. 다만 거래소 대주주 지분 제한과 스테이블코인 발행 요건 등 핵심 쟁점이 남아 법안 병합 심사와 단일안 조율이 입법 속도를 가를 전망이다. 7일 정치권과 가상자산 업계에 따르면 제22대 국회 후반기 정무위에 배정된 더불어민주당 의원 13명 가운데 8명이 디지털자산 관련 법안 발의에 참여한 것으로 나타났다. 강준현·김현정·민병덕·박민규·박상혁·유동수·이강일·한민수 의원이 관련 법안 대표발의자 또는 공동발의자 명단에 이름을 올렸다. 국민의힘 정무위원 중에서는 김재섭·김상훈 의원이 디지털자산 법안 발의 명단에 포함됐다. 김재섭 의원은 디지털자산시장통합법안을 대표 발의했고 김상훈 의원은 관련 법안 공동 발의자로 참여했다. 여야 모두에서 디지털자산 제도화 법안에 관여한 의원들이 정무위에 배치된 셈이다. 특히 민주당 정무위원에 디지털자산 제도화 법안 발의 참여자가 다수 포진한 상황에서 박상혁 의원이 여당 간사를 맡으면서 관련 입법 논의에 힘이 실릴 수 있다는 전망도 나온다. 박 의원은 '디지털자산의 시장 및 산업에 관한 법률안'을 대표 발의했다. 민병덕·김현정·이강일 의원도 각각 '디지털자산기본법안', '가치안정형 디지털자산 발행업 등에 관한 법률안', '디지털자산시장의 혁신과 성장에 관한 법률안'을 대표 발의했다. 정무위 첫 전체회의에서도 디지털자산 입법 필요성이 거론됐다. 이강일 의원은 6일 열린 전체회의에서 “디지털 자산 입법과 관련되는 부분이 상당히 오랫동안 논의가 됐는데 지난 정무위에서 통과시키지 못했다”며 “시장이 기대에서 실망으로 완전히 변한 상황”이라고 지적했다. 이어 “동력을 다시 끌어올려야 한다”고 강조했다. 유동수 정무위원장도 디지털자산기본법을 정무위 주요 현안으로 꼽았다. 유 위원장은 디지털자산기본법 관련 문제와 자본시장 변동성 등을 언급하며 “정무위가 현재 현안으로 가장 깊이 다뤄야 할 문제라고 인식하고 있다”고 밝혔다. 다만 실제 입법까지는 적지 않은 문턱을 넘어야 한다. 현재 국회에는 디지털자산기본법안뿐 아니라 스테이블코인 성격의 가치고정형·가치안정형 디지털자산 법안, 디지털자산시장통합법안 등이 함께 올라온 상태다. 법안별 규율 대상과 감독 체계, 산업 육성 방향이 달라 정무위 법안심사 과정에서 병합 심사와 단일안 조율이 핵심 과제로 꼽힌다. 쟁점도 여전하다. 심수빈 키움증권 연구원은 “가상자산 거래소 대주주 지분 제한, 스테이블코인 발행사의 지분 요건 등 핵심 규율 방안을 둘러싼 이견이 지속 중”이라며 “단일안 합의, 국회 통과 등의 과정을 거쳐야 하는 만큼 실질적인 법안 시행 시점이 2028년으로 지연될 가능성도 언급된다”고 말했다. 관련 뉴스 디지털자산기본법 잰걸음…""구체적 후속 법체계 속도내야"" 디지털자산기본법 발의 1년…지선 이후 입법 시계 다시 움직이나 바이낸스 2억 달러 대규모 손해배상 소송에 위기設 ‘솔솔’ 디지털자산기본법 잰걸음…""구체적 후속 법체계 속도내야"" 디지털자산기본법 발의 1년…지선 이후 입법 시계 다시 움직이나 바이낸스 2억 달러 대규모 손해배상 소송에 위기設 ‘솔솔’ #디지털자산기본법 #정무위원회 #스테이블코인 #거래소지분제한 #2단계법 박정호 기자의",3706,bs4_selector,86.0,body_validation_failed:body_contamination_political_sidebar,195.0,False,False,https://news.google.com/rss/articles/CBMiVEFVX3lxTE9HRWRfSE5pck5lYzNjOWVVd2QwRzVQTkJtTDhpZjRjc1AtOUlmMGR4XzAxd0Q3SGFTUmVzUHFwVm9yZzh0QXdmNmtPOWVzZDJyTFdfcQ?oc=5,https://www.etoday.co.kr/news/view/2601021,102.6,"digital_asset_stablecoin,platform_obligation,policy_legislation,stablecoin,strategy_mna_governance",stablecoin_legislation,2026-07-07,json_ld:datePublished,original_date_recent,5,263.9,,23.0,global_incident:platform_regulation:digital_asset_sector:platform_operator_obligation:policy_change,global_incident:platform_regulation:digital_asset_sector:platform_operator_obligation,56.0,government:platform_obligation,Y,,issue_representative_attempt,I092,global_incident:digital_asset_policy:digital_asset_sector:digital_asset_policy,정무위원회,정부/국회,정부_국회,정부_국회,정부_국회,정부/국회,ok,http_200,body_contamination_political_sidebar,,,,,,,,,,,,,,,,,,,,,,본문오염의심_대체필요,,
정부_국회,정부/국회,정무위원회,디지털자산기본법 논의 재가동 기대…정무위에 입법 인사 포진,v.daum.net,v.daum.net,"Tue, 07 Jul 2026 01:42:10 GMT","Tue, 07 Jul 2026 01:42:10 GMT",디지털자산기본법 논의 재가동 기대…정무위에 입법 인사 포진 v.daum.net,"디지털자산기본법 논의 재가동 기대…정무위에 입법 인사 포진 박정호 기자 2026. 7. 7. 글자 수 10,000자 초과 시 일부만 음성으로 제공합니다. 가 매우 작은 폰트 작은 폰트 보통 폰트 큰 폰트 매우 큰 폰트 가 이 글자크기로 변경됩니다. (예시) 가장 빠른 뉴스가 있고 다양한 정보, 쌍방향 소통이 숨쉬는 다음뉴스를 만나보세요. 다음뉴스는 국내외 주요이슈와 실시간 속보, 문화생활 및 다양한 분야의 뉴스를 입체적으로 전달하고 있습니다. 글자 수 10,000자 초과 시 일부만 음성으로 제공합니다. 가 매우 작은 폰트 작은 폰트 보통 폰트 큰 폰트 매우 큰 폰트 가 이 글자크기로 변경됩니다. (예시) 가장 빠른 뉴스가 있고 다양한 정보, 쌍방향 소통이 숨쉬는 다음뉴스를 만나보세요. 다음뉴스는 국내외 주요이슈와 실시간 속보, 문화생활 및 다양한 분야의 뉴스를 입체적으로 전달하고 있습니다. 글자 수 10,000자 초과 시 일부만 음성으로 제공합니다. 글자 수 10,000자 초과 시 일부만 음성으로 제공합니다. 글자 수 10,000자 초과 시 일부만 음성으로 제공합니다. 가 매우 작은 폰트 작은 폰트 보통 폰트 큰 폰트 매우 큰 폰트 가 이 글자크기로 변경됩니다. (예시) 가장 빠른 뉴스가 있고 다양한 정보, 쌍방향 소통이 숨쉬는 다음뉴스를 만나보세요. 다음뉴스는 국내외 주요이슈와 실시간 속보, 문화생활 및 다양한 분야의 뉴스를 입체적으로 전달하고 있습니다. 가 매우 작은 폰트 작은 폰트 보통 폰트 큰 폰트 매우 큰 폰트 가 이 글자크기로 변경됩니다. (예시) 가장 빠른 뉴스가 있고 다양한 정보, 쌍방향 소통이 숨쉬는 다음뉴스를 만나보세요. 다음뉴스는 국내외 주요이슈와 실시간 속보, 문화생활 및 다양한 분야의 뉴스를 입체적으로 전달하고 있습니다. 가 매우 작은 폰트 작은 폰트 보통 폰트 큰 폰트 매우 큰 폰트 가 이 글자크기로 변경됩니다. (예시) 가장 빠른 뉴스가 있고 다양한 정보, 쌍방향 소통이 숨쉬는 다음뉴스를 만나보세요. 다음뉴스는 국내외 주요이슈와 실시간 속보, 문화생활 및 다양한 분야의 뉴스를 입체적으로 전달하고 있습니다. (예시) 가장 빠른 뉴스가 있고 다양한 정보, 쌍방향 소통이 숨쉬는 다음뉴스를 만나보세요. 다음뉴스는 국내외 주요이슈와 실시간 속보, 문화생활 및 다양한 분야의 뉴스를 입체적으로 전달하고 있습니다. 민주당 정무위원 13명 중 8명, 디지털자산 법안 발의 참여 박상혁 여당 간사 선임…주요 대표발의자 정무위 포진 거래소 지분 제한·스테이블코인 요건 등 쟁점 조율 관건 제22대 국회 후반기 정무위원회가 새로 꾸려지면서 디지털자산기본법 논의가 다시 속도를 낼 지 주목된다. 정무위에 배정된 더불어민주당 의원 상당수가 디지털자산 관련 법안 발의에 참여한 데다 주요 법안 대표 발의자들도 정무위에 포진하면서 제도화 논의의 기반이 넓어졌다는 평가가 나온다. 다만 거래소 대주주 지분 제한과 스테이블코인 발행 요건 등 핵심 쟁점이 남아 법안 병합 심사와 단일안 조율이 입법 속도를 가를 전망이다. 7일 정치권과 가상자산 업계에 따르면 제22대 국회 후반기 정무위에 배정된 더불어민주당 의원 13명 가운데 8명이 디지털자산 관련 법안 발의에 참여한 것으로 나타났다. 강준현·김현정·민병덕·박민규·박상혁·유동수·이강일·한민수 의원이 관련 법안 대표발의자 또는 공동발의자 명단에 이름을 올렸다. 국민의힘 정무위원 중에서는 김재섭·김상훈 의원이 디지털자산 법안 발의 명단에 포함됐다. 김재섭 의원은 디지털자산시장통합법안을 대표 발의했고 김상훈 의원은 관련 법안 공동 발의자로 참여했다. 여야 모두에서 디지털자산 제도화 법안에 관여한 의원들이 정무위에 배치된 셈이다. 특히 민주당 정무위원에 디지털자산 제도화 법안 발의 참여자가 다수 포진한 상황에서 박상혁 의원이 여당 간사를 맡으면서 관련 입법 논의에 힘이 실릴 수 있다는 전망도 나온다. 박 의원은 '디지털자산의 시장 및 산업에 관한 법률안'을 대표 발의했다. 민병덕·김현정·이강일 의원도 각각 '디지털자산기본법안', '가치안정형 디지털자산 발행업 등에 관한 법률안', '디지털자산시장의 혁신과 성장에 관한 법률안'을 대표 발의했다. 정무위 첫 전체회의에서도 디지털자산 입법 필요성이 거론됐다. 이강일 의원은 6일 열린 전체회의에서 “디지털 자산 입법과 관련되는 부분이 상당히 오랫동안 논의가 됐는데 지난 정무위에서 통과시키지 못했다”며 “시장이 기대에서 실망으로 완전히 변한 상황”이라고 지적했다. 이어 “동력을 다시 끌어올려야 한다”고 강조했다. 유동수 정무위원장도 디지털자산기본법을 정무위 주요 현안으로 꼽았다. 유 위원장은 디지털자산기본법 관련 문제와 자본시장 변동성 등을 언급하며 “정무위가 현재 현안으로 가장 깊이 다뤄야 할 문제라고 인식하고 있다”고 밝혔다. 다만 실제 입법까지는 적지 않은 문턱을 넘어야 한다. 현재 국회에는 디지털자산기본법안뿐 아니라 스테이블코인 성격의 가치고정형·가치안정형 디지털자산 법안, 디지털자산시장통합법안 등이 함께 올라온 상태다. 법안별 규율 대상과 감독 체계, 산업 육성 방향이 달라 정무위 법안심사 과정에서 병합 심사와 단일안 조율이 핵심 과제로 꼽힌다. 쟁점도 여전하다. 심수빈 키움증권 연구원은 “가상자산 거래소 대주주 지분 제한, 스테이블코인 발행사의 지분 요건 등 핵심 규율 방안을 둘러싼 이견이 지속 중”이라며 “단일안 합의, 국회 통과 등의 과정을 거쳐야 하는 만큼 실질적인 법안 시행 시점이 2028년으로 지연될 가능성도 언급된다”고 말했다. 제22대 국회 후반기 정무위원회가 새로 꾸려지면서 디지털자산기본법 논의가 다시 속도를 낼 지 주목된다. 정무위에 배정된 더불어민주당 의원 상당수가 디지털자산 관련 법안 발의에 참여한 데다 주요 법안 대표 발의자들도 정무위에 포진하면서 제도화 논의의 기반이 넓어졌다는 평가가 나온다. 다만 거래소 대주주 지분 제한과 스테이블코인 발행 요건 등 핵심 쟁점이 남아 법안 병합 심사와 단일안 조율이 입법 속도를 가를 전망이다. 7일 정치권과 가상자산 업계에 따르면 제22대 국회 후반기 정무위에 배정된 더불어민주당 의원 13명 가운데 8명이 디지털자산 관련 법안 발의에 참여한 것으로 나타났다. 강준현·김현정·민병덕·박민규·박상혁·유동수·이강일·한민수 의원이 관련 법안 대표발의자 또는 공동발의자 명단에 이름을 올렸다. 국민의힘 정무위원 중에서는 김재섭·김상훈 의원이 디지털자산 법안 발의 명단에 포함됐다. 김재섭 의원은 디지털자산시장통합법안을 대표 발의했고 김상훈 의원은 관련 법안 공동 발의자로 참여했다. 여야 모두에서 디지털자산 제도화 법안에 관여한 의원들이 정무위에 배치된 셈이다. 특히 민주당 정무위원에 디지털자산 제도화 법안 발의 참여자가 다수 포진한 상황에서 박상혁 의원이 여당 간사를 맡으면서 관련 입법 논의에 힘이 실릴 수 있다는 전망도 나온다. 박 의원은 '디지털자산의 시장 및 산업에 관한 법률안'을 대표 발의했다. 민병덕·김현정·이강일 의원도 각각 '디지털자산기본법안', '가치안정형 디지털자산 발행업 등에 관한 법률안', '디지털자산시장의 혁신과 성장에 관한 법률안'을 대표 발의했다. 정무위 첫 전체회의에서도 디지털자산 입법 필요성이 거론됐다. 이강일 의원은 6일 열린 전체회의에서 “디지털 자산 입법과 관련되는 부분이 상당히 오랫동안 논의가 됐는데 지난 정무위에서 통과시키지 못했다”며 “시장이 기대에서 실망으로 완전히 변한 상황”이라고 지적했다. 이어 “동력을 다시 끌어올려야 한다”고 강조했다. 유동수 정무위원장도 디지털자산기본법을 정무위 주요 현안으로 꼽았다. 유 위원장은 디지털자산기본법 관련 문제와 자본시장 변동성 등을 언급하며 “정무위가 현재 현안으로 가장 깊이 다뤄야 할 문제라고 인식하고 있다”고 밝혔다. 다만 실제 입법까지는 적지 않은 문턱을 넘어야 한다. 현재 국회에는 디지털자산기본법안뿐 아니라 스테이블코인 성격의 가치고정형·가치안정형 디지털자산 법안, 디지털자산시장통합법안 등이 함께 올라온 상태다. 법안별 규율 대상과 감독 체계, 산업 육성 방향이 달라 정무위 법안심사 과정에서 병합 심사와 단일안 조율이 핵심 과제로 꼽힌다. 쟁점도 여전하다. 심수빈 키움증권 연구원은 “가상자산 거래소 대주주 지분 제한, 스테이블코인 발행사의 지분 요건 등 핵심 규율 방안을 둘러싼 이견이 지속 중”이라며 “단일안 합의, 국회 통과 등의 과정을 거쳐야 하는 만큼 실질적인 법안 시행 시점이 2028년으로 지연될 가능성도 언급된다”고 말했다. 이투데이에서 직접 확인하세요. 해당 언론사로 이동합니다.",4156,bs4_selector,86.0,body_validation_failed:body_contamination_political_sidebar,187.0,False,True,https://news.google.com/rss/articles/CBMiRkFVX3lxTE41U2lZTFAzd3NNN1VpOF84VEtNeVcyN3Mzd3RBVkVaSlBnSzE4U0lVRmlVSlV1MlBER2FXeTN1R0ZoV0N4RXc?oc=5,https://v.daum.net/v/uVXJvy9UC8,102.6,"digital_asset_stablecoin,platform_obligation,policy_legislation,stablecoin,strategy_mna_governance",stablecoin_legislation,2026-07-07,visible_date_node,original_date_recent,2,250.3,,23.0,global_incident:platform_regulation:digital_asset_sector:platform_operator_obligation:policy_change,global_incident:platform_regulation:digital_asset_sector:platform_operator_obligation,56.0,self:platform_obligation,Y,,issue_representative_attempt,I092,global_incident:digital_asset_policy:digital_asset_sector:digital_asset_policy,정무위원회,정부/국회,정부_국회,정부_국회,정부_국회,정부/국회,ok,http_200,body_contamination_political_sidebar,,,,,,,,,,,,,,,,,,,,,,본문오염의심_대체필요,,
정부_국회,정부/국회,가상자산사업자,"싱가포르, 디지털자산 수탁 보안기준 전면 시행…글로벌 금융허브 경쟁력 강화 나서",핀테크투데이,핀테크투데이,"Tue, 07 Jul 2026 10:12:28 GMT","Tue, 07 Jul 2026 10:12:28 GMT","싱가포르, 디지털자산 수탁 보안기준 전면 시행…글로벌 금융허브 경쟁력 강화 나서 핀테크투데이","싱가포르, 디지털자산 수탁 보안기준 전면 시행…글로벌 금융허브 경쟁력 강화 나서 -MAS, 고객자산 분리 보관과 콜드월렛 의무화 등 디지털자산 수탁 보안기준 시행 -은행의 가상자산 익스포저 제한, 무허가형 블록체인 차등 규제 등 금융 리스크 관리 강화 -명확한 제도 마련으로 기관투자자 신뢰 확보 및 해외 사업자 유치 기반 확대 (서울-핀테크투데이) 싱가포르 금융관리청(MAS)이 2026년 4월부터 디지털자산 수탁(Custody) 보안 표준을 시행했다. 고객자산 보호와 금융시스템 안정성을 강화하기 위한 조치로, 글로벌 디지털자산 허브 경쟁에서 신뢰 기반을 확보하기 위한 정책으로 해석된다. 이번 보안 표준의 핵심은 고객자산의 분리 보관이다. 모든 수탁사업자는 고객 자산을 회사 운영자금과 분리해 별도의 신탁(Trust) 계좌에 보관해야 한다. 사업자의 재무 상황과 관계없이 고객 자산을 보호하기 위한 제도적 장치다. 보안 기준도 한층 강화됐다. 수탁사업자는 관리 중인 고객 자산의 90% 이상을 인터넷과 연결되지 않은 콜드월렛(Cold Wallet)에 보관해야 한다. 해킹 등 외부 침해 위험을 최소화하기 위한 조치다. 자산 인출 과정에서는 최소 3인의 독립된 승인을 거치는 다중서명(Multi-Signature) 체계를 의무적으로 구축해야 한다. 단일 관리자에 의한 오남용 가능성을 줄이고 내부통제를 강화하기 위한 목적이다. MAS는 이번 제도와 함께 금융권의 가상자산 리스크 관리 기준도 상향했다. 은행의 가상자산 익스포저는 기본자본(Tier 1)의 2% 이내로 제한했다. 가상자산 시장의 변동성이 금융권 전반으로 확산되는 것을 방지하기 위한 조치다. 무허가형(Permissionless) 블록체인 기반 자산에 대해서는 위험도를 높게 평가했다. 해당 자산을 취급하는 금융기관에는 추가 자기자본 적립을 요구하는 등 차등 규제를 적용한다. 실시간 이상거래 모니터링과 즉시 보고 체계도 의무화해 시장 감시 기능을 강화했다. 싱가포르의 제도 정비는 해외 사업자의 시장 진출에도 영향을 미치고 있다. 국내에서는 업비트 싱가포르를 비롯한 일부 가상자산 사업자가 MAS의 주요결제기관(MPI, Major Payment Institution) 라이선스를 취득하고 현지 사업을 확대하고 있다. 싱가포르에서 디지털자산 수탁 및 거래 서비스를 제공하려는 사업자는 강화된 인허가 기준을 충족해야 한다. MPI 라이선스 취득을 위해서는 최소 50만 싱가포르달러 이상의 납입자본금을 유지해야 하며, 싱가포르 거주 적격 이사와 자금세탁방지(AML) 책임자를 선임해야 한다. 아울러 제3자 전문기관의 정기적인 기술위험관리(TRM) 점검과 서비스 장애 발생 시 사업 연속성 및 복구계획을 갖춰야 한다. 업계는 이번 제도 시행이 투자자 보호와 금융 안정성을 높이는 동시에 기관투자자의 시장 참여를 촉진하는 기반이 될 것으로 보고 있다. 명확한 규제 체계와 강화된 보안 기준은 사업자의 예측 가능성을 높이고, 디지털자산 산업에 대한 신뢰를 높이는 요소로 작용할 수 있기 때문이다. 홍콩과 두바이 등 주요 디지털금융 허브가 관련 제도를 지속적으로 정비하는 가운데, 싱가포르는 규제와 산업 육성을 병행하는 정책을 통해 글로벌 디지털자산 시장에서 경쟁력을 강화한다는 방침이다.",1592,trafilatura,88.0,category_guardrail_failed:v26_2_government_without_central_public_actor_action:no_public_actor_action_domain,148.0,True,False,https://news.google.com/rss/articles/CBMic0FVX3lxTE1PajAzN1lPLUNrN3p0NGJyeGhwa2ZFMlhrS0RkbTN3c1lnMy1wWjI0MHlMNUxfaTJYTDVhMEdHZWVxTTczaDNDN0lXVkpoU0drNEdOZjgyTjBUZTh6a0Q1MFdpWUVpczJqLWtPZVl3cHpfUmPSAXNBVV95cUxNT2owMzdZTy1Dazd6dDRicnhocGtmRTJYa0tEZG0zd3NZZzMtcFoyNDB5TDVMX2kyWEw1YTBHR2VlcU03M2gzQzdJV1ZKaFNHazRHTmY4Mk4wVGU4emtENTBXaVlFaXMyai1rT2VZd3B6X1Jj?oc=5,http://www.fintechtoday.co.kr/news/articleViewAmp.html?idxno=2926,12.0,"digital_asset_stablecoin,dunamu_stake,leadership_change,phishing_security,platform_obligation,policy_legislation,privacy_security_reliability,stablecoin",dunamu_general,2026-07-07,json_ld:datePublished,original_date_recent,2,234.8,privacy_security:upbit_dunamu:data_leak:policy_change,0.0,global_incident:platform_regulation:dunamu_upbit:platform_operator_obligation:policy_change,global_incident:platform_regulation:dunamu_upbit:platform_operator_obligation,24.0,government:platform_obligation,Y,,issue_representative_attempt,I092,global_incident:digital_asset_policy:digital_asset_sector:digital_asset_policy,가상자산사업자,정부/국회,정부_국회,정부_국회,정부_국회,정부/국회,ok,http_200,body_valid,government_appointment_governance,GOV_PLATFORM_REGULATION,372.5,OFF_TOPIC,GOV_APPOINTMENT_GOVERNANCE,,other,정부_국회,GOV_FINANCIAL_DIGITAL_POLICY,government_digital_finance_policy,global_incident:digital_asset_policy:digital_asset_sector:digital_asset_policy,global_incident:digital_asset_policy:digital_asset_sector:digital_asset_policy,카카오페이·카카오뱅크 등 금융 계열사에 참고 가능한 디지털금융 정책,4.0,4.0,3.0,v26.2: no central Korean public actor/action for Government section: no_public_actor_action_domain / v26.2: overseas structural industry candidate,v43_soft_target:산업동향: daily-safe portfolio rescue,issue_selected,Y,24.0,본문추출성공,fail:v26_2_government_without_central_public_actor_action:no_public_actor_action_domain,
