카테고리,카테고리명,검색어,기사제목,언론사,정규언론사,게시일,RSS게시일,RSS요약,본문전문,본문글자수,본문추출방식,본문품질점수,본문품질사유,중요도점수,본문사용가능,본문정제적용,원래RSS링크,링크,랭킹점수,사건태그,사건단계,원문날짜,원문날짜출처,날짜검증결과,날짜후보수,대표선택점수,개인정보보안사건키,개인정보보안대표보너스,전역사건키,전역사건기본키,전역사건대표보너스,이슈패밀리,정책규제의무,자사홍보성,제외단계,v20_issue_id,v20_issue_group,수집검색어,수집원카테고리,수집JSON카테고리,Gemini판단카테고리,최종카테고리,최종카테고리명,본문상태,최종카테고리검증결과
자사_및_계열사_이슈,자사 및 계열사 이슈,카카오,"카카오, 월 4900원 카카오멤버십 공개…네이버·쿠팡에 도전",뷰어스,뷰어스,"Thu, 01 Oct 2026 05:53:09 GMT","Thu, 01 Oct 2026 05:53:09 GMT","카카오, 월 4900원 카카오멤버십 공개…네이버·쿠팡에 도전 뷰어스",Google 뉴스가 전세계 매체로부터 종합한 최신 뉴스,30,meta_description_short,-103.0,meta_description_not_full_body,18.5,False,False,https://news.google.com/rss/articles/CBMiWEFVX3lxTE4ybE5JdW0wWFpIaDFXRzdRTGczbWRhNS13UG1DVExEdlpVaFplWklyRzhWald0ZVFQSUtZbHlEY1FCYXZGR3ZrT3BNNURZcS10ZnFEaU5ZR3Q?oc=5,https://news.google.com/rss/articles/CBMiWEFVX3lxTE4ybE5JdW0wWFpIaDFXRzdRTGczbWRhNS13UG1DVExEdlpVaFplWklyRzhWald0ZVFQSUtZbHlEY1FCYXZGR3ZrT3BNNURZcS10ZnFEaU5ZR3Q?oc=5&hl=ko&gl=KR&ceid=KR%3Ako,284.8,,,,no_original_date_found,no_original_date_found_kept,0.0,-151.75,,0.0,,,0.0,,,,issue_representative_attempt,I009,self_strategic_reference:카카오 월 4900원 카카오멤버십 공개 네이버 쿠팡에 도전,카카오,자사 및 계열사 이슈,자사_및_계열사_이슈,자사_및_계열사_이슈,자사_및_계열사_이슈,자사 및 계열사 이슈,,
자사_및_계열사_이슈,자사 및 계열사 이슈,카카오,"카카오, 월 4900원 통합 멤버십 출시···네이버·쿠팡과 '구독 전쟁'",newsway.co.kr,newsway.co.kr,"Thu, 01 Oct 2026 01:03:07 GMT","Thu, 01 Oct 2026 01:03:07 GMT","카카오, 월 4900원 통합 멤버십 출시···네이버·쿠팡과 '구독 전쟁' newsway.co.kr",Google 뉴스가 전세계 매체로부터 종합한 최신 뉴스,30,meta_description_short,-103.0,meta_description_not_full_body,18.5,False,False,https://news.google.com/rss/articles/CBMiakFVX3lxTE5INUg1eEIzZVpXUV9iWFV0ekpyUzBRejRYU2NtSmk3M2dMVTBOdVVBSER6TmR1RW5ZSU53aFZVQm0xNjV6N1VST2g2T0N4WDBQR3pKX2t0NE5adVZNZHhfQlplSzhHOU1kbXc?oc=5,https://news.google.com/rss/articles/CBMiakFVX3lxTE5INUg1eEIzZVpXUV9iWFV0ekpyUzBRejRYU2NtSmk3M2dMVTBOdVVBSER6TmR1RW5ZSU53aFZVQm0xNjV6N1VST2g2T0N4WDBQR3pKX2t0NE5adVZNZHhfQlplSzhHOU1kbXc?oc=5&hl=ko&gl=KR&ceid=KR%3Ako,279.8,,,,no_original_date_found,no_original_date_found_kept,0.0,-154.75,,0.0,,,0.0,,,,issue_representative_attempt,I010,self_strategic_reference:카카오 월 4900원 통합 멤버십 출시 네이버 쿠팡과 구독 전쟁,카카오,자사 및 계열사 이슈,자사_및_계열사_이슈,자사_및_계열사_이슈,자사_및_계열사_이슈,자사 및 계열사 이슈,,
정부_국회,정부/국회,네이버,"네이버, 멕시코 정부·기업과 AI 협력 확대 방안 논의",데일리뉴스,데일리뉴스,"Thu, 01 Oct 2026 01:49:23 GMT","Thu, 01 Oct 2026 01:49:23 GMT","네이버, 멕시코 정부·기업과 AI 협력 확대 방안 논의 데일리뉴스",Google 뉴스가 전세계 매체로부터 종합한 최신 뉴스,30,meta_description_short,-103.0,meta_description_not_full_body,107.0,False,False,https://news.google.com/rss/articles/CBMiuAJBVV95cUxOejVMaTVqNXhkZ3U3Q1NuR1VnbzlBWFdQNmV3V0JlWExpYnFqVTdqRVJoTzBPN2RBdFp4b3ZsUW9UZkVVdjA3d2JjdUlKaHJLQ2ZkR1Y2MVlsbTgzaDBZRVBueGVtV0luQUp5RXlOZ0RIMjh2azN6MTl6dEVTUXhKWmZJRk5mMnJybWFWcnZ2NWNBdlNZcHFtcGdLSkNXckZPR0Y1ZHJERkdyMU1PQVF1X0VGckFCTG9PRktEN0I4bzVZTGt0YXgyVHlKaWZmcUhnVktCYXNLNHZPSV94ekxkaDY5V1lPczVyaktGS2oyaDg1eHZrc1pYNzZScTJ5OFk0VThWTFlucjhzdElWcmRKU1FVU0RiOGRJWGFUSWpOdS1OTVhnbEVZRHl2MFpTOU8xZllLbkRFYnQ?oc=5,https://news.google.com/rss/articles/CBMiuAJBVV95cUxOejVMaTVqNXhkZ3U3Q1NuR1VnbzlBWFdQNmV3V0JlWExpYnFqVTdqRVJoTzBPN2RBdFp4b3ZsUW9UZkVVdjA3d2JjdUlKaHJLQ2ZkR1Y2MVlsbTgzaDBZRVBueGVtV0luQUp5RXlOZ0RIMjh2azN6MTl6dEVTUXhKWmZJRk5mMnJybWFWcnZ2NWNBdlNZcHFtcGdLSkNXckZPR0Y1ZHJERkdyMU1PQVF1X0VGckFCTG9PRktEN0I4bzVZTGt0YXgyVHlKaWZmcUhnVktCYXNLNHZPSV94ekxkaDY5V1lPczVyaktGS2oyaDg1eHZrc1pYNzZScTJ5OFk0VThWTFlucjhzdElWcmRKU1FVU0RiOGRJWGFUSWpOdS1OTVhnbEVZRHl2MFpTOU8xZllLbkRFYnQ?oc=5&hl=ko&gl=KR&ceid=KR%3Ako,227.5,"ai_infrastructure_security,platform_obligation",ai_infrastructure_security,,no_original_date_found,no_original_date_found_kept,0.0,-89.8,,0.0,global_incident:platform_regulation:naver:platform_operator_obligation:general,global_incident:platform_regulation:naver:platform_operator_obligation,32.0,government:platform_obligation,Y,,issue_representative_attempt,I013,global_incident:platform_regulation:naver:platform_operator_obligation,네이버,경쟁사/해외이슈,경쟁사_해외이슈,경쟁사_해외이슈,정부_국회,정부/국회,,
정부_국회,정부/국회,네이버,"네이버,‘AI 챗’ 적용한 웨일 브라우저 출시,AI 브라우저로 거듭난다",피치원미디어,피치원미디어,"Thu, 01 Oct 2026 02:06:18 GMT","Thu, 01 Oct 2026 02:06:18 GMT","네이버,‘AI 챗’ 적용한 웨일 브라우저 출시,AI 브라우저로 거듭난다 피치원미디어",Google 뉴스가 전세계 매체로부터 종합한 최신 뉴스,30,meta_description_short,-103.0,meta_description_not_full_body,37.0,False,False,https://news.google.com/rss/articles/CBMiR0FVX3lxTE85U2JaZEItWXdxWGRRVmh0bld0bUxFNTFieXhKYU41N3NFT01sOS05ZGE5a21RQ2R5aHR4NmxxdW5pRzRLZTFZ?oc=5,https://news.google.com/rss/articles/CBMiR0FVX3lxTE85U2JaZEItWXdxWGRRVmh0bld0bUxFNTFieXhKYU41N3NFT01sOS05ZGE5a21RQ2R5aHR4NmxxdW5pRzRLZTFZ?oc=5&hl=ko&gl=KR&ceid=KR%3Ako,230.5,"ai_infrastructure_security,platform_obligation",ai_infrastructure_security,,no_original_date_found,no_original_date_found_kept,0.0,-138.8,,0.0,global_incident:platform_regulation:naver:platform_operator_obligation:general,global_incident:platform_regulation:naver:platform_operator_obligation,24.0,government:platform_obligation,Y,,issue_representative_attempt,I013,global_incident:platform_regulation:naver:platform_operator_obligation,네이버,경쟁사/해외이슈,경쟁사_해외이슈,경쟁사_해외이슈,정부_국회,정부/국회,,
정부_국회,정부/국회,배달의민족,범죄조직 ‘위장취업’에 뚫린 배민 고객센터…개인정보위 “법 위반은 아냐”,디지털데일리,디지털데일리,"Thu, 01 Oct 2026 07:03:44 GMT","Thu, 01 Oct 2026 07:03:44 GMT",범죄조직 ‘위장취업’에 뚫린 배민 고객센터…개인정보위 “법 위반은 아냐” 디지털데일리,Google 뉴스가 전세계 매체로부터 종합한 최신 뉴스,30,meta_description_short,-103.0,meta_description_not_full_body,-10.5,False,False,https://news.google.com/rss/articles/CBMiZEFVX3lxTFBzX3Z5aGtCakpKV3dNbzNRTHBnUnNVV2o0cF9sM0o2dVVBWWU4S3NkTmc0aF92Rmh6MUpNOXRSdmtHNUMxVFdhaENJTjdzVExBSmJjTER1bG5qWl9kM3QxX1RBMEY?oc=5,https://news.google.com/rss/articles/CBMiZEFVX3lxTFBzX3Z5aGtCakpKV3dNbzNRTHBnUnNVV2o0cF9sM0o2dVVBWWU4S3NkTmc0aF92Rmh6MUpNOXRSdmtHNUMxVFdhaENJTjdzVExBSmJjTER1bG5qWl9kM3QxX1RBMEY?oc=5&hl=ko&gl=KR&ceid=KR%3Ako,70.5,platform_obligation,,,no_original_date_found,no_original_date_found_kept,0.0,-160.05,privacy_security:baemin:data_leak:initial_investigation_response,54.0,global_incident:platform_enforcement:baemin:delivery_platform_fee_mfn:general,global_incident:platform_enforcement:baemin:delivery_platform_fee_mfn,24.0,government:platform_obligation,Y,,issue_representative_attempt,I024,global_incident:platform_enforcement:baemin:delivery_platform_fee_mfn,배달의민족,경쟁사/해외이슈,경쟁사_해외이슈,경쟁사_해외이슈,정부_국회,정부/국회,,
정부_국회,정부/국회,인공지능 산업 동향,"""中해커들, 美 AI정책 당국자·앤트로픽 간부 사칭 스파이 공작""",조세금융신문,조세금융신문,"Thu, 01 Oct 2026 22:04:00 GMT","Thu, 01 Oct 2026 22:04:00 GMT","""中해커들, 美 AI정책 당국자·앤트로픽 간부 사칭 스파이 공작"" 조세금융신문",Google 뉴스가 전세계 매체로부터 종합한 최신 뉴스,30,meta_description_short,-103.0,meta_description_not_full_body,-17.5,False,False,https://news.google.com/rss/articles/CBMiYEFVX3lxTFBGeTk4YlFHYVVlSHp3bERxalRzZGh0WEtqekQ1TVRuZXpRVzdWX0lCSUZxQ29GVjZjUng1TXl5Y3BrdWpnVlBoNG5fUVpBVWNEZDVGdy0xNjI2TEd0cjE4bQ?oc=5,https://news.google.com/rss/articles/CBMiYEFVX3lxTFBGeTk4YlFHYVVlSHp3bERxalRzZGh0WEtqekQ1TVRuZXpRVzdWX0lCSUZxQ29GVjZjUng1TXl5Y3BrdWpnVlBoNG5fUVpBVWNEZDVGdy0xNjI2TEd0cjE4bQ?oc=5&hl=ko&gl=KR&ceid=KR%3Ako,211.0,"ai_infrastructure_security,phishing_security,policy_legislation,privacy_security_reliability",security_phishing_malware,,no_original_date_found,no_original_date_found_kept,0.0,-176.95,privacy_security:google:phishing_or_account_takeover:initial_investigation_response,0.0,global_incident:platform_regulation:google:platform_regulation:general,global_incident:platform_regulation:google:platform_regulation,0.0,,,,issue_representative_attempt,I025,global_incident:platform_regulation:platform_sector:platform_regulation,인공지능 산업 동향,산업동향,산업동향,경쟁사_해외이슈,정부_국회,정부/국회,,
정부_국회,정부/국회,문화체육관광위원회,"윤용근 ""정부, 콘텐츠 사업자 개인정보 보호 점검안해…패널티도 無""",연합뉴스,연합뉴스,"Thu, 01 Oct 2026 21:00:03 GMT","Thu, 01 Oct 2026 21:00:03 GMT","윤용근 ""정부, 콘텐츠 사업자 개인정보 보호 점검안해…패널티도 無"" 연합뉴스",Google 뉴스가 전세계 매체로부터 종합한 최신 뉴스,30,meta_description_short,-103.0,meta_description_not_full_body,53.5,False,False,https://news.google.com/rss/articles/CBMiYEFVX3lxTE13OWM3QlM3UUk5d1BPdWcyZGVHT3dISnlpSW1DY1RBWklLdGhYbUItbkd3NHptV1pldGp6cFV4aHB0UTdVdzJEWVAwaDFQUDRVX2JyaHJoSl8zZHZNV2pyZtIBYEFVX3lxTE13OWM3QlM3UUk5d1BPdWcyZGVHT3dISnlpSW1DY1RBWklLdGhYbUItbkd3NHptV1pldGp6cFV4aHB0UTdVdzJEWVAwaDFQUDRVX2JyaHJoSl8zZHZNV2pyZg?oc=5,https://news.google.com/rss/articles/CBMiYEFVX3lxTE13OWM3QlM3UUk5d1BPdWcyZGVHT3dISnlpSW1DY1RBWklLdGhYbUItbkd3NHptV1pldGp6cFV4aHB0UTdVdzJEWVAwaDFQUDRVX2JyaHJoSl8zZHZNV2pyZtIBYEFVX3lxTE13OWM3QlM3UUk5d1BPdWcyZGVHT3dISnlpSW1DY1RBWklLdGhYbUItbkd3NHptV1pldGp6cFV4aHB0UTdVdzJEWVAwaDFQUDRVX2JyaHJoSl8zZHZNV2pyZg?oc=5&hl=ko&gl=KR&ceid=KR%3Ako,109.6,,,,no_original_date_found,no_original_date_found_kept,0.0,-109.25,privacy_security:google:data_leak:initial_investigation_response,0.0,global_incident:platform_enforcement:google:privacy_data_violation:general,global_incident:platform_enforcement:google:privacy_data_violation,0.0,,,,issue_representative_attempt,I025,global_incident:platform_regulation:platform_sector:platform_regulation,문화체육관광위원회,정부/국회,정부_국회,정부_국회,정부_국회,정부/국회,,
정부_국회,정부/국회,문화체육관광위원회,"윤용근 ""정부, 콘텐츠 사업자 개인정보 보호 점검안해…패널티도 無""",v.daum.net,v.daum.net,"Thu, 01 Oct 2026 21:01:53 GMT","Thu, 01 Oct 2026 21:01:53 GMT","윤용근 ""정부, 콘텐츠 사업자 개인정보 보호 점검안해…패널티도 無"" v.daum.net",Google 뉴스가 전세계 매체로부터 종합한 최신 뉴스,30,meta_description_short,-103.0,meta_description_not_full_body,53.5,False,False,https://news.google.com/rss/articles/CBMiT0FVX3lxTE0xZDg2SGpyd1E1UmQ2dk1OUlk5dWJNeU1abllsVVRjZEVTMkxWY1E1WjhMRUlFLTNNN3FsMkdVbHI1ZXBvY3F2cmVfNjR3bFE?oc=5,https://news.google.com/rss/articles/CBMiT0FVX3lxTE0xZDg2SGpyd1E1UmQ2dk1OUlk5dWJNeU1abllsVVRjZEVTMkxWY1E1WjhMRUlFLTNNN3FsMkdVbHI1ZXBvY3F2cmVfNjR3bFE?oc=5&hl=ko&gl=KR&ceid=KR%3Ako,102.6,,,,no_original_date_found,no_original_date_found_kept,0.0,-127.25,privacy_security:google:data_leak:initial_investigation_response,0.0,global_incident:platform_enforcement:google:privacy_data_violation:general,global_incident:platform_enforcement:google:privacy_data_violation,0.0,,,,issue_representative_attempt,I025,global_incident:platform_regulation:platform_sector:platform_regulation,문화체육관광위원회,정부/국회,정부_국회,정부_국회,정부_국회,정부/국회,,
정부_국회,정부/국회,과학기술정보통신부,[피싱②] 보이스피싱 전쟁…정부‧이통사 ‘AI 방어선’ 구축,아이티데일리,아이티데일리,"Wed, 30 Sep 2026 22:00:00 GMT","Wed, 30 Sep 2026 22:00:00 GMT",[피싱②] 보이스피싱 전쟁…정부‧이통사 ‘AI 방어선’ 구축 아이티데일리,Google 뉴스가 전세계 매체로부터 종합한 최신 뉴스,30,meta_description_short,-103.0,meta_description_not_full_body,74.5,False,False,https://news.google.com/rss/articles/CBMiaEFVX3lxTFA4eVhxT1BsdmRDdEZJSUlkam44UnJINVlVUEFvMmgydXJEb25tbnhCVDBDSUthWkZPdDhTVVVPMWdLeFZwTlhZcDFjOXRjbkcyaTl4czk4NVRFQkNrTkxsUXpINFpXdHJV?oc=5,https://news.google.com/rss/articles/CBMiaEFVX3lxTFA4eVhxT1BsdmRDdEZJSUlkam44UnJINVlVUEFvMmgydXJEb25tbnhCVDBDSUthWkZPdDhTVVVPMWdLeFZwTlhZcDFjOXRjbkcyaTl4czk4NVRFQkNrTkxsUXpINFpXdHJV?oc=5&hl=ko&gl=KR&ceid=KR%3Ako,102.6,"ai_infrastructure_security,phishing_security,privacy_security_reliability",security_phishing_malware,,no_original_date_found,no_original_date_found_kept,0.0,-112.55,privacy_security:google:phishing_or_account_takeover:initial_investigation_response,0.0,global_incident:platform_regulation:google:platform_regulation:general,global_incident:platform_regulation:google:platform_regulation,0.0,,,,issue_representative_attempt,I025,global_incident:platform_regulation:platform_sector:platform_regulation,과학기술정보통신부,정부/국회,정부_국회,정부_국회,정부_국회,정부/국회,,
정부_국회,정부/국회,카카오뱅크,李대통령 “감당하기 힘든 과징금” 경고 다음날 신한은행서 해킹 사고 발생,미디어오늘,미디어오늘,"Thu, 01 Oct 2026 11:07:00 GMT","Thu, 01 Oct 2026 11:07:00 GMT",李대통령 “감당하기 힘든 과징금” 경고 다음날 신한은행서 해킹 사고 발생 미디어오늘,Google 뉴스가 전세계 매체로부터 종합한 최신 뉴스,30,meta_description_short,-103.0,meta_description_not_full_body,3.5,False,False,https://news.google.com/rss/articles/CBMicEFVX3lxTE1jUlBVUWhBN0h5ZG9uTmVZRnlhaWJaM1o0UUcxSXVCbzVqYjQ1eUpnN24xZXVxSndqUnhJdXN5c3lLcTVvcW9lVDM1Z2ZKVzZBSXpzWnBrT2ZrZ2xWNkJnRVB1VzNibi1kT01aVEhrZlE?oc=5,https://news.google.com/rss/articles/CBMicEFVX3lxTE1jUlBVUWhBN0h5ZG9uTmVZRnlhaWJaM1o0UUcxSXVCbzVqYjQ1eUpnN24xZXVxSndqUnhJdXN5c3lLcTVvcW9lVDM1Z2ZKVzZBSXpzWnBrT2ZrZ2xWNkJnRVB1VzNibi1kT01aVEhrZlE?oc=5&hl=ko&gl=KR&ceid=KR%3Ako,73.4,"antitrust_platform,legal_regulatory_enforcement,phishing_security,privacy_security_reliability",antitrust_general,,no_original_date_found,no_original_date_found_kept,0.0,-162.25,privacy_security:google:data_leak:sanction_or_penalty,14.0,global_incident:platform_regulation:google:platform_regulation:sanction_penalty,global_incident:platform_regulation:google:platform_regulation,0.0,,,,issue_representative_attempt,I025,global_incident:platform_regulation:platform_sector:platform_regulation,카카오뱅크,자사 및 계열사 이슈,자사_및_계열사_이슈,자사_및_계열사_이슈,정부_국회,정부/국회,,
정부_국회,정부/국회,과학기술정보통신부,[시큐리티 포커스] 유니온 '혁신시제품' 선정·시큐아이 맥스 서밋'·KISIA '공정경쟁 캠페인'·과기부 'PQC 전환 대회'·개보위 '영국 개인정보 보호 수준 동등성 인정' 검토·행안부-개보위 '모두의 토론회',뉴스웍스,뉴스웍스,"Thu, 01 Oct 2026 12:26:01 GMT","Thu, 01 Oct 2026 12:26:01 GMT",[시큐리티 포커스] 유니온 '혁신시제품' 선정·시큐아이 맥스 서밋'·KISIA '공정경쟁 캠페인'·과기부 'PQC 전환 대회'·개보위 '영국 개인정보 보호 수준 동등성 인정' 검토·행안부-개보위 '모두의 토론회' 뉴스웍스,Google 뉴스가 전세계 매체로부터 종합한 최신 뉴스,30,meta_description_short,-103.0,meta_description_not_full_body,44.0,False,False,https://news.google.com/rss/articles/CBMic0FVX3lxTE1wTjdHOFNuc2c3ZDFLZzlkcFFWOVZXeGF5QUpWTWJrajdtT3JUd0NOTVpyVF93MTFBeC01X3hZbFB3cURjWFJKNEtjSXpsM3NXR19TM01YeEkzdDdudXpUaURxR01mc2NaTHJMT1cyRkp4UEHSAXNBVV95cUxNcE43RzhTbnNnN2QxS2c5ZHBRVjlWV3hheUFKVk1ia2o3bU9yVHdDTk1aclRfdzExQXgtNV94WWxQd3FEY1hSSjRLY0l6bDNzV0dfUzNNWHhJM3Q3bnV6VGlEcUdNZnNjWkxyTE9XMkZKeFBB?oc=5,https://news.google.com/rss/articles/CBMic0FVX3lxTE1wTjdHOFNuc2c3ZDFLZzlkcFFWOVZXeGF5QUpWTWJrajdtT3JUd0NOTVpyVF93MTFBeC01X3hZbFB3cURjWFJKNEtjSXpsM3NXR19TM01YeEkzdDdudXpUaURxR01mc2NaTHJMT1cyRkp4UEHSAXNBVV95cUxNcE43RzhTbnNnN2QxS2c5ZHBRVjlWV3hheUFKVk1ia2o3bU9yVHdDTk1aclRfdzExQXgtNV94WWxQd3FEY1hSSjRLY0l6bDNzV0dfUzNNWHhJM3Q3bnV6VGlEcUdNZnNjWkxyTE9XMkZKeFBB?oc=5&hl=ko&gl=KR&ceid=KR%3Ako,71.1,,,,no_original_date_found,no_original_date_found_kept,0.0,-151.9,privacy_security:google:data_leak:initial_investigation_response,54.0,global_incident:platform_enforcement:google:privacy_data_violation:general,global_incident:platform_enforcement:google:privacy_data_violation,0.0,,,,issue_representative_attempt,I025,global_incident:platform_regulation:platform_sector:platform_regulation,과학기술정보통신부,정부/국회,정부_국회,정부_국회,정부_국회,정부/국회,,
정부_국회,정부/국회,플랫폼 시장점유율,쇼피와 틱톡샵이 온라인 플랫폼 매출의 98%를 차지하고 있습니다.,Vietnam.vn,Vietnam.vn,"Wed, 30 Sep 2026 17:14:19 GMT","Wed, 30 Sep 2026 17:14:19 GMT",쇼피와 틱톡샵이 온라인 플랫폼 매출의 98%를 차지하고 있습니다. Vietnam.vn,Google 뉴스가 전세계 매체로부터 종합한 최신 뉴스,30,meta_description_short,-103.0,meta_description_not_full_body,-93.5,False,False,https://news.google.com/rss/articles/CBMiigFBVV95cUxOcWlES3k5aEhFT25DWlVUd1VDRGJvX3ZDbmt1cTJkOHRGNWVSUHhiRmRpSWlXWXpPdzNfRHhxN2VMSW5QYUdhY0g2cVhNc1h3aThQRzJMTlBwYjdRazRJMnlQVnJzQ2lCblFkdUViTlJYM3RZbHVPMFNxS3llVHJPNzJDU29UNTFuaUE?oc=5,https://news.google.com/rss/articles/CBMiigFBVV95cUxOcWlES3k5aEhFT25DWlVUd1VDRGJvX3ZDbmt1cTJkOHRGNWVSUHhiRmRpSWlXWXpPdzNfRHhxN2VMSW5QYUdhY0g2cVhNc1h3aThQRzJMTlBwYjdRazRJMnlQVnJzQ2lCblFkdUViTlJYM3RZbHVPMFNxS3llVHJPNzJDU29UNTFuaUE?oc=5&hl=ko&gl=KR&ceid=KR%3Ako,-29.5,"earnings,financial_performance,market_power_platform",financial_performance,,no_original_date_found,no_original_date_found_kept,0.0,-230.15,,0.0,global_incident:platform_regulation:google:platform_regulation:general,global_incident:platform_regulation:google:platform_regulation,0.0,,,,issue_representative_attempt,I025,global_incident:platform_regulation:platform_sector:platform_regulation,플랫폼 시장점유율,산업동향,산업동향,경쟁사_해외이슈,정부_국회,정부/국회,,
정부_국회,정부/국회,금융위원회,'실손24' 안 쓰면 과태료?…연계 부진 책임 의료업계로 돌린 금융당국,스포츠한국,스포츠한국,"Fri, 02 Oct 2026 01:15:09 GMT","Fri, 02 Oct 2026 01:15:09 GMT",'실손24' 안 쓰면 과태료?…연계 부진 책임 의료업계로 돌린 금융당국 스포츠한국,Google 뉴스가 전세계 매체로부터 종합한 최신 뉴스,30,meta_description_short,-103.0,meta_description_not_full_body,-45.5,False,False,https://news.google.com/rss/articles/CBMicEFVX3lxTE5GdlkyZi1Sek1xYnVpMW5mWFBwTERvT3BVMkN4N1ZXQ2ZNTVdmQ3ZiX2RKakRNWFFNaEs2VUhJSXNCZ2c0VWloUXdCUVpMV0RvcTRJSmE3UENhQ3c0TTVublZiWnM2MDlKbkYwS2tkUTnSAXRBVV95cUxNeWVRbU1NRFBjeWl4emZJTWFiRXNIYlVWckhJeElabGttNGpEZlpfWVdLSUY3eG1vTnJLRTJWNE43UHNVcEZCVkEzNUlHZUYya1hWM0RUVUpsbGJVQVJoZUFrVTdFc0hab3A2S1FPY3FCNWRYMw?oc=5,https://news.google.com/rss/articles/CBMicEFVX3lxTE5GdlkyZi1Sek1xYnVpMW5mWFBwTERvT3BVMkN4N1ZXQ2ZNTVdmQ3ZiX2RKakRNWFFNaEs2VUhJSXNCZ2c0VWloUXdCUVpMV0RvcTRJSmE3UENhQ3c0TTVublZiWnM2MDlKbkYwS2tkUTnSAXRBVV95cUxNeWVRbU1NRFBjeWl4emZJTWFiRXNIYlVWckhJeElabGttNGpEZlpfWVdLSUY3eG1vTnJLRTJWNE43UHNVcEZCVkEzNUlHZUYya1hWM0RUVUpsbGJVQVJoZUFrVTdFc0hab3A2S1FPY3FCNWRYMw?oc=5&hl=ko&gl=KR&ceid=KR%3Ako,-45.0,,,,no_original_date_found,no_original_date_found_kept,0.0,-196.55,,14.0,global_incident:platform_regulation:google:platform_regulation:sanction_penalty,global_incident:platform_regulation:google:platform_regulation,0.0,,,,issue_representative_attempt,I025,global_incident:platform_regulation:platform_sector:platform_regulation,금융위원회,정부/국회,정부_국회,경쟁사_해외이슈,정부_국회,정부/국회,,
경쟁사_해외이슈,경쟁사/해외이슈,네이버,"네이버, 하반기 비용 부담에 수익성 '주춤'…AI 팩토리가 반전 열쇠",newsprime.co.kr,newsprime.co.kr,"Wed, 30 Sep 2026 23:52:15 GMT","Wed, 30 Sep 2026 23:52:15 GMT","네이버, 하반기 비용 부담에 수익성 '주춤'…AI 팩토리가 반전 열쇠 newsprime.co.kr",Google 뉴스가 전세계 매체로부터 종합한 최신 뉴스,30,meta_description_short,-103.0,meta_description_not_full_body,23.0,False,False,https://news.google.com/rss/articles/CBMickFVX3lxTFBMeV9ucWRCYy0xRUEtTTk1SUlFeTNDTXVEeTBSTTBLMVVpOEU2TTJSalUwV3hMaC1PLTVtN3NZOW52Y1d2UHVOTGRRMGNHM3dnajhrUVloa3p2NUkwel82N1RfNS1aRzBzLXQ3RWVKN2ZpUQ?oc=5,https://news.google.com/rss/articles/CBMickFVX3lxTFBMeV9ucWRCYy0xRUEtTTk1SUlFeTNDTXVEeTBSTTBLMVVpOEU2TTJSalUwV3hMaC1PLTVtN3NZOW52Y1d2UHVOTGRRMGNHM3dnajhrUVloa3p2NUkwel82N1RfNS1aRzBzLXQ3RWVKN2ZpUQ?oc=5&hl=ko&gl=KR&ceid=KR%3Ako,235.0,"ai_infrastructure_security,financial_performance",ai_infrastructure_security,,no_original_date_found,no_original_date_found_kept,0.0,-151.6,,0.0,,,0.0,,,,issue_representative_attempt,I001,comp_domestic_ai_platform:네이버 하반기 비용 부담에 수익성 주춤 ai 팩토리가 반전 열쇠,네이버,경쟁사/해외이슈,경쟁사_해외이슈,경쟁사_해외이슈,경쟁사_해외이슈,경쟁사/해외이슈,,
경쟁사_해외이슈,경쟁사/해외이슈,네이버,"네이버클라우드, AI 팩토리 승부수는 '풀스택' [현장+]",블로터,블로터,"Thu, 01 Oct 2026 04:29:05 GMT","Thu, 01 Oct 2026 04:29:05 GMT","네이버클라우드, AI 팩토리 승부수는 '풀스택' [현장+] 블로터",Google 뉴스가 전세계 매체로부터 종합한 최신 뉴스,30,meta_description_short,-103.0,meta_description_not_full_body,16.0,False,False,https://news.google.com/rss/articles/CBMibEFVX3lxTE9PdmJDNzMwQ19FSEVDRjFGSEpNbU1CVHNhUFRRT3VmU0NXcm5iaF9HNzRWMmNlWEZEdi0zWk5SYkhlMFFYa2dqY2hDRDAyTW9SeFZjVmZfTmRTYWNCRXB1QVlGZ0drV3hGb2dyWNIBbEFVX3lxTE9PdmJDNzMwQ19FSEVDRjFGSEpNbU1CVHNhUFRRT3VmU0NXcm5iaF9HNzRWMmNlWEZEdi0zWk5SYkhlMFFYa2dqY2hDRDAyTW9SeFZjVmZfTmRTYWNCRXB1QVlGZ0drV3hGb2dyWA?oc=5,https://news.google.com/rss/articles/CBMibEFVX3lxTE9PdmJDNzMwQ19FSEVDRjFGSEpNbU1CVHNhUFRRT3VmU0NXcm5iaF9HNzRWMmNlWEZEdi0zWk5SYkhlMFFYa2dqY2hDRDAyTW9SeFZjVmZfTmRTYWNCRXB1QVlGZ0drV3hGb2dyWNIBbEFVX3lxTE9PdmJDNzMwQ19FSEVDRjFGSEpNbU1CVHNhUFRRT3VmU0NXcm5iaF9HNzRWMmNlWEZEdi0zWk5SYkhlMFFYa2dqY2hDRDAyTW9SeFZjVmZfTmRTYWNCRXB1QVlGZ0drV3hGb2dyWA?oc=5&hl=ko&gl=KR&ceid=KR%3Ako,230.0,ai_infrastructure_security,ai_infrastructure_security,,no_original_date_found,no_original_date_found_kept,0.0,-153.5,,0.0,,,0.0,,,,issue_representative_attempt,I002,comp_domestic_ai_platform:네이버클라우드 ai 팩토리 승부수는 풀스택 현장+,네이버,경쟁사/해외이슈,경쟁사_해외이슈,경쟁사_해외이슈,경쟁사_해외이슈,경쟁사/해외이슈,,
경쟁사_해외이슈,경쟁사/해외이슈,LGU+,"[경제일보] 데이터센터도 찍어낸다…LG유플러스가 PMDC에 꽂힌 이유[LGU+, AI 팩토리를 짓다③]",아주경제,아주경제,"Thu, 01 Oct 2026 00:12:59 GMT","Thu, 01 Oct 2026 00:12:59 GMT","[경제일보] 데이터센터도 찍어낸다…LG유플러스가 PMDC에 꽂힌 이유[LGU+, AI 팩토리를 짓다③] 아주경제",Google 뉴스가 전세계 매체로부터 종합한 최신 뉴스,30,meta_description_short,-103.0,meta_description_not_full_body,16.5,False,False,https://news.google.com/rss/articles/CBMiWEFVX3lxTE1iTUw5aGRBR1ZmWTNpWmFJc2Z3bzlCVmhBRUVoUlFscWFva3VzakVxM082NVNLcU02d2p2Q3p4WHM3ZHZGaEs1TzRIeXYyQ0JwbnlQM2pWamXSAVhBVV95cUxNYk1MOWhkQUdWZlkzaVphSXNmd285QlZoQUVFaFJRbHFhb2t1c2pFcTNPNjVTS3FNNndqdkN6eFhzN2R2RmhLNU80SHl2MkNCcG55UDNqVmpl?oc=5,https://news.google.com/rss/articles/CBMiWEFVX3lxTE1iTUw5aGRBR1ZmWTNpWmFJc2Z3bzlCVmhBRUVoUlFscWFva3VzakVxM082NVNLcU02d2p2Q3p4WHM3ZHZGaEs1TzRIeXYyQ0JwbnlQM2pWamXSAVhBVV95cUxNYk1MOWhkQUdWZlkzaVphSXNmd285QlZoQUVFaFJRbHFhb2t1c2pFcTNPNjVTS3FNNndqdkN6eFhzN2R2RmhLNU80SHl2MkNCcG55UDNqVmpl?oc=5&hl=ko&gl=KR&ceid=KR%3Ako,227.5,ai_infrastructure_security,ai_infrastructure_security,,no_original_date_found,no_original_date_found_kept,0.0,-153.15,,0.0,,,0.0,,,,issue_representative_attempt,I003,comp_domestic_ai_platform:경제일보 데이터센터도 찍어낸다 lg유플러스가 pmdc에 꽂힌 이유 lgu+ ai 팩토리를 짓다,LGU+,경쟁사/해외이슈,경쟁사_해외이슈,경쟁사_해외이슈,경쟁사_해외이슈,경쟁사/해외이슈,,
경쟁사_해외이슈,경쟁사/해외이슈,네이버,"네이버, 웨일 ‘AI Chat’ 정식 출시",글로벌뉴스통신GNA,글로벌뉴스통신GNA,"Thu, 01 Oct 2026 06:38:21 GMT","Thu, 01 Oct 2026 06:38:21 GMT","네이버, 웨일 ‘AI Chat’ 정식 출시 글로벌뉴스통신GNA",Google 뉴스가 전세계 매체로부터 종합한 최신 뉴스,30,meta_description_short,-103.0,meta_description_not_full_body,16.0,False,False,https://news.google.com/rss/articles/CBMidEFVX3lxTFBkeDFzQ3prUE43R0pKa0pNU1pXR2t0dEg2cmtDRU51dXdKbVEwWG5neTJ4Yi1yU09hSDNoWXB0UVY1TWdaQUtYeEl0UU1wOUFKekhsck1FZERhcENJbHQ1SzVta2J3YnRsSU1PYjlGN1d0Q3c4?oc=5,https://news.google.com/rss/articles/CBMidEFVX3lxTFBkeDFzQ3prUE43R0pKa0pNU1pXR2t0dEg2cmtDRU51dXdKbVEwWG5neTJ4Yi1yU09hSDNoWXB0UVY1TWdaQUtYeEl0UU1wOUFKekhsck1FZERhcENJbHQ1SzVta2J3YnRsSU1PYjlGN1d0Q3c4?oc=5&hl=ko&gl=KR&ceid=KR%3Ako,310.0,ai_infrastructure_security,ai_infrastructure_security,,no_original_date_found,no_original_date_found_kept,0.0,-153.5,,0.0,,,0.0,,,,issue_representative_attempt,I004,comp_domestic_ai_platform:네이버 웨일 ai chat 정식 출시,네이버,경쟁사/해외이슈,경쟁사_해외이슈,경쟁사_해외이슈,경쟁사_해외이슈,경쟁사/해외이슈,,
경쟁사_해외이슈,경쟁사/해외이슈,네이버,"네이버, 웨일에 'AI 챗' 출시…이용 편의성 강화",글로벌이코노믹,글로벌이코노믹,"Thu, 01 Oct 2026 00:31:01 GMT","Thu, 01 Oct 2026 00:31:01 GMT","네이버, 웨일에 'AI 챗' 출시…이용 편의성 강화 글로벌이코노믹",Google 뉴스가 전세계 매체로부터 종합한 최신 뉴스,30,meta_description_short,-103.0,meta_description_not_full_body,16.0,False,False,https://news.google.com/rss/articles/CBMifEFVX3lxTE03Y2ZnalItMmk2M09WdVFMVDh0cVY4UEFJM1ozelBreVpHWDFtOG5vdEtDcXRHTlZieU10WjJUclJKeVhwZkc3TG52MXVkZi0zMHlIQ0UzWlNTUnM4RlZWQktpTEwta0x5aHRnNXd0THItLWVwTkJKdmpXalQ?oc=5,https://news.google.com/rss/articles/CBMifEFVX3lxTE03Y2ZnalItMmk2M09WdVFMVDh0cVY4UEFJM1ozelBreVpHWDFtOG5vdEtDcXRHTlZieU10WjJUclJKeVhwZkc3TG52MXVkZi0zMHlIQ0UzWlNTUnM4RlZWQktpTEwta0x5aHRnNXd0THItLWVwTkJKdmpXalQ?oc=5&hl=ko&gl=KR&ceid=KR%3Ako,307.0,ai_infrastructure_security,ai_infrastructure_security,,no_original_date_found,no_original_date_found_kept,0.0,-153.5,,0.0,,,0.0,,,,issue_representative_attempt,I005,comp_domestic_ai_platform:네이버 웨일에 ai 챗 출시 이용 편의성 강화,네이버,경쟁사/해외이슈,경쟁사_해외이슈,경쟁사_해외이슈,경쟁사_해외이슈,경쟁사/해외이슈,,
자사_및_계열사_이슈,자사 및 계열사 이슈,카카오,"카카오, 월 4900원 '통합 멤버십' 전격 등판…네이버·쿠팡에 맞불",뉴시스,뉴시스,"Thu, 01 Oct 2026 00:43:19 GMT","Thu, 01 Oct 2026 00:43:19 GMT","카카오, 월 4900원 '통합 멤버십' 전격 등판…네이버·쿠팡에 맞불 뉴시스",Google 뉴스가 전세계 매체로부터 종합한 최신 뉴스,30,meta_description_short,-103.0,meta_description_not_full_body,18.5,False,False,https://news.google.com/rss/articles/CBMiYEFVX3lxTE0wNDRqZTYxaWxlQmJxMnptOFJnVzEyeHhZTUdrZ2ZfcUE5QkM1WG5BSUhXcU04LXM0TFVadXJNbTg5MFZ0alVpSzNvRkE5OVB0T3NsNmhDMzJBaVNzZWN0NtIBeEFVX3lxTE1vZjcybERERkNHeXhFZGpObG1TSzMwVkhSMTJGSWdEdkpZRlZWUC11VzMyUW9ibVhzMWxIMDVnNDBSV1ZCU09oc1dNOXBZZlVJZWRXaXNaeEFqUjVfODBzQVZyRlQxTlBtZUpqR1gxTUl6OEJVZVRxMw?oc=5,https://news.google.com/rss/articles/CBMiYEFVX3lxTE0wNDRqZTYxaWxlQmJxMnptOFJnVzEyeHhZTUdrZ2ZfcUE5QkM1WG5BSUhXcU04LXM0TFVadXJNbTg5MFZ0alVpSzNvRkE5OVB0T3NsNmhDMzJBaVNzZWN0NtIBeEFVX3lxTE1vZjcybERERkNHeXhFZGpObG1TSzMwVkhSMTJGSWdEdkpZRlZWUC11VzMyUW9ibVhzMWxIMDVnNDBSV1ZCU09oc1dNOXBZZlVJZWRXaXNaeEFqUjVfODBzQVZyRlQxTlBtZUpqR1gxTUl6OEJVZVRxMw?oc=5&hl=ko&gl=KR&ceid=KR%3Ako,160.8,,,,no_original_date_found,no_original_date_found_kept,0.0,-137.75,,0.0,,,0.0,,,,issue_representative_attempt,I011,self_strategic_reference:카카오 월 4900원 통합 멤버십 전격 등판 네이버 쿠팡에 맞불,카카오,자사 및 계열사 이슈,자사_및_계열사_이슈,자사_및_계열사_이슈,자사_및_계열사_이슈,자사 및 계열사 이슈,,
자사_및_계열사_이슈,자사 및 계열사 이슈,카카오,"네이버·카카오 노조, '원청 책임' 요구… ""모기업 포함 통합교섭하라""",뉴시스,뉴시스,"Thu, 01 Oct 2026 05:30:29 GMT","Thu, 01 Oct 2026 05:30:29 GMT","네이버·카카오 노조, '원청 책임' 요구… ""모기업 포함 통합교섭하라"" 뉴시스",Google 뉴스가 전세계 매체로부터 종합한 최신 뉴스,30,meta_description_short,-103.0,meta_description_not_full_body,79.5,False,False,https://news.google.com/rss/articles/CBMieEFVX3lxTE1scDVKTDZMQjJMbW9zMUdFLTE4U0hhaHI1WEJlVTh0NWp4ZldDdUM0dTQzRUFfMW5MdE5XYUxkNDRvMG92Tk1pYm5oLWpLanpJWGpWY3VmNFhhZHFvXzAxdlpxM1hXWW5VX0VTMnpjRFI4MFBJdGlfYtIBeEFVX3lxTE1scDVKTDZMQjJMbW9zMUdFLTE4U0hhaHI1WEJlVTh0NWp4ZldDdUM0dTQzRUFfMW5MdE5XYUxkNDRvMG92Tk1pYm5oLWpLanpJWGpWY3VmNFhhZHFvXzAxdlpxM1hXWW5VX0VTMnpjRFI4MFBJdGlfYg?oc=5,https://news.google.com/rss/articles/CBMieEFVX3lxTE1scDVKTDZMQjJMbW9zMUdFLTE4U0hhaHI1WEJlVTh0NWp4ZldDdUM0dTQzRUFfMW5MdE5XYUxkNDRvMG92Tk1pYm5oLWpLanpJWGpWY3VmNFhhZHFvXzAxdlpxM1hXWW5VX0VTMnpjRFI4MFBJdGlfYtIBeEFVX3lxTE1scDVKTDZMQjJMbW9zMUdFLTE4U0hhaHI1WEJlVTh0NWp4ZldDdUM0dTQzRUFfMW5MdE5XYUxkNDRvMG92Tk1pYm5oLWpLanpJWGpWY3VmNFhhZHFvXzAxdlpxM1hXWW5VX0VTMnpjRFI4MFBJdGlfYg?oc=5&hl=ko&gl=KR&ceid=KR%3Ako,261.8,"labor_dispute,labor_negotiation",labor_general,,no_original_date_found,no_original_date_found_kept,0.0,-95.05,,0.0,global_incident:labor_ir:kakao:labor_ir:conflict_escalation,global_incident:labor_ir:kakao:labor_ir,0.0,,,,issue_representative_attempt,I019,카카오 노조 임단협/파업 및 내부 갈등,카카오,자사 및 계열사 이슈,자사_및_계열사_이슈,자사_및_계열사_이슈,자사_및_계열사_이슈,자사 및 계열사 이슈,,
자사_및_계열사_이슈,자사 및 계열사 이슈,카카오,"네이버·카카오 노조 ""모기업도 교섭 나서야""⋯'통합교섭' 재차 주장",아이뉴스24,아이뉴스24,"Thu, 01 Oct 2026 21:00:01 GMT","Thu, 01 Oct 2026 21:00:01 GMT","네이버·카카오 노조 ""모기업도 교섭 나서야""⋯'통합교섭' 재차 주장 아이뉴스24",Google 뉴스가 전세계 매체로부터 종합한 최신 뉴스,30,meta_description_short,-103.0,meta_description_not_full_body,79.5,False,False,https://news.google.com/rss/articles/CBMiS0FVX3lxTE5ab3RTR3lERUU3MEpmX1ZqandTeFIxTDRPd3RnNkk2YzNGWTNRTkwyS1NsdVB2cm9oQ05fTUdoNjVHYXgtdkhoX1lxbw?oc=5,https://news.google.com/rss/articles/CBMiS0FVX3lxTE5ab3RTR3lERUU3MEpmX1ZqandTeFIxTDRPd3RnNkk2YzNGWTNRTkwyS1NsdVB2cm9oQ05fTUdoNjVHYXgtdkhoX1lxbw?oc=5&hl=ko&gl=KR&ceid=KR%3Ako,126.8,"labor_dispute,labor_negotiation",labor_general,,no_original_date_found,no_original_date_found_kept,0.0,-101.05,,0.0,global_incident:labor_ir:kakao:labor_ir:conflict_escalation,global_incident:labor_ir:kakao:labor_ir,0.0,,,,issue_representative_attempt,I019,카카오 노조 임단협/파업 및 내부 갈등,카카오,자사 및 계열사 이슈,자사_및_계열사_이슈,자사_및_계열사_이슈,자사_및_계열사_이슈,자사 및 계열사 이슈,,
자사_및_계열사_이슈,자사 및 계열사 이슈,카카오,"“계열사 쪼개기 그만”…네이버·카카오 노조, 모회사 상대로 ‘통합교섭’ 전면전",뉴스로드,뉴스로드,"Thu, 01 Oct 2026 22:50:00 GMT","Thu, 01 Oct 2026 22:50:00 GMT","“계열사 쪼개기 그만”…네이버·카카오 노조, 모회사 상대로 ‘통합교섭’ 전면전 뉴스로드",Google 뉴스가 전세계 매체로부터 종합한 최신 뉴스,30,meta_description_short,-103.0,meta_description_not_full_body,79.5,False,False,https://news.google.com/rss/articles/CBMibEFVX3lxTE10ZXlhRGxqSVlzdVBTZ3pSZEZTNE1XNllxMVBkajl2TlBmRTB2OWsxQ1gwdlpiZVFCVWhZRFFBeDFEdHBEbTJ1TXpkcll1NE1nREFMZFhHek9ib1BSTC1ZcTFtUFFXVXRmZzZiWdIBb0FVX3lxTE9ZSFIzWjFnZ292dDJjcjhsTE9EUXFkb0RONWgyVWlrRkJKMmVtRmpmaHJqYkFzaTVFb0gyQTBuWC1kR2tQSDdZbTF0YTdrM283cTBkcl8tOWd2eW5BX3pXQ3FPSk1NcUsyNWZ3UUlvcw?oc=5,https://news.google.com/rss/articles/CBMibEFVX3lxTE10ZXlhRGxqSVlzdVBTZ3pSZEZTNE1XNllxMVBkajl2TlBmRTB2OWsxQ1gwdlpiZVFCVWhZRFFBeDFEdHBEbTJ1TXpkcll1NE1nREFMZFhHek9ib1BSTC1ZcTFtUFFXVXRmZzZiWdIBb0FVX3lxTE9ZSFIzWjFnZ292dDJjcjhsTE9EUXFkb0RONWgyVWlrRkJKMmVtRmpmaHJqYkFzaTVFb0gyQTBuWC1kR2tQSDdZbTF0YTdrM283cTBkcl8tOWd2eW5BX3pXQ3FPSk1NcUsyNWZ3UUlvcw?oc=5&hl=ko&gl=KR&ceid=KR%3Ako,125.8,"labor_dispute,labor_negotiation",labor_general,,no_original_date_found,no_original_date_found_kept,0.0,-109.05,,0.0,global_incident:labor_ir:kakao:labor_ir:conflict_escalation,global_incident:labor_ir:kakao:labor_ir,0.0,,,,issue_representative_attempt,I019,카카오 노조 임단협/파업 및 내부 갈등,카카오,자사 및 계열사 이슈,자사_및_계열사_이슈,자사_및_계열사_이슈,자사_및_계열사_이슈,자사 및 계열사 이슈,,
자사_및_계열사_이슈,자사 및 계열사 이슈,카카오,"네이버·카카오 노조 ""모기업도 교섭 나서야""⋯'통합교섭' 재차 주장",v.daum.net,v.daum.net,"Thu, 01 Oct 2026 21:02:11 GMT","Thu, 01 Oct 2026 21:02:11 GMT","네이버·카카오 노조 ""모기업도 교섭 나서야""⋯'통합교섭' 재차 주장 v.daum.net",Google 뉴스가 전세계 매체로부터 종합한 최신 뉴스,30,meta_description_short,-103.0,meta_description_not_full_body,79.5,False,False,https://news.google.com/rss/articles/CBMiVEFVX3lxTE01RGhsbXFrZ3VtS1FsTGt3TjYwY0NzZ2VwaU1rOXlwQ0ZVbDk2TG5HQ1lOWGFJM2NqOU0wdTNQejl0VTlUNnZoNjhjeU10LWhfeEM5ZA?oc=5,https://news.google.com/rss/articles/CBMiVEFVX3lxTE01RGhsbXFrZ3VtS1FsTGt3TjYwY0NzZ2VwaU1rOXlwQ0ZVbDk2TG5HQ1lOWGFJM2NqOU0wdTNQejl0VTlUNnZoNjhjeU10LWhfeEM5ZA?oc=5&hl=ko&gl=KR&ceid=KR%3Ako,123.8,"labor_dispute,labor_negotiation",labor_general,,no_original_date_found,no_original_date_found_kept,0.0,-109.05,,0.0,global_incident:labor_ir:kakao:labor_ir:conflict_escalation,global_incident:labor_ir:kakao:labor_ir,0.0,,,,issue_representative_attempt,I019,카카오 노조 임단협/파업 및 내부 갈등,카카오,자사 및 계열사 이슈,자사_및_계열사_이슈,자사_및_계열사_이슈,자사_및_계열사_이슈,자사 및 계열사 이슈,,
자사_및_계열사_이슈,자사 및 계열사 이슈,카카오,"네이버·카카오 노조 지회장, 한 자리에 모인 이유는 [IT클로즈업]",디지털데일리,디지털데일리,"Thu, 01 Oct 2026 04:41:00 GMT","Thu, 01 Oct 2026 04:41:00 GMT","네이버·카카오 노조 지회장, 한 자리에 모인 이유는 [IT클로즈업] 디지털데일리",Google 뉴스가 전세계 매체로부터 종합한 최신 뉴스,30,meta_description_short,-103.0,meta_description_not_full_body,79.5,False,False,https://news.google.com/rss/articles/CBMiZEFVX3lxTE85S0F4LWZvUnR0YjdmeEZUU3NueHE2MEUzMU9OUW1yUVFTd2dnNmZ2c19SWEQ0ZXd6eGtnVGxoX3RiVl92dTNtYk1FWjYzME1HSGU1UjR4cnN2V253QkdMakFwdmk?oc=5,https://news.google.com/rss/articles/CBMiZEFVX3lxTE85S0F4LWZvUnR0YjdmeEZUU3NueHE2MEUzMU9OUW1yUVFTd2dnNmZ2c19SWEQ0ZXd6eGtnVGxoX3RiVl92dTNtYk1FWjYzME1HSGU1UjR4cnN2V253QkdMakFwdmk?oc=5&hl=ko&gl=KR&ceid=KR%3Ako,118.8,"labor_dispute,labor_negotiation",labor_general,,no_original_date_found,no_original_date_found_kept,0.0,-97.05,,0.0,global_incident:labor_ir:kakao:labor_ir:conflict_escalation,global_incident:labor_ir:kakao:labor_ir,0.0,,,,issue_representative_attempt,I019,카카오 노조 임단협/파업 및 내부 갈등,카카오,자사 및 계열사 이슈,자사_및_계열사_이슈,자사_및_계열사_이슈,자사_및_계열사_이슈,자사 및 계열사 이슈,,
자사_및_계열사_이슈,자사 및 계열사 이슈,카카오,네이버·카카오 노조 모기업도 교섭 나서야…통합교섭 촉구,SBS Biz,SBS Biz,"Thu, 01 Oct 2026 04:59:00 GMT","Thu, 01 Oct 2026 04:59:00 GMT",네이버·카카오 노조 모기업도 교섭 나서야…통합교섭 촉구 SBS Biz,Google 뉴스가 전세계 매체로부터 종합한 최신 뉴스,30,meta_description_short,-103.0,meta_description_not_full_body,79.5,False,False,https://news.google.com/rss/articles/CBMiWEFVX3lxTFA3TlgzdDRhRXBWcHYyMlpJVmM0UXNfOWdSeWpLaDZLU3pubE52anRFTUxZS2VnZzB6Y2xXbmhscF9xSFo3ZHA5b3pOMWh1YV9yd3RvcFFRam_SAVhBVV95cUxQN05YM3Q0YUVwVnB2MjJaSVZjNFFzXzlnUnlqS2g2S1N6bmxOdmp0RU1MWUtlZ2cwemNsV25obHBfcUhaN2RwOW96TjFodWFfcnd0b3BRUWpv?oc=5,https://news.google.com/rss/articles/CBMiWEFVX3lxTFA3TlgzdDRhRXBWcHYyMlpJVmM0UXNfOWdSeWpLaDZLU3pubE52anRFTUxZS2VnZzB6Y2xXbmhscF9xSFo3ZHA5b3pOMWh1YV9yd3RvcFFRam_SAVhBVV95cUxQN05YM3Q0YUVwVnB2MjJaSVZjNFFzXzlnUnlqS2g2S1N6bmxOdmp0RU1MWUtlZ2cwemNsV25obHBfcUhaN2RwOW96TjFodWFfcnd0b3BRUWpv?oc=5&hl=ko&gl=KR&ceid=KR%3Ako,116.8,"labor_dispute,labor_negotiation",labor_general,,no_original_date_found,no_original_date_found_kept,0.0,-102.05,,0.0,global_incident:labor_ir:kakao:labor_ir:conflict_escalation,global_incident:labor_ir:kakao:labor_ir,0.0,,,,issue_representative_attempt,I019,카카오 노조 임단협/파업 및 내부 갈등,카카오,자사 및 계열사 이슈,자사_및_계열사_이슈,자사_및_계열사_이슈,자사_및_계열사_이슈,자사 및 계열사 이슈,,
자사_및_계열사_이슈,자사 및 계열사 이슈,카카오,"네이버·카카오 노조 “노란봉투법 무력화, 모기업이 통합교섭 나서야”",KBS 뉴스,KBS 뉴스,"Thu, 01 Oct 2026 04:56:00 GMT","Thu, 01 Oct 2026 04:56:00 GMT","네이버·카카오 노조 “노란봉투법 무력화, 모기업이 통합교섭 나서야” KBS 뉴스",Google 뉴스가 전세계 매체로부터 종합한 최신 뉴스,30,meta_description_short,-103.0,meta_description_not_full_body,79.5,False,False,https://news.google.com/rss/articles/CBMiW0FVX3lxTE5RQnlUR004LXhnTi03NkhiUkx2clMtZE9QMlBpX1hDLS1paEpjaFMyRXU3OGFla3ozLVBUcEZVV0xIaEZvZ3NWS0o4cFNzVzREd2lILUJUVm1ZZ28?oc=5,https://news.google.com/rss/articles/CBMiW0FVX3lxTE5RQnlUR004LXhnTi03NkhiUkx2clMtZE9QMlBpX1hDLS1paEpjaFMyRXU3OGFla3ozLVBUcEZVV0xIaEZvZ3NWS0o4cFNzVzREd2lILUJUVm1ZZ28?oc=5&hl=ko&gl=KR&ceid=KR%3Ako,116.8,"labor_dispute,labor_negotiation",labor_general,,no_original_date_found,no_original_date_found_kept,0.0,-106.05,,0.0,global_incident:labor_ir:kakao:labor_ir:conflict_escalation,global_incident:labor_ir:kakao:labor_ir,0.0,,,,issue_representative_attempt,I019,카카오 노조 임단협/파업 및 내부 갈등,카카오,자사 및 계열사 이슈,자사_및_계열사_이슈,자사_및_계열사_이슈,자사_및_계열사_이슈,자사 및 계열사 이슈,,
자사_및_계열사_이슈,자사 및 계열사 이슈,카카오,"네이버·카카오 노조, 모기업 통합교섭 촉구…“계열사 쪼개기 멈춰야”",핀포인트뉴스,핀포인트뉴스,"Thu, 01 Oct 2026 04:49:09 GMT","Thu, 01 Oct 2026 04:49:09 GMT","네이버·카카오 노조, 모기업 통합교섭 촉구…“계열사 쪼개기 멈춰야” 핀포인트뉴스",Google 뉴스가 전세계 매체로부터 종합한 최신 뉴스,30,meta_description_short,-103.0,meta_description_not_full_body,79.5,False,False,https://news.google.com/rss/articles/CBMic0FVX3lxTFAyeTEzSlU5UVFFcENWT3RyTl9ZZGdSUU5CMTVsWkVxOVUxWW83UFM1V0V6dU9kczYtWVN1LXFOeFB6d0F2Y0ZySl9yTTJXcHBsRnF6OTRVT2tJUTVIbkFoX2JWTmRlcS1rY1FTVkoyS2dvcFHSAXdBVV95cUxOZ05vcUdQTGdIZ3BvdGZxdUctYkZuZFpaYkJSYnU0dFByMmh3MjZCbTJzLU1rX2Zid1J2cWoyX2hPelFReTFOVVFQWWlEY2YtbHdBeEFpd2lkalBHdkljRnBrRVhYcG40Ul93bzlUeF80M2NhSVpZMA?oc=5,https://news.google.com/rss/articles/CBMic0FVX3lxTFAyeTEzSlU5UVFFcENWT3RyTl9ZZGdSUU5CMTVsWkVxOVUxWW83UFM1V0V6dU9kczYtWVN1LXFOeFB6d0F2Y0ZySl9yTTJXcHBsRnF6OTRVT2tJUTVIbkFoX2JWTmRlcS1rY1FTVkoyS2dvcFHSAXdBVV95cUxOZ05vcUdQTGdIZ3BvdGZxdUctYkZuZFpaYkJSYnU0dFByMmh3MjZCbTJzLU1rX2Zid1J2cWoyX2hPelFReTFOVVFQWWlEY2YtbHdBeEFpd2lkalBHdkljRnBrRVhYcG40Ul93bzlUeF80M2NhSVpZMA?oc=5&hl=ko&gl=KR&ceid=KR%3Ako,114.8,"labor_dispute,labor_negotiation",labor_general,,no_original_date_found,no_original_date_found_kept,0.0,-109.05,,0.0,global_incident:labor_ir:kakao:labor_ir:conflict_escalation,global_incident:labor_ir:kakao:labor_ir,0.0,,,,issue_representative_attempt,I019,카카오 노조 임단협/파업 및 내부 갈등,카카오,자사 및 계열사 이슈,자사_및_계열사_이슈,자사_및_계열사_이슈,자사_및_계열사_이슈,자사 및 계열사 이슈,,
자사_및_계열사_이슈,자사 및 계열사 이슈,카카오,"네이버·카카오 노조 ""모기업도 교섭 나와야""..통합교섭 요구",포쓰저널,포쓰저널,"Thu, 01 Oct 2026 07:44:24 GMT","Thu, 01 Oct 2026 07:44:24 GMT","네이버·카카오 노조 ""모기업도 교섭 나와야""..통합교섭 요구 포쓰저널",Google 뉴스가 전세계 매체로부터 종합한 최신 뉴스,30,meta_description_short,-103.0,meta_description_not_full_body,79.5,False,False,https://news.google.com/rss/articles/CBMiZEFVX3lxTE5EX2JUaFZzMGxHbWhJYjNXcXB5WDE2ZmlBRF9xVGhuMWMtRk92dF8xdUhHLTQ4a2lRdjZwUF9YS2Z3OE90Xy1aVGk5OC1mbHBNUldYVXFCbEk0R1FUQ2FDUmpsU0c?oc=5,https://news.google.com/rss/articles/CBMiZEFVX3lxTE5EX2JUaFZzMGxHbWhJYjNXcXB5WDE2ZmlBRF9xVGhuMWMtRk92dF8xdUhHLTQ4a2lRdjZwUF9YS2Z3OE90Xy1aVGk5OC1mbHBNUldYVXFCbEk0R1FUQ2FDUmpsU0c?oc=5&hl=ko&gl=KR&ceid=KR%3Ako,114.8,"labor_dispute,labor_negotiation",labor_general,,no_original_date_found,no_original_date_found_kept,0.0,-109.05,,0.0,global_incident:labor_ir:kakao:labor_ir:conflict_escalation,global_incident:labor_ir:kakao:labor_ir,0.0,,,,issue_representative_attempt,I019,카카오 노조 임단협/파업 및 내부 갈등,카카오,자사 및 계열사 이슈,자사_및_계열사_이슈,자사_및_계열사_이슈,자사_및_계열사_이슈,자사 및 계열사 이슈,,
자사_및_계열사_이슈,자사 및 계열사 이슈,카카오,네이버·카카오 노조 뭉쳤다...'계열사 아우르는 '통합교섭' 필요',테크M,테크M,"Thu, 01 Oct 2026 04:56:41 GMT","Thu, 01 Oct 2026 04:56:41 GMT",네이버·카카오 노조 뭉쳤다...'계열사 아우르는 '통합교섭' 필요' 테크M,Google 뉴스가 전세계 매체로부터 종합한 최신 뉴스,30,meta_description_short,-103.0,meta_description_not_full_body,79.5,False,False,https://news.google.com/rss/articles/CBMiakFVX3lxTE96U3JBTjQ5aDJtM05uT0d2VXJZVzZnMndZR1BxNnRiUVlsQVdxRHoyc1lmd2dnWGFqclU4My01cG9WellDYkZ5WGJvaUtNalRXRTMwUmpXam5udW5ZM2NQT0xnZ2tMVHJPaEHSAWpBVV95cUxPelNyQU40OWgybTNObk9HdlVyWVc2ZzJ3WUdQcTZ0YlFZbEFXcUR6MnNZZndnZ1hhanJVODMtNXBvVnpZQ2JGeVhib2lLTWpUV0UzMFJqV2pubnVuWTNjUE9MZ2drTFRyT2hB?oc=5,https://news.google.com/rss/articles/CBMiakFVX3lxTE96U3JBTjQ5aDJtM05uT0d2VXJZVzZnMndZR1BxNnRiUVlsQVdxRHoyc1lmd2dnWGFqclU4My01cG9WellDYkZ5WGJvaUtNalRXRTMwUmpXam5udW5ZM2NQT0xnZ2tMVHJPaEHSAWpBVV95cUxPelNyQU40OWgybTNObk9HdlVyWVc2ZzJ3WUdQcTZ0YlFZbEFXcUR6MnNZZndnZ1hhanJVODMtNXBvVnpZQ2JGeVhib2lLTWpUV0UzMFJqV2pubnVuWTNjUE9MZ2drTFRyT2hB?oc=5&hl=ko&gl=KR&ceid=KR%3Ako,114.8,"labor_dispute,labor_negotiation",labor_general,,no_original_date_found,no_original_date_found_kept,0.0,-109.05,,0.0,global_incident:labor_ir:kakao:labor_ir:conflict_escalation,global_incident:labor_ir:kakao:labor_ir,0.0,,,,issue_representative_attempt,I019,카카오 노조 임단협/파업 및 내부 갈등,카카오,자사 및 계열사 이슈,자사_및_계열사_이슈,자사_및_계열사_이슈,자사_및_계열사_이슈,자사 및 계열사 이슈,,
자사_및_계열사_이슈,자사 및 계열사 이슈,카카오,"네이버·카카오 노조, '통합교섭' 촉구…""계열사 단위 교섭 한계""",ebn.co.kr,ebn.co.kr,"Thu, 01 Oct 2026 06:44:45 GMT","Thu, 01 Oct 2026 06:44:45 GMT","네이버·카카오 노조, '통합교섭' 촉구…""계열사 단위 교섭 한계"" ebn.co.kr",Google 뉴스가 전세계 매체로부터 종합한 최신 뉴스,30,meta_description_short,-103.0,meta_description_not_full_body,79.5,False,False,https://news.google.com/rss/articles/CBMiaEFVX3lxTFBzTjd3aFd1TVh3U0dNUDFjVHczOTVDbkZaMG9uTS04d0MwdURxWWR6bExZU00zY1BXNFRDcE92QU1yZjdUdHhJWV9FejZJMjhueE00RXM2aXU5eklrUW9sM3JuSVJrWWdu?oc=5,https://news.google.com/rss/articles/CBMiaEFVX3lxTFBzTjd3aFd1TVh3U0dNUDFjVHczOTVDbkZaMG9uTS04d0MwdURxWWR6bExZU00zY1BXNFRDcE92QU1yZjdUdHhJWV9FejZJMjhueE00RXM2aXU5eklrUW9sM3JuSVJrWWdu?oc=5&hl=ko&gl=KR&ceid=KR%3Ako,112.8,"labor_dispute,labor_negotiation",labor_general,,no_original_date_found,no_original_date_found_kept,0.0,-112.05,,0.0,global_incident:labor_ir:kakao:labor_ir:conflict_escalation,global_incident:labor_ir:kakao:labor_ir,0.0,,,,issue_representative_attempt,I019,카카오 노조 임단협/파업 및 내부 갈등,카카오,자사 및 계열사 이슈,자사_및_계열사_이슈,자사_및_계열사_이슈,자사_및_계열사_이슈,자사 및 계열사 이슈,,
자사_및_계열사_이슈,자사 및 계열사 이슈,카카오,"[WIKI 현장] 카카오 노조, 사업 재편 속 통합교섭 재촉구…'결정과 책임' 쟁점",위키리크스한국,위키리크스한국,"Thu, 01 Oct 2026 05:41:00 GMT","Thu, 01 Oct 2026 05:41:00 GMT","[WIKI 현장] 카카오 노조, 사업 재편 속 통합교섭 재촉구…'결정과 책임' 쟁점 위키리크스한국",Google 뉴스가 전세계 매체로부터 종합한 최신 뉴스,30,meta_description_short,-103.0,meta_description_not_full_body,77.0,False,False,https://news.google.com/rss/articles/CBMicEFVX3lxTE56VEZtV19rV1lrNTNDN1JoU0RMTEJLb2F4WHNlSGZIZUEtRS13MUwwQ1ZuTlhMc0E3Tkx1d2lGbFVDdnYxTzUxSnBuc3diOWg3T2k4N0hEeTdjMUJDaHB4TmpBN0hOSkhMeXBoMGJfbEI?oc=5,https://news.google.com/rss/articles/CBMicEFVX3lxTE56VEZtV19rV1lrNTNDN1JoU0RMTEJLb2F4WHNlSGZIZUEtRS13MUwwQ1ZuTlhMc0E3Tkx1d2lGbFVDdnYxTzUxSnBuc3diOWg3T2k4N0hEeTdjMUJDaHB4TmpBN0hOSkhMeXBoMGJfbEI?oc=5&hl=ko&gl=KR&ceid=KR%3Ako,114.8,"labor_dispute,labor_negotiation",labor_general,,no_original_date_found,no_original_date_found_kept,0.0,-110.8,,0.0,global_incident:labor_ir:kakao:labor_ir:conflict_escalation,global_incident:labor_ir:kakao:labor_ir,0.0,,,,issue_representative_attempt,I019,카카오 노조 임단협/파업 및 내부 갈등,카카오,자사 및 계열사 이슈,자사_및_계열사_이슈,자사_및_계열사_이슈,자사_및_계열사_이슈,자사 및 계열사 이슈,,
정부_국회,정부/국회,과학기술정보통신부,"과학기술정보통신부, 인공지능(AI) 협력으로 글로벌 디지털 공동 번영 모색, 제12회 글로벌 ICT 리더십 포럼 개최",글로컬저널,글로컬저널,"Wed, 30 Sep 2026 15:17:20 GMT","Wed, 30 Sep 2026 15:17:20 GMT","과학기술정보통신부, 인공지능(AI) 협력으로 글로벌 디지털 공동 번영 모색, 제12회 글로벌 ICT 리더십 포럼 개최 글로컬저널",Google 뉴스가 전세계 매체로부터 종합한 최신 뉴스,30,meta_description_short,-103.0,meta_description_not_full_body,45.0,False,False,https://news.google.com/rss/articles/CBMib0FVX3lxTFBqSW1sLTRnX0VTZW1NS1NJUl9CdW5UU0FGanNFQ012ZmQxZkNOZzY3WVlZb2tpWG45ZU92WlEtY3Jsa1JFWUkteDBRclZOM3QzNDdxUnVMX1hpNlVmZlhXWDRQT3M3NmdMTFd3bEFPd9IBb0FVX3lxTFBqSW1sLTRnX0VTZW1NS1NJUl9CdW5UU0FGanNFQ012ZmQxZkNOZzY3WVlZb2tpWG45ZU92WlEtY3Jsa1JFWUkteDBRclZOM3QzNDdxUnVMX1hpNlVmZlhXWDRQT3M3NmdMTFd3bEFPdw?oc=5,https://news.google.com/rss/articles/CBMib0FVX3lxTFBqSW1sLTRnX0VTZW1NS1NJUl9CdW5UU0FGanNFQ012ZmQxZkNOZzY3WVlZb2tpWG45ZU92WlEtY3Jsa1JFWUkteDBRclZOM3QzNDdxUnVMX1hpNlVmZlhXWDRQT3M3NmdMTFd3bEFPd9IBb0FVX3lxTFBqSW1sLTRnX0VTZW1NS1NJUl9CdW5UU0FGanNFQ012ZmQxZkNOZzY3WVlZb2tpWG45ZU92WlEtY3Jsa1JFWUkteDBRclZOM3QzNDdxUnVMX1hpNlVmZlhXWDRQT3M3NmdMTFd3bEFPdw?oc=5&hl=ko&gl=KR&ceid=KR%3Ako,205.1,ai_infrastructure_security,ai_infrastructure_security,,no_original_date_found,no_original_date_found_kept,0.0,-133.2,,7.0,,,0.0,,,,issue_representative_attempt,I026,government_ai_core_policy:과학기술정보통신부 인공지능 ai 협력으로 글로벌 디지털 공동 번영 모색 제12회 글로벌 ict 리더십 포럼,과학기술정보통신부,정부/국회,정부_국회,정부_국회,정부_국회,정부/국회,,
정부_국회,정부/국회,일본 빅테크,"백악관-AI 빅테크, 4단계 관리·감사로 자율규제 합의…‘AI 안전’ 기업 스스로 관리",비즈월드,비즈월드,"Thu, 01 Oct 2026 02:26:00 GMT","Thu, 01 Oct 2026 02:26:00 GMT","백악관-AI 빅테크, 4단계 관리·감사로 자율규제 합의…‘AI 안전’ 기업 스스로 관리 비즈월드",Google 뉴스가 전세계 매체로부터 종합한 최신 뉴스,30,meta_description_short,-103.0,meta_description_not_full_body,-31.5,False,False,https://news.google.com/rss/articles/CBMiakFVX3lxTFBzWHFRNUtXYzBGVkNMcDFhdWRXZDVoc1JXQ3JNWTFmLWNYSmE0YktiLUktRXhkQmNGdDZFR2Y1QjdRdWo1WjZ2OWl5bkdIMTBTREtuQ1pHNTRVVnRXMXFsR1UtTWE3a1JzQ0E?oc=5,https://news.google.com/rss/articles/CBMiakFVX3lxTFBzWHFRNUtXYzBGVkNMcDFhdWRXZDVoc1JXQ3JNWTFmLWNYSmE0YktiLUktRXhkQmNGdDZFR2Y1QjdRdWo1WjZ2OWl5bkdIMTBTREtuQ1pHNTRVVnRXMXFsR1UtTWE3a1JzQ0E?oc=5&hl=ko&gl=KR&ceid=KR%3Ako,121.5,"ai_infrastructure_security,policy_legislation",ai_infrastructure_security,,no_original_date_found,no_original_date_found_kept,0.0,-186.75,,0.0,,,0.0,,,,issue_representative_attempt,I065,government_ai_core_policy:백악관 ai 빅테크 4단계 관리 감사로 자율규제 합의 ai 안전 기업 스스로 관리,일본 빅테크,경쟁사/해외이슈,경쟁사_해외이슈,경쟁사_해외이슈,정부_국회,정부/국회,,
자사_및_계열사_이슈,자사 및 계열사 이슈,카카오,카카오 멤버십 시범 출시…네이버플러스 정조준,대한경제,대한경제,"Thu, 01 Oct 2026 01:47:48 GMT","Thu, 01 Oct 2026 01:47:48 GMT",카카오 멤버십 시범 출시…네이버플러스 정조준 대한경제,Google 뉴스가 전세계 매체로부터 종합한 최신 뉴스,30,meta_description_short,-103.0,meta_description_not_full_body,18.5,False,False,https://news.google.com/rss/articles/CBMic0FVX3lxTE1NcThrUHAtZWRNZjl1WnBpUUNlN09IeDJqa3REQ0lQbjlyT0dxbUZUdlA0OWZjRnV3a0ltSV91Znl4Rmw5VHZnOW9zTVB4cTdBRWc2WktFdFg5SjBxYXRIWXkwanV5a2RscXEtNkduSXRhdWM?oc=5,https://news.google.com/rss/articles/CBMic0FVX3lxTE1NcThrUHAtZWRNZjl1WnBpUUNlN09IeDJqa3REQ0lQbjlyT0dxbUZUdlA0OWZjRnV3a0ltSV91Znl4Rmw5VHZnOW9zTVB4cTdBRWc2WktFdFg5SjBxYXRIWXkwanV5a2RscXEtNkduSXRhdWM?oc=5&hl=ko&gl=KR&ceid=KR%3Ako,186.8,,,,no_original_date_found,no_original_date_found_kept,0.0,-151.75,,0.0,,,0.0,,,,issue_representative_attempt,I021,self_strategic_reference:카카오 멤버십 시범 출시 네이버플러스 정조준,카카오,자사 및 계열사 이슈,자사_및_계열사_이슈,자사_및_계열사_이슈,자사_및_계열사_이슈,자사 및 계열사 이슈,,
자사_및_계열사_이슈,자사 및 계열사 이슈,카카오,네이버 이어 카카오도…IT업계 '통합교섭' 전선 넓어진다,edaily.co.kr,이데일리,"Thu, 01 Oct 2026 06:21:34 GMT","Thu, 01 Oct 2026 06:21:34 GMT",네이버 이어 카카오도…IT업계 '통합교섭' 전선 넓어진다 edaily.co.kr,Google 뉴스가 전세계 매체로부터 종합한 최신 뉴스,30,meta_description_short,-103.0,meta_description_not_full_body,69.5,False,False,https://news.google.com/rss/articles/CBMigAFBVV95cUxONWk1azN5cUlwalNPcXpQWU5hcVV1YWRZbnhkTnJNbExuR1BkU2ZpS3BOUndHd195VjNlRGhkRGhsdUV4S3FCTXE3T3NjSXB1UGdFb2kyTFlTWmdBaV9YLVpqWWdvRVNBUnVqVFVULXpBRURxVVV2Tmt5bW1xejFYZQ?oc=5,https://news.google.com/rss/articles/CBMigAFBVV95cUxONWk1azN5cUlwalNPcXpQWU5hcVV1YWRZbnhkTnJNbExuR1BkU2ZpS3BOUndHd195VjNlRGhkRGhsdUV4S3FCTXE3T3NjSXB1UGdFb2kyTFlTWmdBaV9YLVpqWWdvRVNBUnVqVFVULXpBRURxVVV2Tmt5bW1xejFYZQ?oc=5&hl=ko&gl=KR&ceid=KR%3Ako,100.8,labor_negotiation,labor_negotiation,,no_original_date_found,no_original_date_found_kept,0.0,-104.05,,0.0,,,0.0,,,,issue_representative_attempt,I022,self_strategic_reference:네이버 이어 카카오도 it업계 통합교섭 전선 넓어진다,카카오,자사 및 계열사 이슈,자사_및_계열사_이슈,자사_및_계열사_이슈,자사_및_계열사_이슈,자사 및 계열사 이슈,,
자사_및_계열사_이슈,자사 및 계열사 이슈,카카오,"네이버·카카오 노동자 “통합교섭 막힌 현실, 국감서 따져 달라”",v.daum.net,v.daum.net,"Thu, 01 Oct 2026 21:32:12 GMT","Thu, 01 Oct 2026 21:32:12 GMT","네이버·카카오 노동자 “통합교섭 막힌 현실, 국감서 따져 달라” v.daum.net",Google 뉴스가 전세계 매체로부터 종합한 최신 뉴스,30,meta_description_short,-103.0,meta_description_not_full_body,69.5,False,False,https://news.google.com/rss/articles/CBMiT0FVX3lxTE5FMnUzNnhTcTVvNlB2MW9VSXB2NDNfd0toVWlBUnF2N0cwT2kzLU13VUxvbnl2MTF2TDRmUWx4YjhxV09uam9rWUdUMV9mTU0?oc=5,https://news.google.com/rss/articles/CBMiT0FVX3lxTE5FMnUzNnhTcTVvNlB2MW9VSXB2NDNfd0toVWlBUnF2N0cwT2kzLU13VUxvbnl2MTF2TDRmUWx4YjhxV09uam9rWUdUMV9mTU0?oc=5&hl=ko&gl=KR&ceid=KR%3Ako,108.8,labor_negotiation,labor_negotiation,,no_original_date_found,no_original_date_found_kept,0.0,-116.05,,0.0,,,0.0,,,,issue_representative_attempt,I023,self_strategic_reference:네이버 카카오 노동자 통합교섭 막힌 현실 국감서 따져 달라,카카오,자사 및 계열사 이슈,자사_및_계열사_이슈,자사_및_계열사_이슈,자사_및_계열사_이슈,자사 및 계열사 이슈,,
자사_및_계열사_이슈,자사 및 계열사 이슈,카카오,돈도 사람도 늘렸는데 제재·사고…카카오페이·토스 보안 '엇박자',딜사이트,딜사이트,"Thu, 01 Oct 2026 21:30:00 GMT","Thu, 01 Oct 2026 21:30:00 GMT",돈도 사람도 늘렸는데 제재·사고…카카오페이·토스 보안 '엇박자' 딜사이트,Google 뉴스가 전세계 매체로부터 종합한 최신 뉴스,30,meta_description_short,-103.0,meta_description_not_full_body,173.5,False,False,https://news.google.com/rss/articles/CBMiT0FVX3lxTE94bnFudWpGNmFzNGI0RjNsV0JNakw2cWhpNkhoY0l3dG9GaTZJbE5vYnlqN1BqTnIwVmFfYXM2OFhILURRTW1RX3k3WWhnN2M?oc=5,https://news.google.com/rss/articles/CBMiT0FVX3lxTE94bnFudWpGNmFzNGI0RjNsV0JNakw2cWhpNkhoY0l3dG9GaTZJbE5vYnlqN1BqTnIwVmFfYXM2OFhILURRTW1RX3k3WWhnN2M?oc=5&hl=ko&gl=KR&ceid=KR%3Ako,112.8,"legal_regulatory_enforcement,phishing_security,platform_obligation,privacy_security_reliability",security_general,,no_original_date_found,no_original_date_found_kept,0.0,-43.25,,0.0,global_incident:platform_regulation:kakao:platform_operator_obligation:sanction_penalty,global_incident:platform_regulation:kakao:platform_operator_obligation,48.0,self:platform_obligation,Y,,issue_representative_attempt,I055,global_incident:platform_regulation:kakao:platform_operator_obligation,카카오,자사 및 계열사 이슈,자사_및_계열사_이슈,자사_및_계열사_이슈,자사_및_계열사_이슈,자사 및 계열사 이슈,,
자사_및_계열사_이슈,자사 및 계열사 이슈,토스,"제주은행·토스, 매출·성장성 반영한 ‘사장님 대출’ 출시",v.daum.net,v.daum.net,"Thu, 01 Oct 2026 00:20:56 GMT","Thu, 01 Oct 2026 00:20:56 GMT","제주은행·토스, 매출·성장성 반영한 ‘사장님 대출’ 출시 v.daum.net",Google 뉴스가 전세계 매체로부터 종합한 최신 뉴스,30,meta_description_short,-103.0,meta_description_not_full_body,-89.5,False,False,https://news.google.com/rss/articles/CBMiRkFVX3lxTE1yZXpUR3QwblY0MWdlN01SODVLOXcxSTBvLXhjT3haSDJxQ2Fyb2FNTFBReFhWaE0zV2FWOW5HMHFOY3pMSlE?oc=5,https://news.google.com/rss/articles/CBMiRkFVX3lxTE1yZXpUR3QwblY0MWdlN01SODVLOXcxSTBvLXhjT3haSDJxQ2Fyb2FNTFBReFhWaE0zV2FWOW5HMHFOY3pMSlE?oc=5&hl=ko&gl=KR&ceid=KR%3Ako,67.5,"earnings,financial_performance",financial_performance,,no_original_date_found,no_original_date_found_kept,0.0,-227.35,,0.0,,,0.0,,,,issue_representative_attempt,I056,self_filler_reference:제주은행 토스 매출 성장성 반영한 사장님 대출 출시,토스,경쟁사/해외이슈,경쟁사_해외이슈,경쟁사_해외이슈,자사_및_계열사_이슈,자사 및 계열사 이슈,,
자사_및_계열사_이슈,자사 및 계열사 이슈,구글,‘우주 데이터센터’에 성큼? 구글 AI칩 실은 위성 발사 성공,v.daum.net,v.daum.net,"Fri, 02 Oct 2026 02:40:31 GMT","Fri, 02 Oct 2026 02:40:31 GMT",‘우주 데이터센터’에 성큼? 구글 AI칩 실은 위성 발사 성공 v.daum.net,Google 뉴스가 전세계 매체로부터 종합한 최신 뉴스,30,meta_description_short,-103.0,meta_description_not_full_body,-104.5,False,False,https://news.google.com/rss/articles/CBMiT0FVX3lxTE1EOS1CMjREUGgwdVdBM0xLeFVFLXpFUzFreGhQMHNlMmFBYWhqMEVjTEpFak9ac1VGbXdHbHI2MDl0cGZ1VThKTzc2Si12cU0?oc=5,https://news.google.com/rss/articles/CBMiT0FVX3lxTE1EOS1CMjREUGgwdVdBM0xLeFVFLXpFUzFreGhQMHNlMmFBYWhqMEVjTEpFak9ac1VGbXdHbHI2MDl0cGZ1VThKTzc2Si12cU0?oc=5&hl=ko&gl=KR&ceid=KR%3Ako,211.5,ai_infrastructure_security,ai_infrastructure_security,,no_original_date_found,no_original_date_found_kept,0.0,-237.85,,0.0,,,0.0,,,,issue_representative_attempt,I059,self_filler_reference:우주 데이터센터에 성큼 구글 ai칩 실은 위성 발사 성공,구글,경쟁사/해외이슈,경쟁사_해외이슈,경쟁사_해외이슈,자사_및_계열사_이슈,자사 및 계열사 이슈,,
자사_및_계열사_이슈,자사 및 계열사 이슈,구글,구글 AI칩 탑재 위성 발사…우주 데이터센터 시험 시작,v.daum.net,v.daum.net,"Fri, 02 Oct 2026 00:46:31 GMT","Fri, 02 Oct 2026 00:46:31 GMT",구글 AI칩 탑재 위성 발사…우주 데이터센터 시험 시작 v.daum.net,Google 뉴스가 전세계 매체로부터 종합한 최신 뉴스,30,meta_description_short,-103.0,meta_description_not_full_body,-104.5,False,False,https://news.google.com/rss/articles/CBMiT0FVX3lxTE5uN29fNGYzNWZDcGJRbzhLLU9mTVp4NFdQcm14MjF3b0dZZHZfbTBWWnYySEhUS2hYbHJ2Z3ZkaC1rNnNxTDQzb2ZKMUZUQm8?oc=5,https://news.google.com/rss/articles/CBMiT0FVX3lxTE5uN29fNGYzNWZDcGJRbzhLLU9mTVp4NFdQcm14MjF3b0dZZHZfbTBWWnYySEhUS2hYbHJ2Z3ZkaC1rNnNxTDQzb2ZKMUZUQm8?oc=5&hl=ko&gl=KR&ceid=KR%3Ako,211.5,ai_infrastructure_security,ai_infrastructure_security,,no_original_date_found,no_original_date_found_kept,0.0,-237.85,,0.0,,,0.0,,,,issue_representative_attempt,I060,self_filler_reference:구글 ai칩 탑재 위성 발사 우주 데이터센터 시험 시작,구글,경쟁사/해외이슈,경쟁사_해외이슈,경쟁사_해외이슈,자사_및_계열사_이슈,자사 및 계열사 이슈,,
자사_및_계열사_이슈,자사 및 계열사 이슈,구글,"우주로 간 인공지능…구글, 우주데이터센터 시험위성 첫 발사",v.daum.net,v.daum.net,"Fri, 02 Oct 2026 00:36:58 GMT","Fri, 02 Oct 2026 00:36:58 GMT","우주로 간 인공지능…구글, 우주데이터센터 시험위성 첫 발사 v.daum.net",Google 뉴스가 전세계 매체로부터 종합한 최신 뉴스,30,meta_description_short,-103.0,meta_description_not_full_body,-104.5,False,False,https://news.google.com/rss/articles/CBMiVEFVX3lxTE5Ta3YyVUU5dUh5ZDhpRXJlUmd6MEllcFBhOURVYVZWeFV6TENLVDg2YWNtNGpyQ0dCbHZDNmp1b3E1Q21EbURhaU16X3hCeUxRZmZqTw?oc=5,https://news.google.com/rss/articles/CBMiVEFVX3lxTE5Ta3YyVUU5dUh5ZDhpRXJlUmd6MEllcFBhOURVYVZWeFV6TENLVDg2YWNtNGpyQ0dCbHZDNmp1b3E1Q21EbURhaU16X3hCeUxRZmZqTw?oc=5&hl=ko&gl=KR&ceid=KR%3Ako,211.5,ai_infrastructure_security,ai_infrastructure_security,,no_original_date_found,no_original_date_found_kept,0.0,-237.85,,7.0,,,0.0,,,,issue_representative_attempt,I061,self_filler_reference:우주로 간 인공지능 구글 우주데이터센터 시험위성 첫 발사,구글,경쟁사/해외이슈,경쟁사_해외이슈,경쟁사_해외이슈,자사_및_계열사_이슈,자사 및 계열사 이슈,,
자사_및_계열사_이슈,자사 및 계열사 이슈,카카오,"카카오페이, 시버트·NXT 지분 카카오페이證로…증권사업 한곳에 모은다",press9.kr,press9.kr,"Thu, 01 Oct 2026 06:55:43 GMT","Thu, 01 Oct 2026 06:55:43 GMT","카카오페이, 시버트·NXT 지분 카카오페이證로…증권사업 한곳에 모은다 press9.kr",Google 뉴스가 전세계 매체로부터 종합한 최신 뉴스,30,meta_description_short,-103.0,meta_description_not_full_body,85.5,False,False,https://news.google.com/rss/articles/CBMiZEFVX3lxTFAzVXNTTzRjajZKYWgtdDkzSjZKd01fMWstSFdQQXQ1R1lyUURJRlZlbnBNZlNHcVd2WnA1SFdlOGNtbm5RWWtvSEo3VlFKZWdQVWNic1hqa0FyV0V0R2hBak5qMEc?oc=5,https://news.google.com/rss/articles/CBMiZEFVX3lxTFAzVXNTTzRjajZKYWgtdDkzSjZKd01fMWstSFdQQXQ1R1lyUURJRlZlbnBNZlNHcVd2WnA1SFdlOGNtbm5RWWtvSEo3VlFKZWdQVWNic1hqa0FyV0V0R2hBak5qMEc?oc=5&hl=ko&gl=KR&ceid=KR%3Ako,109.8,strategy_mna_governance,strategy_mna_governance,,no_original_date_found,no_original_date_found_kept,0.0,-107.85,,0.0,global_incident:mna_capital:kakao:mna_capital:general,global_incident:mna_capital:kakao:mna_capital,0.0,,,,issue_representative_attempt,I064,global_incident:mna_capital:kakao:mna_capital,카카오,자사 및 계열사 이슈,자사_및_계열사_이슈,자사_및_계열사_이슈,자사_및_계열사_이슈,자사 및 계열사 이슈,,
자사_및_계열사_이슈,자사 및 계열사 이슈,카카오,"카카오게임은 시작…'인적분할' 카카오, 계열사 매각 판 커지나",v.daum.net,v.daum.net,"Thu, 01 Oct 2026 05:30:47 GMT","Thu, 01 Oct 2026 05:30:47 GMT","카카오게임은 시작…'인적분할' 카카오, 계열사 매각 판 커지나 v.daum.net",Google 뉴스가 전세계 매체로부터 종합한 최신 뉴스,30,meta_description_short,-103.0,meta_description_not_full_body,83.0,False,False,https://news.google.com/rss/articles/CBMiRkFVX3lxTE9iME16OTllcTBSeXYyMW5jUm9iYjEyeGhCdk5IMG44VDNUS25YNWFMdjdFdjVDckttR2pXMkJiaENKUWxPNWc?oc=5,https://news.google.com/rss/articles/CBMiRkFVX3lxTE9iME16OTllcTBSeXYyMW5jUm9iYjEyeGhCdk5IMG44VDNUS25YNWFMdjdFdjVDckttR2pXMkJiaENKUWxPNWc?oc=5&hl=ko&gl=KR&ceid=KR%3Ako,111.8,strategy_mna_governance,strategy_mna_governance,,no_original_date_found,no_original_date_found_kept,0.0,-106.6,,0.0,global_incident:mna_capital:kakao:mna_capital:general,global_incident:mna_capital:kakao:mna_capital,0.0,,,,issue_representative_attempt,I064,global_incident:mna_capital:kakao:mna_capital,카카오,자사 및 계열사 이슈,자사_및_계열사_이슈,자사_및_계열사_이슈,자사_및_계열사_이슈,자사 및 계열사 이슈,,
자사_및_계열사_이슈,자사 및 계열사 이슈,카카오,"카카오게임은 시작…'인적분할' 카카오, 계열사 매각 판 커지나",numbers.co.kr,numbers.co.kr,"Thu, 01 Oct 2026 05:30:47 GMT","Thu, 01 Oct 2026 05:30:47 GMT","카카오게임은 시작…'인적분할' 카카오, 계열사 매각 판 커지나 numbers.co.kr",Google 뉴스가 전세계 매체로부터 종합한 최신 뉴스,30,meta_description_short,-103.0,meta_description_not_full_body,83.0,False,False,https://news.google.com/rss/articles/CBMia0FVX3lxTE9qb3pqMVEycGdxTkVzT0J2OWZuanBielBocWRVMUF0azJDZ1MxMXV0UG5Hc3NwTXVjaS01R29mTThrejZGVDFOY2JQNTV2bWhWWDNEMXc3Sy1YWWNrTUt1eGR0THBvdXdoMU9V?oc=5,https://news.google.com/rss/articles/CBMia0FVX3lxTE9qb3pqMVEycGdxTkVzT0J2OWZuanBielBocWRVMUF0azJDZ1MxMXV0UG5Hc3NwTXVjaS01R29mTThrejZGVDFOY2JQNTV2bWhWWDNEMXc3Sy1YWWNrTUt1eGR0THBvdXdoMU9V?oc=5&hl=ko&gl=KR&ceid=KR%3Ako,109.8,strategy_mna_governance,strategy_mna_governance,,no_original_date_found,no_original_date_found_kept,0.0,-109.6,,0.0,global_incident:mna_capital:kakao:mna_capital:general,global_incident:mna_capital:kakao:mna_capital,0.0,,,,issue_representative_attempt,I064,global_incident:mna_capital:kakao:mna_capital,카카오,자사 및 계열사 이슈,자사_및_계열사_이슈,자사_및_계열사_이슈,자사_및_계열사_이슈,자사 및 계열사 이슈,,
자사_및_계열사_이슈,자사 및 계열사 이슈,카카오,카카오페이증권·디나리 맞손…한국 상장주식 토큰화 유통 추진,토큰포스트,토큰포스트,"Thu, 01 Oct 2026 07:52:47 GMT","Thu, 01 Oct 2026 07:52:47 GMT",카카오페이증권·디나리 맞손…한국 상장주식 토큰화 유통 추진 토큰포스트,Google 뉴스가 전세계 매체로부터 종합한 최신 뉴스,30,meta_description_short,-103.0,meta_description_not_full_body,70.5,False,False,https://news.google.com/rss/articles/CBMiW0FVX3lxTE1jVGFCcDdLNXVVTWg4YU4tUzAzUl9KVWU3QkNLNWRlaE1Xb08ya1F2UHRNVDlSNjBNUzBKMUZYV2lVY3JhR2h4WndPdDBnQkVJOV8yTmo1T2NlNTA?oc=5,https://news.google.com/rss/articles/CBMiW0FVX3lxTE1jVGFCcDdLNXVVTWg4YU4tUzAzUl9KVWU3QkNLNWRlaE1Xb08ya1F2UHRNVDlSNjBNUzBKMUZYV2lVY3JhR2h4WndPdDBnQkVJOV8yTmo1T2NlNTA?oc=5&hl=ko&gl=KR&ceid=KR%3Ako,111.8,strategy_mna_governance,strategy_mna_governance,,no_original_date_found,no_original_date_found_kept,0.0,-115.35,,0.0,global_incident:mna_capital:kakao:mna_capital:announcement,global_incident:mna_capital:kakao:mna_capital,0.0,,,,issue_representative_attempt,I064,global_incident:mna_capital:kakao:mna_capital,카카오,자사 및 계열사 이슈,자사_및_계열사_이슈,자사_및_계열사_이슈,자사_및_계열사_이슈,자사 및 계열사 이슈,,
자사_및_계열사_이슈,자사 및 계열사 이슈,카카오,"서승욱 카카오지회장 ""카카오인베 합병 반대 2%···기간 짧고 본격 활동 못해"" |",시사저널e,시사저널e,"Thu, 01 Oct 2026 08:28:56 GMT","Thu, 01 Oct 2026 08:28:56 GMT","서승욱 카카오지회장 ""카카오인베 합병 반대 2%···기간 짧고 본격 활동 못해"" | 시사저널e",Google 뉴스가 전세계 매체로부터 종합한 최신 뉴스,30,meta_description_short,-103.0,meta_description_not_full_body,83.0,False,False,https://news.google.com/rss/articles/CBMidkFVX3lxTE1peFR5d0JEbkJPQmhfdV9YY3ZrWm5pRmg0U3lXVWhlMzhVZlFJSllsV05CRHdGdENqSmdvZ2c3QWlncnE3WE1HbzBtSDY2YWhTRmJSeE1WYm83YmNreEZIU2lMbVk5MDJhdmxWN0hrdzdOd3NSN1E?oc=5,https://news.google.com/rss/articles/CBMidkFVX3lxTE1peFR5d0JEbkJPQmhfdV9YY3ZrWm5pRmg0U3lXVWhlMzhVZlFJSllsV05CRHdGdENqSmdvZ2c3QWlncnE3WE1HbzBtSDY2YWhTRmJSeE1WYm83YmNreEZIU2lMbVk5MDJhdmxWN0hrdzdOd3NSN1E?oc=5&hl=ko&gl=KR&ceid=KR%3Ako,61.8,strategy_mna_governance,strategy_mna_governance,,no_original_date_found,no_original_date_found_kept,0.0,-106.6,,0.0,global_incident:mna_capital:kakao:mna_capital:general,global_incident:mna_capital:kakao:mna_capital,0.0,,,,issue_representative_attempt,I064,global_incident:mna_capital:kakao:mna_capital,카카오,자사 및 계열사 이슈,자사_및_계열사_이슈,자사_및_계열사_이슈,자사_및_계열사_이슈,자사 및 계열사 이슈,,
자사_및_계열사_이슈,자사 및 계열사 이슈,카카오,"국내 상장주식 토큰화 검토…카카오페이증권, 해외 유통 연구",토큰포스트,토큰포스트,"Thu, 01 Oct 2026 09:21:03 GMT","Thu, 01 Oct 2026 09:21:03 GMT","국내 상장주식 토큰화 검토…카카오페이증권, 해외 유통 연구 토큰포스트",Google 뉴스가 전세계 매체로부터 종합한 최신 뉴스,30,meta_description_short,-103.0,meta_description_not_full_body,70.5,False,False,https://news.google.com/rss/articles/CBMiYEFVX3lxTFBpZDZVQUphaUY1a3p4U0NpUU41dkVJR0ktOFRraE04Wm9rN1FTTDdhMno3OUNVZFlZNXJLNlNJVkVLTDRXa3ZQam1OeFJmVzcyWXR1Y29MNnlWTzRJVlo2Zg?oc=5,https://news.google.com/rss/articles/CBMiYEFVX3lxTFBpZDZVQUphaUY1a3p4U0NpUU41dkVJR0ktOFRraE04Wm9rN1FTTDdhMno3OUNVZFlZNXJLNlNJVkVLTDRXa3ZQam1OeFJmVzcyWXR1Y29MNnlWTzRJVlo2Zg?oc=5&hl=ko&gl=KR&ceid=KR%3Ako,61.8,strategy_mna_governance,strategy_mna_governance,,no_original_date_found,no_original_date_found_kept,0.0,-115.35,,0.0,global_incident:mna_capital:kakao:mna_capital:announcement,global_incident:mna_capital:kakao:mna_capital,0.0,,,,issue_representative_attempt,I064,global_incident:mna_capital:kakao:mna_capital,카카오,자사 및 계열사 이슈,자사_및_계열사_이슈,자사_및_계열사_이슈,자사_및_계열사_이슈,자사 및 계열사 이슈,,
정부_국회,정부/국회,네이버,댓글 : 투자자 반발에 한발 물러선 국회…‘졸속 논란’ 의무공개매수제 해법은,네이버 프리미엄콘텐츠,네이버 프리미엄콘텐츠,"Thu, 01 Oct 2026 03:56:00 GMT","Thu, 01 Oct 2026 03:56:00 GMT",댓글 : 투자자 반발에 한발 물러선 국회…‘졸속 논란’ 의무공개매수제 해법은 네이버 프리미엄콘텐츠,Google 뉴스가 전세계 매체로부터 종합한 최신 뉴스,30,meta_description_short,-103.0,meta_description_not_full_body,-35.5,False,False,https://news.google.com/rss/articles/CBMiggFBVV95cUxNWmtnb2tDRlFpOW4zR0xsUUJaWTRYdmpuMG1GUjhJNHA4cm9EX3BoTThndmVLTXZJT0ZfN0VjZ2dwZzdRbE9lWjBkQVQ4NTBrOXNGSXQzMXFfZC0yanYtaU1uZkMwNkoxVzhLc1BLaDJOVnVFVWdDUFRQalpMaFlyM3J3?oc=5,https://news.google.com/rss/articles/CBMiggFBVV95cUxNWmtnb2tDRlFpOW4zR0xsUUJaWTRYdmpuMG1GUjhJNHA4cm9EX3BoTThndmVLTXZJT0ZfN0VjZ2dwZzdRbE9lWjBkQVQ4NTBrOXNGSXQzMXFfZC0yanYtaU1uZkMwNkoxVzhLc1BLaDJOVnVFVWdDUFRQalpMaFlyM3J3?oc=5&hl=ko&gl=KR&ceid=KR%3Ako,173.5,"platform_obligation,policy_legislation",policy_legislation,,no_original_date_found,no_original_date_found_kept,0.0,-189.55,,0.0,global_incident:platform_regulation:naver:platform_content_moderation_obligation:announcement,global_incident:platform_regulation:naver:platform_content_moderation_obligation,56.0,government:platform_obligation,Y,,issue_representative_attempt,I017,global_incident:platform_regulation:naver:platform_content_moderation_obligation,네이버,경쟁사/해외이슈,경쟁사_해외이슈,경쟁사_해외이슈,정부_국회,정부/국회,,
정부_국회,정부/국회,네이버,오늘부터 노동규제 강화된 일본…현지 국내 기업들 ‘비용 압박’ 현실화,네이버 프리미엄콘텐츠,네이버 프리미엄콘텐츠,"Thu, 01 Oct 2026 09:33:00 GMT","Thu, 01 Oct 2026 09:33:00 GMT",오늘부터 노동규제 강화된 일본…현지 국내 기업들 ‘비용 압박’ 현실화 네이버 프리미엄콘텐츠,Google 뉴스가 전세계 매체로부터 종합한 최신 뉴스,30,meta_description_short,-103.0,meta_description_not_full_body,-38.5,False,False,https://news.google.com/rss/articles/CBMigwFBVV95cUxNVUJ1VnVyckQxNUkzLV92QmdtR3ZxTmZLckRfU0M0TUc5WXhwLTFZaGdpd1RDNTZJV3ZYWlBqcHFUS2xGaDlmWk9MMHhJN0pmVmZydjRMM1ZHeEtTUVY3TC1KSUhhLWxkYk9lT3dxMVVWZkFLMFFwSWlWNERMd2V4cjRNcw?oc=5,https://news.google.com/rss/articles/CBMigwFBVV95cUxNVUJ1VnVyckQxNUkzLV92QmdtR3ZxTmZLckRfU0M0TUc5WXhwLTFZaGdpd1RDNTZJV3ZYWlBqcHFUS2xGaDlmWk9MMHhJN0pmVmZydjRMM1ZHeEtTUVY3TC1KSUhhLWxkYk9lT3dxMVVWZkFLMFFwSWlWNERMd2V4cjRNcw?oc=5&hl=ko&gl=KR&ceid=KR%3Ako,215.0,"platform_obligation,policy_legislation",policy_legislation,,no_original_date_found,no_original_date_found_kept,0.0,-191.65,,0.0,global_incident:platform_regulation:naver:platform_content_moderation_obligation:policy_change,global_incident:platform_regulation:naver:platform_content_moderation_obligation,24.0,government:platform_obligation,Y,,issue_representative_attempt,I017,global_incident:platform_regulation:naver:platform_content_moderation_obligation,네이버,경쟁사/해외이슈,경쟁사_해외이슈,경쟁사_해외이슈,정부_국회,정부/국회,,
정부_국회,정부/국회,공정거래위원회,"공정위, 쿠팡에 ‘조사방해’ 제재 절차 돌입…심사보고서 송부",KBS 뉴스,KBS 뉴스,"Thu, 01 Oct 2026 22:34:00 GMT","Thu, 01 Oct 2026 22:34:00 GMT","공정위, 쿠팡에 ‘조사방해’ 제재 절차 돌입…심사보고서 송부 KBS 뉴스",Google 뉴스가 전세계 매체로부터 종합한 최신 뉴스,30,meta_description_short,-103.0,meta_description_not_full_body,145.0,False,False,https://news.google.com/rss/articles/CBMiW0FVX3lxTE02M2g4Z3JXWG16LWJEWjRyZTZzOGN4VGdfb0s1ZUF0WEVjTXB6VzZJNzFyanUyQzU0eklvWlh5eWxZM2N4WnpxZlA4SkZscDEwYjl4SktoQ2hXQjA?oc=5,https://news.google.com/rss/articles/CBMiW0FVX3lxTE02M2g4Z3JXWG16LWJEWjRyZTZzOGN4VGdfb0s1ZUF0WEVjTXB6VzZJNzFyanUyQzU0eklvWlh5eWxZM2N4WnpxZlA4SkZscDEwYjl4SktoQ2hXQjA?oc=5&hl=ko&gl=KR&ceid=KR%3Ako,214.6,"antitrust_platform,legal_regulatory_enforcement,platform_obligation",antitrust_general,,no_original_date_found,no_original_date_found_kept,0.0,-60.2,,14.0,global_incident:platform_regulation:coupang:platform_operator_obligation:sanction_penalty,global_incident:platform_regulation:coupang:platform_operator_obligation,56.0,government:platform_obligation,Y,,issue_representative_attempt,I028,global_incident:platform_regulation:coupang:platform_operator_obligation,공정거래위원회,정부/국회,정부_국회,경쟁사_해외이슈,정부_국회,정부/국회,,
정부_국회,정부/국회,공정거래위원회,"[단독] 공정위, 쿠팡에 ‘조사방해’ 제재 절차 돌입…심사보고서 송부",v.daum.net,v.daum.net,"Thu, 01 Oct 2026 10:28:12 GMT","Thu, 01 Oct 2026 10:28:12 GMT","[단독] 공정위, 쿠팡에 ‘조사방해’ 제재 절차 돌입…심사보고서 송부 v.daum.net",Google 뉴스가 전세계 매체로부터 종합한 최신 뉴스,30,meta_description_short,-103.0,meta_description_not_full_body,145.0,False,False,https://news.google.com/rss/articles/CBMiRkFVX3lxTFB5VkpnU2g1TThnWXl1NkNLTXVMNk00UFBoanFoNGVrTDkxMkpodE82SzRLODZqNnN5ZzRiU1RJczAtbGFlV1E?oc=5,https://news.google.com/rss/articles/CBMiRkFVX3lxTFB5VkpnU2g1TThnWXl1NkNLTXVMNk00UFBoanFoNGVrTDkxMkpodE82SzRLODZqNnN5ZzRiU1RJczAtbGFlV1E?oc=5&hl=ko&gl=KR&ceid=KR%3Ako,206.6,"antitrust_platform,legal_regulatory_enforcement,platform_obligation",antitrust_general,,no_original_date_found,no_original_date_found_kept,0.0,-63.2,,14.0,global_incident:platform_regulation:coupang:platform_operator_obligation:sanction_penalty,global_incident:platform_regulation:coupang:platform_operator_obligation,56.0,government:platform_obligation,Y,,issue_representative_attempt,I028,global_incident:platform_regulation:coupang:platform_operator_obligation,공정거래위원회,정부/국회,정부_국회,정부_국회,정부_국회,정부/국회,,
정부_국회,정부/국회,공정거래위원회,"공정위, 쿠팡 ‘현장조사 거부’ 제재 착수…과태료 최대 1억원 의견",뉴스21 통신,뉴스21 통신,"Fri, 02 Oct 2026 00:37:03 GMT","Fri, 02 Oct 2026 00:37:03 GMT","공정위, 쿠팡 ‘현장조사 거부’ 제재 착수…과태료 최대 1억원 의견 뉴스21 통신",Google 뉴스가 전세계 매체로부터 종합한 최신 뉴스,30,meta_description_short,-103.0,meta_description_not_full_body,138.0,False,False,https://news.google.com/rss/articles/CBMiVkFVX3lxTE9qZWJtM3hhTGwwNmxzbjZmWk5ZeFNzTy1pUWpOcjM5WmJIbC1jQ1IybkRNNTItUndDaXl5SFhCbkREdnNRSHQ4LVhlcUlmN2FQaGNCa2RB?oc=5,https://news.google.com/rss/articles/CBMiVkFVX3lxTE9qZWJtM3hhTGwwNmxzbjZmWk5ZeFNzTy1pUWpOcjM5WmJIbC1jQ1IybkRNNTItUndDaXl5SFhCbkREdnNRSHQ4LVhlcUlmN2FQaGNCa2RB?oc=5&hl=ko&gl=KR&ceid=KR%3Ako,209.6,"antitrust_platform,legal_regulatory_enforcement,platform_obligation",antitrust_general,,no_original_date_found,no_original_date_found_kept,0.0,-68.1,,14.0,global_incident:platform_regulation:coupang:platform_operator_obligation:sanction_penalty,global_incident:platform_regulation:coupang:platform_operator_obligation,56.0,government:platform_obligation,Y,,issue_representative_attempt,I028,global_incident:platform_regulation:coupang:platform_operator_obligation,공정거래위원회,정부/국회,정부_국회,경쟁사_해외이슈,정부_국회,정부/국회,,
정부_국회,정부/국회,공정거래위원회,"공정위, 쿠팡 ‘현장조사 거부’ 제재 착수...과태료 1억원",edaily.co.kr,이데일리,"Thu, 01 Oct 2026 09:12:04 GMT","Thu, 01 Oct 2026 09:12:04 GMT","공정위, 쿠팡 ‘현장조사 거부’ 제재 착수...과태료 1억원 edaily.co.kr",Google 뉴스가 전세계 매체로부터 종합한 최신 뉴스,30,meta_description_short,-103.0,meta_description_not_full_body,138.0,False,False,https://news.google.com/rss/articles/CBMigAFBVV95cUxOVm9LV1d6RDN0bmcxNDJob1NkdGZOcGtidzllNm5mVEVsVzJYcjY4VXRUUFR3RmpuU0pBOXFpR2NkSDZ2Z3N6bFNyOXlIWU94MWdWYzY3X1dORE5IUkUwUC1ENmd5c2tKVW9HVUZvYThubjF3bjBEb1czXzdGSUZnUQ?oc=5,https://news.google.com/rss/articles/CBMigAFBVV95cUxOVm9LV1d6RDN0bmcxNDJob1NkdGZOcGtidzllNm5mVEVsVzJYcjY4VXRUUFR3RmpuU0pBOXFpR2NkSDZ2Z3N6bFNyOXlIWU94MWdWYzY3X1dORE5IUkUwUC1ENmd5c2tKVW9HVUZvYThubjF3bjBEb1czXzdGSUZnUQ?oc=5&hl=ko&gl=KR&ceid=KR%3Ako,202.6,"antitrust_platform,legal_regulatory_enforcement,platform_obligation",antitrust_general,,no_original_date_found,no_original_date_found_kept,0.0,-56.1,,14.0,global_incident:platform_regulation:coupang:platform_operator_obligation:sanction_penalty,global_incident:platform_regulation:coupang:platform_operator_obligation,56.0,government:platform_obligation,Y,,issue_representative_attempt,I028,global_incident:platform_regulation:coupang:platform_operator_obligation,공정거래위원회,정부/국회,정부_국회,경쟁사_해외이슈,정부_국회,정부/국회,,
정부_국회,정부/국회,공정거래위원회,"[단독] 공정위, 쿠팡에 ‘조사방해 과태료 부과’ 심사보고서 송부",KBS 뉴스,KBS 뉴스,"Thu, 01 Oct 2026 02:12:00 GMT","Thu, 01 Oct 2026 02:12:00 GMT","[단독] 공정위, 쿠팡에 ‘조사방해 과태료 부과’ 심사보고서 송부 KBS 뉴스",Google 뉴스가 전세계 매체로부터 종합한 최신 뉴스,30,meta_description_short,-103.0,meta_description_not_full_body,120.0,False,False,https://news.google.com/rss/articles/CBMiW0FVX3lxTE9Eb096dm5YR0RoVjJmZWhvc0lqdWk3djI2YkswbFpTY3JMelNEUHE0SUl2U3VDVE5aeHBsZXpDNEVsaTRDMlFKQkoxa0szNGpSQTNTOEJob3RNaEk?oc=5,https://news.google.com/rss/articles/CBMiW0FVX3lxTE9Eb096dm5YR0RoVjJmZWhvc0lqdWk3djI2YkswbFpTY3JMelNEUHE0SUl2U3VDVE5aeHBsZXpDNEVsaTRDMlFKQkoxa0szNGpSQTNTOEJob3RNaEk?oc=5&hl=ko&gl=KR&ceid=KR%3Ako,202.6,"antitrust_platform,platform_obligation",antitrust_general,,no_original_date_found,no_original_date_found_kept,0.0,-77.7,,14.0,global_incident:platform_regulation:coupang:platform_operator_obligation:sanction_penalty,global_incident:platform_regulation:coupang:platform_operator_obligation,56.0,government:platform_obligation,Y,,issue_representative_attempt,I028,global_incident:platform_regulation:coupang:platform_operator_obligation,공정거래위원회,정부/국회,정부_국회,경쟁사_해외이슈,정부_국회,정부/국회,,
정부_국회,정부/국회,공정거래위원회,"공정위, 쿠팡에 '조사방해 과태료' 심사보고서 송부... 최대 1억 원",한국일보,한국일보,"Thu, 01 Oct 2026 06:25:00 GMT","Thu, 01 Oct 2026 06:25:00 GMT","공정위, 쿠팡에 '조사방해 과태료' 심사보고서 송부... 최대 1억 원 한국일보",Google 뉴스가 전세계 매체로부터 종합한 최신 뉴스,30,meta_description_short,-103.0,meta_description_not_full_body,120.0,False,False,https://news.google.com/rss/articles/CBMibkFVX3lxTFBzTHRPSEpRc1RoV0ltS1B1Tms0Qk04Z3RRRVhob2ozWno3RDZfMERuMG51dzhESWNxNEFodk5CWVFFNDBLQlRNcXJodWJ3c1FxNkxrUEdObXptZEh1WEdVUHNlZFdIN2dTc1NPc2hR0gFzQVVfeXFMTkdBT3gtMzNRVzR0dU1yRHl4ems3WW9lM0JrVWhfeWIwUnZRT0FCX1BORWg3RGF3ZTM3Rm5Ca0JsTHhrR0dRZjNPbkVnQmNxNEVURlN4V1ZvbW44TFdfUV9HREx0MjBhODdkOFNRVlFBOC1Raw?oc=5,https://news.google.com/rss/articles/CBMibkFVX3lxTFBzTHRPSEpRc1RoV0ltS1B1Tms0Qk04Z3RRRVhob2ozWno3RDZfMERuMG51dzhESWNxNEFodk5CWVFFNDBLQlRNcXJodWJ3c1FxNkxrUEdObXptZEh1WEdVUHNlZFdIN2dTc1NPc2hR0gFzQVVfeXFMTkdBT3gtMzNRVzR0dU1yRHl4ems3WW9lM0JrVWhfeWIwUnZRT0FCX1BORWg3RGF3ZTM3Rm5Ca0JsTHhrR0dRZjNPbkVnQmNxNEVURlN4V1ZvbW44TFdfUV9HREx0MjBhODdkOFNRVlFBOC1Raw?oc=5&hl=ko&gl=KR&ceid=KR%3Ako,201.6,"antitrust_platform,platform_obligation",antitrust_general,,no_original_date_found,no_original_date_found_kept,0.0,-80.7,,14.0,global_incident:platform_regulation:coupang:platform_operator_obligation:sanction_penalty,global_incident:platform_regulation:coupang:platform_operator_obligation,56.0,government:platform_obligation,Y,,issue_representative_attempt,I028,global_incident:platform_regulation:coupang:platform_operator_obligation,공정거래위원회,정부/국회,정부_국회,경쟁사_해외이슈,정부_국회,정부/국회,,
정부_국회,정부/국회,공정거래위원회,"공정위, '현장조사 거부' 쿠팡에 '과태료 1억' 부과 절차 착수",v.daum.net,v.daum.net,"Fri, 02 Oct 2026 00:25:09 GMT","Fri, 02 Oct 2026 00:25:09 GMT","공정위, '현장조사 거부' 쿠팡에 '과태료 1억' 부과 절차 착수 v.daum.net",Google 뉴스가 전세계 매체로부터 종합한 최신 뉴스,30,meta_description_short,-103.0,meta_description_not_full_body,113.0,False,False,https://news.google.com/rss/articles/CBMiRkFVX3lxTE9SbDIwZFh2N2dlY1VUajVweVc2a1pNRXlEcGNlVlhCdnZ2em9XUXBJbjJMd2hxdEppWGF3Q2tRNVFmcmFWRGc?oc=5,https://news.google.com/rss/articles/CBMiRkFVX3lxTE9SbDIwZFh2N2dlY1VUajVweVc2a1pNRXlEcGNlVlhCdnZ2em9XUXBJbjJMd2hxdEppWGF3Q2tRNVFmcmFWRGc?oc=5&hl=ko&gl=KR&ceid=KR%3Ako,206.6,"antitrust_platform,platform_obligation",antitrust_general,,no_original_date_found,no_original_date_found_kept,0.0,-85.6,,14.0,global_incident:platform_regulation:coupang:platform_operator_obligation:sanction_penalty,global_incident:platform_regulation:coupang:platform_operator_obligation,56.0,government:platform_obligation,Y,,issue_representative_attempt,I028,global_incident:platform_regulation:coupang:platform_operator_obligation,공정거래위원회,정부/국회,정부_국회,정부_국회,정부_국회,정부/국회,,
정부_국회,정부/국회,공정거래위원회,"공정위, '현장조사 거부' 쿠팡에 '과태료 1억' 부과 절차 착수",MBC 뉴스,MBC 뉴스,"Fri, 02 Oct 2026 00:21:53 GMT","Fri, 02 Oct 2026 00:21:53 GMT","공정위, '현장조사 거부' 쿠팡에 '과태료 1억' 부과 절차 착수 MBC 뉴스",Google 뉴스가 전세계 매체로부터 종합한 최신 뉴스,30,meta_description_short,-103.0,meta_description_not_full_body,113.0,False,False,https://news.google.com/rss/articles/CBMidEFVX3lxTE9PQlI3cmcxYTd4R1RaRnloV1dUMTk0b05rT2pqQko1bFlTZ2ZpS05WOW5uNTdRRVBtemk4eDViMlIxVTZzWUNzTWlCOEtLdHk2ZHQ4ZjhoMjhiVTZlTDEya2xUVkxTQkNjT09nUkdyVmh2U2Q20gF0QVVfeXFMT3lTUEk3SjZ1NV9vMTBsaTlnRGZ2S0MxZzlpMW1zVUxsVl9zNHZWTmFjNUlLM0djWEFUdm00R2JPS2RHNDNLdWlLejdHdWxZanVaMFJHaktFUDlXcWQ5YjY2Z25nbVhSTHBxWDQ5VHBFcFE3TEs?oc=5,https://news.google.com/rss/articles/CBMidEFVX3lxTE9PQlI3cmcxYTd4R1RaRnloV1dUMTk0b05rT2pqQko1bFlTZ2ZpS05WOW5uNTdRRVBtemk4eDViMlIxVTZzWUNzTWlCOEtLdHk2ZHQ4ZjhoMjhiVTZlTDEya2xUVkxTQkNjT09nUkdyVmh2U2Q20gF0QVVfeXFMT3lTUEk3SjZ1NV9vMTBsaTlnRGZ2S0MxZzlpMW1zVUxsVl9zNHZWTmFjNUlLM0djWEFUdm00R2JPS2RHNDNLdWlLejdHdWxZanVaMFJHaktFUDlXcWQ5YjY2Z25nbVhSTHBxWDQ5VHBFcFE3TEs?oc=5&hl=ko&gl=KR&ceid=KR%3Ako,206.6,"antitrust_platform,platform_obligation",antitrust_general,,no_original_date_found,no_original_date_found_kept,0.0,-85.6,,14.0,global_incident:platform_regulation:coupang:platform_operator_obligation:sanction_penalty,global_incident:platform_regulation:coupang:platform_operator_obligation,56.0,government:platform_obligation,Y,,issue_representative_attempt,I028,global_incident:platform_regulation:coupang:platform_operator_obligation,공정거래위원회,정부/국회,정부_국회,경쟁사_해외이슈,정부_국회,정부/국회,,
정부_국회,정부/국회,쿠팡,"공정위, 쿠팡 ‘현장조사 거부’ 제재 착수...과태료 1억원",마켓인,마켓인,"Thu, 01 Oct 2026 09:12:04 GMT","Thu, 01 Oct 2026 09:12:04 GMT","공정위, 쿠팡 ‘현장조사 거부’ 제재 착수...과태료 1억원 마켓인",Google 뉴스가 전세계 매체로부터 종합한 최신 뉴스,30,meta_description_short,-103.0,meta_description_not_full_body,138.0,False,False,https://news.google.com/rss/articles/CBMic0FVX3lxTE5KMUUwMXFfRnp0UEtoVzdDalNUWWFaMHRPb3VIcDYyWUNYRkhMUGpBUmpTY0liV0xBaDdqUnFrOEZFSmY0LUlFeG9QQ3FNQlNmd24xMkttNWV1VTM2c0V1OUNsWTBRdXB5dF8wVXp4M0NDV2M?oc=5,https://news.google.com/rss/articles/CBMic0FVX3lxTE5KMUUwMXFfRnp0UEtoVzdDalNUWWFaMHRPb3VIcDYyWUNYRkhMUGpBUmpTY0liV0xBaDdqUnFrOEZFSmY0LUlFeG9QQ3FNQlNmd24xMkttNWV1VTM2c0V1OUNsWTBRdXB5dF8wVXp4M0NDV2M?oc=5&hl=ko&gl=KR&ceid=KR%3Ako,185.5,"antitrust_platform,legal_regulatory_enforcement,platform_obligation",antitrust_general,,no_original_date_found,no_original_date_found_kept,0.0,-68.1,,14.0,global_incident:platform_regulation:coupang:platform_operator_obligation:sanction_penalty,global_incident:platform_regulation:coupang:platform_operator_obligation,56.0,government:platform_obligation,Y,,issue_representative_attempt,I028,global_incident:platform_regulation:coupang:platform_operator_obligation,쿠팡,경쟁사/해외이슈,경쟁사_해외이슈,경쟁사_해외이슈,정부_국회,정부/국회,,
정부_국회,정부/국회,쿠팡,"쿠팡 로켓직구 서비스, 미국·일본 이어 '유럽' 지역으로 확대 적용",열린뉴스통신,열린뉴스통신,"Fri, 02 Oct 2026 00:32:10 GMT","Fri, 02 Oct 2026 00:32:10 GMT","쿠팡 로켓직구 서비스, 미국·일본 이어 '유럽' 지역으로 확대 적용 열린뉴스통신",Google 뉴스가 전세계 매체로부터 종합한 최신 뉴스,30,meta_description_short,-103.0,meta_description_not_full_body,27.5,False,False,https://news.google.com/rss/articles/CBMiZkFVX3lxTE5mYkc0eGlIdGZxRTlUdEtBRFVEWFVab3hWUDMyNFlrVVB4ano0SHRJWlpyQ0hkaVpDQnV4cmtVQjJBUjNSX2NJcDd2QnZEZ1RLZmI5YUE3cmI0bHZZNDk1elJpcjNEZw?oc=5,https://news.google.com/rss/articles/CBMiZkFVX3lxTE5mYkc0eGlIdGZxRTlUdEtBRFVEWFVab3hWUDMyNFlrVVB4ano0SHRJWlpyQ0hkaVpDQnV4cmtVQjJBUjNSX2NJcDd2QnZEZ1RLZmI5YUE3cmI0bHZZNDk1elJpcjNEZw?oc=5&hl=ko&gl=KR&ceid=KR%3Ako,94.0,platform_obligation,platform_obligation,,no_original_date_found,no_original_date_found_kept,0.0,-145.45,,0.0,global_incident:platform_regulation:coupang:platform_operator_obligation:general,global_incident:platform_regulation:coupang:platform_operator_obligation,24.0,government:platform_obligation,Y,,issue_representative_attempt,I028,global_incident:platform_regulation:coupang:platform_operator_obligation,쿠팡,경쟁사/해외이슈,경쟁사_해외이슈,경쟁사_해외이슈,정부_국회,정부/국회,,
정부_국회,정부/국회,쿠팡,"공정위, '현장조사 거부' 쿠팡에 '과태료 1억' 부과 절차 착수",imnews.imbc.com,imnews.imbc.com,"Fri, 02 Oct 2026 00:21:53 GMT","Fri, 02 Oct 2026 00:21:53 GMT","공정위, '현장조사 거부' 쿠팡에 '과태료 1억' 부과 절차 착수 imnews.imbc.com",Google 뉴스가 전세계 매체로부터 종합한 최신 뉴스,30,meta_description_short,-103.0,meta_description_not_full_body,113.0,False,False,https://news.google.com/rss/articles/CBMidEFVX3lxTE9PQlI3cmcxYTd4R1RaRnloV1dUMTk0b05rT2pqQko1bFlTZ2ZpS05WOW5uNTdRRVBtemk4eDViMlIxVTZzWUNzTWlCOEtLdHk2ZHQ4ZjhoMjhiVTZlTDEya2xUVkxTQkNjT09nUkdyVmh2U2Q2?oc=5,https://news.google.com/rss/articles/CBMidEFVX3lxTE9PQlI3cmcxYTd4R1RaRnloV1dUMTk0b05rT2pqQko1bFlTZ2ZpS05WOW5uNTdRRVBtemk4eDViMlIxVTZzWUNzTWlCOEtLdHk2ZHQ4ZjhoMjhiVTZlTDEya2xUVkxTQkNjT09nUkdyVmh2U2Q2?oc=5&hl=ko&gl=KR&ceid=KR%3Ako,187.0,"antitrust_platform,platform_obligation",antitrust_general,,no_original_date_found,no_original_date_found_kept,0.0,-88.6,,14.0,global_incident:platform_regulation:coupang:platform_operator_obligation:sanction_penalty,global_incident:platform_regulation:coupang:platform_operator_obligation,56.0,government:platform_obligation,Y,,issue_representative_attempt,I028,global_incident:platform_regulation:coupang:platform_operator_obligation,쿠팡,경쟁사/해외이슈,경쟁사_해외이슈,경쟁사_해외이슈,정부_국회,정부/국회,,
정부_국회,정부/국회,공정거래위원회,"쿠팡, 공정위 조사 막았다가…‘최대 1억 과태료’ 심사대",서울경제,서울경제,"Thu, 01 Oct 2026 07:01:29 GMT","Thu, 01 Oct 2026 07:01:29 GMT","쿠팡, 공정위 조사 막았다가…‘최대 1억 과태료’ 심사대 서울경제",Google 뉴스가 전세계 매체로부터 종합한 최신 뉴스,30,meta_description_short,-103.0,meta_description_not_full_body,113.0,False,False,https://news.google.com/rss/articles/CBMiUkFVX3lxTE9Gb3NleWRaTkdBWE1nYWgwN2F5QnZLM1JkSHg3cFhxNnhnMWpoa1AxR1I0SUVCY09mM1diSU1OR2RmTmpQTU45c1lSZTZoZjF3WHfSAVNBVV95cUxQX0tsTmdsYkM1TmpvbUx5WE1sSEZHTkxxZERTbDlfbUpLRFZFMzRNMC0tc0hXUVRnVm1IN01mb1J3UDR6a0FENjhVdDFvMnVmbnl3Zw?oc=5,https://news.google.com/rss/articles/CBMiUkFVX3lxTE9Gb3NleWRaTkdBWE1nYWgwN2F5QnZLM1JkSHg3cFhxNnhnMWpoa1AxR1I0SUVCY09mM1diSU1OR2RmTmpQTU45c1lSZTZoZjF3WHfSAVNBVV95cUxQX0tsTmdsYkM1TmpvbUx5WE1sSEZHTkxxZERTbDlfbUpLRFZFMzRNMC0tc0hXUVRnVm1IN01mb1J3UDR6a0FENjhVdDFvMnVmbnl3Zw?oc=5&hl=ko&gl=KR&ceid=KR%3Ako,203.6,"antitrust_platform,platform_obligation",antitrust_general,,no_original_date_found,no_original_date_found_kept,0.0,-75.6,,14.0,global_incident:platform_regulation:coupang:platform_operator_obligation:sanction_penalty,global_incident:platform_regulation:coupang:platform_operator_obligation,56.0,government:platform_obligation,Y,,issue_representative_attempt,I028,global_incident:platform_regulation:coupang:platform_operator_obligation,공정거래위원회,정부/국회,정부_국회,경쟁사_해외이슈,정부_국회,정부/국회,,
정부_국회,정부/국회,공정거래위원회,"공정위, 쿠팡 '현장조사 거부' 과태료 절차 착수…최대 1억원",뉴시스,뉴시스,"Thu, 01 Oct 2026 02:46:56 GMT","Thu, 01 Oct 2026 02:46:56 GMT","공정위, 쿠팡 '현장조사 거부' 과태료 절차 착수…최대 1억원 뉴시스",Google 뉴스가 전세계 매체로부터 종합한 최신 뉴스,30,meta_description_short,-103.0,meta_description_not_full_body,113.0,False,False,https://news.google.com/rss/articles/CBMiYEFVX3lxTE5GUjhwTktSTkRUWlkteDg2ZWlaWmVZRHNieGdFLWRGcEEwQ2pEdlcwRWtvUmpwdUFNdG9Yb0RHd0ZyR3RpWU5yYkJZWmZZNTkxMVphSlQ5WlhMNUd1a3FUZNIBeEFVX3lxTE1RNS1PbnNxXzVqakUybTJrX0FjcFRrcVBFZjBIYkN3S21rc2ZvVzhsSU95TTkzZG5LdmFuRmowQkE0akNQaGR1dW42bHRJbUF3bnNBMmphdWstUzlObHR1eUhfaGRuZFFIcmoyR21ZQkYwVDBJZml6MA?oc=5,https://news.google.com/rss/articles/CBMiYEFVX3lxTE5GUjhwTktSTkRUWlkteDg2ZWlaWmVZRHNieGdFLWRGcEEwQ2pEdlcwRWtvUmpwdUFNdG9Yb0RHd0ZyR3RpWU5yYkJZWmZZNTkxMVphSlQ5WlhMNUd1a3FUZNIBeEFVX3lxTE1RNS1PbnNxXzVqakUybTJrX0FjcFRrcVBFZjBIYkN3S21rc2ZvVzhsSU95TTkzZG5LdmFuRmowQkE0akNQaGR1dW42bHRJbUF3bnNBMmphdWstUzlObHR1eUhfaGRuZFFIcmoyR21ZQkYwVDBJZml6MA?oc=5&hl=ko&gl=KR&ceid=KR%3Ako,199.6,"antitrust_platform,platform_obligation",antitrust_general,,no_original_date_found,no_original_date_found_kept,0.0,-71.6,,14.0,global_incident:platform_regulation:coupang:platform_operator_obligation:sanction_penalty,global_incident:platform_regulation:coupang:platform_operator_obligation,56.0,government:platform_obligation,Y,,issue_representative_attempt,I028,global_incident:platform_regulation:coupang:platform_operator_obligation,공정거래위원회,정부/국회,정부_국회,경쟁사_해외이슈,정부_국회,정부/국회,,
정부_국회,정부/국회,공정거래위원회,"현장조사 막힌 공정위, 쿠팡에 최대 1억 과태료 부과 절차 착수",헤럴드경제,헤럴드경제,"Thu, 01 Oct 2026 12:43:35 GMT","Thu, 01 Oct 2026 12:43:35 GMT","현장조사 막힌 공정위, 쿠팡에 최대 1억 과태료 부과 절차 착수 헤럴드경제",Google 뉴스가 전세계 매체로부터 종합한 최신 뉴스,30,meta_description_short,-103.0,meta_description_not_full_body,113.0,False,False,https://news.google.com/rss/articles/CBMiV0FVX3lxTE5ERWJlTk5PcW5Gb1k3RElSd1AtS1Q4WVptWkM4X1JidFJEWUViYmJkTlBNTXliem8zd281Vng3N1ZZQVJMeVA5MHozS0xvaTdtUnp5ZzIzNA?oc=5,https://news.google.com/rss/articles/CBMiV0FVX3lxTE5ERWJlTk5PcW5Gb1k3RElSd1AtS1Q4WVptWkM4X1JidFJEWUViYmJkTlBNTXliem8zd281Vng3N1ZZQVJMeVA5MHozS0xvaTdtUnp5ZzIzNA?oc=5&hl=ko&gl=KR&ceid=KR%3Ako,201.6,"antitrust_platform,platform_obligation",antitrust_general,,no_original_date_found,no_original_date_found_kept,0.0,-76.6,,14.0,global_incident:platform_regulation:coupang:platform_operator_obligation:sanction_penalty,global_incident:platform_regulation:coupang:platform_operator_obligation,56.0,government:platform_obligation,Y,,issue_representative_attempt,I028,global_incident:platform_regulation:coupang:platform_operator_obligation,공정거래위원회,정부/국회,정부_국회,경쟁사_해외이슈,정부_국회,정부/국회,,
정부_국회,정부/국회,공정거래위원회,공정위 '조사 불응' 쿠팡에 과태료 부과 절차 착수,아시아경제,아시아경제,"Thu, 01 Oct 2026 12:07:00 GMT","Thu, 01 Oct 2026 12:07:00 GMT",공정위 '조사 불응' 쿠팡에 과태료 부과 절차 착수 아시아경제,Google 뉴스가 전세계 매체로부터 종합한 최신 뉴스,30,meta_description_short,-103.0,meta_description_not_full_body,113.0,False,False,https://news.google.com/rss/articles/CBMiggFBVV95cUxPd240OWtZTDQtOF84Z25Id2taWXhDNEo4bnI1YjF2SERDOEFwUVR6Y251VDlxOVRWNU5BdG5ZSk1pOGNuRWZBZzRfckloNUxMUUo2bVlXa0dIRUxFbDM1VzZOa3NnM0c2T2h5bW9CVmFXM2g5WndPNWlVNHVhODRXM0Fn?oc=5,https://news.google.com/rss/articles/CBMiggFBVV95cUxPd240OWtZTDQtOF84Z25Id2taWXhDNEo4bnI1YjF2SERDOEFwUVR6Y251VDlxOVRWNU5BdG5ZSk1pOGNuRWZBZzRfckloNUxMUUo2bVlXa0dIRUxFbDM1VzZOa3NnM0c2T2h5bW9CVmFXM2g5WndPNWlVNHVhODRXM0Fn?oc=5&hl=ko&gl=KR&ceid=KR%3Ako,201.6,"antitrust_platform,platform_obligation",antitrust_general,,no_original_date_found,no_original_date_found_kept,0.0,-77.6,,14.0,global_incident:platform_regulation:coupang:platform_operator_obligation:sanction_penalty,global_incident:platform_regulation:coupang:platform_operator_obligation,56.0,government:platform_obligation,Y,,issue_representative_attempt,I028,global_incident:platform_regulation:coupang:platform_operator_obligation,공정거래위원회,정부/국회,정부_국회,경쟁사_해외이슈,정부_국회,정부/국회,,
정부_국회,정부/국회,공정거래위원회,"공정위, 쿠팡 '현장조사 거부' 과태료 절차 착수…최대 1억원",파이낸셜뉴스,파이낸셜뉴스,"Thu, 01 Oct 2026 02:47:26 GMT","Thu, 01 Oct 2026 02:47:26 GMT","공정위, 쿠팡 '현장조사 거부' 과태료 절차 착수…최대 1억원 파이낸셜뉴스",Google 뉴스가 전세계 매체로부터 종합한 최신 뉴스,30,meta_description_short,-103.0,meta_description_not_full_body,113.0,False,False,https://news.google.com/rss/articles/CBMiWkFVX3lxTE5BQlVLQlZhMWRTazQ0dVdid08wbjdQZ2tJaHhfajV3VU52T1VMbjVqQnU3X0thdE9pMVFCT3FLNWdzNERpaDZrVDhJd3U1S3d0endDaW9pdVVEQQ?oc=5,https://news.google.com/rss/articles/CBMiWkFVX3lxTE5BQlVLQlZhMWRTazQ0dVdid08wbjdQZ2tJaHhfajV3VU52T1VMbjVqQnU3X0thdE9pMVFCT3FLNWdzNERpaDZrVDhJd3U1S3d0endDaW9pdVVEQQ?oc=5&hl=ko&gl=KR&ceid=KR%3Ako,198.6,"antitrust_platform,platform_obligation",antitrust_general,,no_original_date_found,no_original_date_found_kept,0.0,-76.6,,14.0,global_incident:platform_regulation:coupang:platform_operator_obligation:sanction_penalty,global_incident:platform_regulation:coupang:platform_operator_obligation,56.0,government:platform_obligation,Y,,issue_representative_attempt,I028,global_incident:platform_regulation:coupang:platform_operator_obligation,공정거래위원회,정부/국회,정부_국회,경쟁사_해외이슈,정부_국회,정부/국회,,
정부_국회,정부/국회,공정거래위원회,"공정위, ‘현장조사 거부’ 쿠팡 과태료 1억 원 부과 절차 착수",동아일보,동아일보,"Thu, 01 Oct 2026 11:38:25 GMT","Thu, 01 Oct 2026 11:38:25 GMT","공정위, ‘현장조사 거부’ 쿠팡 과태료 1억 원 부과 절차 착수 동아일보",Google 뉴스가 전세계 매체로부터 종합한 최신 뉴스,30,meta_description_short,-103.0,meta_description_not_full_body,113.0,False,False,https://news.google.com/rss/articles/CBMiZkFVX3lxTE45TjRYSTU5WENvR0dXc1FLbnpsa2UxUFJSR1RyU2JPSTQwbWNxeW51UjRDakxGcjRMck85TWU2UDNUU2tPMWpLMlAzYzZVNm9zc1ZlVkNoV3h0MUY2dm5fUnZNS09KQdIBZkFVX3lxTE45TjRYSTU5WENvR0dXc1FLbnpsa2UxUFJSR1RyU2JPSTQwbWNxeW51UjRDakxGcjRMck85TWU2UDNUU2tPMWpLMlAzYzZVNm9zc1ZlVkNoV3h0MUY2dm5fUnZNS09KQQ?oc=5,https://news.google.com/rss/articles/CBMiZkFVX3lxTE45TjRYSTU5WENvR0dXc1FLbnpsa2UxUFJSR1RyU2JPSTQwbWNxeW51UjRDakxGcjRMck85TWU2UDNUU2tPMWpLMlAzYzZVNm9zc1ZlVkNoV3h0MUY2dm5fUnZNS09KQdIBZkFVX3lxTE45TjRYSTU5WENvR0dXc1FLbnpsa2UxUFJSR1RyU2JPSTQwbWNxeW51UjRDakxGcjRMck85TWU2UDNUU2tPMWpLMlAzYzZVNm9zc1ZlVkNoV3h0MUY2dm5fUnZNS09KQQ?oc=5&hl=ko&gl=KR&ceid=KR%3Ako,198.6,"antitrust_platform,platform_obligation",antitrust_general,,no_original_date_found,no_original_date_found_kept,0.0,-85.6,,14.0,global_incident:platform_regulation:coupang:platform_operator_obligation:sanction_penalty,global_incident:platform_regulation:coupang:platform_operator_obligation,56.0,government:platform_obligation,Y,,issue_representative_attempt,I028,global_incident:platform_regulation:coupang:platform_operator_obligation,공정거래위원회,정부/국회,정부_국회,경쟁사_해외이슈,정부_국회,정부/국회,,
정부_국회,정부/국회,공정거래위원회,"공정위, 현장조사 거부한 쿠팡에 ‘과태료 1억’ 추진",동아일보,동아일보,"Thu, 01 Oct 2026 11:38:25 GMT","Thu, 01 Oct 2026 11:38:25 GMT","공정위, 현장조사 거부한 쿠팡에 ‘과태료 1억’ 추진 동아일보",Google 뉴스가 전세계 매체로부터 종합한 최신 뉴스,30,meta_description_short,-103.0,meta_description_not_full_body,113.0,False,False,https://news.google.com/rss/articles/CBMidkFVX3lxTE0zV3hsd0hYYVVjSGtjXzcyUWFMSGZtLWFJRDM5akFqcEFROG5oLWZqdDZIWDV6MHQyYlZyUFB0bjNOb1JoMFVYdUk5UnpsODA5RE9tNzZveFphU3dqUjNwTzlQODBvMm1vSGU5cUxmNFJzUkRmb2fSAWZBVV95cUxOOU40WEk1OVhDb0dHV3NRS256bGtlMVBSUkdUclNiT0k0MG1jcXludVI0Q2pMRnI0THJPOU1lNlAzVFNrTzFqSzJQM2M2VTZvc3NWZVZDaFd4dDFGNnZuX1J2TUtPSkE?oc=5,https://news.google.com/rss/articles/CBMidkFVX3lxTE0zV3hsd0hYYVVjSGtjXzcyUWFMSGZtLWFJRDM5akFqcEFROG5oLWZqdDZIWDV6MHQyYlZyUFB0bjNOb1JoMFVYdUk5UnpsODA5RE9tNzZveFphU3dqUjNwTzlQODBvMm1vSGU5cUxmNFJzUkRmb2fSAWZBVV95cUxOOU40WEk1OVhDb0dHV3NRS256bGtlMVBSUkdUclNiT0k0MG1jcXludVI0Q2pMRnI0THJPOU1lNlAzVFNrTzFqSzJQM2M2VTZvc3NWZVZDaFd4dDFGNnZuX1J2TUtPSkE?oc=5&hl=ko&gl=KR&ceid=KR%3Ako,198.6,"antitrust_platform,platform_obligation",antitrust_general,,no_original_date_found,no_original_date_found_kept,0.0,-85.6,,14.0,global_incident:platform_regulation:coupang:platform_operator_obligation:sanction_penalty,global_incident:platform_regulation:coupang:platform_operator_obligation,56.0,government:platform_obligation,Y,,issue_representative_attempt,I028,global_incident:platform_regulation:coupang:platform_operator_obligation,공정거래위원회,정부/국회,정부_국회,경쟁사_해외이슈,정부_국회,정부/국회,,
정부_국회,정부/국회,공정거래위원회,"공정위, '현장조사 거부' 쿠팡에 과태료 부과 절차 착수…최대 1억 원",뉴스핌,뉴스핌,"Thu, 01 Oct 2026 11:31:00 GMT","Thu, 01 Oct 2026 11:31:00 GMT","공정위, '현장조사 거부' 쿠팡에 과태료 부과 절차 착수…최대 1억 원 뉴스핌",Google 뉴스가 전세계 매체로부터 종합한 최신 뉴스,30,meta_description_short,-103.0,meta_description_not_full_body,113.0,False,False,https://news.google.com/rss/articles/CBMiXEFVX3lxTE5BSzd1ZWdfN2hYMnNUWEduV0pLQVNtcldHdl9CUWc1c2xta2hXWWVMWlA2SUFHNDAyNTh1ZXNfMVA1VFFSOTNJTHdodS1Va0pPNVEzS1l0a0xfZEdm?oc=5,https://news.google.com/rss/articles/CBMiXEFVX3lxTE5BSzd1ZWdfN2hYMnNUWEduV0pLQVNtcldHdl9CUWc1c2xta2hXWWVMWlA2SUFHNDAyNTh1ZXNfMVA1VFFSOTNJTHdodS1Va0pPNVEzS1l0a0xfZEdm?oc=5&hl=ko&gl=KR&ceid=KR%3Ako,198.6,"antitrust_platform,platform_obligation",antitrust_general,,no_original_date_found,no_original_date_found_kept,0.0,-85.6,,14.0,global_incident:platform_regulation:coupang:platform_operator_obligation:sanction_penalty,global_incident:platform_regulation:coupang:platform_operator_obligation,56.0,government:platform_obligation,Y,,issue_representative_attempt,I028,global_incident:platform_regulation:coupang:platform_operator_obligation,공정거래위원회,정부/국회,정부_국회,경쟁사_해외이슈,정부_국회,정부/국회,,
정부_국회,정부/국회,공정거래위원회,"공정위 사무처, 쿠팡 ‘현장조사 방해’ 과태료 부과 절차 착수",경향신문,경향신문,"Thu, 01 Oct 2026 07:33:00 GMT","Thu, 01 Oct 2026 07:33:00 GMT","공정위 사무처, 쿠팡 ‘현장조사 방해’ 과태료 부과 절차 착수 경향신문",Google 뉴스가 전세계 매체로부터 종합한 최신 뉴스,30,meta_description_short,-103.0,meta_description_not_full_body,113.0,False,False,https://news.google.com/rss/articles/CBMiWkFVX3lxTE5KdXVZVTJjaEdBUUdwQjRlZ2UwVHQySkFGQVNablFKZUlTTnpvTk9fNDh3X0RTQVF5UnNDdWQ1cHFUZG9nYnM1OWJUYkVvTzYzSXZma1BnZ3lfZ9IBX0FVX3lxTE9Ub3E4UHN1ME9OYk9ERzdFMHFwZmFGaEtBZkpLTnNIazljel84QVpTaGNJM2lsWXZSdzEwc3V1NDY3Rm1vOUJNa1g4bVBJY1R5WEVuRE8wZGFIaEhNX3U0?oc=5,https://news.google.com/rss/articles/CBMiWkFVX3lxTE5KdXVZVTJjaEdBUUdwQjRlZ2UwVHQySkFGQVNablFKZUlTTnpvTk9fNDh3X0RTQVF5UnNDdWQ1cHFUZG9nYnM1OWJUYkVvTzYzSXZma1BnZ3lfZ9IBX0FVX3lxTE9Ub3E4UHN1ME9OYk9ERzdFMHFwZmFGaEtBZkpLTnNIazljel84QVpTaGNJM2lsWXZSdzEwc3V1NDY3Rm1vOUJNa1g4bVBJY1R5WEVuRE8wZGFIaEhNX3U0?oc=5&hl=ko&gl=KR&ceid=KR%3Ako,198.6,"antitrust_platform,platform_obligation",antitrust_general,,no_original_date_found,no_original_date_found_kept,0.0,-85.6,,14.0,global_incident:platform_regulation:coupang:platform_operator_obligation:sanction_penalty,global_incident:platform_regulation:coupang:platform_operator_obligation,56.0,government:platform_obligation,Y,,issue_representative_attempt,I028,global_incident:platform_regulation:coupang:platform_operator_obligation,공정거래위원회,정부/국회,정부_국회,경쟁사_해외이슈,정부_국회,정부/국회,,
정부_국회,정부/국회,공정거래위원회,"공정위, 쿠팡 조사방해 혐의 심의 착수…과태료 최대 1억원",포쓰저널,포쓰저널,"Thu, 01 Oct 2026 07:20:56 GMT","Thu, 01 Oct 2026 07:20:56 GMT","공정위, 쿠팡 조사방해 혐의 심의 착수…과태료 최대 1억원 포쓰저널",Google 뉴스가 전세계 매체로부터 종합한 최신 뉴스,30,meta_description_short,-103.0,meta_description_not_full_body,113.0,False,False,https://news.google.com/rss/articles/CBMiZEFVX3lxTE9pTWxkVFdEZWFfeDM1blJBNzdISVI1anVYc2FJRGg5RjNocGdHaXRZT0tLcVh1eTFGQ1lQamFXZDZrcm5zb3BHNHd5Z3oyaUZxdlE0V0trbWRvUkpUNTVob1ptaWs?oc=5,https://news.google.com/rss/articles/CBMiZEFVX3lxTE9pTWxkVFdEZWFfeDM1blJBNzdISVI1anVYc2FJRGg5RjNocGdHaXRZT0tLcVh1eTFGQ1lQamFXZDZrcm5zb3BHNHd5Z3oyaUZxdlE0V0trbWRvUkpUNTVob1ptaWs?oc=5&hl=ko&gl=KR&ceid=KR%3Ako,198.6,"antitrust_platform,platform_obligation",antitrust_general,,no_original_date_found,no_original_date_found_kept,0.0,-85.6,,14.0,global_incident:platform_regulation:coupang:platform_operator_obligation:sanction_penalty,global_incident:platform_regulation:coupang:platform_operator_obligation,56.0,government:platform_obligation,Y,,issue_representative_attempt,I028,global_incident:platform_regulation:coupang:platform_operator_obligation,공정거래위원회,정부/국회,정부_국회,경쟁사_해외이슈,정부_국회,정부/국회,,
정부_국회,정부/국회,공정거래위원회,"쿠팡, 현장조사 거부…공정위 과태료 절차 착수",speconomy.com,speconomy.com,"Thu, 01 Oct 2026 04:57:43 GMT","Thu, 01 Oct 2026 04:57:43 GMT","쿠팡, 현장조사 거부…공정위 과태료 절차 착수 speconomy.com",Google 뉴스가 전세계 매체로부터 종합한 최신 뉴스,30,meta_description_short,-103.0,meta_description_not_full_body,113.0,False,False,https://news.google.com/rss/articles/CBMibEFVX3lxTE03Sjk2V1FZWHFuSXBxdzVNTmZpYVUzdFRLc3VuMDdleWpBdVhYMW9nenJnd1FIUGM2VlFJcjFSdXdsY1M2eWdRZ1E3VFFzaDNDeUwzdGwxQzlxcElEUnpzSy1MZWRqRWVYaDE4Sg?oc=5,https://news.google.com/rss/articles/CBMibEFVX3lxTE03Sjk2V1FZWHFuSXBxdzVNTmZpYVUzdFRLc3VuMDdleWpBdVhYMW9nenJnd1FIUGM2VlFJcjFSdXdsY1M2eWdRZ1E3VFFzaDNDeUwzdGwxQzlxcElEUnpzSy1MZWRqRWVYaDE4Sg?oc=5&hl=ko&gl=KR&ceid=KR%3Ako,196.6,"antitrust_platform,platform_obligation",antitrust_general,,no_original_date_found,no_original_date_found_kept,0.0,-88.6,,14.0,global_incident:platform_regulation:coupang:platform_operator_obligation:sanction_penalty,global_incident:platform_regulation:coupang:platform_operator_obligation,56.0,government:platform_obligation,Y,,issue_representative_attempt,I028,global_incident:platform_regulation:coupang:platform_operator_obligation,공정거래위원회,정부/국회,정부_국회,경쟁사_해외이슈,정부_국회,정부/국회,,
정부_국회,정부/국회,공정거래위원회,"[단독] 공정위, 쿠팡에 ‘조사방해 과태료 부과’ 심사보고서 송부",v.daum.net,v.daum.net,"Thu, 01 Oct 2026 02:13:53 GMT","Thu, 01 Oct 2026 02:13:53 GMT","[단독] 공정위, 쿠팡에 ‘조사방해 과태료 부과’ 심사보고서 송부 v.daum.net",Google 뉴스가 전세계 매체로부터 종합한 최신 뉴스,30,meta_description_short,-103.0,meta_description_not_full_body,120.0,False,False,https://news.google.com/rss/articles/CBMiRkFVX3lxTE9ZRmVVMmJnYUZvOG02X0h5MFdVTlc5ZEJGeEFJZXpqUUdRTE9JUDctOE5Ta2EwNDFscC16RWNhZ1Vab0Q2eGc?oc=5,https://news.google.com/rss/articles/CBMiRkFVX3lxTE9ZRmVVMmJnYUZvOG02X0h5MFdVTlc5ZEJGeEFJZXpqUUdRTE9JUDctOE5Ta2EwNDFscC16RWNhZ1Vab0Q2eGc?oc=5&hl=ko&gl=KR&ceid=KR%3Ako,200.6,"antitrust_platform,platform_obligation",antitrust_general,,no_original_date_found,no_original_date_found_kept,0.0,-80.7,,14.0,global_incident:platform_regulation:coupang:platform_operator_obligation:sanction_penalty,global_incident:platform_regulation:coupang:platform_operator_obligation,56.0,government:platform_obligation,Y,,issue_representative_attempt,I028,global_incident:platform_regulation:coupang:platform_operator_obligation,공정거래위원회,정부/국회,정부_국회,정부_국회,정부_국회,정부/국회,,
정부_국회,정부/국회,공정거래위원회,"현장조사 막힌 공정위, 쿠팡에 최대 1억 과태료 부과 절차 착수",v.daum.net,v.daum.net,"Thu, 01 Oct 2026 12:44:55 GMT","Thu, 01 Oct 2026 12:44:55 GMT","현장조사 막힌 공정위, 쿠팡에 최대 1억 과태료 부과 절차 착수 v.daum.net",Google 뉴스가 전세계 매체로부터 종합한 최신 뉴스,30,meta_description_short,-103.0,meta_description_not_full_body,113.0,False,False,https://news.google.com/rss/articles/CBMiT0FVX3lxTE11Q2JSMHE4clZoMjlBTl8tVjQ0Y1VNcnUtcjJsSzFwaWtVUlVBTGQzZ19mN3JWUHdMZkc5LWo2NjN0Vm9SMWIydUM5Y3dOQ0U?oc=5,https://news.google.com/rss/articles/CBMiT0FVX3lxTE11Q2JSMHE4clZoMjlBTl8tVjQ0Y1VNcnUtcjJsSzFwaWtVUlVBTGQzZ19mN3JWUHdMZkc5LWo2NjN0Vm9SMWIydUM5Y3dOQ0U?oc=5&hl=ko&gl=KR&ceid=KR%3Ako,198.6,"antitrust_platform,platform_obligation",antitrust_general,,no_original_date_found,no_original_date_found_kept,0.0,-85.6,,14.0,global_incident:platform_regulation:coupang:platform_operator_obligation:sanction_penalty,global_incident:platform_regulation:coupang:platform_operator_obligation,56.0,government:platform_obligation,Y,,issue_representative_attempt,I028,global_incident:platform_regulation:coupang:platform_operator_obligation,공정거래위원회,정부/국회,정부_국회,정부_국회,정부_국회,정부/국회,,
정부_국회,정부/국회,공정거래위원회,공정위 '조사 불응' 쿠팡에 과태료 부과 절차 착수,v.daum.net,v.daum.net,"Thu, 01 Oct 2026 12:38:57 GMT","Thu, 01 Oct 2026 12:38:57 GMT",공정위 '조사 불응' 쿠팡에 과태료 부과 절차 착수 v.daum.net,Google 뉴스가 전세계 매체로부터 종합한 최신 뉴스,30,meta_description_short,-103.0,meta_description_not_full_body,113.0,False,False,https://news.google.com/rss/articles/CBMiRkFVX3lxTE9yZHBOWjRySHpLNmg0a3pxTDR1MFdHNGNncmFYSml5TkluVHZLcVR0TnROVXBSaERXOFdqSENRZUgwVU1pb1E?oc=5,https://news.google.com/rss/articles/CBMiRkFVX3lxTE9yZHBOWjRySHpLNmg0a3pxTDR1MFdHNGNncmFYSml5TkluVHZLcVR0TnROVXBSaERXOFdqSENRZUgwVU1pb1E?oc=5&hl=ko&gl=KR&ceid=KR%3Ako,198.6,"antitrust_platform,platform_obligation",antitrust_general,,no_original_date_found,no_original_date_found_kept,0.0,-85.6,,14.0,global_incident:platform_regulation:coupang:platform_operator_obligation:sanction_penalty,global_incident:platform_regulation:coupang:platform_operator_obligation,56.0,government:platform_obligation,Y,,issue_representative_attempt,I028,global_incident:platform_regulation:coupang:platform_operator_obligation,공정거래위원회,정부/국회,정부_국회,정부_국회,정부_국회,정부/국회,,
정부_국회,정부/국회,공정거래위원회,"공정위, 현장조사 거부한 쿠팡에 ‘과태료 1억’ 추진",v.daum.net,v.daum.net,"Thu, 01 Oct 2026 11:39:58 GMT","Thu, 01 Oct 2026 11:39:58 GMT","공정위, 현장조사 거부한 쿠팡에 ‘과태료 1억’ 추진 v.daum.net",Google 뉴스가 전세계 매체로부터 종합한 최신 뉴스,30,meta_description_short,-103.0,meta_description_not_full_body,113.0,False,False,https://news.google.com/rss/articles/CBMiVEFVX3lxTFB3dFVBTkNXOTNBV250TmJaVHJRNmcyOUxBNTc1UFJidE9HMXhyVFR2R2dGX1F0OXU1WnM1OHlCY3BPSGdFazU1NVB1cFFKRkEwTGE2eQ?oc=5,https://news.google.com/rss/articles/CBMiVEFVX3lxTFB3dFVBTkNXOTNBV250TmJaVHJRNmcyOUxBNTc1UFJidE9HMXhyVFR2R2dGX1F0OXU1WnM1OHlCY3BPSGdFazU1NVB1cFFKRkEwTGE2eQ?oc=5&hl=ko&gl=KR&ceid=KR%3Ako,198.6,"antitrust_platform,platform_obligation",antitrust_general,,no_original_date_found,no_original_date_found_kept,0.0,-85.6,,14.0,global_incident:platform_regulation:coupang:platform_operator_obligation:sanction_penalty,global_incident:platform_regulation:coupang:platform_operator_obligation,56.0,government:platform_obligation,Y,,issue_representative_attempt,I028,global_incident:platform_regulation:coupang:platform_operator_obligation,공정거래위원회,정부/국회,정부_국회,정부_국회,정부_국회,정부/국회,,
정부_국회,정부/국회,공정거래위원회,"쿠팡 현장조사 방해에…공정위, ‘과태료 부과’ 절차 착수",한겨레,한겨레,"Thu, 01 Oct 2026 09:40:00 GMT","Thu, 01 Oct 2026 09:40:00 GMT","쿠팡 현장조사 방해에…공정위, ‘과태료 부과’ 절차 착수 한겨레",Google 뉴스가 전세계 매체로부터 종합한 최신 뉴스,30,meta_description_short,-103.0,meta_description_not_full_body,113.0,False,False,https://news.google.com/rss/articles/CBMickFVX3lxTE5kakxmMjE5WXZkOUJoRmQ1aG9BQUdMOUhibUxNd1BxSElvcXlTRWtzV19PbklhOE1BNHFWYnl6eTRPaFZCbnhzSGhobVZpajN2UlZFb052Z0F2eHEwWW1lU1ZtX3BBMW91VHhsN2xiQjlFZw?oc=5,https://news.google.com/rss/articles/CBMickFVX3lxTE5kakxmMjE5WXZkOUJoRmQ1aG9BQUdMOUhibUxNd1BxSElvcXlTRWtzV19PbklhOE1BNHFWYnl6eTRPaFZCbnhzSGhobVZpajN2UlZFb052Z0F2eHEwWW1lU1ZtX3BBMW91VHhsN2xiQjlFZw?oc=5&hl=ko&gl=KR&ceid=KR%3Ako,198.6,"antitrust_platform,platform_obligation",antitrust_general,,no_original_date_found,no_original_date_found_kept,0.0,-85.6,,14.0,global_incident:platform_regulation:coupang:platform_operator_obligation:sanction_penalty,global_incident:platform_regulation:coupang:platform_operator_obligation,56.0,government:platform_obligation,Y,,issue_representative_attempt,I028,global_incident:platform_regulation:coupang:platform_operator_obligation,공정거래위원회,정부/국회,정부_국회,경쟁사_해외이슈,정부_국회,정부/국회,,
정부_국회,정부/국회,공정거래위원회,"공정위, 쿠팡 ‘현장조사 방해' 과태료 부과 절차 착수",v.daum.net,v.daum.net,"Thu, 01 Oct 2026 08:31:46 GMT","Thu, 01 Oct 2026 08:31:46 GMT","공정위, 쿠팡 ‘현장조사 방해' 과태료 부과 절차 착수 v.daum.net",Google 뉴스가 전세계 매체로부터 종합한 최신 뉴스,30,meta_description_short,-103.0,meta_description_not_full_body,113.0,False,False,https://news.google.com/rss/articles/CBMiT0FVX3lxTE4tS2FjN2h1djR5ZkhLVW5CaFh2V0JBcTFqcFJFWW1QN3dVME9jTi1ZSWp5UW9TcWdJSE1mQ3lUcm9pakdQUUROZmN2bDB5eUU?oc=5,https://news.google.com/rss/articles/CBMiT0FVX3lxTE4tS2FjN2h1djR5ZkhLVW5CaFh2V0JBcTFqcFJFWW1QN3dVME9jTi1ZSWp5UW9TcWdJSE1mQ3lUcm9pakdQUUROZmN2bDB5eUU?oc=5&hl=ko&gl=KR&ceid=KR%3Ako,198.6,"antitrust_platform,platform_obligation",antitrust_general,,no_original_date_found,no_original_date_found_kept,0.0,-85.6,,14.0,global_incident:platform_regulation:coupang:platform_operator_obligation:sanction_penalty,global_incident:platform_regulation:coupang:platform_operator_obligation,56.0,government:platform_obligation,Y,,issue_representative_attempt,I028,global_incident:platform_regulation:coupang:platform_operator_obligation,공정거래위원회,정부/국회,정부_국회,정부_국회,정부_국회,정부/국회,,
정부_국회,정부/국회,인공지능 산업 동향,데이터센터 배터리 시장 규모 및 전망 보고서 2026~2035년,Global Market Insights Inc.,Global Market Insights Inc.,"Thu, 01 Oct 2026 09:05:17 GMT","Thu, 01 Oct 2026 09:05:17 GMT",데이터센터 배터리 시장 규모 및 전망 보고서 2026~2035년 Global Market Insights Inc.,Google 뉴스가 전세계 매체로부터 종합한 최신 뉴스,30,meta_description_short,-103.0,meta_description_not_full_body,-35.5,False,False,https://news.google.com/rss/articles/CBMif0FVX3lxTE40dEdLMEdlLTV0WGYwLUprWkRXZXpQd0VGRS1uX3F3d1kwdmdvUncyQUpGVG8zZXJJYW05bjRFNkstZ0FBOTZ3dnBNa251cE9XN1hlX2g5OXZKTjlfeHNNdmRLMDZMaGR4VUY5em5vM0F3M3hWRXBjSHVYYWYxNGM?oc=5,https://news.google.com/rss/articles/CBMif0FVX3lxTE40dEdLMEdlLTV0WGYwLUprWkRXZXpQd0VGRS1uX3F3d1kwdmdvUncyQUpGVG8zZXJJYW05bjRFNkstZ0FBOTZ3dnBNa251cE9XN1hlX2g5OXZKTjlfeHNNdmRLMDZMaGR4VUY5em5vM0F3M3hWRXBjSHVYYWYxNGM?oc=5&hl=ko&gl=KR&ceid=KR%3Ako,75.5,ai_infrastructure_security,ai_infrastructure_security,,no_original_date_found,no_original_date_found_kept,0.0,-189.55,,0.0,,,-18.0,,,,issue_representative_attempt,I032,government_ai_core_policy:데이터센터 배터리 시장 규모 및 전망 보고서 2026 2035년,인공지능 산업 동향,산업동향,산업동향,경쟁사_해외이슈,정부_국회,정부/국회,,
정부_국회,정부/국회,메타,메타마스크 이더리움 검증자 노드 긴급 철수… 1000달러 미만 수수료 유출 여파,블록체인투데이,블록체인투데이,"Thu, 01 Oct 2026 23:39:54 GMT","Thu, 01 Oct 2026 23:39:54 GMT",메타마스크 이더리움 검증자 노드 긴급 철수… 1000달러 미만 수수료 유출 여파 블록체인투데이,Google 뉴스가 전세계 매체로부터 종합한 최신 뉴스,30,meta_description_short,-103.0,meta_description_not_full_body,38.5,False,False,https://news.google.com/rss/articles/CBMicEFVX3lxTE1JeVdWRi1iZ2toelhGNXc0Z1FFX2RQMlg1R3JoMTJwZUdpdG02QkdsSnpmbVFqVWFKQ2l6S2ZvUWpaYnZiUWkxOHNPdmVCcm93WGpiWUYxN1J2T0dqcmtzNkFjUm10b2I0M2hmUEU1WEM?oc=5,https://news.google.com/rss/articles/CBMicEFVX3lxTE1JeVdWRi1iZ2toelhGNXc0Z1FFX2RQMlg1R3JoMTJwZUdpdG02QkdsSnpmbVFqVWFKQ2l6S2ZvUWpaYnZiUWkxOHNPdmVCcm93WGpiWUYxN1J2T0dqcmtzNkFjUm10b2I0M2hmUEU1WEM?oc=5&hl=ko&gl=KR&ceid=KR%3Ako,215.0,"market_power_platform,platform_obligation,strategy_mna_governance",market_power_platform,,no_original_date_found,no_original_date_found_kept,0.0,-137.75,privacy_security:google:data_leak:initial_investigation_response,0.0,global_incident:platform_regulation:google:platform_transaction_user_protection_obligation:general,global_incident:platform_regulation:google:platform_transaction_user_protection_obligation,24.0,government:platform_obligation,Y,,issue_representative_attempt,I039,global_incident:platform_regulation:meta:platform_transaction_user_protection_obligation,메타,경쟁사/해외이슈,경쟁사_해외이슈,경쟁사_해외이슈,정부_국회,정부/국회,,
정부_국회,정부/국회,오픈AI,"美캘리포니아주, 오픈AI에 소환장…AI해킹·안전성 조사",연합뉴스,연합뉴스,"Thu, 01 Oct 2026 20:04:49 GMT","Thu, 01 Oct 2026 20:04:49 GMT","美캘리포니아주, 오픈AI에 소환장…AI해킹·안전성 조사 연합뉴스",Google 뉴스가 전세계 매체로부터 종합한 최신 뉴스,30,meta_description_short,-103.0,meta_description_not_full_body,-1.0,False,False,https://news.google.com/rss/articles/CBMiW0FVX3lxTE5GX05ReUlSWFExcmh6RGxSQzlubFJPU2pWOEFWSjk2QUFIYUJyV2tTeGlBME1vazktc3RIWDdtUmpnblZ0RHJUb1JqS1VnN3dkNU50eUNkMTI0Nk3SAWBBVV95cUxNRERaS3ZnNXplalBVb0hlc2QzVlJKcVhiZHE3UzR4YmlWTEpSN1RHMVQtSDRqeUt4Y0RCTzkwc3RNTFltYTdWOXMwY1M4WjV4VlpsUC0tcHBjajRLRnA3UFA?oc=5,https://news.google.com/rss/articles/CBMiW0FVX3lxTE5GX05ReUlSWFExcmh6RGxSQzlubFJPU2pWOEFWSjk2QUFIYUJyV2tTeGlBME1vazktc3RIWDdtUmpnblZ0RHJUb1JqS1VnN3dkNU50eUNkMTI0Nk3SAWBBVV95cUxNRERaS3ZnNXplalBVb0hlc2QzVlJKcVhiZHE3UzR4YmlWTEpSN1RHMVQtSDRqeUt4Y0RCTzkwc3RNTFltYTdWOXMwY1M4WjV4VlpsUC0tcHBjajRLRnA3UFA?oc=5&hl=ko&gl=KR&ceid=KR%3Ako,216.0,"ai_infrastructure_security,phishing_security,privacy_security_reliability",security_hacking_incident,,no_original_date_found,no_original_date_found_kept,0.0,-147.4,privacy_security:google:data_leak:initial_investigation_response,0.0,global_incident:ai_security_policy:google:openai_security_access:general,global_incident:ai_security_policy:google:openai_security_access,0.0,,,,issue_representative_attempt,I058,global_incident:ai_security_policy:openai:openai_security_access,오픈AI,경쟁사/해외이슈,경쟁사_해외이슈,경쟁사_해외이슈,정부_국회,정부/국회,,
정부_국회,정부/국회,오픈AI,"엔비디아·소프트뱅크, 오픈AI에 투자 약속한 82조원 모두 납입",연합뉴스,연합뉴스,"Fri, 02 Oct 2026 01:21:30 GMT","Fri, 02 Oct 2026 01:21:30 GMT","엔비디아·소프트뱅크, 오픈AI에 투자 약속한 82조원 모두 납입 연합뉴스",Google 뉴스가 전세계 매체로부터 종합한 최신 뉴스,30,meta_description_short,-103.0,meta_description_not_full_body,-36.0,False,False,https://news.google.com/rss/articles/CBMiW0FVX3lxTE11QnczT1U1NXpES1A2eXRGX29pajJDenlDRUtlQ0xIUk5DVE05aUxodE02UGI0N3pFTFVVSnBrZFAwakM3SFZRRFRiSDdwckdzMy1NbjFnMGM2WTTSAWBBVV95cUxNMHJaREp5V3dMUDVPUm90d2I1NnhxNUdEckhfODlINUlTbWZkT2xTYy1pVFhmMDlTYTdpRWdkcjB0dThmSnR6SWI0WFJUSVlmUER4NHB6c3FfekZaeXhCbVc?oc=5,https://news.google.com/rss/articles/CBMiW0FVX3lxTE11QnczT1U1NXpES1A2eXRGX29pajJDenlDRUtlQ0xIUk5DVE05aUxodE02UGI0N3pFTFVVSnBrZFAwakM3SFZRRFRiSDdwckdzMy1NbjFnMGM2WTTSAWBBVV95cUxNMHJaREp5V3dMUDVPUm90d2I1NnhxNUdEckhfODlINUlTbWZkT2xTYy1pVFhmMDlTYTdpRWdkcjB0dThmSnR6SWI0WFJUSVlmUER4NHB6c3FfekZaeXhCbVc?oc=5&hl=ko&gl=KR&ceid=KR%3Ako,215.5,ai_infrastructure_security,ai_infrastructure_security,,no_original_date_found,no_original_date_found_kept,0.0,-171.9,,0.0,global_incident:ai_security_policy:google:openai_security_access:general,global_incident:ai_security_policy:google:openai_security_access,0.0,,,,issue_representative_attempt,I058,global_incident:ai_security_policy:openai:openai_security_access,오픈AI,경쟁사/해외이슈,경쟁사_해외이슈,경쟁사_해외이슈,정부_국회,정부/국회,,
정부_국회,정부/국회,오픈AI,"오픈AI, '불량 에이전트 해킹' 첫 피소…美FTC도 조사 압박",연합뉴스,연합뉴스,"Wed, 30 Sep 2026 18:02:23 GMT","Wed, 30 Sep 2026 18:02:23 GMT","오픈AI, '불량 에이전트 해킹' 첫 피소…美FTC도 조사 압박 연합뉴스",Google 뉴스가 전세계 매체로부터 종합한 최신 뉴스,30,meta_description_short,-103.0,meta_description_not_full_body,-1.0,False,False,https://news.google.com/rss/articles/CBMiYEFVX3lxTFBjdUtBeHhrQzFDQnU3b09lRTNyY0NKWmtITFVSR0NiT0dMQVE3aEU1TXJNT2ktNkx0R2VWMldRVFdKRHNDMTFmdzV0UWl1Z3JnRkp5S2N6ZHZ2NlBwT29WVNIBYEFVX3lxTFBjdUtBeHhrQzFDQnU3b09lRTNyY0NKWmtITFVSR0NiT0dMQVE3aEU1TXJNT2ktNkx0R2VWMldRVFdKRHNDMTFmdzV0UWl1Z3JnRkp5S2N6ZHZ2NlBwT29WVA?oc=5,https://news.google.com/rss/articles/CBMiYEFVX3lxTFBjdUtBeHhrQzFDQnU3b09lRTNyY0NKWmtITFVSR0NiT0dMQVE3aEU1TXJNT2ktNkx0R2VWMldRVFdKRHNDMTFmdzV0UWl1Z3JnRkp5S2N6ZHZ2NlBwT29WVNIBYEFVX3lxTFBjdUtBeHhrQzFDQnU3b09lRTNyY0NKWmtITFVSR0NiT0dMQVE3aEU1TXJNT2ktNkx0R2VWMldRVFdKRHNDMTFmdzV0UWl1Z3JnRkp5S2N6ZHZ2NlBwT29WVA?oc=5&hl=ko&gl=KR&ceid=KR%3Ako,208.5,"ai_infrastructure_security,phishing_security,privacy_security_reliability",security_hacking_incident,,no_original_date_found,no_original_date_found_kept,0.0,-147.4,privacy_security:google:data_leak:initial_investigation_response,0.0,global_incident:ai_security_policy:google:openai_security_access:general,global_incident:ai_security_policy:google:openai_security_access,0.0,,,,issue_representative_attempt,I058,global_incident:ai_security_policy:openai:openai_security_access,오픈AI,경쟁사/해외이슈,경쟁사_해외이슈,경쟁사_해외이슈,정부_국회,정부/국회,,
정부_국회,정부/국회,오픈AI,"오픈AI, 외부 AI안전기구에 사내정보 유출한 직원 3명 해고",연합뉴스,연합뉴스,"Thu, 01 Oct 2026 20:14:57 GMT","Thu, 01 Oct 2026 20:14:57 GMT","오픈AI, 외부 AI안전기구에 사내정보 유출한 직원 3명 해고 연합뉴스",Google 뉴스가 전세계 매체로부터 종합한 최신 뉴스,30,meta_description_short,-103.0,meta_description_not_full_body,-11.0,False,False,https://news.google.com/rss/articles/CBMiW0FVX3lxTE1sNVl2YUp0azY0aElWeXNZLWxheU1WMUtncGxVX0pLaTBIbmFxNXRFdzdiYWNkdDJXSEhaOTBrNzdRTEc1b1FoakFmMFR3N2VkMkllMDFqMG8yWkk?oc=5,https://news.google.com/rss/articles/CBMiW0FVX3lxTE1sNVl2YUp0azY0aElWeXNZLWxheU1WMUtncGxVX0pLaTBIbmFxNXRFdzdiYWNkdDJXSEhaOTBrNzdRTEc1b1FoakFmMFR3N2VkMkllMDFqMG8yWkk?oc=5&hl=ko&gl=KR&ceid=KR%3Ako,206.5,"ai_infrastructure_security,privacy_security_reliability",ai_infrastructure_security,,no_original_date_found,no_original_date_found_kept,0.0,-154.4,privacy_security:google:data_leak:initial_investigation_response,16.0,global_incident:ai_security_policy:google:openai_security_access:executive_or_org_change,global_incident:ai_security_policy:google:openai_security_access,0.0,,,,issue_representative_attempt,I058,global_incident:ai_security_policy:openai:openai_security_access,오픈AI,경쟁사/해외이슈,경쟁사_해외이슈,경쟁사_해외이슈,정부_국회,정부/국회,,
정부_국회,정부/국회,오픈AI,"""오픈AI, 정부·기업 55곳 털었다""…캐나다 국립도서관도 해킹 시도 - 머니투데이",머니투데이,머니투데이,"Thu, 01 Oct 2026 07:35:09 GMT","Thu, 01 Oct 2026 07:35:09 GMT","""오픈AI, 정부·기업 55곳 털었다""…캐나다 국립도서관도 해킹 시도 - 머니투데이 머니투데이",Google 뉴스가 전세계 매체로부터 종합한 최신 뉴스,30,meta_description_short,-103.0,meta_description_not_full_body,-4.0,False,False,https://news.google.com/rss/articles/CBMiaEFVX3lxTE1pdWtRZ3ZsWHExVFVoYzI0djNnaFZCUFVVOXFDYXpOSDhKck9EbTdmd1JkemFZNHFuU3hkaC10NUZmWFlYOHBKY2NZZy1kWkFGNGd5NllKeGp6YWNGU2IxLWxWS2pocGFx0gFuQVVfeXFMUHliY2FYeU5FaXNhdlhXd21EaV9KbEh4NEJVb0lOTjdHOHRmWTRXcGlpeF9XRWhtOXFvNmhEbkl2SE5kMHQ4ci1USFNvbF84WUNTQU5zbml1eDJfVVo1QldMSGFNZDBHWkMzSk9Gc3c?oc=5,https://news.google.com/rss/articles/CBMiaEFVX3lxTE1pdWtRZ3ZsWHExVFVoYzI0djNnaFZCUFVVOXFDYXpOSDhKck9EbTdmd1JkemFZNHFuU3hkaC10NUZmWFlYOHBKY2NZZy1kWkFGNGd5NllKeGp6YWNGU2IxLWxWS2pocGFx0gFuQVVfeXFMUHliY2FYeU5FaXNhdlhXd21EaV9KbEh4NEJVb0lOTjdHOHRmWTRXcGlpeF9XRWhtOXFvNmhEbkl2SE5kMHQ4ci1USFNvbF84WUNTQU5zbml1eDJfVVo1QldMSGFNZDBHWkMzSk9Gc3c?oc=5&hl=ko&gl=KR&ceid=KR%3Ako,208.5,"ai_infrastructure_security,phishing_security,privacy_security_reliability",security_hacking_incident,,no_original_date_found,no_original_date_found_kept,0.0,-157.5,privacy_security:google:data_leak:initial_investigation_response,0.0,global_incident:ai_security_policy:google:openai_security_access:general,global_incident:ai_security_policy:google:openai_security_access,18.0,,,,issue_representative_attempt,I058,global_incident:ai_security_policy:openai:openai_security_access,오픈AI,경쟁사/해외이슈,경쟁사_해외이슈,경쟁사_해외이슈,정부_국회,정부/국회,,
정부_국회,정부/국회,오픈AI,"美캘리포니아주, 오픈AI에 소환장…AI해킹·안전성 조사",매일경제 마켓,매일경제 마켓,"Thu, 01 Oct 2026 20:04:49 GMT","Thu, 01 Oct 2026 20:04:49 GMT","美캘리포니아주, 오픈AI에 소환장…AI해킹·안전성 조사 매일경제 마켓",Google 뉴스가 전세계 매체로부터 종합한 최신 뉴스,30,meta_description_short,-103.0,meta_description_not_full_body,-1.0,False,False,https://news.google.com/rss/articles/CBMiUkFVX3lxTFBiWHFqaV9NVzVMa1dSV00yVlpXSEo5ZGVFcTB3MkxzcTMtT3RTRGhDaTJSRUlqTWl1SWRKZkRXdnZPLUdWQWJYb1Y2eHpUanl3c2c?oc=5,https://news.google.com/rss/articles/CBMiUkFVX3lxTFBiWHFqaV9NVzVMa1dSV00yVlpXSEo5ZGVFcTB3MkxzcTMtT3RTRGhDaTJSRUlqTWl1SWRKZkRXdnZPLUdWQWJYb1Y2eHpUanl3c2c?oc=5&hl=ko&gl=KR&ceid=KR%3Ako,212.0,"ai_infrastructure_security,phishing_security,privacy_security_reliability",security_hacking_incident,,no_original_date_found,no_original_date_found_kept,0.0,-160.9,privacy_security:google:data_leak:initial_investigation_response,0.0,global_incident:ai_security_policy:google:openai_security_access:general,global_incident:ai_security_policy:google:openai_security_access,0.0,,,,issue_representative_attempt,I058,global_incident:ai_security_policy:openai:openai_security_access,오픈AI,경쟁사/해외이슈,경쟁사_해외이슈,경쟁사_해외이슈,정부_국회,정부/국회,,
정부_국회,정부/국회,오픈AI,"미 캘리포니아주, 오픈AI에 소환장…AI해킹·안전성 조사",KBS 뉴스,KBS 뉴스,"Thu, 01 Oct 2026 20:53:00 GMT","Thu, 01 Oct 2026 20:53:00 GMT","미 캘리포니아주, 오픈AI에 소환장…AI해킹·안전성 조사 KBS 뉴스",Google 뉴스가 전세계 매체로부터 종합한 최신 뉴스,30,meta_description_short,-103.0,meta_description_not_full_body,-1.0,False,False,https://news.google.com/rss/articles/CBMiW0FVX3lxTFAyUmlOQk9DelJiMGd4UWNSckdVVTBIc1pUN1N5UjhOcEhUX2xsZ20zdWlwSkZ0WkVEQ0FRZG4yNXJqZWk1ZGFsQTVHTlpyRlRyd3RnNlZ5Yi00RFE?oc=5,https://news.google.com/rss/articles/CBMiW0FVX3lxTFAyUmlOQk9DelJiMGd4UWNSckdVVTBIc1pUN1N5UjhOcEhUX2xsZ20zdWlwSkZ0WkVEQ0FRZG4yNXJqZWk1ZGFsQTVHTlpyRlRyd3RnNlZ5Yi00RFE?oc=5&hl=ko&gl=KR&ceid=KR%3Ako,211.0,"ai_infrastructure_security,phishing_security,privacy_security_reliability",security_hacking_incident,,no_original_date_found,no_original_date_found_kept,0.0,-162.4,privacy_security:google:data_leak:initial_investigation_response,0.0,global_incident:ai_security_policy:google:openai_security_access:general,global_incident:ai_security_policy:google:openai_security_access,0.0,,,,issue_representative_attempt,I058,global_incident:ai_security_policy:openai:openai_security_access,오픈AI,경쟁사/해외이슈,경쟁사_해외이슈,경쟁사_해외이슈,정부_국회,정부/국회,,
정부_국회,정부/국회,오픈AI,"엔비디아·소프트뱅크, 오픈AI에 투자 약속한 82조원 모두 납입",코인리더스,코인리더스,"Fri, 02 Oct 2026 02:00:01 GMT","Fri, 02 Oct 2026 02:00:01 GMT","엔비디아·소프트뱅크, 오픈AI에 투자 약속한 82조원 모두 납입 코인리더스",Google 뉴스가 전세계 매체로부터 종합한 최신 뉴스,30,meta_description_short,-103.0,meta_description_not_full_body,-36.0,False,False,https://news.google.com/rss/articles/CBMiSkFVX3lxTE1uWWVOeDFBckYyeEgxaGp3bHY3RVdILUpHbkwtZEhvUmtUZ3V3T2M3RkZ1SFBNbmJIQ0FQOHZFQzJvSDIycGhTUldR?oc=5,https://news.google.com/rss/articles/CBMiSkFVX3lxTE1uWWVOeDFBckYyeEgxaGp3bHY3RVdILUpHbkwtZEhvUmtUZ3V3T2M3RkZ1SFBNbmJIQ0FQOHZFQzJvSDIycGhTUldR?oc=5&hl=ko&gl=KR&ceid=KR%3Ako,218.5,ai_infrastructure_security,ai_infrastructure_security,,no_original_date_found,no_original_date_found_kept,0.0,-189.9,,0.0,global_incident:ai_security_policy:google:openai_security_access:general,global_incident:ai_security_policy:google:openai_security_access,0.0,,,,issue_representative_attempt,I058,global_incident:ai_security_policy:openai:openai_security_access,오픈AI,경쟁사/해외이슈,경쟁사_해외이슈,경쟁사_해외이슈,정부_국회,정부/국회,,
정부_국회,정부/국회,오픈AI,"오픈AI, '보안 정보 외부 유출' 연구원 3명 해고…안전성 논란 속 파문 : 국제",재경일보,재경일보,"Fri, 02 Oct 2026 02:24:00 GMT","Fri, 02 Oct 2026 02:24:00 GMT","오픈AI, '보안 정보 외부 유출' 연구원 3명 해고…안전성 논란 속 파문 : 국제 재경일보",Google 뉴스가 전세계 매체로부터 종합한 최신 뉴스,30,meta_description_short,-103.0,meta_description_not_full_body,-4.0,False,False,https://news.google.com/rss/articles/CBMiS0FVX3lxTE1kQkw5cjNrM0lPOV9aLVYtVUxNQUNET3EyT0pZT2RqVFN2aVktYUV1UkF6QjdHN2g4SER6VTRrVUZoSEl6WUl0Q3M0NA?oc=5,https://news.google.com/rss/articles/CBMiS0FVX3lxTE1kQkw5cjNrM0lPOV9aLVYtVUxNQUNET3EyT0pZT2RqVFN2aVktYUV1UkF6QjdHN2g4SER6VTRrVUZoSEl6WUl0Q3M0NA?oc=5&hl=ko&gl=KR&ceid=KR%3Ako,211.0,"ai_infrastructure_security,phishing_security,privacy_security_reliability",security_general,,no_original_date_found,no_original_date_found_kept,0.0,-167.5,privacy_security:google:data_leak:initial_investigation_response,16.0,global_incident:ai_security_policy:google:openai_security_access:general,global_incident:ai_security_policy:google:openai_security_access,0.0,,,,issue_representative_attempt,I058,global_incident:ai_security_policy:openai:openai_security_access,오픈AI,경쟁사/해외이슈,경쟁사_해외이슈,경쟁사_해외이슈,정부_국회,정부/국회,,
정부_국회,정부/국회,오픈AI,"오픈AI, AI 에이전트 해킹 사건으로 피소…FTC 조사 착수",컨슈머타임스,컨슈머타임스,"Thu, 01 Oct 2026 00:08:25 GMT","Thu, 01 Oct 2026 00:08:25 GMT","오픈AI, AI 에이전트 해킹 사건으로 피소…FTC 조사 착수 컨슈머타임스",Google 뉴스가 전세계 매체로부터 종합한 최신 뉴스,30,meta_description_short,-103.0,meta_description_not_full_body,9.0,False,False,https://news.google.com/rss/articles/CBMiakFVX3lxTFBKS20xX205aTBvM1BydmtMN0dGZl9KS2lZeDZMSjNLazBPQXJfdEZrMExQY1lFUDE4MUZSTFRjR3VHNG1pSVJialMzY0pzaVBNS3Fpb2lNVVJYb0FBQXRDekxQd2FQbmNraHc?oc=5,https://news.google.com/rss/articles/CBMiakFVX3lxTFBKS20xX205aTBvM1BydmtMN0dGZl9KS2lZeDZMSjNLazBPQXJfdEZrMExQY1lFUDE4MUZSTFRjR3VHNG1pSVJialMzY0pzaVBNS3Fpb2lNVVJYb0FBQXRDekxQd2FQbmNraHc?oc=5&hl=ko&gl=KR&ceid=KR%3Ako,207.5,"ai_agent,ai_infrastructure_security,legal_regulatory_enforcement,phishing_security,privacy_security_reliability",security_hacking_incident,,no_original_date_found,no_original_date_found_kept,0.0,-158.4,privacy_security:google:data_leak:initial_investigation_response,36.0,global_incident:ai_security_policy:google:openai_security_access:investigation_or_consultation,global_incident:ai_security_policy:google:openai_security_access,0.0,,,,issue_representative_attempt,I058,global_incident:ai_security_policy:openai:openai_security_access,오픈AI,경쟁사/해외이슈,경쟁사_해외이슈,경쟁사_해외이슈,정부_국회,정부/국회,,
정부_국회,정부/국회,오픈AI,"미 캘리포니아주, 오픈AI에 소환장…AI해킹·안정성 조사",yonhapnewstv.co.kr,yonhapnewstv.co.kr,"Thu, 01 Oct 2026 20:51:00 GMT","Thu, 01 Oct 2026 20:51:00 GMT","미 캘리포니아주, 오픈AI에 소환장…AI해킹·안정성 조사 yonhapnewstv.co.kr",Google 뉴스가 전세계 매체로부터 종합한 최신 뉴스,30,meta_description_short,-103.0,meta_description_not_full_body,-1.0,False,False,https://news.google.com/rss/articles/CBMiZ0FVX3lxTFAwRjVzb2ltbkh6am8wUGVBS3lrMkFLQ191Q0E0eVhMUjJ3T3FJNld5d1cxcW91bUt3MWdoaTdXUGF0dzdrUXBWaUZpcG5LbXhtQnNBZHh4MTNpVUVjR1MzMlpTYkp0M3c?oc=5,https://news.google.com/rss/articles/CBMiZ0FVX3lxTFAwRjVzb2ltbkh6am8wUGVBS3lrMkFLQ191Q0E0eVhMUjJ3T3FJNld5d1cxcW91bUt3MWdoaTdXUGF0dzdrUXBWaUZpcG5LbXhtQnNBZHh4MTNpVUVjR1MzMlpTYkp0M3c?oc=5&hl=ko&gl=KR&ceid=KR%3Ako,207.0,"ai_infrastructure_security,phishing_security,privacy_security_reliability",security_hacking_incident,,no_original_date_found,no_original_date_found_kept,0.0,-168.4,privacy_security:google:data_leak:initial_investigation_response,0.0,global_incident:ai_security_policy:google:openai_security_access:general,global_incident:ai_security_policy:google:openai_security_access,0.0,,,,issue_representative_attempt,I058,global_incident:ai_security_policy:openai:openai_security_access,오픈AI,경쟁사/해외이슈,경쟁사_해외이슈,경쟁사_해외이슈,정부_국회,정부/국회,,
정부_국회,정부/국회,오픈AI,"엔비디아·소프트뱅크, 오픈AI 투자 잔여분 27조 최종 집행",aitimes.com,aitimes.com,"Fri, 02 Oct 2026 03:24:20 GMT","Fri, 02 Oct 2026 03:24:20 GMT","엔비디아·소프트뱅크, 오픈AI 투자 잔여분 27조 최종 집행 aitimes.com",Google 뉴스가 전세계 매체로부터 종합한 최신 뉴스,30,meta_description_short,-103.0,meta_description_not_full_body,-36.0,False,False,https://news.google.com/rss/articles/CBMiakFVX3lxTFBoYVJnSVA2ME9rVUdHM0NaN3ZYMFRQd054UzJRM2pxVUg0UUt1RGtKTHMxTkRnak1jaEVtalh2ck9YeTgzbUlpVHY0dnhhdUNWeUhIQU5qMUtYdjhlTm1IV25lcUZKQ1hPVlE?oc=5,https://news.google.com/rss/articles/CBMiakFVX3lxTFBoYVJnSVA2ME9rVUdHM0NaN3ZYMFRQd054UzJRM2pxVUg0UUt1RGtKTHMxTkRnak1jaEVtalh2ck9YeTgzbUlpVHY0dnhhdUNWeUhIQU5qMUtYdjhlTm1IV25lcUZKQ1hPVlE?oc=5&hl=ko&gl=KR&ceid=KR%3Ako,206.5,ai_infrastructure_security,ai_infrastructure_security,,no_original_date_found,no_original_date_found_kept,0.0,-192.9,,0.0,global_incident:ai_security_policy:google:openai_security_access:general,global_incident:ai_security_policy:google:openai_security_access,0.0,,,,issue_representative_attempt,I058,global_incident:ai_security_policy:openai:openai_security_access,오픈AI,경쟁사/해외이슈,경쟁사_해외이슈,경쟁사_해외이슈,정부_국회,정부/국회,,
정부_국회,정부/국회,오픈AI,"미 캘리포니아주, 오픈AI에 소환장…AI해킹·안정성 조사",v.daum.net,v.daum.net,"Thu, 01 Oct 2026 20:52:58 GMT","Thu, 01 Oct 2026 20:52:58 GMT","미 캘리포니아주, 오픈AI에 소환장…AI해킹·안정성 조사 v.daum.net",Google 뉴스가 전세계 매체로부터 종합한 최신 뉴스,30,meta_description_short,-103.0,meta_description_not_full_body,-1.0,False,False,https://news.google.com/rss/articles/CBMiRkFVX3lxTE5Uc2hQUG5BX3MzUTBIQlc4WTlzaWtCWkdQc1I0bmhLT0ZudDY1bWVvanlZVTlBYlYzS01WcGRuQVBORHpyX3c?oc=5,https://news.google.com/rss/articles/CBMiRkFVX3lxTE5Uc2hQUG5BX3MzUTBIQlc4WTlzaWtCWkdQc1I0bmhLT0ZudDY1bWVvanlZVTlBYlYzS01WcGRuQVBORHpyX3c?oc=5&hl=ko&gl=KR&ceid=KR%3Ako,209.0,"ai_infrastructure_security,phishing_security,privacy_security_reliability",security_hacking_incident,,no_original_date_found,no_original_date_found_kept,0.0,-165.4,privacy_security:google:data_leak:initial_investigation_response,0.0,global_incident:ai_security_policy:google:openai_security_access:general,global_incident:ai_security_policy:google:openai_security_access,0.0,,,,issue_representative_attempt,I058,global_incident:ai_security_policy:openai:openai_security_access,오픈AI,경쟁사/해외이슈,경쟁사_해외이슈,경쟁사_해외이슈,정부_국회,정부/국회,,
정부_국회,정부/국회,플랫폼 규제,美 빅테크 불러모은 트럼프…AI 자율규제·데이터센터 확대 강조,서울STV뉴스,서울STV뉴스,"Thu, 01 Oct 2026 00:44:37 GMT","Thu, 01 Oct 2026 00:44:37 GMT",美 빅테크 불러모은 트럼프…AI 자율규제·데이터센터 확대 강조 서울STV뉴스,Google 뉴스가 전세계 매체로부터 종합한 최신 뉴스,30,meta_description_short,-103.0,meta_description_not_full_body,-28.5,False,False,https://news.google.com/rss/articles/CBMiZ0FVX3lxTE05ZDZmSzZneW8ySS01b1lDenI0b3FsVUdzQWJlN3BDV1MtMDZpbjV3TGJPSGk5Nk8ySV9OaVRKYUF0Uk9nYVdFbU5MSGVYNktYeUNYRDVKMTl4LWYwWktCckNoYXVWVU0?oc=5,https://news.google.com/rss/articles/CBMiZ0FVX3lxTE05ZDZmSzZneW8ySS01b1lDenI0b3FsVUdzQWJlN3BDV1MtMDZpbjV3TGJPSGk5Nk8ySV9OaVRKYUF0Uk9nYVdFbU5MSGVYNktYeUNYRDVKMTl4LWYwWktCckNoYXVWVU0?oc=5&hl=ko&gl=KR&ceid=KR%3Ako,-134.0,"ai_infrastructure_security,policy_legislation",ai_infrastructure_security,,no_original_date_found,no_original_date_found_kept,0.0,-184.65,,0.0,,,0.0,,,,issue_representative_attempt,I063,government_ai_core_policy:빅테크 불러모은 트럼프 ai 자율규제 데이터센터 확대 강조,플랫폼 규제,정부/국회,정부_국회,경쟁사_해외이슈,정부_국회,정부/국회,,
정부_국회,정부/국회,금융위원회,"금융위, 국민 체감도 높인 정책 담당자 3명 포상…자살예방·청년적금·AI보안",intn.co.kr,intn.co.kr,"Fri, 02 Oct 2026 02:07:13 GMT","Fri, 02 Oct 2026 02:07:13 GMT","금융위, 국민 체감도 높인 정책 담당자 3명 포상…자살예방·청년적금·AI보안 intn.co.kr",Google 뉴스가 전세계 매체로부터 종합한 최신 뉴스,30,meta_description_short,-103.0,meta_description_not_full_body,69.0,False,False,https://news.google.com/rss/articles/CBMiakFVX3lxTE1FdFF2MVRDbFNLaXFQT3FZSXFHR1FBTGM1Q21SbDJHSWNyVF9oTzNqRlk5M2g2UWZjQTFudFhSc0stME9FNFpwSXJRb09ReFBQNkJFRjNZNGw0OXFZcWl3WFJhQ3Z5QU1sMkE?oc=5,https://news.google.com/rss/articles/CBMiakFVX3lxTE1FdFF2MVRDbFNLaXFQT3FZSXFHR1FBTGM1Q21SbDJHSWNyVF9oTzNqRlk5M2g2UWZjQTFudFhSc0stME9FNFpwSXJRb09ReFBQNkJFRjNZNGw0OXFZcWl3WFJhQ3Z5QU1sMkE?oc=5&hl=ko&gl=KR&ceid=KR%3Ako,114.6,"ai_infrastructure_security,phishing_security,policy_legislation,privacy_security_reliability",security_general,,no_original_date_found,no_original_date_found_kept,0.0,-119.4,,16.0,global_incident:ai_security_policy:google:ai_security_policy:general,global_incident:ai_security_policy:google:ai_security_policy,0.0,,,,issue_representative_attempt,I070,global_incident:ai_security_policy:financial_authority:ai_security_policy,금융위원회,정부/국회,정부_국회,정부_국회,정부_국회,정부/국회,,
경쟁사_해외이슈,경쟁사/해외이슈,네이버,"한국투자증권 ""NAVER, 데이터센터 대표 플레이어로 수혜""",글로벌이코노믹,글로벌이코노믹,"Fri, 02 Oct 2026 00:20:20 GMT","Fri, 02 Oct 2026 00:20:20 GMT","한국투자증권 ""NAVER, 데이터센터 대표 플레이어로 수혜"" 글로벌이코노믹",Google 뉴스가 전세계 매체로부터 종합한 최신 뉴스,30,meta_description_short,-103.0,meta_description_not_full_body,19.0,False,False,https://news.google.com/rss/articles/CBMilwFBVV95cUxQUkt0bEN5Ny05eThfMFlRdklzd25KLW9MVVZEWV9mS3V4QWJqcE1zaXlnVGhLeTNzcVFWRWR3S3dJRFlkN0ZCUWxmZDhUSjQtR2tSVVdYRTdGOUNTblJkNlRkaXl0ZnE2azJ1YXR4enhidndZdnVOdkhWQmJQdV9ybkIyNnN3VVpuQ0NmckRNbFJSV0NlTHlZ?oc=5,https://news.google.com/rss/articles/CBMilwFBVV95cUxQUkt0bEN5Ny05eThfMFlRdklzd25KLW9MVVZEWV9mS3V4QWJqcE1zaXlnVGhLeTNzcVFWRWR3S3dJRFlkN0ZCUWxmZDhUSjQtR2tSVVdYRTdGOUNTblJkNlRkaXl0ZnE2azJ1YXR4enhidndZdnVOdkhWQmJQdV9ybkIyNnN3VVpuQ0NmckRNbFJSV0NlTHlZ?oc=5&hl=ko&gl=KR&ceid=KR%3Ako,354.5,ai_infrastructure_security,ai_infrastructure_security,,no_original_date_found,no_original_date_found_kept,0.0,-151.4,,7.0,global_incident:leadership_service:naver:leadership_service:general,global_incident:leadership_service:naver:leadership_service,0.0,,,,issue_representative_attempt,I006,global_incident:leadership_service:naver:leadership_service,네이버,경쟁사/해외이슈,경쟁사_해외이슈,경쟁사_해외이슈,경쟁사_해외이슈,경쟁사/해외이슈,,
경쟁사_해외이슈,경쟁사/해외이슈,네이버,"엘리스그룹, 코스닥 출사표…민간·해외 AI 클라우드 시장 공략 : 네이버 블로그",Naver Blog,,"Thu, 01 Oct 2026 08:28:55 GMT",,"엘리스그룹, 코스닥 출사표…민간·해외 AI 클라우드 시장 공략 : 네이버 블로그 Naver Blog",,0,domain_filter,-100.0,naver_blog_result,0.0,False,,https://news.google.com/rss/articles/CBMijwFBVV95cUxOdUd0N09UckhQZDd2ckxjcWNDM1ZYc05NTmNiai1nMmFmVFp6cl9ublM0aUNqWE5UYWtMeXRTbGNIUl9Xb0U5STFoR0pMTGd4V2hkT2pweGY5UGpQbENVY2NhUTItZC1oUjJwY2ZtcW9yaWUyRkRjVmVUM2s2UFlhWURvVlRTaWRtdElEYUY1Zw?oc=5,https://news.google.com/rss/articles/CBMijwFBVV95cUxOdUd0N09UckhQZDd2ckxjcWNDM1ZYc05NTmNiai1nMmFmVFp6cl9ublM0aUNqWE5UYWtMeXRTbGNIUl9Xb0U5STFoR0pMTGd4V2hkT2pweGY5UGpQbENVY2NhUTItZC1oUjJwY2ZtcW9yaWUyRkRjVmVUM2s2UFlhWURvVlRTaWRtdElEYUY1Zw?oc=5&hl=ko&gl=KR&ceid=KR%3Ako,,,,,,not_checked_domain_filtered,,,,0.0,,,0.0,,,,issue_representative_attempt,I007,comp_domestic_ai_platform:엘리스그룹 코스닥 출사표 민간 해외 ai 클라우드 시장 공략 네이버 블로그,네이버,경쟁사/해외이슈,경쟁사_해외이슈,경쟁사_해외이슈,경쟁사_해외이슈,경쟁사/해외이슈,,
경쟁사_해외이슈,경쟁사/해외이슈,과학기술정보통신부,"KTL, AI 의료기기 글로벌 진출 지원…규제 대응부터 인증까지",산업인뉴스,산업인뉴스,"Thu, 01 Oct 2026 08:31:14 GMT","Thu, 01 Oct 2026 08:31:14 GMT","KTL, AI 의료기기 글로벌 진출 지원…규제 대응부터 인증까지 산업인뉴스",Google 뉴스가 전세계 매체로부터 종합한 최신 뉴스,30,meta_description_short,-103.0,meta_description_not_full_body,20.5,False,False,https://news.google.com/rss/articles/CBMibkFVX3lxTFB6MS1iQ3hFaVRSb09hVlI3a0xkeE9ldDFxZ2lEQXlCSTR3cmsyaGpLYlhETGNDYmNoQjdyUUM5R0UwWGVjcFFKQmRTZlBPa2tFXzdvamU0UUhnVC1pbXZKMlp0bkgyaVRFR1lFMEh3?oc=5,https://news.google.com/rss/articles/CBMibkFVX3lxTFB6MS1iQ3hFaVRSb09hVlI3a0xkeE9ldDFxZ2lEQXlCSTR3cmsyaGpLYlhETGNDYmNoQjdyUUM5R0UwWGVjcFFKQmRTZlBPa2tFXzdvamU0UUhnVC1pbXZKMlp0bkgyaVRFR1lFMEh3?oc=5&hl=ko&gl=KR&ceid=KR%3Ako,110.0,"ai_infrastructure_security,policy_legislation",ai_infrastructure_security,,no_original_date_found,no_original_date_found_kept,0.0,-150.35,,0.0,,,0.0,,,,issue_representative_attempt,I008,comp_domestic_ai_platform:ktl ai 의료기기 글로벌 진출 지원 규제 대응부터 인증까지,과학기술정보통신부,정부/국회,정부_국회,경쟁사_해외이슈,경쟁사_해외이슈,경쟁사/해외이슈,,
경쟁사_해외이슈,경쟁사/해외이슈,KT,"KT, 충청권 기업 AX 전환 지원… AI·클라우드 적용 해법 제시",Korea IT Times,Korea IT Times,"Fri, 02 Oct 2026 00:02:02 GMT","Fri, 02 Oct 2026 00:02:02 GMT","KT, 충청권 기업 AX 전환 지원… AI·클라우드 적용 해법 제시 Korea IT Times",Google 뉴스가 전세계 매체로부터 종합한 최신 뉴스,30,meta_description_short,-103.0,meta_description_not_full_body,67.5,False,False,https://news.google.com/rss/articles/CBMicEFVX3lxTE1ZaW5iLXBrNDZxaWxTRHFHZ25ndy10blNWWjNKRE1TSS1ZMTg4bi00c0ZXSDNaSTRiTmgyNlp2dmFLWjlfWnpTdjQ1REYtRWVPSUMtLXItWVQzQk5TVTBGYjN6N3J2dElVNXJFa3YyM0Q?oc=5,https://news.google.com/rss/articles/CBMicEFVX3lxTE1ZaW5iLXBrNDZxaWxTRHFHZ25ndy10blNWWjNKRE1TSS1ZMTg4bi00c0ZXSDNaSTRiTmgyNlp2dmFLWjlfWnpTdjQ1REYtRWVPSUMtLXItWVQzQk5TVTBGYjN6N3J2dElVNXJFa3YyM0Q?oc=5&hl=ko&gl=KR&ceid=KR%3Ako,352.0,"ai_infrastructure_security,platform_obligation",ai_infrastructure_security,,no_original_date_found,no_original_date_found_kept,0.0,-117.45,,0.0,global_incident:platform_regulation:google:platform_operator_obligation:general,global_incident:platform_regulation:google:platform_operator_obligation,24.0,competitor:platform_obligation,Y,,issue_representative_attempt,I012,국가 AI 인프라/AIDC/GPU 정책,KT,경쟁사/해외이슈,경쟁사_해외이슈,경쟁사_해외이슈,경쟁사_해외이슈,경쟁사/해외이슈,,
경쟁사_해외이슈,경쟁사/해외이슈,KT,"KT, 충청 제조·방산 AX 공개...MS·AWS와 현장 해법 제시",지디넷코리아,지디넷코리아,"Fri, 02 Oct 2026 03:35:51 GMT","Fri, 02 Oct 2026 03:35:51 GMT","KT, 충청 제조·방산 AX 공개...MS·AWS와 현장 해법 제시 지디넷코리아",Google 뉴스가 전세계 매체로부터 종합한 최신 뉴스,30,meta_description_short,-103.0,meta_description_not_full_body,6.5,False,False,https://news.google.com/rss/articles/CBMiVkFVX3lxTE9SUFR0QmloYkxOVUtBV3hvU0oyVWZsQzRXamRqR0JLWDRsdk1FekZMSmpVWi1ZUjRrdVJDXzFLSEFwdmhVbXRTM1VyMVd4eko5dzE2TDJ3?oc=5,https://news.google.com/rss/articles/CBMiVkFVX3lxTE9SUFR0QmloYkxOVUtBV3hvU0oyVWZsQzRXamRqR0JLWDRsdk1FekZMSmpVWi1ZUjRrdVJDXzFLSEFwdmhVbXRTM1VyMVd4eko5dzE2TDJ3?oc=5&hl=ko&gl=KR&ceid=KR%3Ako,308.0,,,,no_original_date_found,no_original_date_found_kept,0.0,-148.15,,0.0,,,0.0,,,,issue_representative_attempt,I012,국가 AI 인프라/AIDC/GPU 정책,KT,경쟁사/해외이슈,경쟁사_해외이슈,경쟁사_해외이슈,경쟁사_해외이슈,경쟁사/해외이슈,,
경쟁사_해외이슈,경쟁사/해외이슈,MS,"KT, 충청 제조·방산 AX 공개...MS·AWS와 현장 해법 제시",v.daum.net,v.daum.net,"Fri, 02 Oct 2026 03:37:59 GMT","Fri, 02 Oct 2026 03:37:59 GMT","KT, 충청 제조·방산 AX 공개...MS·AWS와 현장 해법 제시 v.daum.net",Google 뉴스가 전세계 매체로부터 종합한 최신 뉴스,30,meta_description_short,-103.0,meta_description_not_full_body,6.5,False,False,https://news.google.com/rss/articles/CBMiT0FVX3lxTE1BOXJJbHlzaU5sU0NTQllQX1JrbFRNcXdiQTZaSENXTnRYanAyc2FndDVSaElHOVJmeTBERi1nOURLUWpQR3h4TERHd3BWZnM?oc=5,https://news.google.com/rss/articles/CBMiT0FVX3lxTE1BOXJJbHlzaU5sU0NTQllQX1JrbFRNcXdiQTZaSENXTnRYanAyc2FndDVSaElHOVJmeTBERi1nOURLUWpQR3h4TERHd3BWZnM?oc=5&hl=ko&gl=KR&ceid=KR%3Ako,304.0,,,,no_original_date_found,no_original_date_found_kept,0.0,-160.15,,0.0,,,0.0,,,,issue_representative_attempt,I012,국가 AI 인프라/AIDC/GPU 정책,MS,경쟁사/해외이슈,경쟁사_해외이슈,경쟁사_해외이슈,경쟁사_해외이슈,경쟁사/해외이슈,,
경쟁사_해외이슈,경쟁사/해외이슈,KT,"KT, 병원 AX ‘표준모델’ 공개…AI 어시스턴트·데이터 플랫폼 결합",테크월드,테크월드,"Fri, 02 Oct 2026 00:41:45 GMT","Fri, 02 Oct 2026 00:41:45 GMT","KT, 병원 AX ‘표준모델’ 공개…AI 어시스턴트·데이터 플랫폼 결합 테크월드",Google 뉴스가 전세계 매체로부터 종합한 최신 뉴스,30,meta_description_short,-103.0,meta_description_not_full_body,20.5,False,False,https://news.google.com/rss/articles/CBMiaEFVX3lxTE1JMEs5SVZ6SktXRkhqSzhTWEZQV2dJc016dndyaGFnenZ1aGVIeS12Tk1XdzZzNGYxZm00VlJHQWlMX0dEUC1PazZvcU83am5oQ3FvV0FicTlVcDJnMWhtcGFlLUdsQXZ0?oc=5,https://news.google.com/rss/articles/CBMiaEFVX3lxTE1JMEs5SVZ6SktXRkhqSzhTWEZQV2dJc016dndyaGFnenZ1aGVIeS12Tk1XdzZzNGYxZm00VlJHQWlMX0dEUC1PazZvcU83am5oQ3FvV0FicTlVcDJnMWhtcGFlLUdsQXZ0?oc=5&hl=ko&gl=KR&ceid=KR%3Ako,324.0,"ai_infrastructure_security,market_power_platform",ai_infrastructure_security,,no_original_date_found,no_original_date_found_kept,0.0,-150.35,,0.0,global_incident:platform_regulation:google:platform_regulation:announcement,global_incident:platform_regulation:google:platform_regulation,0.0,,,,issue_representative_attempt,I012,국가 AI 인프라/AIDC/GPU 정책,KT,경쟁사/해외이슈,경쟁사_해외이슈,경쟁사_해외이슈,경쟁사_해외이슈,경쟁사/해외이슈,,
경쟁사_해외이슈,경쟁사/해외이슈,KT,"유비쿼스, AI 기반 광통신 장비 공개…KT 실증 기반 해외 진출 타진",서울신문,서울신문,"Fri, 02 Oct 2026 01:00:00 GMT","Fri, 02 Oct 2026 01:00:00 GMT","유비쿼스, AI 기반 광통신 장비 공개…KT 실증 기반 해외 진출 타진 서울신문",Google 뉴스가 전세계 매체로부터 종합한 최신 뉴스,30,meta_description_short,-103.0,meta_description_not_full_body,13.5,False,False,https://news.google.com/rss/articles/CBMib0FVX3lxTFB6Zkhfb1VXLWZhNjJYbWp1ODBEckx4aDVva1d5QmVicXZkS3F2N2dKLUFMU25GZURGa2RSc2Q2bkVabXQ4QlU1bXRqajRmTG1iYURoa0xuaF9YbDl6emtJZmRLTTFwQlM2YnB1Qy13aw?oc=5,https://news.google.com/rss/articles/CBMib0FVX3lxTFB6Zkhfb1VXLWZhNjJYbWp1ODBEckx4aDVva1d5QmVicXZkS3F2N2dKLUFMU25GZURGa2RSc2Q2bkVabXQ4QlU1bXRqajRmTG1iYURoa0xuaF9YbDl6emtJZmRLTTFwQlM2YnB1Qy13aw?oc=5&hl=ko&gl=KR&ceid=KR%3Ako,314.0,ai_infrastructure_security,ai_infrastructure_security,,no_original_date_found,no_original_date_found_kept,0.0,-155.25,,0.0,,,0.0,,,,issue_representative_attempt,I012,국가 AI 인프라/AIDC/GPU 정책,KT,경쟁사/해외이슈,경쟁사_해외이슈,경쟁사_해외이슈,경쟁사_해외이슈,경쟁사/해외이슈,,
경쟁사_해외이슈,경쟁사/해외이슈,KT,"KT, 충청권 기업 대상 AX 세미나…AI·클라우드 활용 방안 공유",한국NGO신문,한국NGO신문,"Fri, 02 Oct 2026 00:26:26 GMT","Fri, 02 Oct 2026 00:26:26 GMT","KT, 충청권 기업 대상 AX 세미나…AI·클라우드 활용 방안 공유 한국NGO신문",Google 뉴스가 전세계 매체로부터 종합한 최신 뉴스,30,meta_description_short,-103.0,meta_description_not_full_body,13.5,False,False,https://news.google.com/rss/articles/CBMiaEFVX3lxTE1fV3E3WEpiYzcyRDJsTDRYMHRSTUJWX1lsMF82UE9ETEthWTR3NzJILS05cjRUNmtobXZKZVBoYnppX1pNSllQMW9sNEhXWER5RUJJZ2QxTHlmbjd5Y3Y4SGJHZGhOYldt?oc=5,https://news.google.com/rss/articles/CBMiaEFVX3lxTE1fV3E3WEpiYzcyRDJsTDRYMHRSTUJWX1lsMF82UE9ETEthWTR3NzJILS05cjRUNmtobXZKZVBoYnppX1pNSllQMW9sNEhXWER5RUJJZ2QxTHlmbjd5Y3Y4SGJHZGhOYldt?oc=5&hl=ko&gl=KR&ceid=KR%3Ako,314.0,ai_infrastructure_security,ai_infrastructure_security,,no_original_date_found,no_original_date_found_kept,0.0,-155.25,,0.0,,,0.0,,,,issue_representative_attempt,I012,국가 AI 인프라/AIDC/GPU 정책,KT,경쟁사/해외이슈,경쟁사_해외이슈,경쟁사_해외이슈,경쟁사_해외이슈,경쟁사/해외이슈,,
경쟁사_해외이슈,경쟁사/해외이슈,네이버,"NAVER(네이버), 19만1900원 소폭 상승…AI 데이터센터 실적 가시성 주목",CBC뉴스,CBC뉴스,"Fri, 02 Oct 2026 01:47:48 GMT","Fri, 02 Oct 2026 01:47:48 GMT","NAVER(네이버), 19만1900원 소폭 상승…AI 데이터센터 실적 가시성 주목 CBC뉴스",Google 뉴스가 전세계 매체로부터 종합한 최신 뉴스,30,meta_description_short,-103.0,meta_description_not_full_body,54.0,False,False,https://news.google.com/rss/articles/CBMiaEFVX3lxTE5wZDJtZ085ZkZUcTdERnY0Mng3dkRqQ3FnYU13YlZadXo4aVlldGVQemF6Z3ROZExmdkdnN2NWam5zVktyRVEza0hYRGpFUFE4V3FxUmdnVzNudmlIT0VSVENzbWRBOG1u?oc=5,https://news.google.com/rss/articles/CBMiaEFVX3lxTE5wZDJtZ085ZkZUcTdERnY0Mng3dkRqQ3FnYU13YlZadXo4aVlldGVQemF6Z3ROZExmdkdnN2NWam5zVktyRVEza0hYRGpFUFE4V3FxUmdnVzNudmlIT0VSVENzbWRBOG1u?oc=5&hl=ko&gl=KR&ceid=KR%3Ako,277.0,"ai_infrastructure_security,aidc_datacenter,earnings,financial_performance",aidc_general,,no_original_date_found,no_original_date_found_kept,0.0,-126.9,,0.0,,,0.0,,,,issue_representative_attempt,I012,국가 AI 인프라/AIDC/GPU 정책,네이버,경쟁사/해외이슈,경쟁사_해외이슈,경쟁사_해외이슈,경쟁사_해외이슈,경쟁사/해외이슈,,
경쟁사_해외이슈,경쟁사/해외이슈,네이버,"앤트로픽, AI 인프라 700조원 베팅…삼성·하이닉스에 기회",Naver Blog,Naver Blog,"Thu, 01 Oct 2026 09:03:25 GMT","Thu, 01 Oct 2026 09:03:25 GMT","앤트로픽, AI 인프라 700조원 베팅…삼성·하이닉스에 기회 Naver Blog",Google 뉴스가 전세계 매체로부터 종합한 최신 뉴스,30,meta_description_short,-103.0,meta_description_not_full_body,13.5,False,False,https://news.google.com/rss/articles/CBMiWkFVX3lxTE1aOTB6NnZ3Mk1aUWZzR3BucHluLWpST2pFUEZxMm1SeHBNZFB1cTZLRVdqYWxpdFcwN2kzSUk4MFdXX3hNQl93Q1lvZlRtWjF0ZDN2Ukp6SzUwdw?oc=5,https://news.google.com/rss/articles/CBMiWkFVX3lxTE1aOTB6NnZ3Mk1aUWZzR3BucHluLWpST2pFUEZxMm1SeHBNZFB1cTZLRVdqYWxpdFcwN2kzSUk4MFdXX3hNQl93Q1lvZlRtWjF0ZDN2Ukp6SzUwdw?oc=5&hl=ko&gl=KR&ceid=KR%3Ako,335.0,ai_infrastructure_security,ai_infrastructure_security,,no_original_date_found,no_original_date_found_kept,0.0,-155.25,,0.0,global_incident:ai_security_policy:naver:anthropic_glasswing_security:general,global_incident:ai_security_policy:naver:anthropic_glasswing_security,0.0,,,,issue_representative_attempt,I012,국가 AI 인프라/AIDC/GPU 정책,네이버,경쟁사/해외이슈,경쟁사_해외이슈,경쟁사_해외이슈,경쟁사_해외이슈,경쟁사/해외이슈,,
경쟁사_해외이슈,경쟁사/해외이슈,LGU+,"LGU+, AI 토큰 처리량 4배 높였다...GPU·전력 효율화",지디넷코리아,지디넷코리아,"Fri, 02 Oct 2026 03:28:52 GMT","Fri, 02 Oct 2026 03:28:52 GMT","LGU+, AI 토큰 처리량 4배 높였다...GPU·전력 효율화 지디넷코리아",Google 뉴스가 전세계 매체로부터 종합한 최신 뉴스,30,meta_description_short,-103.0,meta_description_not_full_body,23.5,False,False,https://news.google.com/rss/articles/CBMiVkFVX3lxTFB5WDRucWlTcGFWc3NtTFZPYmpUUEJwLXc4a1RmaFhMM1dpSU14TGxHSlJhMnJpSXBDMGplV2lvd05mTldmZ3J4d04xd1hpajNxVmFzVVpB?oc=5,https://news.google.com/rss/articles/CBMiVkFVX3lxTFB5WDRucWlTcGFWc3NtTFZPYmpUUEJwLXc4a1RmaFhMM1dpSU14TGxHSlJhMnJpSXBDMGplV2lvd05mTldmZ3J4d04xd1hpajNxVmFzVVpB?oc=5&hl=ko&gl=KR&ceid=KR%3Ako,216.0,"ai_infrastructure_security,aidc_datacenter",aidc_law_power,,no_original_date_found,no_original_date_found_kept,0.0,-136.25,,0.0,,,0.0,,,,issue_representative_attempt,I012,국가 AI 인프라/AIDC/GPU 정책,LGU+,경쟁사/해외이슈,경쟁사_해외이슈,경쟁사_해외이슈,경쟁사_해외이슈,경쟁사/해외이슈,,
경쟁사_해외이슈,경쟁사/해외이슈,LGU+,"LGU+, AI 토큰 최적화 나선다…GPU 처리량 최대 4배",디지털데일리,디지털데일리,"Fri, 02 Oct 2026 01:41:54 GMT","Fri, 02 Oct 2026 01:41:54 GMT","LGU+, AI 토큰 최적화 나선다…GPU 처리량 최대 4배 디지털데일리",Google 뉴스가 전세계 매체로부터 종합한 최신 뉴스,30,meta_description_short,-103.0,meta_description_not_full_body,23.5,False,False,https://news.google.com/rss/articles/CBMiZEFVX3lxTE9vSDRhblVDZ1FKWHdFNEktY05XV2NBUE9lOUg1V0R4S0toTTRLRnQ5YTJtclZkMk43UTctZ0ZCM2dEQlJMTXlCZEV2eUxVbzZGNG9yWTQ5cl9YNV9MQy1GSGhOV2Q?oc=5,https://news.google.com/rss/articles/CBMiZEFVX3lxTE9vSDRhblVDZ1FKWHdFNEktY05XV2NBUE9lOUg1V0R4S0toTTRLRnQ5YTJtclZkMk43UTctZ0ZCM2dEQlJMTXlCZEV2eUxVbzZGNG9yWTQ5cl9YNV9MQy1GSGhOV2Q?oc=5&hl=ko&gl=KR&ceid=KR%3Ako,216.0,"ai_infrastructure_security,aidc_datacenter",aidc_gpu_npu,,no_original_date_found,no_original_date_found_kept,0.0,-136.25,,0.0,,,0.0,,,,issue_representative_attempt,I012,국가 AI 인프라/AIDC/GPU 정책,LGU+,경쟁사/해외이슈,경쟁사_해외이슈,경쟁사_해외이슈,경쟁사_해외이슈,경쟁사/해외이슈,,
경쟁사_해외이슈,경쟁사/해외이슈,LGU+,"같은 GPU서 토큰 최대 4배 처리…LGU+, AI 운영 효율 높인다",뉴시스,뉴시스,"Fri, 02 Oct 2026 00:18:09 GMT","Fri, 02 Oct 2026 00:18:09 GMT","같은 GPU서 토큰 최대 4배 처리…LGU+, AI 운영 효율 높인다 뉴시스",Google 뉴스가 전세계 매체로부터 종합한 최신 뉴스,30,meta_description_short,-103.0,meta_description_not_full_body,23.5,False,False,https://news.google.com/rss/articles/CBMieEFVX3lxTE1xSTZwaUpoMGpZT1R3YVAwT3JCdHc5RXJJVnFja0tzOU5ERTFqRFNnN3hRUURfeXhvYnR5TVp1dXRaVTFMczJvVDREN3dTRjZKdEpTRDdLalpuRVpCZV9zR1ZjWTRJeE9tZkNXRFB4djBSMl9HVHFZctIBeEFVX3lxTE1xSTZwaUpoMGpZT1R3YVAwT3JCdHc5RXJJVnFja0tzOU5ERTFqRFNnN3hRUURfeXhvYnR5TVp1dXRaVTFMczJvVDREN3dTRjZKdEpTRDdLalpuRVpCZV9zR1ZjWTRJeE9tZkNXRFB4djBSMl9HVHFZcg?oc=5,https://news.google.com/rss/articles/CBMieEFVX3lxTE1xSTZwaUpoMGpZT1R3YVAwT3JCdHc5RXJJVnFja0tzOU5ERTFqRFNnN3hRUURfeXhvYnR5TVp1dXRaVTFMczJvVDREN3dTRjZKdEpTRDdLalpuRVpCZV9zR1ZjWTRJeE9tZkNXRFB4djBSMl9HVHFZctIBeEFVX3lxTE1xSTZwaUpoMGpZT1R3YVAwT3JCdHc5RXJJVnFja0tzOU5ERTFqRFNnN3hRUURfeXhvYnR5TVp1dXRaVTFMczJvVDREN3dTRjZKdEpTRDdLalpuRVpCZV9zR1ZjWTRJeE9tZkNXRFB4djBSMl9HVHFZcg?oc=5&hl=ko&gl=KR&ceid=KR%3Ako,216.0,"ai_infrastructure_security,aidc_datacenter",aidc_gpu_npu,,no_original_date_found,no_original_date_found_kept,0.0,-134.25,,0.0,,,0.0,,,,issue_representative_attempt,I012,국가 AI 인프라/AIDC/GPU 정책,LGU+,경쟁사/해외이슈,경쟁사_해외이슈,경쟁사_해외이슈,경쟁사_해외이슈,경쟁사/해외이슈,,
경쟁사_해외이슈,경쟁사/해외이슈,LGU+,"LGU+, AI '토큰 최적화' 기술 개발…GPU 처리량 최대 4배 높여",아이뉴스24,아이뉴스24,"Fri, 02 Oct 2026 00:37:54 GMT","Fri, 02 Oct 2026 00:37:54 GMT","LGU+, AI '토큰 최적화' 기술 개발…GPU 처리량 최대 4배 높여 아이뉴스24",Google 뉴스가 전세계 매체로부터 종합한 최신 뉴스,30,meta_description_short,-103.0,meta_description_not_full_body,23.5,False,False,https://news.google.com/rss/articles/CBMiRkFVX3lxTFBRbWlpVFcyWWVWV1JqY3k0R3I0S2Jxd2d6VklacV8zVG12VnRiTEhWRGlFd2tmaExqWUpGb2NJSzFIMnZGZlE?oc=5,https://news.google.com/rss/articles/CBMiRkFVX3lxTFBRbWlpVFcyWWVWV1JqY3k0R3I0S2Jxd2d6VklacV8zVG12VnRiTEhWRGlFd2tmaExqWUpGb2NJSzFIMnZGZlE?oc=5&hl=ko&gl=KR&ceid=KR%3Ako,215.0,"ai_infrastructure_security,aidc_datacenter",aidc_gpu_npu,,no_original_date_found,no_original_date_found_kept,0.0,-140.25,,0.0,,,0.0,,,,issue_representative_attempt,I012,국가 AI 인프라/AIDC/GPU 정책,LGU+,경쟁사/해외이슈,경쟁사_해외이슈,경쟁사_해외이슈,경쟁사_해외이슈,경쟁사/해외이슈,,
경쟁사_해외이슈,경쟁사/해외이슈,KT,"KT, 충청권 제조·방산 AX 공략…글로벌 파트너와 협력",디지털투데이,디지털투데이,"Fri, 02 Oct 2026 00:11:51 GMT","Fri, 02 Oct 2026 00:11:51 GMT","KT, 충청권 제조·방산 AX 공략…글로벌 파트너와 협력 디지털투데이",Google 뉴스가 전세계 매체로부터 종합한 최신 뉴스,30,meta_description_short,-103.0,meta_description_not_full_body,6.5,False,False,https://news.google.com/rss/articles/CBMic0FVX3lxTE51aFI1dHhlYm5paWx2SXFWb2pYX1NRbEhmRHoyZ3pkNjdHckxZaG5pQzBacnZfMXc2YU9CQUYtUFFzOVZHbU1Qa1NOY2F1WjN2cmgyOHhlMXJtZnJsc0VPYjd6VWRnQ3pGMGliQy1zM0Q0SW8?oc=5,https://news.google.com/rss/articles/CBMic0FVX3lxTE51aFI1dHhlYm5paWx2SXFWb2pYX1NRbEhmRHoyZ3pkNjdHckxZaG5pQzBacnZfMXc2YU9CQUYtUFFzOVZHbU1Qa1NOY2F1WjN2cmgyOHhlMXJtZnJsc0VPYjd6VWRnQ3pGMGliQy1zM0Q0SW8?oc=5&hl=ko&gl=KR&ceid=KR%3Ako,288.0,,,,no_original_date_found,no_original_date_found_kept,0.0,-160.15,,0.0,,,0.0,,,,issue_representative_attempt,I012,국가 AI 인프라/AIDC/GPU 정책,KT,경쟁사/해외이슈,경쟁사_해외이슈,경쟁사_해외이슈,경쟁사_해외이슈,경쟁사/해외이슈,,
경쟁사_해외이슈,경쟁사/해외이슈,네이버,"AI데이터센터 훈풍 탄 두산퓨얼셀, 적자 행진 마침표 기대감 : 네이버 블로그",Naver Blog,,"Fri, 02 Oct 2026 02:06:15 GMT",,"AI데이터센터 훈풍 탄 두산퓨얼셀, 적자 행진 마침표 기대감 : 네이버 블로그 Naver Blog",,0,domain_filter,-100.0,naver_blog_result,0.0,False,,https://news.google.com/rss/articles/CBMijwFBVV95cUxOemJlM3Vyd0lPRGlGcFpfLUJtZmpSdlgtb2JaNC1GS0ZRQ2QzRlM2U2lxRmpmVVl4MWZlYnVJb0NyYlBQRGJ3bWw2QXU4azJNSFJDd0Q0WHk1RnIwSGY1dEhoQVk4VXN1d1RLZzZUR0UwWXBGYTB4MGVtN0FDU2xfUldHc1RjYkJUYi1VcUppYw?oc=5,https://news.google.com/rss/articles/CBMijwFBVV95cUxOemJlM3Vyd0lPRGlGcFpfLUJtZmpSdlgtb2JaNC1GS0ZRQ2QzRlM2U2lxRmpmVVl4MWZlYnVJb0NyYlBQRGJ3bWw2QXU4azJNSFJDd0Q0WHk1RnIwSGY1dEhoQVk4VXN1d1RLZzZUR0UwWXBGYTB4MGVtN0FDU2xfUldHc1RjYkJUYi1VcUppYw?oc=5&hl=ko&gl=KR&ceid=KR%3Ako,,,,,,not_checked_domain_filtered,,,,0.0,,,0.0,,,,issue_representative_attempt,I012,국가 AI 인프라/AIDC/GPU 정책,네이버,경쟁사/해외이슈,경쟁사_해외이슈,경쟁사_해외이슈,경쟁사_해외이슈,경쟁사/해외이슈,,
경쟁사_해외이슈,경쟁사/해외이슈,네이버,"[현장] “2029년까지 데이터센터 완판”…KT클라우드·네이버, AIDC 키운다",에너지경제신문,에너지경제신문,"Thu, 01 Oct 2026 06:31:31 GMT","Thu, 01 Oct 2026 06:31:31 GMT","[현장] “2029년까지 데이터센터 완판”…KT클라우드·네이버, AIDC 키운다 에너지경제신문",Google 뉴스가 전세계 매체로부터 종합한 최신 뉴스,30,meta_description_short,-103.0,meta_description_not_full_body,29.0,False,False,https://news.google.com/rss/articles/CBMiW0FVX3lxTE93OEJ2bGJGNG1lYmRHRE56WVBkTHQ3TS1VQmFHTlVhcjJpMmg0ZnRfX3hKQ2dkRklRSEFjV2hqckNtTkdkZEQ3VmtOWThPczVHUkZsXzFrVnFVWHM?oc=5,https://news.google.com/rss/articles/CBMiW0FVX3lxTE93OEJ2bGJGNG1lYmRHRE56WVBkTHQ3TS1VQmFHTlVhcjJpMmg0ZnRfX3hKQ2dkRklRSEFjV2hqckNtTkdkZEQ3VmtOWThPczVHUkZsXzFrVnFVWHM?oc=5&hl=ko&gl=KR&ceid=KR%3Ako,246.0,"ai_infrastructure_security,aidc_datacenter",aidc_general,,no_original_date_found,no_original_date_found_kept,0.0,-144.4,,0.0,,,0.0,,,,issue_representative_attempt,I012,국가 AI 인프라/AIDC/GPU 정책,네이버,경쟁사/해외이슈,경쟁사_해외이슈,경쟁사_해외이슈,경쟁사_해외이슈,경쟁사/해외이슈,,
경쟁사_해외이슈,경쟁사/해외이슈,네이버,"[KACI 26] GPU 빌려주던 네오클라우드 넘는다...네이버클라우드, 내년부터 AI 팩토리 확대",테크M,테크M,"Thu, 01 Oct 2026 05:46:40 GMT","Thu, 01 Oct 2026 05:46:40 GMT","[KACI 26] GPU 빌려주던 네오클라우드 넘는다...네이버클라우드, 내년부터 AI 팩토리 확대 테크M",Google 뉴스가 전세계 매체로부터 종합한 최신 뉴스,30,meta_description_short,-103.0,meta_description_not_full_body,26.0,False,False,https://news.google.com/rss/articles/CBMiZkFVX3lxTE5hQ2hoZW5hanZ1eng5ZHZuODR0SEl0MFlfeHZ0ZUhwZnllbURvUzlrdjRBdzZxXzhxQi1pQlk4RzZNYkdNaDRQZXo0VDlfVVI3TExzSGdmbS1NNUtJQ1J3U0NzckxrQdIBakFVX3lxTE51NE03S2EtSEYyT1pRRmJQcFpJNzFONXNLZU8yYnVWRkphRTBNOEFvZ3pudEg0VHdzc3BQZHVQTjY4THlYT1hZYUFxZjZma3paUEhhV0UyWkNmaHdIQ0ROV3hvUXlILVE0aEE?oc=5,https://news.google.com/rss/articles/CBMiZkFVX3lxTE5hQ2hoZW5hanZ1eng5ZHZuODR0SEl0MFlfeHZ0ZUhwZnllbURvUzlrdjRBdzZxXzhxQi1pQlk4RzZNYkdNaDRQZXo0VDlfVVI3TExzSGdmbS1NNUtJQ1J3U0NzckxrQdIBakFVX3lxTE51NE03S2EtSEYyT1pRRmJQcFpJNzFONXNLZU8yYnVWRkphRTBNOEFvZ3pudEg0VHdzc3BQZHVQTjY4THlYT1hZYUFxZjZma3paUEhhV0UyWkNmaHdIQ0ROV3hvUXlILVE0aEE?oc=5&hl=ko&gl=KR&ceid=KR%3Ako,243.0,"ai_infrastructure_security,aidc_datacenter",aidc_gpu_npu,,no_original_date_found,no_original_date_found_kept,0.0,-146.5,privacy_security:naver:data_leak:initial_investigation_response,16.0,global_incident:privacy_security:naver:naver:data_leak:general,global_incident:privacy_security:naver:naver,0.0,,,,issue_representative_attempt,I012,국가 AI 인프라/AIDC/GPU 정책,네이버,경쟁사/해외이슈,경쟁사_해외이슈,경쟁사_해외이슈,경쟁사_해외이슈,경쟁사/해외이슈,,
경쟁사_해외이슈,경쟁사/해외이슈,SKT,AI 데이터센터 늘리는데 … SKT 배출권 '35만t' 부족,세이프타임즈,세이프타임즈,"Thu, 01 Oct 2026 05:31:38 GMT","Thu, 01 Oct 2026 05:31:38 GMT",AI 데이터센터 늘리는데 … SKT 배출권 '35만t' 부족 세이프타임즈,Google 뉴스가 전세계 매체로부터 종합한 최신 뉴스,30,meta_description_short,-103.0,meta_description_not_full_body,23.5,False,False,https://news.google.com/rss/articles/CBMic0FVX3lxTE82RGRxNERhZWRBS2dDZEtsa2hCWGQ3MV9uMTY2T0NXb3UtWkI0emltd0Z0aFAwNWNWcURSVldWa2RhVUJSbEdLa1JUVGhOMGt0S1lhZXhidk9ERGx3RVhqbHQxR2QyUG9JaUo2VzRDbkdzM0HSAXNBVV95cUxPNkRkcTREYWVkQUtnQ2RLbGtoQlhkNzFfbjE2Nk9DV291LVpCNHppbXdGdGhQMDVjVnFEUlZXVmtkYVVCUmxHS2tSVFRoTjBrdEtZYWV4YnZPRERsd0VYamx0MUdkMlBvSWlKNlc0Q25HczNB?oc=5,https://news.google.com/rss/articles/CBMic0FVX3lxTE82RGRxNERhZWRBS2dDZEtsa2hCWGQ3MV9uMTY2T0NXb3UtWkI0emltd0Z0aFAwNWNWcURSVldWa2RhVUJSbEdLa1JUVGhOMGt0S1lhZXhidk9ERGx3RVhqbHQxR2QyUG9JaUo2VzRDbkdzM0HSAXNBVV95cUxPNkRkcTREYWVkQUtnQ2RLbGtoQlhkNzFfbjE2Nk9DV291LVpCNHppbXdGdGhQMDVjVnFEUlZXVmtkYVVCUmxHS2tSVFRoTjBrdEtZYWV4YnZPRERsd0VYamx0MUdkMlBvSWlKNlc0Q25HczNB?oc=5&hl=ko&gl=KR&ceid=KR%3Ako,240.5,"ai_infrastructure_security,aidc_datacenter",aidc_general,,no_original_date_found,no_original_date_found_kept,0.0,-148.25,,0.0,,,0.0,,,,issue_representative_attempt,I012,국가 AI 인프라/AIDC/GPU 정책,SKT,경쟁사/해외이슈,경쟁사_해외이슈,경쟁사_해외이슈,경쟁사_해외이슈,경쟁사/해외이슈,,
경쟁사_해외이슈,경쟁사/해외이슈,네이버,"[현장] KT·네이버가 말하는 AIDC의 다음 무대는…""AI 서비스센터·AI 팩토리""",데일리안,데일리안,"Thu, 01 Oct 2026 03:13:00 GMT","Thu, 01 Oct 2026 03:13:00 GMT","[현장] KT·네이버가 말하는 AIDC의 다음 무대는…""AI 서비스센터·AI 팩토리"" 데일리안",Google 뉴스가 전세계 매체로부터 종합한 최신 뉴스,30,meta_description_short,-103.0,meta_description_not_full_body,26.0,False,False,https://news.google.com/rss/articles/CBMi4wFBVV95cUxNdi1MdGNuQlV0OWpSRVFYenp1bEE2M3JmU1J1Rm0tMUhJQm9SZTNnQ1NWMFE0UE9SR25LWkpRYW9pdlhSaXBPS3ZCOUI0SklzdkhMYVlrbC04WEtqRmdldXN6V0NtcmVjSEprV1U3QlVoVDBta3ppOWhwT0E3Um5QTmxxbXpDTUxnT0pHUWJsS1VSOWswREdaWkEycktQYnZQNVhFUDV1b0RoYWxjdklxd3l0TElnNlFmZVN5UFdMQzJkODN3Zmoyb25oZ09keGswT0VNckd4Qk82SEh4YlRtNmRWVQ?oc=5,https://news.google.com/rss/articles/CBMi4wFBVV95cUxNdi1MdGNuQlV0OWpSRVFYenp1bEE2M3JmU1J1Rm0tMUhJQm9SZTNnQ1NWMFE0UE9SR25LWkpRYW9pdlhSaXBPS3ZCOUI0SklzdkhMYVlrbC04WEtqRmdldXN6V0NtcmVjSEprV1U3QlVoVDBta3ppOWhwT0E3Um5QTmxxbXpDTUxnT0pHUWJsS1VSOWswREdaWkEycktQYnZQNVhFUDV1b0RoYWxjdklxd3l0TElnNlFmZVN5UFdMQzJkODN3Zmoyb25oZ09keGswT0VNckd4Qk82SEh4YlRtNmRWVQ?oc=5&hl=ko&gl=KR&ceid=KR%3Ako,240.0,"ai_infrastructure_security,aidc_datacenter",aidc_general,,no_original_date_found,no_original_date_found_kept,0.0,-146.5,,0.0,,,0.0,,,,issue_representative_attempt,I012,국가 AI 인프라/AIDC/GPU 정책,네이버,경쟁사/해외이슈,경쟁사_해외이슈,경쟁사_해외이슈,경쟁사_해외이슈,경쟁사/해외이슈,,
경쟁사_해외이슈,경쟁사/해외이슈,LGU+,"LGU+, 옵트에이아이와 AI ‘토큰 최적화’ 맞손… 서버 GPU 처리량 최대 4배 확대",블록체인투데이,블록체인투데이,"Fri, 02 Oct 2026 01:39:08 GMT","Fri, 02 Oct 2026 01:39:08 GMT","LGU+, 옵트에이아이와 AI ‘토큰 최적화’ 맞손… 서버 GPU 처리량 최대 4배 확대 블록체인투데이",Google 뉴스가 전세계 매체로부터 종합한 최신 뉴스,30,meta_description_short,-103.0,meta_description_not_full_body,23.5,False,False,https://news.google.com/rss/articles/CBMicEFVX3lxTE1GNXRDdjNSRTFZcGFhdm9mSnVBYlh1OGxQa0YtNF9GRjlKbWdvaEpCRUwtaDhHMFdyNWxiZXBYV0tYR243VVJtZWNPd0U1MVVGMFZGMTdvZWRZc3ZlNWQyaUxFeUlNd0dmVHBjME9aZ3c?oc=5,https://news.google.com/rss/articles/CBMicEFVX3lxTE1GNXRDdjNSRTFZcGFhdm9mSnVBYlh1OGxQa0YtNF9GRjlKbWdvaEpCRUwtaDhHMFdyNWxiZXBYV0tYR243VVJtZWNPd0U1MVVGMFZGMTdvZWRZc3ZlNWQyaUxFeUlNd0dmVHBjME9aZ3c?oc=5&hl=ko&gl=KR&ceid=KR%3Ako,222.0,"ai_infrastructure_security,aidc_datacenter",aidc_gpu_npu,,no_original_date_found,no_original_date_found_kept,0.0,-148.25,,0.0,,,0.0,,,,issue_representative_attempt,I012,국가 AI 인프라/AIDC/GPU 정책,LGU+,경쟁사/해외이슈,경쟁사_해외이슈,경쟁사_해외이슈,경쟁사_해외이슈,경쟁사/해외이슈,,
경쟁사_해외이슈,경쟁사/해외이슈,LGU+,"LG유플러스, AI 토큰 최적화 나선다…GPU 효율 4배 높여",디지털투데이,디지털투데이,"Fri, 02 Oct 2026 00:00:00 GMT","Fri, 02 Oct 2026 00:00:00 GMT","LG유플러스, AI 토큰 최적화 나선다…GPU 효율 4배 높여 디지털투데이",Google 뉴스가 전세계 매체로부터 종합한 최신 뉴스,30,meta_description_short,-103.0,meta_description_not_full_body,23.5,False,False,https://news.google.com/rss/articles/CBMic0FVX3lxTFBGMXp6ZS1DNWlHMm9JcnpPOGgzWWlITHdSMXlHUFZKcHdNVmZsT3VQSUlfXzRqX1JhSVlrQ1U3bURIS0NnNnBUQnJ6N0hPOGpxbnRrU0tDbmk0RWViOUxxbzFvaHJyOEJJYUtlOFFQdnNNTXM?oc=5,https://news.google.com/rss/articles/CBMic0FVX3lxTFBGMXp6ZS1DNWlHMm9JcnpPOGgzWWlITHdSMXlHUFZKcHdNVmZsT3VQSUlfXzRqX1JhSVlrQ1U3bURIS0NnNnBUQnJ6N0hPOGpxbnRrU0tDbmk0RWViOUxxbzFvaHJyOEJJYUtlOFFQdnNNTXM?oc=5&hl=ko&gl=KR&ceid=KR%3Ako,212.0,"ai_infrastructure_security,aidc_datacenter",aidc_gpu_npu,,no_original_date_found,no_original_date_found_kept,0.0,-148.25,,0.0,,,0.0,,,,issue_representative_attempt,I012,국가 AI 인프라/AIDC/GPU 정책,LGU+,경쟁사/해외이슈,경쟁사_해외이슈,경쟁사_해외이슈,경쟁사_해외이슈,경쟁사/해외이슈,,
경쟁사_해외이슈,경쟁사/해외이슈,네이버,GPU 센터서 ‘지능 공장’으로…네이버 “아태 AI 팩토리 박차”,edaily.co.kr,이데일리,"Thu, 01 Oct 2026 23:55:02 GMT","Thu, 01 Oct 2026 23:55:02 GMT",GPU 센터서 ‘지능 공장’으로…네이버 “아태 AI 팩토리 박차” edaily.co.kr,Google 뉴스가 전세계 매체로부터 종합한 최신 뉴스,30,meta_description_short,-103.0,meta_description_not_full_body,26.0,False,False,https://news.google.com/rss/articles/CBMigAFBVV95cUxOYnVCUnFHSGFKdnhVU1NxLUU4SURhME9Rc2NfTzlSdzZSalNoOEdYWnhmZ2JQdHhURkVnd21WYlBJRE9iSTJDajd5WUFfX3FtZ2RrMXN2M3oyQ1NPOTFLZ2pmNk5xcVF1V0plcDV4OW5TY0JNUExwX0tpRDVRX2sxaA?oc=5,https://news.google.com/rss/articles/CBMigAFBVV95cUxOYnVCUnFHSGFKdnhVU1NxLUU4SURhME9Rc2NfTzlSdzZSalNoOEdYWnhmZ2JQdHhURkVnd21WYlBJRE9iSTJDajd5WUFfX3FtZ2RrMXN2M3oyQ1NPOTFLZ2pmNk5xcVF1V0plcDV4OW5TY0JNUExwX0tpRDVRX2sxaA?oc=5&hl=ko&gl=KR&ceid=KR%3Ako,247.5,"ai_infrastructure_security,aidc_datacenter",aidc_gpu_npu,,no_original_date_found,no_original_date_found_kept,0.0,-134.5,,0.0,,,0.0,,,,issue_representative_attempt,I012,국가 AI 인프라/AIDC/GPU 정책,네이버,경쟁사/해외이슈,경쟁사_해외이슈,경쟁사_해외이슈,경쟁사_해외이슈,경쟁사/해외이슈,,
경쟁사_해외이슈,경쟁사/해외이슈,네이버,"네이버, 3분기 비용 증가에 컨센서스 하회 전망 속 AI 데이터센터 주목",ksdaily.co.kr,ksdaily.co.kr,"Fri, 02 Oct 2026 00:03:10 GMT","Fri, 02 Oct 2026 00:03:10 GMT","네이버, 3분기 비용 증가에 컨센서스 하회 전망 속 AI 데이터센터 주목 ksdaily.co.kr",Google 뉴스가 전세계 매체로부터 종합한 최신 뉴스,30,meta_description_short,-103.0,meta_description_not_full_body,26.0,False,False,https://news.google.com/rss/articles/CBMia0FVX3lxTFBhWUVVc2FQSkZ4NWNQV1EtbEdNbnRkRkVIQUt1cnR0THhvUkVfRU1RTF9ERXF4ZTlZVDk3UWsxS1NSOVhMVEZYRnMzZ1Y3VzJ5ZzFuTm1mWU1IQlg1U3M2WkFDbWljeGJGeHc0?oc=5,https://news.google.com/rss/articles/CBMia0FVX3lxTFBhWUVVc2FQSkZ4NWNQV1EtbEdNbnRkRkVIQUt1cnR0THhvUkVfRU1RTF9ERXF4ZTlZVDk3UWsxS1NSOVhMVEZYRnMzZ1Y3VzJ5ZzFuTm1mWU1IQlg1U3M2WkFDbWljeGJGeHc0?oc=5&hl=ko&gl=KR&ceid=KR%3Ako,244.5,"ai_infrastructure_security,aidc_datacenter",aidc_general,,no_original_date_found,no_original_date_found_kept,0.0,-149.5,,0.0,,,-18.0,,,,issue_representative_attempt,I012,국가 AI 인프라/AIDC/GPU 정책,네이버,경쟁사/해외이슈,경쟁사_해외이슈,경쟁사_해외이슈,경쟁사_해외이슈,경쟁사/해외이슈,,
경쟁사_해외이슈,경쟁사/해외이슈,LGU+,"[Telecom & Now] LGU+ ""AI 토큰 최적화 기술 확보…GPU 효율 최대 4배 높인다""",ebn.co.kr,ebn.co.kr,"Fri, 02 Oct 2026 00:06:52 GMT","Fri, 02 Oct 2026 00:06:52 GMT","[Telecom & Now] LGU+ ""AI 토큰 최적화 기술 확보…GPU 효율 최대 4배 높인다"" ebn.co.kr",Google 뉴스가 전세계 매체로부터 종합한 최신 뉴스,30,meta_description_short,-103.0,meta_description_not_full_body,23.5,False,False,https://news.google.com/rss/articles/CBMiaEFVX3lxTE9pQUFSeXpTVGl0MUFUaVU0OTlmRkpBeVZDTHVuRk5FcjNDYVNYV2hMdUNjRXJiQXczcGMxcEcyX01BQTRRMG5WdjhDMUhsRE1ZT3BEZ0VVQ2JnZVlBa2tuS0tzUTJWN08x?oc=5,https://news.google.com/rss/articles/CBMiaEFVX3lxTE9pQUFSeXpTVGl0MUFUaVU0OTlmRkpBeVZDTHVuRk5FcjNDYVNYV2hMdUNjRXJiQXczcGMxcEcyX01BQTRRMG5WdjhDMUhsRE1ZT3BEZ0VVQ2JnZVlBa2tuS0tzUTJWN08x?oc=5&hl=ko&gl=KR&ceid=KR%3Ako,210.0,"ai_infrastructure_security,aidc_datacenter",aidc_gpu_npu,,no_original_date_found,no_original_date_found_kept,0.0,-151.25,,0.0,,,0.0,,,,issue_representative_attempt,I012,국가 AI 인프라/AIDC/GPU 정책,LGU+,경쟁사/해외이슈,경쟁사_해외이슈,경쟁사_해외이슈,경쟁사_해외이슈,경쟁사/해외이슈,,
경쟁사_해외이슈,경쟁사/해외이슈,구글,[반도체포커스] 엔비디아 ‘GPU 10년’ 논쟁에 서브프라임 그림자…구글 TPU 추격도 부담,이코노미트리뷴,이코노미트리뷴,"Fri, 02 Oct 2026 01:57:43 GMT","Fri, 02 Oct 2026 01:57:43 GMT",[반도체포커스] 엔비디아 ‘GPU 10년’ 논쟁에 서브프라임 그림자…구글 TPU 추격도 부담 이코노미트리뷴,Google 뉴스가 전세계 매체로부터 종합한 최신 뉴스,30,meta_description_short,-103.0,meta_description_not_full_body,23.5,False,False,https://news.google.com/rss/articles/CBMid0FVX3lxTE1tTy13OF9jZjRXM09jc1I4bnE3dFc3RE5aTVlaQV9zLXNIXzNPU1M4ZUZfX1NpNUd6TTg3ZkhnbjNqa0hqMkVkUlV4ZE9aVWgyd2FXay1fZlFSb0Vha3BtZjV6NkZTSlNHNkY2dkZaNWpMT2ZONHBJ?oc=5,https://news.google.com/rss/articles/CBMid0FVX3lxTE1tTy13OF9jZjRXM09jc1I4bnE3dFc3RE5aTVlaQV9zLXNIXzNPU1M4ZUZfX1NpNUd6TTg3ZkhnbjNqa0hqMkVkUlV4ZE9aVWgyd2FXay1fZlFSb0Vha3BtZjV6NkZTSlNHNkY2dkZaNWpMT2ZONHBJ?oc=5&hl=ko&gl=KR&ceid=KR%3Ako,221.5,"ai_infrastructure_security,aidc_datacenter",aidc_gpu_npu,,no_original_date_found,no_original_date_found_kept,0.0,-148.25,,0.0,,,0.0,,,,issue_representative_attempt,I012,국가 AI 인프라/AIDC/GPU 정책,구글,경쟁사/해외이슈,경쟁사_해외이슈,경쟁사_해외이슈,경쟁사_해외이슈,경쟁사/해외이슈,,
경쟁사_해외이슈,경쟁사/해외이슈,카카오,"SK텔레콤·카카오·KT 10월 '모두의 AI' 공개, 국민에게 무료 AI 서비스 추진",비즈니스포스트,비즈니스포스트,"Thu, 01 Oct 2026 01:23:32 GMT","Thu, 01 Oct 2026 01:23:32 GMT","SK텔레콤·카카오·KT 10월 '모두의 AI' 공개, 국민에게 무료 AI 서비스 추진 비즈니스포스트",Google 뉴스가 전세계 매체로부터 종합한 최신 뉴스,30,meta_description_short,-103.0,meta_description_not_full_body,16.0,False,False,https://news.google.com/rss/articles/CBMic0FVX3lxTFA4SnpENE9mUEdnN0JfR1IyNEVMYUNPMm1XVGJJZ09GZ3ROSEVBU0Fmbl96eUlTcld4cUxfV2lfV1VqS2NSd191RVItTmk2a3o3a0MtcXJZOHJXYnp3S1YySkpyNHcyQVJQa1p3S3hDWktrVmc?oc=5,https://news.google.com/rss/articles/CBMic0FVX3lxTFA4SnpENE9mUEdnN0JfR1IyNEVMYUNPMm1XVGJJZ09GZ3ROSEVBU0Fmbl96eUlTcld4cUxfV2lfV1VqS2NSd191RVItTmk2a3o3a0MtcXJZOHJXYnp3S1YySkpyNHcyQVJQa1p3S3hDWktrVmc?oc=5&hl=ko&gl=KR&ceid=KR%3Ako,206.3,ai_infrastructure_security,ai_infrastructure_security,,no_original_date_found,no_original_date_found_kept,0.0,-153.5,,0.0,,,0.0,,,,issue_representative_attempt,I012,국가 AI 인프라/AIDC/GPU 정책,카카오,자사 및 계열사 이슈,자사_및_계열사_이슈,자사_및_계열사_이슈,경쟁사_해외이슈,경쟁사/해외이슈,,
경쟁사_해외이슈,경쟁사/해외이슈,인공지능 산업 동향,"LS일렉트릭, 美 AI 데이터센터에 초고압 변압기 공급…“2030년까지 9개 변전소에 납품”",한국면세뉴스,,"Thu, 01 Oct 2026 02:36:44 GMT",,"LS일렉트릭, 美 AI 데이터센터에 초고압 변압기 공급…“2030년까지 9개 변전소에 납품” 한국면세뉴스",,0,v24_pre_body_guardrail,-100.0,never_allow_title_only_low_value_or_caption,,False,,https://news.google.com/rss/articles/CBMiaEFVX3lxTFBtU3M0VUtRbllhbTRGWTJ4SnVsSXhEelZKbE1pM3NyYXpKSDhVMk0zdk5LUWxEWmxsbFR5dEhNa1lPMldVUnl5WmRjNnY2ZjRkbm9tSXJSS0Jvc2R4NTFrZ0xqSnNoN1Zr?oc=5,https://news.google.com/rss/articles/CBMiaEFVX3lxTFBtU3M0VUtRbllhbTRGWTJ4SnVsSXhEelZKbE1pM3NyYXpKSDhVMk0zdk5LUWxEWmxsbFR5dEhNa1lPMldVUnl5WmRjNnY2ZjRkbm9tSXJSS0Jvc2R4NTFrZ0xqSnNoN1Zr?oc=5,,,,,,,,,,,,,,,,,issue_representative_attempt,I012,국가 AI 인프라/AIDC/GPU 정책,인공지능 산업 동향,산업동향,산업동향,경쟁사_해외이슈,경쟁사_해외이슈,경쟁사/해외이슈,최종금지_대체필요,fail:never_allow_title_only
경쟁사_해외이슈,경쟁사/해외이슈,카카오,'모두의 AI' 10월 시범 운영…SKT·KT·카카오 서비스 차별화,폴리뉴스 Polinews,폴리뉴스 Polinews,"Fri, 02 Oct 2026 02:56:18 GMT","Fri, 02 Oct 2026 02:56:18 GMT",'모두의 AI' 10월 시범 운영…SKT·KT·카카오 서비스 차별화 폴리뉴스 Polinews,Google 뉴스가 전세계 매체로부터 종합한 최신 뉴스,30,meta_description_short,-103.0,meta_description_not_full_body,16.0,False,False,https://news.google.com/rss/articles/CBMibkFVX3lxTFB6QzJMcFdTb2V4eG8wWU1fbGxHNkZCMDFFT2ZleENxQklBOUwyVndkOEtKMUF6RDBOX3M3OTZMeHlkbnhPSjliaUdJQlJFV3NxSG04VHBZY2t4b214VDA2OVBBODlXZ1Awd2FaVFJ3?oc=5,https://news.google.com/rss/articles/CBMibkFVX3lxTFB6QzJMcFdTb2V4eG8wWU1fbGxHNkZCMDFFT2ZleENxQklBOUwyVndkOEtKMUF6RDBOX3M3OTZMeHlkbnhPSjliaUdJQlJFV3NxSG04VHBZY2t4b214VDA2OVBBODlXZ1Awd2FaVFJ3?oc=5&hl=ko&gl=KR&ceid=KR%3Ako,77.3,ai_infrastructure_security,ai_infrastructure_security,,no_original_date_found,no_original_date_found_kept,0.0,-153.5,,0.0,,,0.0,,,,issue_representative_attempt,I012,국가 AI 인프라/AIDC/GPU 정책,카카오,자사 및 계열사 이슈,자사_및_계열사_이슈,자사_및_계열사_이슈,경쟁사_해외이슈,경쟁사/해외이슈,,
경쟁사_해외이슈,경쟁사/해외이슈,네이버,하반기 비용 부담 커지는 네이버…'AI 데이터센터' 반전 열쇠[애널리스트의 시각],v.daum.net,v.daum.net,"Thu, 01 Oct 2026 23:41:05 GMT","Thu, 01 Oct 2026 23:41:05 GMT",하반기 비용 부담 커지는 네이버…'AI 데이터센터' 반전 열쇠[애널리스트의 시각] v.daum.net,Google 뉴스가 전세계 매체로부터 종합한 최신 뉴스,30,meta_description_short,-103.0,meta_description_not_full_body,26.0,False,False,https://news.google.com/rss/articles/CBMiRkFVX3lxTE93aXhJeWVYR0tCeHM3eWxoeFcwX1lBM2VwWGdMOVpLQWNjbUMxTEdVQ0hjQmVhWUFxaEZTVTBwMWZ2Smw0dlE?oc=5,https://news.google.com/rss/articles/CBMiRkFVX3lxTE93aXhJeWVYR0tCeHM3eWxoeFcwX1lBM2VwWGdMOVpLQWNjbUMxTEdVQ0hjQmVhWUFxaEZTVTBwMWZ2Smw0dlE?oc=5&hl=ko&gl=KR&ceid=KR%3Ako,249.5,"ai_infrastructure_security,aidc_datacenter",aidc_general,,no_original_date_found,no_original_date_found_kept,0.0,-146.5,,0.0,,,0.0,,,,issue_representative_attempt,I012,국가 AI 인프라/AIDC/GPU 정책,네이버,경쟁사/해외이슈,경쟁사_해외이슈,경쟁사_해외이슈,경쟁사_해외이슈,경쟁사/해외이슈,,
경쟁사_해외이슈,경쟁사/해외이슈,LGU+,"LGU+, 옵트에이아이와 토큰 최적화…""GPU 효율 4배""",v.daum.net,v.daum.net,"Fri, 02 Oct 2026 01:00:00 GMT","Fri, 02 Oct 2026 01:00:00 GMT","LGU+, 옵트에이아이와 토큰 최적화…""GPU 효율 4배"" v.daum.net",Google 뉴스가 전세계 매체로부터 종합한 최신 뉴스,30,meta_description_short,-103.0,meta_description_not_full_body,23.5,False,False,https://news.google.com/rss/articles/CBMiT0FVX3lxTE1uMndxdGpoUl83M0hBazNMVXFXbV9WN1pxd0RfZTBsZ1poeFd0c1E5NFgzU2xBbEszNWNLMUZMWEZILWd2NUJlZU12eklZQms?oc=5,https://news.google.com/rss/articles/CBMiT0FVX3lxTE1uMndxdGpoUl83M0hBazNMVXFXbV9WN1pxd0RfZTBsZ1poeFd0c1E5NFgzU2xBbEszNWNLMUZMWEZILWd2NUJlZU12eklZQms?oc=5&hl=ko&gl=KR&ceid=KR%3Ako,212.0,"ai_infrastructure_security,aidc_datacenter",aidc_gpu_npu,,no_original_date_found,no_original_date_found_kept,0.0,-148.25,,0.0,,,0.0,,,,issue_representative_attempt,I012,국가 AI 인프라/AIDC/GPU 정책,LGU+,경쟁사/해외이슈,경쟁사_해외이슈,경쟁사_해외이슈,경쟁사_해외이슈,경쟁사/해외이슈,,
경쟁사_해외이슈,경쟁사/해외이슈,LGU+,LGU+. 옵트AI와 '토큰 최적화' 맞손…GPU 처리량 4배 확대,v.daum.net,v.daum.net,"Fri, 02 Oct 2026 00:02:03 GMT","Fri, 02 Oct 2026 00:02:03 GMT",LGU+. 옵트AI와 '토큰 최적화' 맞손…GPU 처리량 4배 확대 v.daum.net,Google 뉴스가 전세계 매체로부터 종합한 최신 뉴스,30,meta_description_short,-103.0,meta_description_not_full_body,23.5,False,False,https://news.google.com/rss/articles/CBMiRkFVX3lxTFBHai1zXzl4bzRfaWthX21qdXBrYTV4V1h3MFR0djA1amVOcTZ4cGczcEpweDhkdEJqWXE0VHZZT2lKZ1hJb2c?oc=5,https://news.google.com/rss/articles/CBMiRkFVX3lxTFBHai1zXzl4bzRfaWthX21qdXBrYTV4V1h3MFR0djA1amVOcTZ4cGczcEpweDhkdEJqWXE0VHZZT2lKZ1hJb2c?oc=5&hl=ko&gl=KR&ceid=KR%3Ako,212.0,"ai_infrastructure_security,aidc_datacenter",aidc_gpu_npu,,no_original_date_found,no_original_date_found_kept,0.0,-148.25,,0.0,,,0.0,,,,issue_representative_attempt,I012,국가 AI 인프라/AIDC/GPU 정책,LGU+,경쟁사/해외이슈,경쟁사_해외이슈,경쟁사_해외이슈,경쟁사_해외이슈,경쟁사/해외이슈,,
경쟁사_해외이슈,경쟁사/해외이슈,LGU+,"LGU+, AI '토큰 다이어트' 나선다…GPU 효율 최대 4배 높여",v.daum.net,v.daum.net,"Fri, 02 Oct 2026 00:02:01 GMT","Fri, 02 Oct 2026 00:02:01 GMT","LGU+, AI '토큰 다이어트' 나선다…GPU 효율 최대 4배 높여 v.daum.net",Google 뉴스가 전세계 매체로부터 종합한 최신 뉴스,30,meta_description_short,-103.0,meta_description_not_full_body,23.5,False,False,https://news.google.com/rss/articles/CBMiT0FVX3lxTE1vTHFvelR3b2pWYmNmSU9oVHZ2QlJFR3NBOGc1bWF1d3FPWFVhTlpGbU12emk5MkRLLXA1WDBJMmExd3k4eVlSTFJDbHVmeGM?oc=5,https://news.google.com/rss/articles/CBMiT0FVX3lxTE1vTHFvelR3b2pWYmNmSU9oVHZ2QlJFR3NBOGc1bWF1d3FPWFVhTlpGbU12emk5MkRLLXA1WDBJMmExd3k4eVlSTFJDbHVmeGM?oc=5&hl=ko&gl=KR&ceid=KR%3Ako,212.0,"ai_infrastructure_security,aidc_datacenter",aidc_gpu_npu,,no_original_date_found,no_original_date_found_kept,0.0,-148.25,,0.0,,,0.0,,,,issue_representative_attempt,I012,국가 AI 인프라/AIDC/GPU 정책,LGU+,경쟁사/해외이슈,경쟁사_해외이슈,경쟁사_해외이슈,경쟁사_해외이슈,경쟁사/해외이슈,,
경쟁사_해외이슈,경쟁사/해외이슈,LGU+,"LGU+·옵트에이아이, AI 토큰 최적화 나선다…“GPU 처리량 최대 4배↑”",v.daum.net,v.daum.net,"Fri, 02 Oct 2026 00:01:44 GMT","Fri, 02 Oct 2026 00:01:44 GMT","LGU+·옵트에이아이, AI 토큰 최적화 나선다…“GPU 처리량 최대 4배↑” v.daum.net",Google 뉴스가 전세계 매체로부터 종합한 최신 뉴스,30,meta_description_short,-103.0,meta_description_not_full_body,23.5,False,False,https://news.google.com/rss/articles/CBMiVEFVX3lxTE5taWhvZUdLb0tzREZqUW84Vm9RbldxOEMyNXZGTmwtbTdjTkNjSHY4dktQajNOYlZFQVhubE9rRnM2bHlHZ2I5SmhaSnJfWkFicS1ycA?oc=5,https://news.google.com/rss/articles/CBMiVEFVX3lxTE5taWhvZUdLb0tzREZqUW84Vm9RbldxOEMyNXZGTmwtbTdjTkNjSHY4dktQajNOYlZFQVhubE9rRnM2bHlHZ2I5SmhaSnJfWkFicS1ycA?oc=5&hl=ko&gl=KR&ceid=KR%3Ako,212.0,"ai_infrastructure_security,aidc_datacenter",aidc_gpu_npu,,no_original_date_found,no_original_date_found_kept,0.0,-148.25,,0.0,,,0.0,,,,issue_representative_attempt,I012,국가 AI 인프라/AIDC/GPU 정책,LGU+,경쟁사/해외이슈,경쟁사_해외이슈,경쟁사_해외이슈,경쟁사_해외이슈,경쟁사/해외이슈,,
경쟁사_해외이슈,경쟁사/해외이슈,구글,"구글, AI 데이터센터 우주로 띄웠다…TPU 위성 첫 발사",싱글리스트,싱글리스트,"Thu, 01 Oct 2026 22:10:53 GMT","Thu, 01 Oct 2026 22:10:53 GMT","구글, AI 데이터센터 우주로 띄웠다…TPU 위성 첫 발사 싱글리스트",Google 뉴스가 전세계 매체로부터 종합한 최신 뉴스,30,meta_description_short,-103.0,meta_description_not_full_body,23.5,False,False,https://news.google.com/rss/articles/CBMiZkFVX3lxTE9GZXpnM2MxMHNYSmJPUmJNQ1dPT0hXUEV0dGZjVjhaNHVRd3g2RXJyTlFLVG92V2w2VlRWZGZOYy1DYXFJNkU2QmF0c0FjYlBPVGhyNlFmSk9PUUN3b1Q0bEdqQ19qUQ?oc=5,https://news.google.com/rss/articles/CBMiZkFVX3lxTE9GZXpnM2MxMHNYSmJPUmJNQ1dPT0hXUEV0dGZjVjhaNHVRd3g2RXJyTlFLVG92V2w2VlRWZGZOYy1DYXFJNkU2QmF0c0FjYlBPVGhyNlFmSk9PUUN3b1Q0bEdqQ19qUQ?oc=5&hl=ko&gl=KR&ceid=KR%3Ako,221.5,"ai_infrastructure_security,aidc_datacenter",aidc_general,,no_original_date_found,no_original_date_found_kept,0.0,-148.25,,0.0,,,0.0,,,,issue_representative_attempt,I012,국가 AI 인프라/AIDC/GPU 정책,구글,경쟁사/해외이슈,경쟁사_해외이슈,경쟁사_해외이슈,경쟁사_해외이슈,경쟁사/해외이슈,,
경쟁사_해외이슈,경쟁사/해외이슈,메타,"메타, AI 데이터센터엔 가스발전…‘100% 청정전력’은 환경속성으로 매칭",임팩트온,임팩트온,"Fri, 02 Oct 2026 01:58:26 GMT","Fri, 02 Oct 2026 01:58:26 GMT","메타, AI 데이터센터엔 가스발전…‘100% 청정전력’은 환경속성으로 매칭 임팩트온",Google 뉴스가 전세계 매체로부터 종합한 최신 뉴스,30,meta_description_short,-103.0,meta_description_not_full_body,23.5,False,False,https://news.google.com/rss/articles/CBMiakFVX3lxTE1QemhWb1ZiTEp0NnppZTV6ckdVR1V3c3Nja1R2ckNmRDBST21yNzByTmJ4cFB5dmt3ZjhQVkx4UEpnMEpCejdZV2xYNDlTSkYybnBzNldrZHp6cm5CVFJ5V05MNG9jZUJMaGc?oc=5,https://news.google.com/rss/articles/CBMiakFVX3lxTE1QemhWb1ZiTEp0NnppZTV6ckdVR1V3c3Nja1R2ckNmRDBST21yNzByTmJ4cFB5dmt3ZjhQVkx4UEpnMEpCejdZV2xYNDlTSkYybnBzNldrZHp6cm5CVFJ5V05MNG9jZUJMaGc?oc=5&hl=ko&gl=KR&ceid=KR%3Ako,219.0,"ai_infrastructure_security,aidc_datacenter",aidc_law_power,,no_original_date_found,no_original_date_found_kept,0.0,-148.25,,0.0,,,0.0,,,,issue_representative_attempt,I012,국가 AI 인프라/AIDC/GPU 정책,메타,경쟁사/해외이슈,경쟁사_해외이슈,경쟁사_해외이슈,경쟁사_해외이슈,경쟁사/해외이슈,,
경쟁사_해외이슈,경쟁사/해외이슈,메타,"메타, AI 데이터센터 '실험 시설' 지정...수십억달러 세액공제 논란",aitimes.com,aitimes.com,"Thu, 01 Oct 2026 06:53:35 GMT","Thu, 01 Oct 2026 06:53:35 GMT","메타, AI 데이터센터 '실험 시설' 지정...수십억달러 세액공제 논란 aitimes.com",Google 뉴스가 전세계 매체로부터 종합한 최신 뉴스,30,meta_description_short,-103.0,meta_description_not_full_body,23.5,False,False,https://news.google.com/rss/articles/CBMiakFVX3lxTE1OUzhFOGpDVGJrWHFoQnQyeDlSR2FJWTI3aGZiMC1seXN0Y2FjZHVNTVhZWlI0ZVZ2bmFDWC0zRFJIUWIwNEVfZkY3Q01Kc1JyQWM1TklwbURDSW1pbmhnX0xkYjVlLTRTd3c?oc=5,https://news.google.com/rss/articles/CBMiakFVX3lxTE1OUzhFOGpDVGJrWHFoQnQyeDlSR2FJWTI3aGZiMC1seXN0Y2FjZHVNTVhZWlI0ZVZ2bmFDWC0zRFJIUWIwNEVfZkY3Q01Kc1JyQWM1TklwbURDSW1pbmhnX0xkYjVlLTRTd3c?oc=5&hl=ko&gl=KR&ceid=KR%3Ako,210.5,"ai_infrastructure_security,aidc_datacenter",aidc_general,,no_original_date_found,no_original_date_found_kept,0.0,-151.25,,0.0,,,0.0,,,,issue_representative_attempt,I012,국가 AI 인프라/AIDC/GPU 정책,메타,경쟁사/해외이슈,경쟁사_해외이슈,경쟁사_해외이슈,경쟁사_해외이슈,경쟁사/해외이슈,,
경쟁사_해외이슈,경쟁사/해외이슈,네이버,"네이버 웨일, 'AI 브라우저'로…구글과 AI 검색 경쟁",news1.kr,뉴스1,"Thu, 01 Oct 2026 01:45:58 GMT","Thu, 01 Oct 2026 01:45:58 GMT","네이버 웨일, 'AI 브라우저'로…구글과 AI 검색 경쟁 news1.kr",Google 뉴스가 전세계 매체로부터 종합한 최신 뉴스,30,meta_description_short,-103.0,meta_description_not_full_body,19.0,False,False,https://news.google.com/rss/articles/CBMibkFVX3lxTFBjX0xuRWFvYkVqVVRfSzRqMk8tOGU2NnJKUHZjUXBKcjNKVzQwekk4WmJUd3YtV2MwaUluV1FjOGlnOWFmQnR4OHdOVk1zTzd5REd4S0xocTJEUTVZZUY1X0UtU3dWUS1nWDhoME530gFuQVVfeXFMUGNfTG5FYW9iRWpVVF9LNGoyTy04ZTY2ckpQdmNRcEpyM0pXNDB6SThaYlR3di1XYzBpSW5XUWM4aWc5YWZCdHg4d05WTXNPN3lER3hLTGhxMkRRNVllRjVfRS1Td1ZRLWdYOGgwTnc?oc=5,https://news.google.com/rss/articles/CBMibkFVX3lxTFBjX0xuRWFvYkVqVVRfSzRqMk8tOGU2NnJKUHZjUXBKcjNKVzQwekk4WmJUd3YtV2MwaUluV1FjOGlnOWFmQnR4OHdOVk1zTzd5REd4S0xocTJEUTVZZUY1X0UtU3dWUS1nWDhoME530gFuQVVfeXFMUGNfTG5FYW9iRWpVVF9LNGoyTy04ZTY2ckpQdmNRcEpyM0pXNDB6SThaYlR3di1XYzBpSW5XUWM4aWc5YWZCdHg4d05WTXNPN3lER3hLTGhxMkRRNVllRjVfRS1Td1ZRLWdYOGgwTnc?oc=5&hl=ko&gl=KR&ceid=KR%3Ako,313.5,"ai_infrastructure_security,search_ads",ai_infrastructure_security,,no_original_date_found,no_original_date_found_kept,0.0,-137.4,,0.0,,,0.0,,,,issue_representative_attempt,I014,comp_domestic_ai_platform:네이버 웨일 ai 브라우저 로 구글과 ai 검색 경쟁,네이버,경쟁사/해외이슈,경쟁사_해외이슈,경쟁사_해외이슈,경쟁사_해외이슈,경쟁사/해외이슈,,
경쟁사_해외이슈,경쟁사/해외이슈,네이버,"하나證 ""네이버, 클라우드·금융 합병 모멘텀 임박...주가 반등은 신사업이 주도""",이투데이,이투데이,"Thu, 01 Oct 2026 22:34:00 GMT","Thu, 01 Oct 2026 22:34:00 GMT","하나證 ""네이버, 클라우드·금융 합병 모멘텀 임박...주가 반등은 신사업이 주도"" 이투데이",Google 뉴스가 전세계 매체로부터 종합한 최신 뉴스,30,meta_description_short,-103.0,meta_description_not_full_body,41.0,False,False,https://news.google.com/rss/articles/CBMiVEFVX3lxTE10TFFKYlA2VVNhNGN0QllIU3NxWG1QUlFzdnZqVlB6djhWUl9qY1ZXZjdPdjg5dm82bnFyVVppSnV2YmU4bDdwVElVeFN4c3NiQm5Ydw?oc=5,https://news.google.com/rss/articles/CBMiVEFVX3lxTE10TFFKYlA2VVNhNGN0QllIU3NxWG1QUlFzdnZqVlB6djhWUl9qY1ZXZjdPdjg5dm82bnFyVVppSnV2YmU4bDdwVElVeFN4c3NiQm5Ydw?oc=5&hl=ko&gl=KR&ceid=KR%3Ako,229.5,"financial_performance,strategy_mna_governance",financial_performance,,no_original_date_found,no_original_date_found_kept,0.0,-136.0,,0.0,global_incident:mna_capital:naver:mna_capital:general,global_incident:mna_capital:naver:mna_capital,0.0,,,,issue_representative_attempt,I015,global_incident:mna_capital:naver:mna_capital,네이버,경쟁사/해외이슈,경쟁사_해외이슈,경쟁사_해외이슈,경쟁사_해외이슈,경쟁사/해외이슈,,
경쟁사_해외이슈,경쟁사/해외이슈,네이버,"[단독] 토스 ‘검색 유도’ 수사 의뢰한 네이버, 자사 광고도 특정 검색 유도",국민일보,국민일보,"Fri, 02 Oct 2026 00:02:00 GMT","Fri, 02 Oct 2026 00:02:00 GMT","[단독] 토스 ‘검색 유도’ 수사 의뢰한 네이버, 자사 광고도 특정 검색 유도 국민일보",Google 뉴스가 전세계 매체로부터 종합한 최신 뉴스,30,meta_description_short,-103.0,meta_description_not_full_body,22.0,False,False,https://news.google.com/rss/articles/CBMiZ0FVX3lxTE5nYm5tekh1cHNRbmdzNjc0RE5vcDVGcmxWNFp2OGpyTkJKTDl5QUE0b3VOMXdRak4zNlJoLVdDbmlmZE9CM083SnVfcktiUmpNTGhMTEhFZlBBd2RNbEFnbXl2am5WenPSAWxBVV95cUxPcjh6RE1fUlZfWWVLQVkwVldzalRZQVV3SkhGSUJnaW0wVlA5TWFIVnJLeXBJY2pRUHhXeGI1NGRCV2ZIN21wbHRmamhVZHcwSk1zWTd3ZUhEOGdJRTFYMWJOS1YxeElDLXViNXU?oc=5,https://news.google.com/rss/articles/CBMiZ0FVX3lxTE5nYm5tekh1cHNRbmdzNjc0RE5vcDVGcmxWNFp2OGpyTkJKTDl5QUE0b3VOMXdRak4zNlJoLVdDbmlmZE9CM083SnVfcktiUmpNTGhMTEhFZlBBd2RNbEFnbXl2am5WenPSAWxBVV95cUxPcjh6RE1fUlZfWWVLQVkwVldzalRZQVV3SkhGSUJnaW0wVlA5TWFIVnJLeXBJY2pRUHhXeGI1NGRCV2ZIN21wbHRmamhVZHcwSk1zWTd3ZUhEOGdJRTFYMWJOS1YxeElDLXViNXU?oc=5&hl=ko&gl=KR&ceid=KR%3Ako,211.75,"legal_regulatory_enforcement,search_ads",legal_regulatory_enforcement,,no_original_date_found,no_original_date_found_kept,0.0,-149.3,,0.0,,,0.0,,,,issue_representative_attempt,I016,comp_domestic_ai_platform:토스 검색 유도 수사 의뢰한 네이버 자사 광고도 특정 검색 유도,네이버,경쟁사/해외이슈,경쟁사_해외이슈,경쟁사_해외이슈,경쟁사_해외이슈,경쟁사/해외이슈,,
경쟁사_해외이슈,경쟁사/해외이슈,네이버,"네이버웹툰, 김용수·김규남 공동대표 선임…글로벌 경영 체제 구축",dt.co.kr,디지털타임스,"Thu, 01 Oct 2026 01:53:32 GMT","Thu, 01 Oct 2026 01:53:32 GMT","네이버웹툰, 김용수·김규남 공동대표 선임…글로벌 경영 체제 구축 dt.co.kr",Google 뉴스가 전세계 매체로부터 종합한 최신 뉴스,30,meta_description_short,-103.0,meta_description_not_full_body,31.0,False,False,https://news.google.com/rss/articles/CBMiTkFVX3lxTE5MTWZOblBRd0FfcGFtXzYyT2V2TUQ1QXkwcGFWY3VKbWo5aER4VkRCTm9qYzZ6OTVVY2Vycm5QSzBsLUlNc1pTZEk1TWJSQQ?oc=5,https://news.google.com/rss/articles/CBMiTkFVX3lxTE5MTWZOblBRd0FfcGFtXzYyT2V2TUQ1QXkwcGFWY3VKbWo5aER4VkRCTm9qYzZ6OTVVY2Vycm5QSzBsLUlNc1pTZEk1TWJSQQ?oc=5&hl=ko&gl=KR&ceid=KR%3Ako,270.0,leadership_change,leadership_change,,no_original_date_found,no_original_date_found_kept,0.0,-146.0,,7.0,global_incident:leadership_service:naver:executive_change:executive_or_org_change,global_incident:leadership_service:naver:executive_change,0.0,,,,issue_representative_attempt,I018,global_incident:leadership_service:naver:executive_change,네이버,경쟁사/해외이슈,경쟁사_해외이슈,경쟁사_해외이슈,경쟁사_해외이슈,경쟁사/해외이슈,,
경쟁사_해외이슈,경쟁사/해외이슈,과학기술정보통신부,"[2026 국감 프리뷰⑦] KT 해킹사고 1년 보안 쇄신 '국회 검증대'에 오른다, 재발 방지책 집중 검증 전망",비즈니스포스트,비즈니스포스트,"Thu, 01 Oct 2026 06:03:19 GMT","Thu, 01 Oct 2026 06:03:19 GMT","[2026 국감 프리뷰⑦] KT 해킹사고 1년 보안 쇄신 '국회 검증대'에 오른다, 재발 방지책 집중 검증 전망 비즈니스포스트",Google 뉴스가 전세계 매체로부터 종합한 최신 뉴스,30,meta_description_short,-103.0,meta_description_not_full_body,110.5,False,False,https://news.google.com/rss/articles/CBMic0FVX3lxTE5vMTJrMkl2TGtLV2pJUFo2N3FoZ194VUJhSnFlb0tHeW1lRnVvdHpQenM0bEJFeVUyY1owSkRzWjN3UklONzhWS3MzeFo4SjRCb0Z5WE90QkI5QV83dHc1bDhxNVV3SXgwLURyaFl5ZER5ZkU?oc=5,https://news.google.com/rss/articles/CBMic0FVX3lxTE5vMTJrMkl2TGtLV2pJUFo2N3FoZ194VUJhSnFlb0tHeW1lRnVvdHpQenM0bEJFeVUyY1owSkRzWjN3UklONzhWS3MzeFo4SjRCb0Z5WE90QkI5QV83dHc1bDhxNVV3SXgwLURyaFl5ZER5ZkU?oc=5&hl=ko&gl=KR&ceid=KR%3Ako,81.0,"phishing_security,platform_obligation,policy_legislation,privacy_security_reliability",security_hacking_incident,,no_original_date_found,no_original_date_found_kept,0.0,-87.35,privacy_security:kt:data_leak:initial_investigation_response,7.0,global_incident:platform_regulation:google:platform_algorithm_ad_obligation:general,global_incident:platform_regulation:google:platform_algorithm_ad_obligation,38.0,government:platform_obligation,Y,,issue_representative_attempt,I020,global_incident:platform_regulation:kt:platform_algorithm_ad_obligation,과학기술정보통신부,정부/국회,정부_국회,경쟁사_해외이슈,경쟁사_해외이슈,경쟁사/해외이슈,,
경쟁사_해외이슈,경쟁사/해외이슈,토스,"""매출만 보지 않는다""…제주은행, 토스와 제휴 '성장 가능성' 보고 대출",뉴시스,뉴시스,"Thu, 01 Oct 2026 00:48:18 GMT","Thu, 01 Oct 2026 00:48:18 GMT","""매출만 보지 않는다""…제주은행, 토스와 제휴 '성장 가능성' 보고 대출 뉴시스",Google 뉴스가 전세계 매체로부터 종합한 최신 뉴스,30,meta_description_short,-103.0,meta_description_not_full_body,38.5,False,False,https://news.google.com/rss/articles/CBMieEFVX3lxTE00RnIwbjE5aG1kVGYxemRaR09ZZ0FiNy1VcVlYQXU0ZUIzbG9wRjlCajFrbE5YTWFkX19zZkJUbHZ1b1JvY21QN1duRldnMUZiRlU5NjBZR0FvTExHbktONGxheVNwMTJnYVplcTZ0aTlrRTJNRDYySdIBeEFVX3lxTE00RnIwbjE5aG1kVGYxemRaR09ZZ0FiNy1VcVlYQXU0ZUIzbG9wRjlCajFrbE5YTWFkX19zZkJUbHZ1b1JvY21QN1duRldnMUZiRlU5NjBZR0FvTExHbktONGxheVNwMTJnYVplcTZ0aTlrRTJNRDYySQ?oc=5,https://news.google.com/rss/articles/CBMieEFVX3lxTE00RnIwbjE5aG1kVGYxemRaR09ZZ0FiNy1VcVlYQXU0ZUIzbG9wRjlCajFrbE5YTWFkX19zZkJUbHZ1b1JvY21QN1duRldnMUZiRlU5NjBZR0FvTExHbktONGxheVNwMTJnYVplcTZ0aTlrRTJNRDYySdIBeEFVX3lxTE00RnIwbjE5aG1kVGYxemRaR09ZZ0FiNy1VcVlYQXU0ZUIzbG9wRjlCajFrbE5YTWFkX19zZkJUbHZ1b1JvY21QN1duRldnMUZiRlU5NjBZR0FvTExHbktONGxheVNwMTJnYVplcTZ0aTlrRTJNRDYySQ?oc=5&hl=ko&gl=KR&ceid=KR%3Ako,81.5,"earnings,financial_performance,platform_obligation",financial_performance,,no_original_date_found,no_original_date_found_kept,0.0,-123.75,,0.0,,,0.0,,,,issue_representative_attempt,I029,comp_domestic_finance_commerce:매출만 보지 않는다 제주은행 토스와 제휴 성장 가능성 보고 대출,토스,경쟁사/해외이슈,경쟁사_해외이슈,경쟁사_해외이슈,경쟁사_해외이슈,경쟁사/해외이슈,,
경쟁사_해외이슈,경쟁사/해외이슈,토스,"제주은행·토스, 매출·성장성 반영 ‘사장님 대출’ 출시",SR타임스,SR타임스,"Thu, 01 Oct 2026 00:58:09 GMT","Thu, 01 Oct 2026 00:58:09 GMT","제주은행·토스, 매출·성장성 반영 ‘사장님 대출’ 출시 SR타임스",Google 뉴스가 전세계 매체로부터 종합한 최신 뉴스,30,meta_description_short,-103.0,meta_description_not_full_body,31.5,False,False,https://news.google.com/rss/articles/CBMiaEFVX3lxTE1xeHRGNnpic21LRTY4bHk4dUVHVmVnc2d5N2dDN1VXZ2txQ1pUNFVhUlpWR0lFU2RLdENqRUhOVmZqQ2N3b3A3Y0xRblhoVnhTSTVrc192X0gyc25HSERMYU9Ud2Q3LWxD0gFrQVVfeXFMT2VJTnY5bC1ieERUcDNEOXY4Q1B1ZEpEd0IxUm9tbWtRNTcxMlRTbTRCWjVkbkRzVUtkUU5EMnhZQzdoY1dMUGd4dVd1Tzg3ZWprOTJXTV83YWtRUWpYOVdGcG9heFJkWk5qV00?oc=5,https://news.google.com/rss/articles/CBMiaEFVX3lxTE1xeHRGNnpic21LRTY4bHk4dUVHVmVnc2d5N2dDN1VXZ2txQ1pUNFVhUlpWR0lFU2RLdENqRUhOVmZqQ2N3b3A3Y0xRblhoVnhTSTVrc192X0gyc25HSERMYU9Ud2Q3LWxD0gFrQVVfeXFMT2VJTnY5bC1ieERUcDNEOXY4Q1B1ZEpEd0IxUm9tbWtRNTcxMlRTbTRCWjVkbkRzVUtkUU5EMnhZQzdoY1dMUGd4dVd1Tzg3ZWprOTJXTV83YWtRUWpYOVdGcG9heFJkWk5qV00?oc=5&hl=ko&gl=KR&ceid=KR%3Ako,67.5,"earnings,financial_performance",financial_performance,,no_original_date_found,no_original_date_found_kept,0.0,-142.65,,0.0,,,0.0,,,,issue_representative_attempt,I030,comp_domestic_finance_commerce:제주은행 토스 매출 성장성 반영 사장님 대출 출시,토스,경쟁사/해외이슈,경쟁사_해외이슈,경쟁사_해외이슈,경쟁사_해외이슈,경쟁사/해외이슈,,
경쟁사_해외이슈,경쟁사/해외이슈,네이버,"한국투자증권 ""NAVER, 데이터센터 대표 플레이어로 수혜""",글로벌이코노믹,글로벌이코노믹,"Fri, 02 Oct 2026 00:20:20 GMT","Fri, 02 Oct 2026 00:20:20 GMT","한국투자증권 ""NAVER, 데이터센터 대표 플레이어로 수혜"" 글로벌이코노믹",Google 뉴스가 전세계 매체로부터 종합한 최신 뉴스,30,meta_description_short,-103.0,meta_description_not_full_body,19.0,False,False,https://news.google.com/rss/articles/CBMilwFBVV95cUxQUkt0bEN5Ny05eThfMFlRdklzd25KLW9MVVZEWV9mS3V4QWJqcE1zaXlnVGhLeTNzcVFWRWR3S3dJRFlkN0ZCUWxmZDhUSjQtR2tSVVdYRTdGOUNTblJkNlRkaXl0ZnE2azJ1YXR4enhidndZdnVOdkhWQmJQdV9ybkIyNnN3VVpuQ0NmckRNbFJSV0NlTHlZ?oc=5,https://news.google.com/rss/articles/CBMilwFBVV95cUxQUkt0bEN5Ny05eThfMFlRdklzd25KLW9MVVZEWV9mS3V4QWJqcE1zaXlnVGhLeTNzcVFWRWR3S3dJRFlkN0ZCUWxmZDhUSjQtR2tSVVdYRTdGOUNTblJkNlRkaXl0ZnE2azJ1YXR4enhidndZdnVOdkhWQmJQdV9ybkIyNnN3VVpuQ0NmckRNbFJSV0NlTHlZ?oc=5&hl=ko&gl=KR&ceid=KR%3Ako,354.5,ai_infrastructure_security,ai_infrastructure_security,,no_original_date_found,no_original_date_found_kept,0.0,-151.4,,7.0,global_incident:leadership_service:naver:leadership_service:general,global_incident:leadership_service:naver:leadership_service,0.0,,,,issue_representative_attempt,I006,global_incident:leadership_service:naver:leadership_service,네이버,경쟁사/해외이슈,경쟁사_해외이슈,경쟁사_해외이슈,경쟁사_해외이슈,경쟁사/해외이슈,,
경쟁사_해외이슈,경쟁사/해외이슈,네이버,"엘리스그룹, 코스닥 출사표…민간·해외 AI 클라우드 시장 공략 : 네이버 블로그",Naver Blog,,"Thu, 01 Oct 2026 08:28:55 GMT",,"엘리스그룹, 코스닥 출사표…민간·해외 AI 클라우드 시장 공략 : 네이버 블로그 Naver Blog",,0,domain_filter,-100.0,naver_blog_result,0.0,False,,https://news.google.com/rss/articles/CBMijwFBVV95cUxOdUd0N09UckhQZDd2ckxjcWNDM1ZYc05NTmNiai1nMmFmVFp6cl9ublM0aUNqWE5UYWtMeXRTbGNIUl9Xb0U5STFoR0pMTGd4V2hkT2pweGY5UGpQbENVY2NhUTItZC1oUjJwY2ZtcW9yaWUyRkRjVmVUM2s2UFlhWURvVlRTaWRtdElEYUY1Zw?oc=5,https://news.google.com/rss/articles/CBMijwFBVV95cUxOdUd0N09UckhQZDd2ckxjcWNDM1ZYc05NTmNiai1nMmFmVFp6cl9ublM0aUNqWE5UYWtMeXRTbGNIUl9Xb0U5STFoR0pMTGd4V2hkT2pweGY5UGpQbENVY2NhUTItZC1oUjJwY2ZtcW9yaWUyRkRjVmVUM2s2UFlhWURvVlRTaWRtdElEYUY1Zw?oc=5&hl=ko&gl=KR&ceid=KR%3Ako,,,,,,not_checked_domain_filtered,,,,0.0,,,0.0,,,,issue_representative_attempt,I007,comp_domestic_ai_platform:엘리스그룹 코스닥 출사표 민간 해외 ai 클라우드 시장 공략 네이버 블로그,네이버,경쟁사/해외이슈,경쟁사_해외이슈,경쟁사_해외이슈,경쟁사_해외이슈,경쟁사/해외이슈,,
경쟁사_해외이슈,경쟁사/해외이슈,KT,"KT, 충청권 기업 AX 전환 지원… AI·클라우드 적용 해법 제시",Korea IT Times,Korea IT Times,"Fri, 02 Oct 2026 00:02:02 GMT","Fri, 02 Oct 2026 00:02:02 GMT","KT, 충청권 기업 AX 전환 지원… AI·클라우드 적용 해법 제시 Korea IT Times",Google 뉴스가 전세계 매체로부터 종합한 최신 뉴스,30,meta_description_short,-103.0,meta_description_not_full_body,67.5,False,False,https://news.google.com/rss/articles/CBMicEFVX3lxTE1ZaW5iLXBrNDZxaWxTRHFHZ25ndy10blNWWjNKRE1TSS1ZMTg4bi00c0ZXSDNaSTRiTmgyNlp2dmFLWjlfWnpTdjQ1REYtRWVPSUMtLXItWVQzQk5TVTBGYjN6N3J2dElVNXJFa3YyM0Q?oc=5,https://news.google.com/rss/articles/CBMicEFVX3lxTE1ZaW5iLXBrNDZxaWxTRHFHZ25ndy10blNWWjNKRE1TSS1ZMTg4bi00c0ZXSDNaSTRiTmgyNlp2dmFLWjlfWnpTdjQ1REYtRWVPSUMtLXItWVQzQk5TVTBGYjN6N3J2dElVNXJFa3YyM0Q?oc=5&hl=ko&gl=KR&ceid=KR%3Ako,352.0,"ai_infrastructure_security,platform_obligation",ai_infrastructure_security,,no_original_date_found,no_original_date_found_kept,0.0,-117.45,,0.0,global_incident:platform_regulation:google:platform_operator_obligation:general,global_incident:platform_regulation:google:platform_operator_obligation,24.0,competitor:platform_obligation,Y,,issue_representative_attempt,I012,국가 AI 인프라/AIDC/GPU 정책,KT,경쟁사/해외이슈,경쟁사_해외이슈,경쟁사_해외이슈,경쟁사_해외이슈,경쟁사/해외이슈,,
경쟁사_해외이슈,경쟁사/해외이슈,KT,"KT, 충청 제조·방산 AX 공개...MS·AWS와 현장 해법 제시",지디넷코리아,지디넷코리아,"Fri, 02 Oct 2026 03:35:51 GMT","Fri, 02 Oct 2026 03:35:51 GMT","KT, 충청 제조·방산 AX 공개...MS·AWS와 현장 해법 제시 지디넷코리아",Google 뉴스가 전세계 매체로부터 종합한 최신 뉴스,30,meta_description_short,-103.0,meta_description_not_full_body,6.5,False,False,https://news.google.com/rss/articles/CBMiVkFVX3lxTE9SUFR0QmloYkxOVUtBV3hvU0oyVWZsQzRXamRqR0JLWDRsdk1FekZMSmpVWi1ZUjRrdVJDXzFLSEFwdmhVbXRTM1VyMVd4eko5dzE2TDJ3?oc=5,https://news.google.com/rss/articles/CBMiVkFVX3lxTE9SUFR0QmloYkxOVUtBV3hvU0oyVWZsQzRXamRqR0JLWDRsdk1FekZMSmpVWi1ZUjRrdVJDXzFLSEFwdmhVbXRTM1VyMVd4eko5dzE2TDJ3?oc=5&hl=ko&gl=KR&ceid=KR%3Ako,308.0,,,,no_original_date_found,no_original_date_found_kept,0.0,-148.15,,0.0,,,0.0,,,,issue_representative_attempt,I012,국가 AI 인프라/AIDC/GPU 정책,KT,경쟁사/해외이슈,경쟁사_해외이슈,경쟁사_해외이슈,경쟁사_해외이슈,경쟁사/해외이슈,,
경쟁사_해외이슈,경쟁사/해외이슈,MS,"KT, 충청 제조·방산 AX 공개...MS·AWS와 현장 해법 제시",v.daum.net,v.daum.net,"Fri, 02 Oct 2026 03:37:59 GMT","Fri, 02 Oct 2026 03:37:59 GMT","KT, 충청 제조·방산 AX 공개...MS·AWS와 현장 해법 제시 v.daum.net",Google 뉴스가 전세계 매체로부터 종합한 최신 뉴스,30,meta_description_short,-103.0,meta_description_not_full_body,6.5,False,False,https://news.google.com/rss/articles/CBMiT0FVX3lxTE1BOXJJbHlzaU5sU0NTQllQX1JrbFRNcXdiQTZaSENXTnRYanAyc2FndDVSaElHOVJmeTBERi1nOURLUWpQR3h4TERHd3BWZnM?oc=5,https://news.google.com/rss/articles/CBMiT0FVX3lxTE1BOXJJbHlzaU5sU0NTQllQX1JrbFRNcXdiQTZaSENXTnRYanAyc2FndDVSaElHOVJmeTBERi1nOURLUWpQR3h4TERHd3BWZnM?oc=5&hl=ko&gl=KR&ceid=KR%3Ako,304.0,,,,no_original_date_found,no_original_date_found_kept,0.0,-160.15,,0.0,,,0.0,,,,issue_representative_attempt,I012,국가 AI 인프라/AIDC/GPU 정책,MS,경쟁사/해외이슈,경쟁사_해외이슈,경쟁사_해외이슈,경쟁사_해외이슈,경쟁사/해외이슈,,
경쟁사_해외이슈,경쟁사/해외이슈,KT,"KT, 병원 AX ‘표준모델’ 공개…AI 어시스턴트·데이터 플랫폼 결합",테크월드,테크월드,"Fri, 02 Oct 2026 00:41:45 GMT","Fri, 02 Oct 2026 00:41:45 GMT","KT, 병원 AX ‘표준모델’ 공개…AI 어시스턴트·데이터 플랫폼 결합 테크월드",Google 뉴스가 전세계 매체로부터 종합한 최신 뉴스,30,meta_description_short,-103.0,meta_description_not_full_body,20.5,False,False,https://news.google.com/rss/articles/CBMiaEFVX3lxTE1JMEs5SVZ6SktXRkhqSzhTWEZQV2dJc016dndyaGFnenZ1aGVIeS12Tk1XdzZzNGYxZm00VlJHQWlMX0dEUC1PazZvcU83am5oQ3FvV0FicTlVcDJnMWhtcGFlLUdsQXZ0?oc=5,https://news.google.com/rss/articles/CBMiaEFVX3lxTE1JMEs5SVZ6SktXRkhqSzhTWEZQV2dJc016dndyaGFnenZ1aGVIeS12Tk1XdzZzNGYxZm00VlJHQWlMX0dEUC1PazZvcU83am5oQ3FvV0FicTlVcDJnMWhtcGFlLUdsQXZ0?oc=5&hl=ko&gl=KR&ceid=KR%3Ako,324.0,"ai_infrastructure_security,market_power_platform",ai_infrastructure_security,,no_original_date_found,no_original_date_found_kept,0.0,-150.35,,0.0,global_incident:platform_regulation:google:platform_regulation:announcement,global_incident:platform_regulation:google:platform_regulation,0.0,,,,issue_representative_attempt,I012,국가 AI 인프라/AIDC/GPU 정책,KT,경쟁사/해외이슈,경쟁사_해외이슈,경쟁사_해외이슈,경쟁사_해외이슈,경쟁사/해외이슈,,
경쟁사_해외이슈,경쟁사/해외이슈,KT,"유비쿼스, AI 기반 광통신 장비 공개…KT 실증 기반 해외 진출 타진",서울신문,서울신문,"Fri, 02 Oct 2026 01:00:00 GMT","Fri, 02 Oct 2026 01:00:00 GMT","유비쿼스, AI 기반 광통신 장비 공개…KT 실증 기반 해외 진출 타진 서울신문",Google 뉴스가 전세계 매체로부터 종합한 최신 뉴스,30,meta_description_short,-103.0,meta_description_not_full_body,13.5,False,False,https://news.google.com/rss/articles/CBMib0FVX3lxTFB6Zkhfb1VXLWZhNjJYbWp1ODBEckx4aDVva1d5QmVicXZkS3F2N2dKLUFMU25GZURGa2RSc2Q2bkVabXQ4QlU1bXRqajRmTG1iYURoa0xuaF9YbDl6emtJZmRLTTFwQlM2YnB1Qy13aw?oc=5,https://news.google.com/rss/articles/CBMib0FVX3lxTFB6Zkhfb1VXLWZhNjJYbWp1ODBEckx4aDVva1d5QmVicXZkS3F2N2dKLUFMU25GZURGa2RSc2Q2bkVabXQ4QlU1bXRqajRmTG1iYURoa0xuaF9YbDl6emtJZmRLTTFwQlM2YnB1Qy13aw?oc=5&hl=ko&gl=KR&ceid=KR%3Ako,314.0,ai_infrastructure_security,ai_infrastructure_security,,no_original_date_found,no_original_date_found_kept,0.0,-155.25,,0.0,,,0.0,,,,issue_representative_attempt,I012,국가 AI 인프라/AIDC/GPU 정책,KT,경쟁사/해외이슈,경쟁사_해외이슈,경쟁사_해외이슈,경쟁사_해외이슈,경쟁사/해외이슈,,
경쟁사_해외이슈,경쟁사/해외이슈,KT,"KT, 충청권 기업 대상 AX 세미나…AI·클라우드 활용 방안 공유",한국NGO신문,한국NGO신문,"Fri, 02 Oct 2026 00:26:26 GMT","Fri, 02 Oct 2026 00:26:26 GMT","KT, 충청권 기업 대상 AX 세미나…AI·클라우드 활용 방안 공유 한국NGO신문",Google 뉴스가 전세계 매체로부터 종합한 최신 뉴스,30,meta_description_short,-103.0,meta_description_not_full_body,13.5,False,False,https://news.google.com/rss/articles/CBMiaEFVX3lxTE1fV3E3WEpiYzcyRDJsTDRYMHRSTUJWX1lsMF82UE9ETEthWTR3NzJILS05cjRUNmtobXZKZVBoYnppX1pNSllQMW9sNEhXWER5RUJJZ2QxTHlmbjd5Y3Y4SGJHZGhOYldt?oc=5,https://news.google.com/rss/articles/CBMiaEFVX3lxTE1fV3E3WEpiYzcyRDJsTDRYMHRSTUJWX1lsMF82UE9ETEthWTR3NzJILS05cjRUNmtobXZKZVBoYnppX1pNSllQMW9sNEhXWER5RUJJZ2QxTHlmbjd5Y3Y4SGJHZGhOYldt?oc=5&hl=ko&gl=KR&ceid=KR%3Ako,314.0,ai_infrastructure_security,ai_infrastructure_security,,no_original_date_found,no_original_date_found_kept,0.0,-155.25,,0.0,,,0.0,,,,issue_representative_attempt,I012,국가 AI 인프라/AIDC/GPU 정책,KT,경쟁사/해외이슈,경쟁사_해외이슈,경쟁사_해외이슈,경쟁사_해외이슈,경쟁사/해외이슈,,
경쟁사_해외이슈,경쟁사/해외이슈,네이버,"NAVER(네이버), 19만1900원 소폭 상승…AI 데이터센터 실적 가시성 주목",CBC뉴스,CBC뉴스,"Fri, 02 Oct 2026 01:47:48 GMT","Fri, 02 Oct 2026 01:47:48 GMT","NAVER(네이버), 19만1900원 소폭 상승…AI 데이터센터 실적 가시성 주목 CBC뉴스",Google 뉴스가 전세계 매체로부터 종합한 최신 뉴스,30,meta_description_short,-103.0,meta_description_not_full_body,54.0,False,False,https://news.google.com/rss/articles/CBMiaEFVX3lxTE5wZDJtZ085ZkZUcTdERnY0Mng3dkRqQ3FnYU13YlZadXo4aVlldGVQemF6Z3ROZExmdkdnN2NWam5zVktyRVEza0hYRGpFUFE4V3FxUmdnVzNudmlIT0VSVENzbWRBOG1u?oc=5,https://news.google.com/rss/articles/CBMiaEFVX3lxTE5wZDJtZ085ZkZUcTdERnY0Mng3dkRqQ3FnYU13YlZadXo4aVlldGVQemF6Z3ROZExmdkdnN2NWam5zVktyRVEza0hYRGpFUFE4V3FxUmdnVzNudmlIT0VSVENzbWRBOG1u?oc=5&hl=ko&gl=KR&ceid=KR%3Ako,277.0,"ai_infrastructure_security,aidc_datacenter,earnings,financial_performance",aidc_general,,no_original_date_found,no_original_date_found_kept,0.0,-126.9,,0.0,,,0.0,,,,issue_representative_attempt,I012,국가 AI 인프라/AIDC/GPU 정책,네이버,경쟁사/해외이슈,경쟁사_해외이슈,경쟁사_해외이슈,경쟁사_해외이슈,경쟁사/해외이슈,,
경쟁사_해외이슈,경쟁사/해외이슈,네이버,"앤트로픽, AI 인프라 700조원 베팅…삼성·하이닉스에 기회",Naver Blog,Naver Blog,"Thu, 01 Oct 2026 09:03:25 GMT","Thu, 01 Oct 2026 09:03:25 GMT","앤트로픽, AI 인프라 700조원 베팅…삼성·하이닉스에 기회 Naver Blog",Google 뉴스가 전세계 매체로부터 종합한 최신 뉴스,30,meta_description_short,-103.0,meta_description_not_full_body,13.5,False,False,https://news.google.com/rss/articles/CBMiWkFVX3lxTE1aOTB6NnZ3Mk1aUWZzR3BucHluLWpST2pFUEZxMm1SeHBNZFB1cTZLRVdqYWxpdFcwN2kzSUk4MFdXX3hNQl93Q1lvZlRtWjF0ZDN2Ukp6SzUwdw?oc=5,https://news.google.com/rss/articles/CBMiWkFVX3lxTE1aOTB6NnZ3Mk1aUWZzR3BucHluLWpST2pFUEZxMm1SeHBNZFB1cTZLRVdqYWxpdFcwN2kzSUk4MFdXX3hNQl93Q1lvZlRtWjF0ZDN2Ukp6SzUwdw?oc=5&hl=ko&gl=KR&ceid=KR%3Ako,335.0,ai_infrastructure_security,ai_infrastructure_security,,no_original_date_found,no_original_date_found_kept,0.0,-155.25,,0.0,global_incident:ai_security_policy:naver:anthropic_glasswing_security:general,global_incident:ai_security_policy:naver:anthropic_glasswing_security,0.0,,,,issue_representative_attempt,I012,국가 AI 인프라/AIDC/GPU 정책,네이버,경쟁사/해외이슈,경쟁사_해외이슈,경쟁사_해외이슈,경쟁사_해외이슈,경쟁사/해외이슈,,
경쟁사_해외이슈,경쟁사/해외이슈,LGU+,"LGU+, AI 토큰 처리량 4배 높였다...GPU·전력 효율화",지디넷코리아,지디넷코리아,"Fri, 02 Oct 2026 03:28:52 GMT","Fri, 02 Oct 2026 03:28:52 GMT","LGU+, AI 토큰 처리량 4배 높였다...GPU·전력 효율화 지디넷코리아",Google 뉴스가 전세계 매체로부터 종합한 최신 뉴스,30,meta_description_short,-103.0,meta_description_not_full_body,23.5,False,False,https://news.google.com/rss/articles/CBMiVkFVX3lxTFB5WDRucWlTcGFWc3NtTFZPYmpUUEJwLXc4a1RmaFhMM1dpSU14TGxHSlJhMnJpSXBDMGplV2lvd05mTldmZ3J4d04xd1hpajNxVmFzVVpB?oc=5,https://news.google.com/rss/articles/CBMiVkFVX3lxTFB5WDRucWlTcGFWc3NtTFZPYmpUUEJwLXc4a1RmaFhMM1dpSU14TGxHSlJhMnJpSXBDMGplV2lvd05mTldmZ3J4d04xd1hpajNxVmFzVVpB?oc=5&hl=ko&gl=KR&ceid=KR%3Ako,216.0,"ai_infrastructure_security,aidc_datacenter",aidc_law_power,,no_original_date_found,no_original_date_found_kept,0.0,-136.25,,0.0,,,0.0,,,,issue_representative_attempt,I012,국가 AI 인프라/AIDC/GPU 정책,LGU+,경쟁사/해외이슈,경쟁사_해외이슈,경쟁사_해외이슈,경쟁사_해외이슈,경쟁사/해외이슈,,
경쟁사_해외이슈,경쟁사/해외이슈,LGU+,"LGU+, AI 토큰 최적화 나선다…GPU 처리량 최대 4배",디지털데일리,디지털데일리,"Fri, 02 Oct 2026 01:41:54 GMT","Fri, 02 Oct 2026 01:41:54 GMT","LGU+, AI 토큰 최적화 나선다…GPU 처리량 최대 4배 디지털데일리",Google 뉴스가 전세계 매체로부터 종합한 최신 뉴스,30,meta_description_short,-103.0,meta_description_not_full_body,23.5,False,False,https://news.google.com/rss/articles/CBMiZEFVX3lxTE9vSDRhblVDZ1FKWHdFNEktY05XV2NBUE9lOUg1V0R4S0toTTRLRnQ5YTJtclZkMk43UTctZ0ZCM2dEQlJMTXlCZEV2eUxVbzZGNG9yWTQ5cl9YNV9MQy1GSGhOV2Q?oc=5,https://news.google.com/rss/articles/CBMiZEFVX3lxTE9vSDRhblVDZ1FKWHdFNEktY05XV2NBUE9lOUg1V0R4S0toTTRLRnQ5YTJtclZkMk43UTctZ0ZCM2dEQlJMTXlCZEV2eUxVbzZGNG9yWTQ5cl9YNV9MQy1GSGhOV2Q?oc=5&hl=ko&gl=KR&ceid=KR%3Ako,216.0,"ai_infrastructure_security,aidc_datacenter",aidc_gpu_npu,,no_original_date_found,no_original_date_found_kept,0.0,-136.25,,0.0,,,0.0,,,,issue_representative_attempt,I012,국가 AI 인프라/AIDC/GPU 정책,LGU+,경쟁사/해외이슈,경쟁사_해외이슈,경쟁사_해외이슈,경쟁사_해외이슈,경쟁사/해외이슈,,
경쟁사_해외이슈,경쟁사/해외이슈,LGU+,"같은 GPU서 토큰 최대 4배 처리…LGU+, AI 운영 효율 높인다",뉴시스,뉴시스,"Fri, 02 Oct 2026 00:18:09 GMT","Fri, 02 Oct 2026 00:18:09 GMT","같은 GPU서 토큰 최대 4배 처리…LGU+, AI 운영 효율 높인다 뉴시스",Google 뉴스가 전세계 매체로부터 종합한 최신 뉴스,30,meta_description_short,-103.0,meta_description_not_full_body,23.5,False,False,https://news.google.com/rss/articles/CBMieEFVX3lxTE1xSTZwaUpoMGpZT1R3YVAwT3JCdHc5RXJJVnFja0tzOU5ERTFqRFNnN3hRUURfeXhvYnR5TVp1dXRaVTFMczJvVDREN3dTRjZKdEpTRDdLalpuRVpCZV9zR1ZjWTRJeE9tZkNXRFB4djBSMl9HVHFZctIBeEFVX3lxTE1xSTZwaUpoMGpZT1R3YVAwT3JCdHc5RXJJVnFja0tzOU5ERTFqRFNnN3hRUURfeXhvYnR5TVp1dXRaVTFMczJvVDREN3dTRjZKdEpTRDdLalpuRVpCZV9zR1ZjWTRJeE9tZkNXRFB4djBSMl9HVHFZcg?oc=5,https://news.google.com/rss/articles/CBMieEFVX3lxTE1xSTZwaUpoMGpZT1R3YVAwT3JCdHc5RXJJVnFja0tzOU5ERTFqRFNnN3hRUURfeXhvYnR5TVp1dXRaVTFMczJvVDREN3dTRjZKdEpTRDdLalpuRVpCZV9zR1ZjWTRJeE9tZkNXRFB4djBSMl9HVHFZctIBeEFVX3lxTE1xSTZwaUpoMGpZT1R3YVAwT3JCdHc5RXJJVnFja0tzOU5ERTFqRFNnN3hRUURfeXhvYnR5TVp1dXRaVTFMczJvVDREN3dTRjZKdEpTRDdLalpuRVpCZV9zR1ZjWTRJeE9tZkNXRFB4djBSMl9HVHFZcg?oc=5&hl=ko&gl=KR&ceid=KR%3Ako,216.0,"ai_infrastructure_security,aidc_datacenter",aidc_gpu_npu,,no_original_date_found,no_original_date_found_kept,0.0,-134.25,,0.0,,,0.0,,,,issue_representative_attempt,I012,국가 AI 인프라/AIDC/GPU 정책,LGU+,경쟁사/해외이슈,경쟁사_해외이슈,경쟁사_해외이슈,경쟁사_해외이슈,경쟁사/해외이슈,,
경쟁사_해외이슈,경쟁사/해외이슈,LGU+,"LGU+, AI '토큰 최적화' 기술 개발…GPU 처리량 최대 4배 높여",아이뉴스24,아이뉴스24,"Fri, 02 Oct 2026 00:37:54 GMT","Fri, 02 Oct 2026 00:37:54 GMT","LGU+, AI '토큰 최적화' 기술 개발…GPU 처리량 최대 4배 높여 아이뉴스24",Google 뉴스가 전세계 매체로부터 종합한 최신 뉴스,30,meta_description_short,-103.0,meta_description_not_full_body,23.5,False,False,https://news.google.com/rss/articles/CBMiRkFVX3lxTFBRbWlpVFcyWWVWV1JqY3k0R3I0S2Jxd2d6VklacV8zVG12VnRiTEhWRGlFd2tmaExqWUpGb2NJSzFIMnZGZlE?oc=5,https://news.google.com/rss/articles/CBMiRkFVX3lxTFBRbWlpVFcyWWVWV1JqY3k0R3I0S2Jxd2d6VklacV8zVG12VnRiTEhWRGlFd2tmaExqWUpGb2NJSzFIMnZGZlE?oc=5&hl=ko&gl=KR&ceid=KR%3Ako,215.0,"ai_infrastructure_security,aidc_datacenter",aidc_gpu_npu,,no_original_date_found,no_original_date_found_kept,0.0,-140.25,,0.0,,,0.0,,,,issue_representative_attempt,I012,국가 AI 인프라/AIDC/GPU 정책,LGU+,경쟁사/해외이슈,경쟁사_해외이슈,경쟁사_해외이슈,경쟁사_해외이슈,경쟁사/해외이슈,,
경쟁사_해외이슈,경쟁사/해외이슈,KT,"KT, 충청권 제조·방산 AX 공략…글로벌 파트너와 협력",디지털투데이,디지털투데이,"Fri, 02 Oct 2026 00:11:51 GMT","Fri, 02 Oct 2026 00:11:51 GMT","KT, 충청권 제조·방산 AX 공략…글로벌 파트너와 협력 디지털투데이",Google 뉴스가 전세계 매체로부터 종합한 최신 뉴스,30,meta_description_short,-103.0,meta_description_not_full_body,6.5,False,False,https://news.google.com/rss/articles/CBMic0FVX3lxTE51aFI1dHhlYm5paWx2SXFWb2pYX1NRbEhmRHoyZ3pkNjdHckxZaG5pQzBacnZfMXc2YU9CQUYtUFFzOVZHbU1Qa1NOY2F1WjN2cmgyOHhlMXJtZnJsc0VPYjd6VWRnQ3pGMGliQy1zM0Q0SW8?oc=5,https://news.google.com/rss/articles/CBMic0FVX3lxTE51aFI1dHhlYm5paWx2SXFWb2pYX1NRbEhmRHoyZ3pkNjdHckxZaG5pQzBacnZfMXc2YU9CQUYtUFFzOVZHbU1Qa1NOY2F1WjN2cmgyOHhlMXJtZnJsc0VPYjd6VWRnQ3pGMGliQy1zM0Q0SW8?oc=5&hl=ko&gl=KR&ceid=KR%3Ako,288.0,,,,no_original_date_found,no_original_date_found_kept,0.0,-160.15,,0.0,,,0.0,,,,issue_representative_attempt,I012,국가 AI 인프라/AIDC/GPU 정책,KT,경쟁사/해외이슈,경쟁사_해외이슈,경쟁사_해외이슈,경쟁사_해외이슈,경쟁사/해외이슈,,
경쟁사_해외이슈,경쟁사/해외이슈,네이버,"AI데이터센터 훈풍 탄 두산퓨얼셀, 적자 행진 마침표 기대감 : 네이버 블로그",Naver Blog,,"Fri, 02 Oct 2026 02:06:15 GMT",,"AI데이터센터 훈풍 탄 두산퓨얼셀, 적자 행진 마침표 기대감 : 네이버 블로그 Naver Blog",,0,domain_filter,-100.0,naver_blog_result,0.0,False,,https://news.google.com/rss/articles/CBMijwFBVV95cUxOemJlM3Vyd0lPRGlGcFpfLUJtZmpSdlgtb2JaNC1GS0ZRQ2QzRlM2U2lxRmpmVVl4MWZlYnVJb0NyYlBQRGJ3bWw2QXU4azJNSFJDd0Q0WHk1RnIwSGY1dEhoQVk4VXN1d1RLZzZUR0UwWXBGYTB4MGVtN0FDU2xfUldHc1RjYkJUYi1VcUppYw?oc=5,https://news.google.com/rss/articles/CBMijwFBVV95cUxOemJlM3Vyd0lPRGlGcFpfLUJtZmpSdlgtb2JaNC1GS0ZRQ2QzRlM2U2lxRmpmVVl4MWZlYnVJb0NyYlBQRGJ3bWw2QXU4azJNSFJDd0Q0WHk1RnIwSGY1dEhoQVk4VXN1d1RLZzZUR0UwWXBGYTB4MGVtN0FDU2xfUldHc1RjYkJUYi1VcUppYw?oc=5&hl=ko&gl=KR&ceid=KR%3Ako,,,,,,not_checked_domain_filtered,,,,0.0,,,0.0,,,,issue_representative_attempt,I012,국가 AI 인프라/AIDC/GPU 정책,네이버,경쟁사/해외이슈,경쟁사_해외이슈,경쟁사_해외이슈,경쟁사_해외이슈,경쟁사/해외이슈,,
경쟁사_해외이슈,경쟁사/해외이슈,네이버,"[현장] “2029년까지 데이터센터 완판”…KT클라우드·네이버, AIDC 키운다",에너지경제신문,에너지경제신문,"Thu, 01 Oct 2026 06:31:31 GMT","Thu, 01 Oct 2026 06:31:31 GMT","[현장] “2029년까지 데이터센터 완판”…KT클라우드·네이버, AIDC 키운다 에너지경제신문",Google 뉴스가 전세계 매체로부터 종합한 최신 뉴스,30,meta_description_short,-103.0,meta_description_not_full_body,29.0,False,False,https://news.google.com/rss/articles/CBMiW0FVX3lxTE93OEJ2bGJGNG1lYmRHRE56WVBkTHQ3TS1VQmFHTlVhcjJpMmg0ZnRfX3hKQ2dkRklRSEFjV2hqckNtTkdkZEQ3VmtOWThPczVHUkZsXzFrVnFVWHM?oc=5,https://news.google.com/rss/articles/CBMiW0FVX3lxTE93OEJ2bGJGNG1lYmRHRE56WVBkTHQ3TS1VQmFHTlVhcjJpMmg0ZnRfX3hKQ2dkRklRSEFjV2hqckNtTkdkZEQ3VmtOWThPczVHUkZsXzFrVnFVWHM?oc=5&hl=ko&gl=KR&ceid=KR%3Ako,246.0,"ai_infrastructure_security,aidc_datacenter",aidc_general,,no_original_date_found,no_original_date_found_kept,0.0,-144.4,,0.0,,,0.0,,,,issue_representative_attempt,I012,국가 AI 인프라/AIDC/GPU 정책,네이버,경쟁사/해외이슈,경쟁사_해외이슈,경쟁사_해외이슈,경쟁사_해외이슈,경쟁사/해외이슈,,
경쟁사_해외이슈,경쟁사/해외이슈,네이버,"[KACI 26] GPU 빌려주던 네오클라우드 넘는다...네이버클라우드, 내년부터 AI 팩토리 확대",테크M,테크M,"Thu, 01 Oct 2026 05:46:40 GMT","Thu, 01 Oct 2026 05:46:40 GMT","[KACI 26] GPU 빌려주던 네오클라우드 넘는다...네이버클라우드, 내년부터 AI 팩토리 확대 테크M",Google 뉴스가 전세계 매체로부터 종합한 최신 뉴스,30,meta_description_short,-103.0,meta_description_not_full_body,26.0,False,False,https://news.google.com/rss/articles/CBMiZkFVX3lxTE5hQ2hoZW5hanZ1eng5ZHZuODR0SEl0MFlfeHZ0ZUhwZnllbURvUzlrdjRBdzZxXzhxQi1pQlk4RzZNYkdNaDRQZXo0VDlfVVI3TExzSGdmbS1NNUtJQ1J3U0NzckxrQdIBakFVX3lxTE51NE03S2EtSEYyT1pRRmJQcFpJNzFONXNLZU8yYnVWRkphRTBNOEFvZ3pudEg0VHdzc3BQZHVQTjY4THlYT1hZYUFxZjZma3paUEhhV0UyWkNmaHdIQ0ROV3hvUXlILVE0aEE?oc=5,https://news.google.com/rss/articles/CBMiZkFVX3lxTE5hQ2hoZW5hanZ1eng5ZHZuODR0SEl0MFlfeHZ0ZUhwZnllbURvUzlrdjRBdzZxXzhxQi1pQlk4RzZNYkdNaDRQZXo0VDlfVVI3TExzSGdmbS1NNUtJQ1J3U0NzckxrQdIBakFVX3lxTE51NE03S2EtSEYyT1pRRmJQcFpJNzFONXNLZU8yYnVWRkphRTBNOEFvZ3pudEg0VHdzc3BQZHVQTjY4THlYT1hZYUFxZjZma3paUEhhV0UyWkNmaHdIQ0ROV3hvUXlILVE0aEE?oc=5&hl=ko&gl=KR&ceid=KR%3Ako,243.0,"ai_infrastructure_security,aidc_datacenter",aidc_gpu_npu,,no_original_date_found,no_original_date_found_kept,0.0,-146.5,privacy_security:naver:data_leak:initial_investigation_response,16.0,global_incident:privacy_security:naver:naver:data_leak:general,global_incident:privacy_security:naver:naver,0.0,,,,issue_representative_attempt,I012,국가 AI 인프라/AIDC/GPU 정책,네이버,경쟁사/해외이슈,경쟁사_해외이슈,경쟁사_해외이슈,경쟁사_해외이슈,경쟁사/해외이슈,,
경쟁사_해외이슈,경쟁사/해외이슈,SKT,AI 데이터센터 늘리는데 … SKT 배출권 '35만t' 부족,세이프타임즈,세이프타임즈,"Thu, 01 Oct 2026 05:31:38 GMT","Thu, 01 Oct 2026 05:31:38 GMT",AI 데이터센터 늘리는데 … SKT 배출권 '35만t' 부족 세이프타임즈,Google 뉴스가 전세계 매체로부터 종합한 최신 뉴스,30,meta_description_short,-103.0,meta_description_not_full_body,23.5,False,False,https://news.google.com/rss/articles/CBMic0FVX3lxTE82RGRxNERhZWRBS2dDZEtsa2hCWGQ3MV9uMTY2T0NXb3UtWkI0emltd0Z0aFAwNWNWcURSVldWa2RhVUJSbEdLa1JUVGhOMGt0S1lhZXhidk9ERGx3RVhqbHQxR2QyUG9JaUo2VzRDbkdzM0HSAXNBVV95cUxPNkRkcTREYWVkQUtnQ2RLbGtoQlhkNzFfbjE2Nk9DV291LVpCNHppbXdGdGhQMDVjVnFEUlZXVmtkYVVCUmxHS2tSVFRoTjBrdEtZYWV4YnZPRERsd0VYamx0MUdkMlBvSWlKNlc0Q25HczNB?oc=5,https://news.google.com/rss/articles/CBMic0FVX3lxTE82RGRxNERhZWRBS2dDZEtsa2hCWGQ3MV9uMTY2T0NXb3UtWkI0emltd0Z0aFAwNWNWcURSVldWa2RhVUJSbEdLa1JUVGhOMGt0S1lhZXhidk9ERGx3RVhqbHQxR2QyUG9JaUo2VzRDbkdzM0HSAXNBVV95cUxPNkRkcTREYWVkQUtnQ2RLbGtoQlhkNzFfbjE2Nk9DV291LVpCNHppbXdGdGhQMDVjVnFEUlZXVmtkYVVCUmxHS2tSVFRoTjBrdEtZYWV4YnZPRERsd0VYamx0MUdkMlBvSWlKNlc0Q25HczNB?oc=5&hl=ko&gl=KR&ceid=KR%3Ako,240.5,"ai_infrastructure_security,aidc_datacenter",aidc_general,,no_original_date_found,no_original_date_found_kept,0.0,-148.25,,0.0,,,0.0,,,,issue_representative_attempt,I012,국가 AI 인프라/AIDC/GPU 정책,SKT,경쟁사/해외이슈,경쟁사_해외이슈,경쟁사_해외이슈,경쟁사_해외이슈,경쟁사/해외이슈,,
경쟁사_해외이슈,경쟁사/해외이슈,네이버,"[현장] KT·네이버가 말하는 AIDC의 다음 무대는…""AI 서비스센터·AI 팩토리""",데일리안,데일리안,"Thu, 01 Oct 2026 03:13:00 GMT","Thu, 01 Oct 2026 03:13:00 GMT","[현장] KT·네이버가 말하는 AIDC의 다음 무대는…""AI 서비스센터·AI 팩토리"" 데일리안",Google 뉴스가 전세계 매체로부터 종합한 최신 뉴스,30,meta_description_short,-103.0,meta_description_not_full_body,26.0,False,False,https://news.google.com/rss/articles/CBMi4wFBVV95cUxNdi1MdGNuQlV0OWpSRVFYenp1bEE2M3JmU1J1Rm0tMUhJQm9SZTNnQ1NWMFE0UE9SR25LWkpRYW9pdlhSaXBPS3ZCOUI0SklzdkhMYVlrbC04WEtqRmdldXN6V0NtcmVjSEprV1U3QlVoVDBta3ppOWhwT0E3Um5QTmxxbXpDTUxnT0pHUWJsS1VSOWswREdaWkEycktQYnZQNVhFUDV1b0RoYWxjdklxd3l0TElnNlFmZVN5UFdMQzJkODN3Zmoyb25oZ09keGswT0VNckd4Qk82SEh4YlRtNmRWVQ?oc=5,https://news.google.com/rss/articles/CBMi4wFBVV95cUxNdi1MdGNuQlV0OWpSRVFYenp1bEE2M3JmU1J1Rm0tMUhJQm9SZTNnQ1NWMFE0UE9SR25LWkpRYW9pdlhSaXBPS3ZCOUI0SklzdkhMYVlrbC04WEtqRmdldXN6V0NtcmVjSEprV1U3QlVoVDBta3ppOWhwT0E3Um5QTmxxbXpDTUxnT0pHUWJsS1VSOWswREdaWkEycktQYnZQNVhFUDV1b0RoYWxjdklxd3l0TElnNlFmZVN5UFdMQzJkODN3Zmoyb25oZ09keGswT0VNckd4Qk82SEh4YlRtNmRWVQ?oc=5&hl=ko&gl=KR&ceid=KR%3Ako,240.0,"ai_infrastructure_security,aidc_datacenter",aidc_general,,no_original_date_found,no_original_date_found_kept,0.0,-146.5,,0.0,,,0.0,,,,issue_representative_attempt,I012,국가 AI 인프라/AIDC/GPU 정책,네이버,경쟁사/해외이슈,경쟁사_해외이슈,경쟁사_해외이슈,경쟁사_해외이슈,경쟁사/해외이슈,,
경쟁사_해외이슈,경쟁사/해외이슈,LGU+,"LGU+, 옵트에이아이와 AI ‘토큰 최적화’ 맞손… 서버 GPU 처리량 최대 4배 확대",블록체인투데이,블록체인투데이,"Fri, 02 Oct 2026 01:39:08 GMT","Fri, 02 Oct 2026 01:39:08 GMT","LGU+, 옵트에이아이와 AI ‘토큰 최적화’ 맞손… 서버 GPU 처리량 최대 4배 확대 블록체인투데이",Google 뉴스가 전세계 매체로부터 종합한 최신 뉴스,30,meta_description_short,-103.0,meta_description_not_full_body,23.5,False,False,https://news.google.com/rss/articles/CBMicEFVX3lxTE1GNXRDdjNSRTFZcGFhdm9mSnVBYlh1OGxQa0YtNF9GRjlKbWdvaEpCRUwtaDhHMFdyNWxiZXBYV0tYR243VVJtZWNPd0U1MVVGMFZGMTdvZWRZc3ZlNWQyaUxFeUlNd0dmVHBjME9aZ3c?oc=5,https://news.google.com/rss/articles/CBMicEFVX3lxTE1GNXRDdjNSRTFZcGFhdm9mSnVBYlh1OGxQa0YtNF9GRjlKbWdvaEpCRUwtaDhHMFdyNWxiZXBYV0tYR243VVJtZWNPd0U1MVVGMFZGMTdvZWRZc3ZlNWQyaUxFeUlNd0dmVHBjME9aZ3c?oc=5&hl=ko&gl=KR&ceid=KR%3Ako,222.0,"ai_infrastructure_security,aidc_datacenter",aidc_gpu_npu,,no_original_date_found,no_original_date_found_kept,0.0,-148.25,,0.0,,,0.0,,,,issue_representative_attempt,I012,국가 AI 인프라/AIDC/GPU 정책,LGU+,경쟁사/해외이슈,경쟁사_해외이슈,경쟁사_해외이슈,경쟁사_해외이슈,경쟁사/해외이슈,,
경쟁사_해외이슈,경쟁사/해외이슈,LGU+,"LG유플러스, AI 토큰 최적화 나선다…GPU 효율 4배 높여",디지털투데이,디지털투데이,"Fri, 02 Oct 2026 00:00:00 GMT","Fri, 02 Oct 2026 00:00:00 GMT","LG유플러스, AI 토큰 최적화 나선다…GPU 효율 4배 높여 디지털투데이",Google 뉴스가 전세계 매체로부터 종합한 최신 뉴스,30,meta_description_short,-103.0,meta_description_not_full_body,23.5,False,False,https://news.google.com/rss/articles/CBMic0FVX3lxTFBGMXp6ZS1DNWlHMm9JcnpPOGgzWWlITHdSMXlHUFZKcHdNVmZsT3VQSUlfXzRqX1JhSVlrQ1U3bURIS0NnNnBUQnJ6N0hPOGpxbnRrU0tDbmk0RWViOUxxbzFvaHJyOEJJYUtlOFFQdnNNTXM?oc=5,https://news.google.com/rss/articles/CBMic0FVX3lxTFBGMXp6ZS1DNWlHMm9JcnpPOGgzWWlITHdSMXlHUFZKcHdNVmZsT3VQSUlfXzRqX1JhSVlrQ1U3bURIS0NnNnBUQnJ6N0hPOGpxbnRrU0tDbmk0RWViOUxxbzFvaHJyOEJJYUtlOFFQdnNNTXM?oc=5&hl=ko&gl=KR&ceid=KR%3Ako,212.0,"ai_infrastructure_security,aidc_datacenter",aidc_gpu_npu,,no_original_date_found,no_original_date_found_kept,0.0,-148.25,,0.0,,,0.0,,,,issue_representative_attempt,I012,국가 AI 인프라/AIDC/GPU 정책,LGU+,경쟁사/해외이슈,경쟁사_해외이슈,경쟁사_해외이슈,경쟁사_해외이슈,경쟁사/해외이슈,,
경쟁사_해외이슈,경쟁사/해외이슈,네이버,GPU 센터서 ‘지능 공장’으로…네이버 “아태 AI 팩토리 박차”,edaily.co.kr,이데일리,"Thu, 01 Oct 2026 23:55:02 GMT","Thu, 01 Oct 2026 23:55:02 GMT",GPU 센터서 ‘지능 공장’으로…네이버 “아태 AI 팩토리 박차” edaily.co.kr,Google 뉴스가 전세계 매체로부터 종합한 최신 뉴스,30,meta_description_short,-103.0,meta_description_not_full_body,26.0,False,False,https://news.google.com/rss/articles/CBMigAFBVV95cUxOYnVCUnFHSGFKdnhVU1NxLUU4SURhME9Rc2NfTzlSdzZSalNoOEdYWnhmZ2JQdHhURkVnd21WYlBJRE9iSTJDajd5WUFfX3FtZ2RrMXN2M3oyQ1NPOTFLZ2pmNk5xcVF1V0plcDV4OW5TY0JNUExwX0tpRDVRX2sxaA?oc=5,https://news.google.com/rss/articles/CBMigAFBVV95cUxOYnVCUnFHSGFKdnhVU1NxLUU4SURhME9Rc2NfTzlSdzZSalNoOEdYWnhmZ2JQdHhURkVnd21WYlBJRE9iSTJDajd5WUFfX3FtZ2RrMXN2M3oyQ1NPOTFLZ2pmNk5xcVF1V0plcDV4OW5TY0JNUExwX0tpRDVRX2sxaA?oc=5&hl=ko&gl=KR&ceid=KR%3Ako,247.5,"ai_infrastructure_security,aidc_datacenter",aidc_gpu_npu,,no_original_date_found,no_original_date_found_kept,0.0,-134.5,,0.0,,,0.0,,,,issue_representative_attempt,I012,국가 AI 인프라/AIDC/GPU 정책,네이버,경쟁사/해외이슈,경쟁사_해외이슈,경쟁사_해외이슈,경쟁사_해외이슈,경쟁사/해외이슈,,
경쟁사_해외이슈,경쟁사/해외이슈,네이버,"네이버, 3분기 비용 증가에 컨센서스 하회 전망 속 AI 데이터센터 주목",ksdaily.co.kr,ksdaily.co.kr,"Fri, 02 Oct 2026 00:03:10 GMT","Fri, 02 Oct 2026 00:03:10 GMT","네이버, 3분기 비용 증가에 컨센서스 하회 전망 속 AI 데이터센터 주목 ksdaily.co.kr",Google 뉴스가 전세계 매체로부터 종합한 최신 뉴스,30,meta_description_short,-103.0,meta_description_not_full_body,26.0,False,False,https://news.google.com/rss/articles/CBMia0FVX3lxTFBhWUVVc2FQSkZ4NWNQV1EtbEdNbnRkRkVIQUt1cnR0THhvUkVfRU1RTF9ERXF4ZTlZVDk3UWsxS1NSOVhMVEZYRnMzZ1Y3VzJ5ZzFuTm1mWU1IQlg1U3M2WkFDbWljeGJGeHc0?oc=5,https://news.google.com/rss/articles/CBMia0FVX3lxTFBhWUVVc2FQSkZ4NWNQV1EtbEdNbnRkRkVIQUt1cnR0THhvUkVfRU1RTF9ERXF4ZTlZVDk3UWsxS1NSOVhMVEZYRnMzZ1Y3VzJ5ZzFuTm1mWU1IQlg1U3M2WkFDbWljeGJGeHc0?oc=5&hl=ko&gl=KR&ceid=KR%3Ako,244.5,"ai_infrastructure_security,aidc_datacenter",aidc_general,,no_original_date_found,no_original_date_found_kept,0.0,-149.5,,0.0,,,-18.0,,,,issue_representative_attempt,I012,국가 AI 인프라/AIDC/GPU 정책,네이버,경쟁사/해외이슈,경쟁사_해외이슈,경쟁사_해외이슈,경쟁사_해외이슈,경쟁사/해외이슈,,
경쟁사_해외이슈,경쟁사/해외이슈,LGU+,"[Telecom & Now] LGU+ ""AI 토큰 최적화 기술 확보…GPU 효율 최대 4배 높인다""",ebn.co.kr,ebn.co.kr,"Fri, 02 Oct 2026 00:06:52 GMT","Fri, 02 Oct 2026 00:06:52 GMT","[Telecom & Now] LGU+ ""AI 토큰 최적화 기술 확보…GPU 효율 최대 4배 높인다"" ebn.co.kr",Google 뉴스가 전세계 매체로부터 종합한 최신 뉴스,30,meta_description_short,-103.0,meta_description_not_full_body,23.5,False,False,https://news.google.com/rss/articles/CBMiaEFVX3lxTE9pQUFSeXpTVGl0MUFUaVU0OTlmRkpBeVZDTHVuRk5FcjNDYVNYV2hMdUNjRXJiQXczcGMxcEcyX01BQTRRMG5WdjhDMUhsRE1ZT3BEZ0VVQ2JnZVlBa2tuS0tzUTJWN08x?oc=5,https://news.google.com/rss/articles/CBMiaEFVX3lxTE9pQUFSeXpTVGl0MUFUaVU0OTlmRkpBeVZDTHVuRk5FcjNDYVNYV2hMdUNjRXJiQXczcGMxcEcyX01BQTRRMG5WdjhDMUhsRE1ZT3BEZ0VVQ2JnZVlBa2tuS0tzUTJWN08x?oc=5&hl=ko&gl=KR&ceid=KR%3Ako,210.0,"ai_infrastructure_security,aidc_datacenter",aidc_gpu_npu,,no_original_date_found,no_original_date_found_kept,0.0,-151.25,,0.0,,,0.0,,,,issue_representative_attempt,I012,국가 AI 인프라/AIDC/GPU 정책,LGU+,경쟁사/해외이슈,경쟁사_해외이슈,경쟁사_해외이슈,경쟁사_해외이슈,경쟁사/해외이슈,,
경쟁사_해외이슈,경쟁사/해외이슈,구글,[반도체포커스] 엔비디아 ‘GPU 10년’ 논쟁에 서브프라임 그림자…구글 TPU 추격도 부담,이코노미트리뷴,이코노미트리뷴,"Fri, 02 Oct 2026 01:57:43 GMT","Fri, 02 Oct 2026 01:57:43 GMT",[반도체포커스] 엔비디아 ‘GPU 10년’ 논쟁에 서브프라임 그림자…구글 TPU 추격도 부담 이코노미트리뷴,Google 뉴스가 전세계 매체로부터 종합한 최신 뉴스,30,meta_description_short,-103.0,meta_description_not_full_body,23.5,False,False,https://news.google.com/rss/articles/CBMid0FVX3lxTE1tTy13OF9jZjRXM09jc1I4bnE3dFc3RE5aTVlaQV9zLXNIXzNPU1M4ZUZfX1NpNUd6TTg3ZkhnbjNqa0hqMkVkUlV4ZE9aVWgyd2FXay1fZlFSb0Vha3BtZjV6NkZTSlNHNkY2dkZaNWpMT2ZONHBJ?oc=5,https://news.google.com/rss/articles/CBMid0FVX3lxTE1tTy13OF9jZjRXM09jc1I4bnE3dFc3RE5aTVlaQV9zLXNIXzNPU1M4ZUZfX1NpNUd6TTg3ZkhnbjNqa0hqMkVkUlV4ZE9aVWgyd2FXay1fZlFSb0Vha3BtZjV6NkZTSlNHNkY2dkZaNWpMT2ZONHBJ?oc=5&hl=ko&gl=KR&ceid=KR%3Ako,221.5,"ai_infrastructure_security,aidc_datacenter",aidc_gpu_npu,,no_original_date_found,no_original_date_found_kept,0.0,-148.25,,0.0,,,0.0,,,,issue_representative_attempt,I012,국가 AI 인프라/AIDC/GPU 정책,구글,경쟁사/해외이슈,경쟁사_해외이슈,경쟁사_해외이슈,경쟁사_해외이슈,경쟁사/해외이슈,,
경쟁사_해외이슈,경쟁사/해외이슈,카카오,"SK텔레콤·카카오·KT 10월 '모두의 AI' 공개, 국민에게 무료 AI 서비스 추진",비즈니스포스트,비즈니스포스트,"Thu, 01 Oct 2026 01:23:32 GMT","Thu, 01 Oct 2026 01:23:32 GMT","SK텔레콤·카카오·KT 10월 '모두의 AI' 공개, 국민에게 무료 AI 서비스 추진 비즈니스포스트",Google 뉴스가 전세계 매체로부터 종합한 최신 뉴스,30,meta_description_short,-103.0,meta_description_not_full_body,16.0,False,False,https://news.google.com/rss/articles/CBMic0FVX3lxTFA4SnpENE9mUEdnN0JfR1IyNEVMYUNPMm1XVGJJZ09GZ3ROSEVBU0Fmbl96eUlTcld4cUxfV2lfV1VqS2NSd191RVItTmk2a3o3a0MtcXJZOHJXYnp3S1YySkpyNHcyQVJQa1p3S3hDWktrVmc?oc=5,https://news.google.com/rss/articles/CBMic0FVX3lxTFA4SnpENE9mUEdnN0JfR1IyNEVMYUNPMm1XVGJJZ09GZ3ROSEVBU0Fmbl96eUlTcld4cUxfV2lfV1VqS2NSd191RVItTmk2a3o3a0MtcXJZOHJXYnp3S1YySkpyNHcyQVJQa1p3S3hDWktrVmc?oc=5&hl=ko&gl=KR&ceid=KR%3Ako,206.3,ai_infrastructure_security,ai_infrastructure_security,,no_original_date_found,no_original_date_found_kept,0.0,-153.5,,0.0,,,0.0,,,,issue_representative_attempt,I012,국가 AI 인프라/AIDC/GPU 정책,카카오,자사 및 계열사 이슈,자사_및_계열사_이슈,자사_및_계열사_이슈,경쟁사_해외이슈,경쟁사/해외이슈,,
경쟁사_해외이슈,경쟁사/해외이슈,인공지능 산업 동향,"LS일렉트릭, 美 AI 데이터센터에 초고압 변압기 공급…“2030년까지 9개 변전소에 납품”",한국면세뉴스,,"Thu, 01 Oct 2026 02:36:44 GMT",,"LS일렉트릭, 美 AI 데이터센터에 초고압 변압기 공급…“2030년까지 9개 변전소에 납품” 한국면세뉴스",,0,v24_pre_body_guardrail,-100.0,never_allow_title_only_low_value_or_caption,,False,,https://news.google.com/rss/articles/CBMiaEFVX3lxTFBtU3M0VUtRbllhbTRGWTJ4SnVsSXhEelZKbE1pM3NyYXpKSDhVMk0zdk5LUWxEWmxsbFR5dEhNa1lPMldVUnl5WmRjNnY2ZjRkbm9tSXJSS0Jvc2R4NTFrZ0xqSnNoN1Zr?oc=5,https://news.google.com/rss/articles/CBMiaEFVX3lxTFBtU3M0VUtRbllhbTRGWTJ4SnVsSXhEelZKbE1pM3NyYXpKSDhVMk0zdk5LUWxEWmxsbFR5dEhNa1lPMldVUnl5WmRjNnY2ZjRkbm9tSXJSS0Jvc2R4NTFrZ0xqSnNoN1Zr?oc=5,,,,,,,,,,,,,,,,,issue_representative_attempt,I012,국가 AI 인프라/AIDC/GPU 정책,인공지능 산업 동향,산업동향,산업동향,경쟁사_해외이슈,경쟁사_해외이슈,경쟁사/해외이슈,최종금지_대체필요,fail:never_allow_title_only
경쟁사_해외이슈,경쟁사/해외이슈,카카오,'모두의 AI' 10월 시범 운영…SKT·KT·카카오 서비스 차별화,폴리뉴스 Polinews,폴리뉴스 Polinews,"Fri, 02 Oct 2026 02:56:18 GMT","Fri, 02 Oct 2026 02:56:18 GMT",'모두의 AI' 10월 시범 운영…SKT·KT·카카오 서비스 차별화 폴리뉴스 Polinews,Google 뉴스가 전세계 매체로부터 종합한 최신 뉴스,30,meta_description_short,-103.0,meta_description_not_full_body,16.0,False,False,https://news.google.com/rss/articles/CBMibkFVX3lxTFB6QzJMcFdTb2V4eG8wWU1fbGxHNkZCMDFFT2ZleENxQklBOUwyVndkOEtKMUF6RDBOX3M3OTZMeHlkbnhPSjliaUdJQlJFV3NxSG04VHBZY2t4b214VDA2OVBBODlXZ1Awd2FaVFJ3?oc=5,https://news.google.com/rss/articles/CBMibkFVX3lxTFB6QzJMcFdTb2V4eG8wWU1fbGxHNkZCMDFFT2ZleENxQklBOUwyVndkOEtKMUF6RDBOX3M3OTZMeHlkbnhPSjliaUdJQlJFV3NxSG04VHBZY2t4b214VDA2OVBBODlXZ1Awd2FaVFJ3?oc=5&hl=ko&gl=KR&ceid=KR%3Ako,77.3,ai_infrastructure_security,ai_infrastructure_security,,no_original_date_found,no_original_date_found_kept,0.0,-153.5,,0.0,,,0.0,,,,issue_representative_attempt,I012,국가 AI 인프라/AIDC/GPU 정책,카카오,자사 및 계열사 이슈,자사_및_계열사_이슈,자사_및_계열사_이슈,경쟁사_해외이슈,경쟁사/해외이슈,,
경쟁사_해외이슈,경쟁사/해외이슈,네이버,하반기 비용 부담 커지는 네이버…'AI 데이터센터' 반전 열쇠[애널리스트의 시각],v.daum.net,v.daum.net,"Thu, 01 Oct 2026 23:41:05 GMT","Thu, 01 Oct 2026 23:41:05 GMT",하반기 비용 부담 커지는 네이버…'AI 데이터센터' 반전 열쇠[애널리스트의 시각] v.daum.net,Google 뉴스가 전세계 매체로부터 종합한 최신 뉴스,30,meta_description_short,-103.0,meta_description_not_full_body,26.0,False,False,https://news.google.com/rss/articles/CBMiRkFVX3lxTE93aXhJeWVYR0tCeHM3eWxoeFcwX1lBM2VwWGdMOVpLQWNjbUMxTEdVQ0hjQmVhWUFxaEZTVTBwMWZ2Smw0dlE?oc=5,https://news.google.com/rss/articles/CBMiRkFVX3lxTE93aXhJeWVYR0tCeHM3eWxoeFcwX1lBM2VwWGdMOVpLQWNjbUMxTEdVQ0hjQmVhWUFxaEZTVTBwMWZ2Smw0dlE?oc=5&hl=ko&gl=KR&ceid=KR%3Ako,249.5,"ai_infrastructure_security,aidc_datacenter",aidc_general,,no_original_date_found,no_original_date_found_kept,0.0,-146.5,,0.0,,,0.0,,,,issue_representative_attempt,I012,국가 AI 인프라/AIDC/GPU 정책,네이버,경쟁사/해외이슈,경쟁사_해외이슈,경쟁사_해외이슈,경쟁사_해외이슈,경쟁사/해외이슈,,
경쟁사_해외이슈,경쟁사/해외이슈,LGU+,"LGU+, 옵트에이아이와 토큰 최적화…""GPU 효율 4배""",v.daum.net,v.daum.net,"Fri, 02 Oct 2026 01:00:00 GMT","Fri, 02 Oct 2026 01:00:00 GMT","LGU+, 옵트에이아이와 토큰 최적화…""GPU 효율 4배"" v.daum.net",Google 뉴스가 전세계 매체로부터 종합한 최신 뉴스,30,meta_description_short,-103.0,meta_description_not_full_body,23.5,False,False,https://news.google.com/rss/articles/CBMiT0FVX3lxTE1uMndxdGpoUl83M0hBazNMVXFXbV9WN1pxd0RfZTBsZ1poeFd0c1E5NFgzU2xBbEszNWNLMUZMWEZILWd2NUJlZU12eklZQms?oc=5,https://news.google.com/rss/articles/CBMiT0FVX3lxTE1uMndxdGpoUl83M0hBazNMVXFXbV9WN1pxd0RfZTBsZ1poeFd0c1E5NFgzU2xBbEszNWNLMUZMWEZILWd2NUJlZU12eklZQms?oc=5&hl=ko&gl=KR&ceid=KR%3Ako,212.0,"ai_infrastructure_security,aidc_datacenter",aidc_gpu_npu,,no_original_date_found,no_original_date_found_kept,0.0,-148.25,,0.0,,,0.0,,,,issue_representative_attempt,I012,국가 AI 인프라/AIDC/GPU 정책,LGU+,경쟁사/해외이슈,경쟁사_해외이슈,경쟁사_해외이슈,경쟁사_해외이슈,경쟁사/해외이슈,,
경쟁사_해외이슈,경쟁사/해외이슈,LGU+,LGU+. 옵트AI와 '토큰 최적화' 맞손…GPU 처리량 4배 확대,v.daum.net,v.daum.net,"Fri, 02 Oct 2026 00:02:03 GMT","Fri, 02 Oct 2026 00:02:03 GMT",LGU+. 옵트AI와 '토큰 최적화' 맞손…GPU 처리량 4배 확대 v.daum.net,Google 뉴스가 전세계 매체로부터 종합한 최신 뉴스,30,meta_description_short,-103.0,meta_description_not_full_body,23.5,False,False,https://news.google.com/rss/articles/CBMiRkFVX3lxTFBHai1zXzl4bzRfaWthX21qdXBrYTV4V1h3MFR0djA1amVOcTZ4cGczcEpweDhkdEJqWXE0VHZZT2lKZ1hJb2c?oc=5,https://news.google.com/rss/articles/CBMiRkFVX3lxTFBHai1zXzl4bzRfaWthX21qdXBrYTV4V1h3MFR0djA1amVOcTZ4cGczcEpweDhkdEJqWXE0VHZZT2lKZ1hJb2c?oc=5&hl=ko&gl=KR&ceid=KR%3Ako,212.0,"ai_infrastructure_security,aidc_datacenter",aidc_gpu_npu,,no_original_date_found,no_original_date_found_kept,0.0,-148.25,,0.0,,,0.0,,,,issue_representative_attempt,I012,국가 AI 인프라/AIDC/GPU 정책,LGU+,경쟁사/해외이슈,경쟁사_해외이슈,경쟁사_해외이슈,경쟁사_해외이슈,경쟁사/해외이슈,,
경쟁사_해외이슈,경쟁사/해외이슈,LGU+,"LGU+, AI '토큰 다이어트' 나선다…GPU 효율 최대 4배 높여",v.daum.net,v.daum.net,"Fri, 02 Oct 2026 00:02:01 GMT","Fri, 02 Oct 2026 00:02:01 GMT","LGU+, AI '토큰 다이어트' 나선다…GPU 효율 최대 4배 높여 v.daum.net",Google 뉴스가 전세계 매체로부터 종합한 최신 뉴스,30,meta_description_short,-103.0,meta_description_not_full_body,23.5,False,False,https://news.google.com/rss/articles/CBMiT0FVX3lxTE1vTHFvelR3b2pWYmNmSU9oVHZ2QlJFR3NBOGc1bWF1d3FPWFVhTlpGbU12emk5MkRLLXA1WDBJMmExd3k4eVlSTFJDbHVmeGM?oc=5,https://news.google.com/rss/articles/CBMiT0FVX3lxTE1vTHFvelR3b2pWYmNmSU9oVHZ2QlJFR3NBOGc1bWF1d3FPWFVhTlpGbU12emk5MkRLLXA1WDBJMmExd3k4eVlSTFJDbHVmeGM?oc=5&hl=ko&gl=KR&ceid=KR%3Ako,212.0,"ai_infrastructure_security,aidc_datacenter",aidc_gpu_npu,,no_original_date_found,no_original_date_found_kept,0.0,-148.25,,0.0,,,0.0,,,,issue_representative_attempt,I012,국가 AI 인프라/AIDC/GPU 정책,LGU+,경쟁사/해외이슈,경쟁사_해외이슈,경쟁사_해외이슈,경쟁사_해외이슈,경쟁사/해외이슈,,
경쟁사_해외이슈,경쟁사/해외이슈,LGU+,"LGU+·옵트에이아이, AI 토큰 최적화 나선다…“GPU 처리량 최대 4배↑”",v.daum.net,v.daum.net,"Fri, 02 Oct 2026 00:01:44 GMT","Fri, 02 Oct 2026 00:01:44 GMT","LGU+·옵트에이아이, AI 토큰 최적화 나선다…“GPU 처리량 최대 4배↑” v.daum.net",Google 뉴스가 전세계 매체로부터 종합한 최신 뉴스,30,meta_description_short,-103.0,meta_description_not_full_body,23.5,False,False,https://news.google.com/rss/articles/CBMiVEFVX3lxTE5taWhvZUdLb0tzREZqUW84Vm9RbldxOEMyNXZGTmwtbTdjTkNjSHY4dktQajNOYlZFQVhubE9rRnM2bHlHZ2I5SmhaSnJfWkFicS1ycA?oc=5,https://news.google.com/rss/articles/CBMiVEFVX3lxTE5taWhvZUdLb0tzREZqUW84Vm9RbldxOEMyNXZGTmwtbTdjTkNjSHY4dktQajNOYlZFQVhubE9rRnM2bHlHZ2I5SmhaSnJfWkFicS1ycA?oc=5&hl=ko&gl=KR&ceid=KR%3Ako,212.0,"ai_infrastructure_security,aidc_datacenter",aidc_gpu_npu,,no_original_date_found,no_original_date_found_kept,0.0,-148.25,,0.0,,,0.0,,,,issue_representative_attempt,I012,국가 AI 인프라/AIDC/GPU 정책,LGU+,경쟁사/해외이슈,경쟁사_해외이슈,경쟁사_해외이슈,경쟁사_해외이슈,경쟁사/해외이슈,,
경쟁사_해외이슈,경쟁사/해외이슈,구글,"구글, AI 데이터센터 우주로 띄웠다…TPU 위성 첫 발사",싱글리스트,싱글리스트,"Thu, 01 Oct 2026 22:10:53 GMT","Thu, 01 Oct 2026 22:10:53 GMT","구글, AI 데이터센터 우주로 띄웠다…TPU 위성 첫 발사 싱글리스트",Google 뉴스가 전세계 매체로부터 종합한 최신 뉴스,30,meta_description_short,-103.0,meta_description_not_full_body,23.5,False,False,https://news.google.com/rss/articles/CBMiZkFVX3lxTE9GZXpnM2MxMHNYSmJPUmJNQ1dPT0hXUEV0dGZjVjhaNHVRd3g2RXJyTlFLVG92V2w2VlRWZGZOYy1DYXFJNkU2QmF0c0FjYlBPVGhyNlFmSk9PUUN3b1Q0bEdqQ19qUQ?oc=5,https://news.google.com/rss/articles/CBMiZkFVX3lxTE9GZXpnM2MxMHNYSmJPUmJNQ1dPT0hXUEV0dGZjVjhaNHVRd3g2RXJyTlFLVG92V2w2VlRWZGZOYy1DYXFJNkU2QmF0c0FjYlBPVGhyNlFmSk9PUUN3b1Q0bEdqQ19qUQ?oc=5&hl=ko&gl=KR&ceid=KR%3Ako,221.5,"ai_infrastructure_security,aidc_datacenter",aidc_general,,no_original_date_found,no_original_date_found_kept,0.0,-148.25,,0.0,,,0.0,,,,issue_representative_attempt,I012,국가 AI 인프라/AIDC/GPU 정책,구글,경쟁사/해외이슈,경쟁사_해외이슈,경쟁사_해외이슈,경쟁사_해외이슈,경쟁사/해외이슈,,
경쟁사_해외이슈,경쟁사/해외이슈,메타,"메타, AI 데이터센터엔 가스발전…‘100% 청정전력’은 환경속성으로 매칭",임팩트온,임팩트온,"Fri, 02 Oct 2026 01:58:26 GMT","Fri, 02 Oct 2026 01:58:26 GMT","메타, AI 데이터센터엔 가스발전…‘100% 청정전력’은 환경속성으로 매칭 임팩트온",Google 뉴스가 전세계 매체로부터 종합한 최신 뉴스,30,meta_description_short,-103.0,meta_description_not_full_body,23.5,False,False,https://news.google.com/rss/articles/CBMiakFVX3lxTE1QemhWb1ZiTEp0NnppZTV6ckdVR1V3c3Nja1R2ckNmRDBST21yNzByTmJ4cFB5dmt3ZjhQVkx4UEpnMEpCejdZV2xYNDlTSkYybnBzNldrZHp6cm5CVFJ5V05MNG9jZUJMaGc?oc=5,https://news.google.com/rss/articles/CBMiakFVX3lxTE1QemhWb1ZiTEp0NnppZTV6ckdVR1V3c3Nja1R2ckNmRDBST21yNzByTmJ4cFB5dmt3ZjhQVkx4UEpnMEpCejdZV2xYNDlTSkYybnBzNldrZHp6cm5CVFJ5V05MNG9jZUJMaGc?oc=5&hl=ko&gl=KR&ceid=KR%3Ako,219.0,"ai_infrastructure_security,aidc_datacenter",aidc_law_power,,no_original_date_found,no_original_date_found_kept,0.0,-148.25,,0.0,,,0.0,,,,issue_representative_attempt,I012,국가 AI 인프라/AIDC/GPU 정책,메타,경쟁사/해외이슈,경쟁사_해외이슈,경쟁사_해외이슈,경쟁사_해외이슈,경쟁사/해외이슈,,
경쟁사_해외이슈,경쟁사/해외이슈,메타,"메타, AI 데이터센터 '실험 시설' 지정...수십억달러 세액공제 논란",aitimes.com,aitimes.com,"Thu, 01 Oct 2026 06:53:35 GMT","Thu, 01 Oct 2026 06:53:35 GMT","메타, AI 데이터센터 '실험 시설' 지정...수십억달러 세액공제 논란 aitimes.com",Google 뉴스가 전세계 매체로부터 종합한 최신 뉴스,30,meta_description_short,-103.0,meta_description_not_full_body,23.5,False,False,https://news.google.com/rss/articles/CBMiakFVX3lxTE1OUzhFOGpDVGJrWHFoQnQyeDlSR2FJWTI3aGZiMC1seXN0Y2FjZHVNTVhZWlI0ZVZ2bmFDWC0zRFJIUWIwNEVfZkY3Q01Kc1JyQWM1TklwbURDSW1pbmhnX0xkYjVlLTRTd3c?oc=5,https://news.google.com/rss/articles/CBMiakFVX3lxTE1OUzhFOGpDVGJrWHFoQnQyeDlSR2FJWTI3aGZiMC1seXN0Y2FjZHVNTVhZWlI0ZVZ2bmFDWC0zRFJIUWIwNEVfZkY3Q01Kc1JyQWM1TklwbURDSW1pbmhnX0xkYjVlLTRTd3c?oc=5&hl=ko&gl=KR&ceid=KR%3Ako,210.5,"ai_infrastructure_security,aidc_datacenter",aidc_general,,no_original_date_found,no_original_date_found_kept,0.0,-151.25,,0.0,,,0.0,,,,issue_representative_attempt,I012,국가 AI 인프라/AIDC/GPU 정책,메타,경쟁사/해외이슈,경쟁사_해외이슈,경쟁사_해외이슈,경쟁사_해외이슈,경쟁사/해외이슈,,
경쟁사_해외이슈,경쟁사/해외이슈,네이버,"하나證 ""네이버, 클라우드·금융 합병 모멘텀 임박...주가 반등은 신사업이 주도""",이투데이,이투데이,"Thu, 01 Oct 2026 22:34:00 GMT","Thu, 01 Oct 2026 22:34:00 GMT","하나證 ""네이버, 클라우드·금융 합병 모멘텀 임박...주가 반등은 신사업이 주도"" 이투데이",Google 뉴스가 전세계 매체로부터 종합한 최신 뉴스,30,meta_description_short,-103.0,meta_description_not_full_body,41.0,False,False,https://news.google.com/rss/articles/CBMiVEFVX3lxTE10TFFKYlA2VVNhNGN0QllIU3NxWG1QUlFzdnZqVlB6djhWUl9qY1ZXZjdPdjg5dm82bnFyVVppSnV2YmU4bDdwVElVeFN4c3NiQm5Ydw?oc=5,https://news.google.com/rss/articles/CBMiVEFVX3lxTE10TFFKYlA2VVNhNGN0QllIU3NxWG1QUlFzdnZqVlB6djhWUl9qY1ZXZjdPdjg5dm82bnFyVVppSnV2YmU4bDdwVElVeFN4c3NiQm5Ydw?oc=5&hl=ko&gl=KR&ceid=KR%3Ako,229.5,"financial_performance,strategy_mna_governance",financial_performance,,no_original_date_found,no_original_date_found_kept,0.0,-136.0,,0.0,global_incident:mna_capital:naver:mna_capital:general,global_incident:mna_capital:naver:mna_capital,0.0,,,,issue_representative_attempt,I015,global_incident:mna_capital:naver:mna_capital,네이버,경쟁사/해외이슈,경쟁사_해외이슈,경쟁사_해외이슈,경쟁사_해외이슈,경쟁사/해외이슈,,
정부_국회,정부/국회,인공지능 산업 동향,데이터센터 배터리 시장 규모 및 전망 보고서 2026~2035년,Global Market Insights Inc.,Global Market Insights Inc.,"Thu, 01 Oct 2026 09:05:17 GMT","Thu, 01 Oct 2026 09:05:17 GMT",데이터센터 배터리 시장 규모 및 전망 보고서 2026~2035년 Global Market Insights Inc.,Google 뉴스가 전세계 매체로부터 종합한 최신 뉴스,30,meta_description_short,-103.0,meta_description_not_full_body,-35.5,False,False,https://news.google.com/rss/articles/CBMif0FVX3lxTE40dEdLMEdlLTV0WGYwLUprWkRXZXpQd0VGRS1uX3F3d1kwdmdvUncyQUpGVG8zZXJJYW05bjRFNkstZ0FBOTZ3dnBNa251cE9XN1hlX2g5OXZKTjlfeHNNdmRLMDZMaGR4VUY5em5vM0F3M3hWRXBjSHVYYWYxNGM?oc=5,https://news.google.com/rss/articles/CBMif0FVX3lxTE40dEdLMEdlLTV0WGYwLUprWkRXZXpQd0VGRS1uX3F3d1kwdmdvUncyQUpGVG8zZXJJYW05bjRFNkstZ0FBOTZ3dnBNa251cE9XN1hlX2g5OXZKTjlfeHNNdmRLMDZMaGR4VUY5em5vM0F3M3hWRXBjSHVYYWYxNGM?oc=5&hl=ko&gl=KR&ceid=KR%3Ako,75.5,ai_infrastructure_security,ai_infrastructure_security,,no_original_date_found,no_original_date_found_kept,0.0,-189.55,,0.0,,,-18.0,,,,issue_representative_attempt,I032,government_ai_core_policy:데이터센터 배터리 시장 규모 및 전망 보고서 2026 2035년,인공지능 산업 동향,산업동향,산업동향,경쟁사_해외이슈,정부_국회,정부/국회,,
경쟁사_해외이슈,경쟁사/해외이슈,구글,구글 AI칩 우주로…'우주 데이터센터' 첫 궤도 실험,뉴시스,뉴시스,"Thu, 01 Oct 2026 22:42:12 GMT","Thu, 01 Oct 2026 22:42:12 GMT",구글 AI칩 우주로…'우주 데이터센터' 첫 궤도 실험 뉴시스,Google 뉴스가 전세계 매체로부터 종합한 최신 뉴스,30,meta_description_short,-103.0,meta_description_not_full_body,16.5,False,False,https://news.google.com/rss/articles/CBMieEFVX3lxTE1Edi0xXzBtUXVqTV96azFPVmVEd1pyVjN1MlBadUtPUzdyVEdLWVZ1cmMyQlZxOE12QmlEajNwcGJQQzRJRTlSX1dvUEpWLVRtV05tSG52RDRfaXRkMy1vUGdfSUZtTHJNYjM3TDdONElfTHhfMUQzctIBeEFVX3lxTE1Edi0xXzBtUXVqTV96azFPVmVEd1pyVjN1MlBadUtPUzdyVEdLWVZ1cmMyQlZxOE12QmlEajNwcGJQQzRJRTlSX1dvUEpWLVRtV05tSG52RDRfaXRkMy1vUGdfSUZtTHJNYjM3TDdONElfTHhfMUQzcg?oc=5,https://news.google.com/rss/articles/CBMieEFVX3lxTE1Edi0xXzBtUXVqTV96azFPVmVEd1pyVjN1MlBadUtPUzdyVEdLWVZ1cmMyQlZxOE12QmlEajNwcGJQQzRJRTlSX1dvUEpWLVRtV05tSG52RDRfaXRkMy1vUGdfSUZtTHJNYjM3TDdONElfTHhfMUQzctIBeEFVX3lxTE1Edi0xXzBtUXVqTV96azFPVmVEd1pyVjN1MlBadUtPUzdyVEdLWVZ1cmMyQlZxOE12QmlEajNwcGJQQzRJRTlSX1dvUEpWLVRtV05tSG52RDRfaXRkMy1vUGdfSUZtTHJNYjM3TDdONElfTHhfMUQzcg?oc=5&hl=ko&gl=KR&ceid=KR%3Ako,215.5,ai_infrastructure_security,ai_infrastructure_security,,no_original_date_found,no_original_date_found_kept,0.0,-139.15,,0.0,,,0.0,,,,issue_representative_attempt,I037,comp_overseas_regulation_data:구글 ai칩 우주로 우주 데이터센터 첫 궤도 실험,구글,경쟁사/해외이슈,경쟁사_해외이슈,경쟁사_해외이슈,경쟁사_해외이슈,경쟁사/해외이슈,,
경쟁사_해외이슈,경쟁사/해외이슈,구글,구글 AI칩 우주로…'우주 데이터센터' 첫 궤도 실험,파이낸셜뉴스,파이낸셜뉴스,"Thu, 01 Oct 2026 22:43:10 GMT","Thu, 01 Oct 2026 22:43:10 GMT",구글 AI칩 우주로…'우주 데이터센터' 첫 궤도 실험 파이낸셜뉴스,Google 뉴스가 전세계 매체로부터 종합한 최신 뉴스,30,meta_description_short,-103.0,meta_description_not_full_body,16.5,False,False,https://news.google.com/rss/articles/CBMiWkFVX3lxTE1RaDNIaHNrUGJqT0ZETU1xamdhQ0QwejN5NUkxSXBpZHM0RWVDR3VjQVhVUWdEdWdibXRmbmEwQTFtMFdTTDYwSmpON2VTWVQ1ZXJ4QV9tYnFHQQ?oc=5,https://news.google.com/rss/articles/CBMiWkFVX3lxTE1RaDNIaHNrUGJqT0ZETU1xamdhQ0QwejN5NUkxSXBpZHM0RWVDR3VjQVhVUWdEdWdibXRmbmEwQTFtMFdTTDYwSmpON2VTWVQ1ZXJ4QV9tYnFHQQ?oc=5&hl=ko&gl=KR&ceid=KR%3Ako,214.5,ai_infrastructure_security,ai_infrastructure_security,,no_original_date_found,no_original_date_found_kept,0.0,-144.15,,0.0,,,0.0,,,,issue_representative_attempt,I037,comp_overseas_regulation_data:구글 ai칩 우주로 우주 데이터센터 첫 궤도 실험,구글,경쟁사/해외이슈,경쟁사_해외이슈,경쟁사_해외이슈,경쟁사_해외이슈,경쟁사/해외이슈,,
경쟁사_해외이슈,경쟁사/해외이슈,구글,"구글, 우주 데이터센터 첫 궤도 실험…TPU 실은 위성 발사 성공",헤럴드경제,헤럴드경제,"Thu, 01 Oct 2026 21:58:34 GMT","Thu, 01 Oct 2026 21:58:34 GMT","구글, 우주 데이터센터 첫 궤도 실험…TPU 실은 위성 발사 성공 헤럴드경제",Google 뉴스가 전세계 매체로부터 종합한 최신 뉴스,30,meta_description_short,-103.0,meta_description_not_full_body,16.5,False,False,https://news.google.com/rss/articles/CBMiVkFVX3lxTE15bTg1Z1lNMzE1YjVpSWFGT29BNzFrSWxXRm5fY1NSZ2lhQ2o0MDlCSkFFcEpmZFBrSmNrbzFSa1QzSGZLYngtRUlCTDZsRk5yVFF3SUdB?oc=5,https://news.google.com/rss/articles/CBMiVkFVX3lxTE15bTg1Z1lNMzE1YjVpSWFGT29BNzFrSWxXRm5fY1NSZ2lhQ2o0MDlCSkFFcEpmZFBrSmNrbzFSa1QzSGZLYngtRUlCTDZsRk5yVFF3SUdB?oc=5&hl=ko&gl=KR&ceid=KR%3Ako,214.5,ai_infrastructure_security,ai_infrastructure_security,,no_original_date_found,no_original_date_found_kept,0.0,-144.15,,0.0,,,0.0,,,,issue_representative_attempt,I038,comp_overseas_regulation_data:구글 우주 데이터센터 첫 궤도 실험 tpu 실은 위성 발사 성공,구글,경쟁사/해외이슈,경쟁사_해외이슈,경쟁사_해외이슈,경쟁사_해외이슈,경쟁사/해외이슈,,
경쟁사_해외이슈,경쟁사/해외이슈,구글,"구글, 우주 데이터센터 첫 궤도 실험…TPU 실은 위성 발사 성공",매일경제 마켓,매일경제 마켓,"Thu, 01 Oct 2026 21:40:58 GMT","Thu, 01 Oct 2026 21:40:58 GMT","구글, 우주 데이터센터 첫 궤도 실험…TPU 실은 위성 발사 성공 매일경제 마켓",Google 뉴스가 전세계 매체로부터 종합한 최신 뉴스,30,meta_description_short,-103.0,meta_description_not_full_body,16.5,False,False,https://news.google.com/rss/articles/CBMiUkFVX3lxTE5lc29mZDRnRzYwc3N6Z2IwQzFSdnhwUlhzcDRLNVpnUXFNUDRuLXNIWE10dEdnb2VOcFlPeHhkZTJPa01KUWE3cnE4TU11N2NfRGc?oc=5,https://news.google.com/rss/articles/CBMiUkFVX3lxTE5lc29mZDRnRzYwc3N6Z2IwQzFSdnhwUlhzcDRLNVpnUXFNUDRuLXNIWE10dEdnb2VOcFlPeHhkZTJPa01KUWE3cnE4TU11N2NfRGc?oc=5&hl=ko&gl=KR&ceid=KR%3Ako,212.5,ai_infrastructure_security,ai_infrastructure_security,,no_original_date_found,no_original_date_found_kept,0.0,-148.65,,0.0,,,0.0,,,,issue_representative_attempt,I038,comp_overseas_regulation_data:구글 우주 데이터센터 첫 궤도 실험 tpu 실은 위성 발사 성공,구글,경쟁사/해외이슈,경쟁사_해외이슈,경쟁사_해외이슈,경쟁사_해외이슈,경쟁사/해외이슈,,
경쟁사_해외이슈,경쟁사/해외이슈,구글,"구글, 우주 데이터센터 첫 궤도 실험…전력난·주민 반발 속 AI 서버 우주로",조선일보,조선일보,"Fri, 02 Oct 2026 00:59:00 GMT","Fri, 02 Oct 2026 00:59:00 GMT","구글, 우주 데이터센터 첫 궤도 실험…전력난·주민 반발 속 AI 서버 우주로 조선일보",Google 뉴스가 전세계 매체로부터 종합한 최신 뉴스,30,meta_description_short,-103.0,meta_description_not_full_body,16.5,False,False,https://news.google.com/rss/articles/CBMigwFBVV95cUxNczVJWjJJTjJxNXJOWlJfbkJoMi1VN2RxRTRHQ1hZbTVPWk5UVWpkOWczQkh2Q3lrQ2tseFlKTVpOS1VoTXBSeWJEdHA1b2stZXY4Vk42OEFNRTUyM1QyRE9tZGlka0tlQzVBNGJ0eVhuaW8xaHVGX2xic1h2aXFjeUhlVQ?oc=5,https://news.google.com/rss/articles/CBMigwFBVV95cUxNczVJWjJJTjJxNXJOWlJfbkJoMi1VN2RxRTRHQ1hZbTVPWk5UVWpkOWczQkh2Q3lrQ2tseFlKTVpOS1VoTXBSeWJEdHA1b2stZXY4Vk42OEFNRTUyM1QyRE9tZGlka0tlQzVBNGJ0eVhuaW8xaHVGX2xic1h2aXFjeUhlVQ?oc=5&hl=ko&gl=KR&ceid=KR%3Ako,217.5,ai_infrastructure_security,ai_infrastructure_security,,no_original_date_found,no_original_date_found_kept,0.0,-142.15,,0.0,,,0.0,,,,issue_representative_attempt,I040,comp_overseas_regulation_data:구글 우주 데이터센터 첫 궤도 실험 전력난 주민 반발 속 ai 서버 우주로,구글,경쟁사/해외이슈,경쟁사_해외이슈,경쟁사_해외이슈,경쟁사_해외이슈,경쟁사/해외이슈,,
경쟁사_해외이슈,경쟁사/해외이슈,구글,"구글, 우주에 AI 칩 쏘아 올렸다…'우주 데이터센터' 궤도 시험 착수",뉴시스,뉴시스,"Fri, 02 Oct 2026 01:30:05 GMT","Fri, 02 Oct 2026 01:30:05 GMT","구글, 우주에 AI 칩 쏘아 올렸다…'우주 데이터센터' 궤도 시험 착수 뉴시스",Google 뉴스가 전세계 매체로부터 종합한 최신 뉴스,30,meta_description_short,-103.0,meta_description_not_full_body,16.5,False,False,https://news.google.com/rss/articles/CBMiYEFVX3lxTE1uc19rdEFaSDZJOG12SjhiRFIyU2hwMkVjU0wtZTFRVUM4MDA5ek81Z01YYS01SUZCVzZWdnNXNVBmYndHMm9sMWd2TUZYTDJWRnoxOEV5S1Btdk1ueURZTNIBeEFVX3lxTE5iZEJVRk1SV29HaUxrdDhzZVhGb25nUXRjMjdsWFBKTGg0cWZJSkNLbkQzNGplM25xVkhCeXh4OTRrTEJCVXh2bHA2Ny16eVNtR09JdUFVZHBJcEZLcnZxY1EydXZZaXBPeG1BeXFrNVMxT1NMSjBsNA?oc=5,https://news.google.com/rss/articles/CBMiYEFVX3lxTE1uc19rdEFaSDZJOG12SjhiRFIyU2hwMkVjU0wtZTFRVUM4MDA5ek81Z01YYS01SUZCVzZWdnNXNVBmYndHMm9sMWd2TUZYTDJWRnoxOEV5S1Btdk1ueURZTNIBeEFVX3lxTE5iZEJVRk1SV29HaUxrdDhzZVhGb25nUXRjMjdsWFBKTGg0cWZJSkNLbkQzNGplM25xVkhCeXh4OTRrTEJCVXh2bHA2Ny16eVNtR09JdUFVZHBJcEZLcnZxY1EydXZZaXBPeG1BeXFrNVMxT1NMSjBsNA?oc=5&hl=ko&gl=KR&ceid=KR%3Ako,215.5,ai_infrastructure_security,ai_infrastructure_security,,no_original_date_found,no_original_date_found_kept,0.0,-139.15,,0.0,,,0.0,,,,issue_representative_attempt,I041,comp_overseas_regulation_data:구글 우주에 ai 칩 쏘아 올렸다 우주 데이터센터 궤도 시험 착수,구글,경쟁사/해외이슈,경쟁사_해외이슈,경쟁사_해외이슈,경쟁사_해외이슈,경쟁사/해외이슈,,
경쟁사_해외이슈,경쟁사/해외이슈,구글,"구글, AI 칩 탑재 위성 궤도 발사…`우주 데이터센터` 첫 시험",디지털데일리,디지털데일리,"Thu, 01 Oct 2026 21:06:00 GMT","Thu, 01 Oct 2026 21:06:00 GMT","구글, AI 칩 탑재 위성 궤도 발사…`우주 데이터센터` 첫 시험 디지털데일리",Google 뉴스가 전세계 매체로부터 종합한 최신 뉴스,30,meta_description_short,-103.0,meta_description_not_full_body,16.5,False,False,https://news.google.com/rss/articles/CBMiZEFVX3lxTE9WX0J5ZDRBZ3h4OTExQkhiWGdodFdFY0ZSS1gweFdfYndIVmI0cl9vdlp2TlZWa01PekFIZk5lWWs2c05kNEFMVFBWYWd3ME0wQzliaEFlaEQxcjJvcEJROU5ocTg?oc=5,https://news.google.com/rss/articles/CBMiZEFVX3lxTE9WX0J5ZDRBZ3h4OTExQkhiWGdodFdFY0ZSS1gweFdfYndIVmI0cl9vdlp2TlZWa01PekFIZk5lWWs2c05kNEFMVFBWYWd3ME0wQzliaEFlaEQxcjJvcEJROU5ocTg?oc=5&hl=ko&gl=KR&ceid=KR%3Ako,213.5,ai_infrastructure_security,ai_infrastructure_security,,no_original_date_found,no_original_date_found_kept,0.0,-141.15,,0.0,,,0.0,,,,issue_representative_attempt,I042,comp_overseas_regulation_data:구글 ai 칩 탑재 위성 궤도 발사 우주 데이터센터 첫 시험,구글,경쟁사/해외이슈,경쟁사_해외이슈,경쟁사_해외이슈,경쟁사_해외이슈,경쟁사/해외이슈,,
경쟁사_해외이슈,경쟁사/해외이슈,구글,궤도로 AI칩 처음 보낸 구글...우주 데이터센터 시험 나섰다,초이스경제,초이스경제,"Thu, 01 Oct 2026 23:45:55 GMT","Thu, 01 Oct 2026 23:45:55 GMT",궤도로 AI칩 처음 보낸 구글...우주 데이터센터 시험 나섰다 초이스경제,Google 뉴스가 전세계 매체로부터 종합한 최신 뉴스,30,meta_description_short,-103.0,meta_description_not_full_body,16.5,False,False,https://news.google.com/rss/articles/CBMicEFVX3lxTFB2N2pjSXNFby13cDNMNEVOb0JCTmtZOEpMNGcybkdaQllVaXBaTEVvM09Id3JhOVprTjdoR1lxR2xCMnhONEQwX2xXaVJxbzFBYkgtcm5hVDhmcGdWVVpKa3lKSjZvZDRjUkpIbUZXX2zSAXNBVV95cUxNdW5wQVlaOUJZNmw4UVFBQ2VmUG5iUTgxVG40WXdJZ3JqSXl5WjUwUU1MZnl5bm5vSmp2WVEwRjlmODFNSWt0NGNBVG9ya2VnS0FOUlFZclU5SlhJWUZDd0NyMG4xWERZaW1CQ1RFajBxeU9R?oc=5,https://news.google.com/rss/articles/CBMicEFVX3lxTFB2N2pjSXNFby13cDNMNEVOb0JCTmtZOEpMNGcybkdaQllVaXBaTEVvM09Id3JhOVprTjdoR1lxR2xCMnhONEQwX2xXaVJxbzFBYkgtcm5hVDhmcGdWVVpKa3lKSjZvZDRjUkpIbUZXX2zSAXNBVV95cUxNdW5wQVlaOUJZNmw4UVFBQ2VmUG5iUTgxVG40WXdJZ3JqSXl5WjUwUU1MZnl5bm5vSmp2WVEwRjlmODFNSWt0NGNBVG9ya2VnS0FOUlFZclU5SlhJWUZDd0NyMG4xWERZaW1CQ1RFajBxeU9R?oc=5&hl=ko&gl=KR&ceid=KR%3Ako,211.5,ai_infrastructure_security,ai_infrastructure_security,,no_original_date_found,no_original_date_found_kept,0.0,-153.15,,0.0,,,0.0,,,,issue_representative_attempt,I043,comp_overseas_regulation_data:궤도로 ai칩 처음 보낸 구글 우주 데이터센터 시험 나섰다,구글,경쟁사/해외이슈,경쟁사_해외이슈,경쟁사_해외이슈,경쟁사_해외이슈,경쟁사/해외이슈,,
경쟁사_해외이슈,경쟁사/해외이슈,구글,구글 TPU 실은 위성 우주로...빅테크 ‘우주 데이터센터’ 경쟁 본격화,M이코노미뉴스,M이코노미뉴스,"Thu, 01 Oct 2026 22:43:28 GMT","Thu, 01 Oct 2026 22:43:28 GMT",구글 TPU 실은 위성 우주로...빅테크 ‘우주 데이터센터’ 경쟁 본격화 M이코노미뉴스,Google 뉴스가 전세계 매체로부터 종합한 최신 뉴스,30,meta_description_short,-103.0,meta_description_not_full_body,16.5,False,False,https://news.google.com/rss/articles/CBMiZ0FVX3lxTE9CdHdncGdaWHY1cFpUVWNOWXd1VUhlSWlSaHRpRVdZN0x5NXN2ME53dHZiMi0wMnpOSmpGODNoOXNKRGlJN1pmdVZFNDRzUVlxMzJoMF93WW8yZjJiX3VRYjFjSmJvWDA?oc=5,https://news.google.com/rss/articles/CBMiZ0FVX3lxTE9CdHdncGdaWHY1cFpUVWNOWXd1VUhlSWlSaHRpRVdZN0x5NXN2ME53dHZiMi0wMnpOSmpGODNoOXNKRGlJN1pmdVZFNDRzUVlxMzJoMF93WW8yZjJiX3VRYjFjSmJvWDA?oc=5&hl=ko&gl=KR&ceid=KR%3Ako,211.5,ai_infrastructure_security,ai_infrastructure_security,,no_original_date_found,no_original_date_found_kept,0.0,-153.15,,0.0,,,0.0,,,,issue_representative_attempt,I044,comp_overseas_regulation_data:구글 tpu 실은 위성 우주로 빅테크 우주 데이터센터 경쟁 본격화,구글,경쟁사/해외이슈,경쟁사_해외이슈,경쟁사_해외이슈,경쟁사_해외이슈,경쟁사/해외이슈,,
경쟁사_해외이슈,경쟁사/해외이슈,구글,"구글, 우주 데이터센터 궤도 실험 착수...첫 위성 발사 성공",YTN,YTN,"Thu, 01 Oct 2026 22:29:00 GMT","Thu, 01 Oct 2026 22:29:00 GMT","구글, 우주 데이터센터 궤도 실험 착수...첫 위성 발사 성공 YTN",Google 뉴스가 전세계 매체로부터 종합한 최신 뉴스,30,meta_description_short,-103.0,meta_description_not_full_body,16.5,False,False,https://news.google.com/rss/articles/CBMidkFVX3lxTE1lT1oxQ2VDNjdIYVpMVVEyQmk1UHZBb3BuclJNT25fMWtjbWxjZUxqS2JtdnJ0SW9WTUdFOXpnQUZJVi13Vi15cUNWUlc0cnc1RlU3MGZPMHpqSFc1Wlk1M1pvSHIyNXBjbGIxeGxMUG40LXROMnc?oc=5,https://news.google.com/rss/articles/CBMidkFVX3lxTE1lT1oxQ2VDNjdIYVpMVVEyQmk1UHZBb3BuclJNT25fMWtjbWxjZUxqS2JtdnJ0SW9WTUdFOXpnQUZJVi13Vi15cUNWUlc0cnc1RlU3MGZPMHpqSFc1Wlk1M1pvSHIyNXBjbGIxeGxMUG40LXROMnc?oc=5&hl=ko&gl=KR&ceid=KR%3Ako,211.5,ai_infrastructure_security,ai_infrastructure_security,,no_original_date_found,no_original_date_found_kept,0.0,-153.15,,0.0,,,0.0,,,,issue_representative_attempt,I045,comp_overseas_regulation_data:구글 우주 데이터센터 궤도 실험 착수 첫 위성 발사 성공,구글,경쟁사/해외이슈,경쟁사_해외이슈,경쟁사_해외이슈,경쟁사_해외이슈,경쟁사/해외이슈,,
경쟁사_해외이슈,경쟁사/해외이슈,구글,"구글·스타트업, 우주 태양광 전력 전송·데이터센터 실험 착수",글로벌이코노믹,글로벌이코노믹,"Thu, 01 Oct 2026 21:57:04 GMT","Thu, 01 Oct 2026 21:57:04 GMT","구글·스타트업, 우주 태양광 전력 전송·데이터센터 실험 착수 글로벌이코노믹",Google 뉴스가 전세계 매체로부터 종합한 최신 뉴스,30,meta_description_short,-103.0,meta_description_not_full_body,16.5,False,False,https://news.google.com/rss/articles/CBMiiAFBVV95cUxPaHhPb2YyZDA2WWhTdW5sYXlXR1hGamZGRlV1SjlhZWdMV21uNzUwVUZya0lXb3JUZFZDYU11YXhXUVZZeFUwWEdHTGVwSm1NT2lVTzB6Xzktd1JyN2NQc3F2ZFNTRTVBRmVlQXJpUnFlak5wWlg2a3Y2aHg0RzJZa0FpLU9wNWYx?oc=5,https://news.google.com/rss/articles/CBMiiAFBVV95cUxPaHhPb2YyZDA2WWhTdW5sYXlXR1hGamZGRlV1SjlhZWdMV21uNzUwVUZya0lXb3JUZFZDYU11YXhXUVZZeFUwWEdHTGVwSm1NT2lVTzB6Xzktd1JyN2NQc3F2ZFNTRTVBRmVlQXJpUnFlak5wWlg2a3Y2aHg0RzJZa0FpLU9wNWYx?oc=5&hl=ko&gl=KR&ceid=KR%3Ako,211.5,ai_infrastructure_security,ai_infrastructure_security,,no_original_date_found,no_original_date_found_kept,0.0,-153.15,,0.0,,,0.0,,,,issue_representative_attempt,I046,comp_overseas_regulation_data:구글 스타트업 우주 태양광 전력 전송 데이터센터 실험 착수,구글,경쟁사/해외이슈,경쟁사_해외이슈,경쟁사_해외이슈,경쟁사_해외이슈,경쟁사/해외이슈,,
경쟁사_해외이슈,경쟁사/해외이슈,구글,"우주의 신비|구글 TPU, 스페이스X 로켓에 실어 발사… ‘우주 데이터센터’ 첫 궤도 실험",ZUM 뉴스,ZUM 뉴스,"Fri, 02 Oct 2026 02:06:49 GMT","Fri, 02 Oct 2026 02:06:49 GMT","우주의 신비|구글 TPU, 스페이스X 로켓에 실어 발사… ‘우주 데이터센터’ 첫 궤도 실험 ZUM 뉴스",Google 뉴스가 전세계 매체로부터 종합한 최신 뉴스,30,meta_description_short,-103.0,meta_description_not_full_body,16.5,False,False,https://news.google.com/rss/articles/CBMigwFBVV95cUxOTlZQUV9sWUVYXzd1TG14V0kydjBnRTM1cmJVNlBVUjc5LVJxMkFZM3VJQTl1QTBaT050d1Q4MDZSaUxpOEgydThTZjVpbDUtTHc4OG1LcG9qWFpxTmpyX3UwTnk1dk9Vc3c5cVFIOHRrbWtwY1pxMlhUTVcxZFAzXzBnbw?oc=5,https://news.google.com/rss/articles/CBMigwFBVV95cUxOTlZQUV9sWUVYXzd1TG14V0kydjBnRTM1cmJVNlBVUjc5LVJxMkFZM3VJQTl1QTBaT050d1Q4MDZSaUxpOEgydThTZjVpbDUtTHc4OG1LcG9qWFpxTmpyX3UwTnk1dk9Vc3c5cVFIOHRrbWtwY1pxMlhUTVcxZFAzXzBnbw?oc=5&hl=ko&gl=KR&ceid=KR%3Ako,211.5,ai_infrastructure_security,ai_infrastructure_security,,no_original_date_found,no_original_date_found_kept,0.0,-153.15,,0.0,,,0.0,,,,issue_representative_attempt,I047,comp_overseas_regulation_data:우주의 신비 구글 tpu 스페이스x 로켓에 실어 발사 우주 데이터센터 첫 궤도 실험,구글,경쟁사/해외이슈,경쟁사_해외이슈,경쟁사_해외이슈,경쟁사_해외이슈,경쟁사/해외이슈,,
경쟁사_해외이슈,경쟁사/해외이슈,구글,"구글 TPU, 스페이스X 로켓에 실어 발사… ‘우주 데이터센터’ 첫 궤도 실험 - 조선비즈",Chosunbiz,Chosunbiz,"Fri, 02 Oct 2026 02:06:00 GMT","Fri, 02 Oct 2026 02:06:00 GMT","구글 TPU, 스페이스X 로켓에 실어 발사… ‘우주 데이터센터’ 첫 궤도 실험 - 조선비즈 Chosunbiz",Google 뉴스가 전세계 매체로부터 종합한 최신 뉴스,30,meta_description_short,-103.0,meta_description_not_full_body,16.5,False,False,https://news.google.com/rss/articles/CBMilgFBVV95cUxQWEZCRmtmZW1VakhFeTlxNUtvQk1MWWNTZVZtNTl1UkZoVGlBSks4dFpBWDZqWHoyUnBRdjREZXh3aE1DdFJ5QlkzZHF3ZWgtR0xTNU42bVhKMW0wT3M4b3BuM2dqeGFIa25hSUlzQXB1WkhWQmpLRlJTNlJMQzJIQ0RoUGFLNVRPTVI0Z0pJNGpHOTREUXfSAZYBQVVfeXFMUFhGQkZrZmVtVWpIRXk5cTVLb0JNTFljU2VWbTU5dVJGaFRpQUpLOHRaQVg2alh6MlJwUXY0RGV4d2hNQ3RSeUJZM2Rxd2VoLUdMUzVONm1YSjFtME9zOG9wbjNnanhhSGtuYUlJc0FwdVpIVkJqS0ZSUzZSTEMySENEaFBhSzVUT01SNGdKSTRqRzk0RFF3?oc=5,https://news.google.com/rss/articles/CBMilgFBVV95cUxQWEZCRmtmZW1VakhFeTlxNUtvQk1MWWNTZVZtNTl1UkZoVGlBSks4dFpBWDZqWHoyUnBRdjREZXh3aE1DdFJ5QlkzZHF3ZWgtR0xTNU42bVhKMW0wT3M4b3BuM2dqeGFIa25hSUlzQXB1WkhWQmpLRlJTNlJMQzJIQ0RoUGFLNVRPTVI0Z0pJNGpHOTREUXfSAZYBQVVfeXFMUFhGQkZrZmVtVWpIRXk5cTVLb0JNTFljU2VWbTU5dVJGaFRpQUpLOHRaQVg2alh6MlJwUXY0RGV4d2hNQ3RSeUJZM2Rxd2VoLUdMUzVONm1YSjFtME9zOG9wbjNnanhhSGtuYUlJc0FwdVpIVkJqS0ZSUzZSTEMySENEaFBhSzVUT01SNGdKSTRqRzk0RFF3?oc=5&hl=ko&gl=KR&ceid=KR%3Ako,211.5,ai_infrastructure_security,ai_infrastructure_security,,no_original_date_found,no_original_date_found_kept,0.0,-153.15,,0.0,,,0.0,,,,issue_representative_attempt,I048,comp_overseas_regulation_data:구글 tpu 스페이스x 로켓에 실어 발사 우주 데이터센터 첫 궤도 실험,구글,경쟁사/해외이슈,경쟁사_해외이슈,경쟁사_해외이슈,경쟁사_해외이슈,경쟁사/해외이슈,,
경쟁사_해외이슈,경쟁사/해외이슈,구글,"구글 TPU 위성 발사…""우주 데이터센터엔 스타십 1,800회 필요""",AI 매터스,AI 매터스,"Fri, 02 Oct 2026 00:41:52 GMT","Fri, 02 Oct 2026 00:41:52 GMT","구글 TPU 위성 발사…""우주 데이터센터엔 스타십 1,800회 필요"" AI 매터스",Google 뉴스가 전세계 매체로부터 종합한 최신 뉴스,30,meta_description_short,-103.0,meta_description_not_full_body,16.5,False,False,https://news.google.com/rss/articles/CBMiVEFVX3lxTE9PbzRVRjJ5ZVFrOGJrekRpUFNhc1VUX3R4ZmNOVUo1OFp4cVR4MEJnRDlWeXNhc0F2Zm8yQXBYY1FWV1NUZGdSZnhxZUthTzRBN081Vw?oc=5,https://news.google.com/rss/articles/CBMiVEFVX3lxTE9PbzRVRjJ5ZVFrOGJrekRpUFNhc1VUX3R4ZmNOVUo1OFp4cVR4MEJnRDlWeXNhc0F2Zm8yQXBYY1FWV1NUZGdSZnhxZUthTzRBN081Vw?oc=5&hl=ko&gl=KR&ceid=KR%3Ako,211.5,ai_infrastructure_security,ai_infrastructure_security,,no_original_date_found,no_original_date_found_kept,0.0,-153.15,,0.0,,,0.0,,,,issue_representative_attempt,I049,comp_overseas_regulation_data:구글 tpu 위성 발사 우주 데이터센터엔 스타십 1 800회 필요,구글,경쟁사/해외이슈,경쟁사_해외이슈,경쟁사_해외이슈,경쟁사_해외이슈,경쟁사/해외이슈,,
경쟁사_해외이슈,경쟁사/해외이슈,구글,"구글 AI칩 TPU, 스페이스X 로켓타고 우주로…우주데이터센터 첫걸음",한국경제,한국경제,"Thu, 01 Oct 2026 14:00:54 GMT","Thu, 01 Oct 2026 14:00:54 GMT","구글 AI칩 TPU, 스페이스X 로켓타고 우주로…우주데이터센터 첫걸음 한국경제",Google 뉴스가 전세계 매체로부터 종합한 최신 뉴스,30,meta_description_short,-103.0,meta_description_not_full_body,16.5,False,False,https://news.google.com/rss/articles/CBMiWkFVX3lxTE1VV1FobFBIVDQwY3J1cHB3VFlOV3ZxaVpOck13VlhlZlRTTWhXUF93UWFNVE9XbmdPbENtazB6NGljNEx0SU9WZ3UzYThUYmQ0LWtHTmZxQWNKQQ?oc=5,https://news.google.com/rss/articles/CBMiWkFVX3lxTE1VV1FobFBIVDQwY3J1cHB3VFlOV3ZxaVpOck13VlhlZlRTTWhXUF93UWFNVE9XbmdPbENtazB6NGljNEx0SU9WZ3UzYThUYmQ0LWtHTmZxQWNKQQ?oc=5&hl=ko&gl=KR&ceid=KR%3Ako,210.0,ai_infrastructure_security,ai_infrastructure_security,,no_original_date_found,no_original_date_found_kept,0.0,-142.15,,0.0,,,0.0,,,,issue_representative_attempt,I050,comp_overseas_regulation_data:구글 ai칩 tpu 스페이스x 로켓타고 우주로 우주데이터센터 첫걸음,구글,경쟁사/해외이슈,경쟁사_해외이슈,경쟁사_해외이슈,경쟁사_해외이슈,경쟁사/해외이슈,,
경쟁사_해외이슈,경쟁사/해외이슈,구글,구글 TPU 탑재 위성 궤도 진입…우주 데이터센터 첫 실험 : 기업·산업,재경일보,재경일보,"Thu, 01 Oct 2026 21:47:00 GMT","Thu, 01 Oct 2026 21:47:00 GMT",구글 TPU 탑재 위성 궤도 진입…우주 데이터센터 첫 실험 : 기업·산업 재경일보,Google 뉴스가 전세계 매체로부터 종합한 최신 뉴스,30,meta_description_short,-103.0,meta_description_not_full_body,16.5,False,False,https://news.google.com/rss/articles/CBMiS0FVX3lxTE9pRUMtMUlyN3NaRTkwMUxkU052dU9HNm5JMGhWeko3ellaU1B2UEdqZ0NYOUJSeGMzNlZSSVhWZDBoQ1FoZ1lPNTBpQQ?oc=5,https://news.google.com/rss/articles/CBMiS0FVX3lxTE9pRUMtMUlyN3NaRTkwMUxkU052dU9HNm5JMGhWeko3ellaU1B2UEdqZ0NYOUJSeGMzNlZSSVhWZDBoQ1FoZ1lPNTBpQQ?oc=5&hl=ko&gl=KR&ceid=KR%3Ako,209.5,ai_infrastructure_security,ai_infrastructure_security,,no_original_date_found,no_original_date_found_kept,0.0,-153.15,,0.0,,,0.0,,,,issue_representative_attempt,I051,comp_overseas_regulation_data:구글 tpu 탑재 위성 궤도 진입 우주 데이터센터 첫 실험 기업 산업,구글,경쟁사/해외이슈,경쟁사_해외이슈,경쟁사_해외이슈,경쟁사_해외이슈,경쟁사/해외이슈,,
경쟁사_해외이슈,경쟁사/해외이슈,메타,"""데이터센터는 실험시설""…메타 수십억달러 세액공제 받아",연합뉴스,연합뉴스,"Thu, 01 Oct 2026 01:58:41 GMT","Thu, 01 Oct 2026 01:58:41 GMT","""데이터센터는 실험시설""…메타 수십억달러 세액공제 받아 연합뉴스",Google 뉴스가 전세계 매체로부터 종합한 최신 뉴스,30,meta_description_short,-103.0,meta_description_not_full_body,16.5,False,False,https://news.google.com/rss/articles/CBMiYEFVX3lxTE11M3Q4RXhKTFZzajhYWkxUblZmcnYtWlpaVmpZdzhzTWptaG82QmxCd0ZUaXpyN3BXX2JEa3hYUWZvS0pTbVMwSWFDY2hTYW5BcUMwTGh3cHhsNVZ0dlpYYtIBYEFVX3lxTE11M3Q4RXhKTFZzajhYWkxUblZmcnYtWlpaVmpZdzhzTWptaG82QmxCd0ZUaXpyN3BXX2JEa3hYUWZvS0pTbVMwSWFDY2hTYW5BcUMwTGh3cHhsNVZ0dlpYYg?oc=5,https://news.google.com/rss/articles/CBMiYEFVX3lxTE11M3Q4RXhKTFZzajhYWkxUblZmcnYtWlpaVmpZdzhzTWptaG82QmxCd0ZUaXpyN3BXX2JEa3hYUWZvS0pTbVMwSWFDY2hTYW5BcUMwTGh3cHhsNVZ0dlpYYtIBYEFVX3lxTE11M3Q4RXhKTFZzajhYWkxUblZmcnYtWlpaVmpZdzhzTWptaG82QmxCd0ZUaXpyN3BXX2JEa3hYUWZvS0pTbVMwSWFDY2hTYW5BcUMwTGh3cHhsNVZ0dlpYYg?oc=5&hl=ko&gl=KR&ceid=KR%3Ako,206.5,ai_infrastructure_security,ai_infrastructure_security,,no_original_date_found,no_original_date_found_kept,0.0,-135.15,,0.0,,,0.0,,,,issue_representative_attempt,I052,comp_overseas_regulation_data:데이터센터는 실험시설 메타 수십억달러 세액공제 받아,메타,경쟁사/해외이슈,경쟁사_해외이슈,경쟁사_해외이슈,경쟁사_해외이슈,경쟁사/해외이슈,,
자사_및_계열사_이슈,자사 및 계열사 이슈,구글,‘우주 데이터센터’에 성큼? 구글 AI칩 실은 위성 발사 성공,v.daum.net,v.daum.net,"Fri, 02 Oct 2026 02:40:31 GMT","Fri, 02 Oct 2026 02:40:31 GMT",‘우주 데이터센터’에 성큼? 구글 AI칩 실은 위성 발사 성공 v.daum.net,Google 뉴스가 전세계 매체로부터 종합한 최신 뉴스,30,meta_description_short,-103.0,meta_description_not_full_body,-104.5,False,False,https://news.google.com/rss/articles/CBMiT0FVX3lxTE1EOS1CMjREUGgwdVdBM0xLeFVFLXpFUzFreGhQMHNlMmFBYWhqMEVjTEpFak9ac1VGbXdHbHI2MDl0cGZ1VThKTzc2Si12cU0?oc=5,https://news.google.com/rss/articles/CBMiT0FVX3lxTE1EOS1CMjREUGgwdVdBM0xLeFVFLXpFUzFreGhQMHNlMmFBYWhqMEVjTEpFak9ac1VGbXdHbHI2MDl0cGZ1VThKTzc2Si12cU0?oc=5&hl=ko&gl=KR&ceid=KR%3Ako,211.5,ai_infrastructure_security,ai_infrastructure_security,,no_original_date_found,no_original_date_found_kept,0.0,-237.85,,0.0,,,0.0,,,,issue_representative_attempt,I059,self_filler_reference:우주 데이터센터에 성큼 구글 ai칩 실은 위성 발사 성공,구글,경쟁사/해외이슈,경쟁사_해외이슈,경쟁사_해외이슈,자사_및_계열사_이슈,자사 및 계열사 이슈,,
자사_및_계열사_이슈,자사 및 계열사 이슈,구글,구글 AI칩 탑재 위성 발사…우주 데이터센터 시험 시작,v.daum.net,v.daum.net,"Fri, 02 Oct 2026 00:46:31 GMT","Fri, 02 Oct 2026 00:46:31 GMT",구글 AI칩 탑재 위성 발사…우주 데이터센터 시험 시작 v.daum.net,Google 뉴스가 전세계 매체로부터 종합한 최신 뉴스,30,meta_description_short,-103.0,meta_description_not_full_body,-104.5,False,False,https://news.google.com/rss/articles/CBMiT0FVX3lxTE5uN29fNGYzNWZDcGJRbzhLLU9mTVp4NFdQcm14MjF3b0dZZHZfbTBWWnYySEhUS2hYbHJ2Z3ZkaC1rNnNxTDQzb2ZKMUZUQm8?oc=5,https://news.google.com/rss/articles/CBMiT0FVX3lxTE5uN29fNGYzNWZDcGJRbzhLLU9mTVp4NFdQcm14MjF3b0dZZHZfbTBWWnYySEhUS2hYbHJ2Z3ZkaC1rNnNxTDQzb2ZKMUZUQm8?oc=5&hl=ko&gl=KR&ceid=KR%3Ako,211.5,ai_infrastructure_security,ai_infrastructure_security,,no_original_date_found,no_original_date_found_kept,0.0,-237.85,,0.0,,,0.0,,,,issue_representative_attempt,I060,self_filler_reference:구글 ai칩 탑재 위성 발사 우주 데이터센터 시험 시작,구글,경쟁사/해외이슈,경쟁사_해외이슈,경쟁사_해외이슈,자사_및_계열사_이슈,자사 및 계열사 이슈,,
자사_및_계열사_이슈,자사 및 계열사 이슈,구글,"우주로 간 인공지능…구글, 우주데이터센터 시험위성 첫 발사",v.daum.net,v.daum.net,"Fri, 02 Oct 2026 00:36:58 GMT","Fri, 02 Oct 2026 00:36:58 GMT","우주로 간 인공지능…구글, 우주데이터센터 시험위성 첫 발사 v.daum.net",Google 뉴스가 전세계 매체로부터 종합한 최신 뉴스,30,meta_description_short,-103.0,meta_description_not_full_body,-104.5,False,False,https://news.google.com/rss/articles/CBMiVEFVX3lxTE5Ta3YyVUU5dUh5ZDhpRXJlUmd6MEllcFBhOURVYVZWeFV6TENLVDg2YWNtNGpyQ0dCbHZDNmp1b3E1Q21EbURhaU16X3hCeUxRZmZqTw?oc=5,https://news.google.com/rss/articles/CBMiVEFVX3lxTE5Ta3YyVUU5dUh5ZDhpRXJlUmd6MEllcFBhOURVYVZWeFV6TENLVDg2YWNtNGpyQ0dCbHZDNmp1b3E1Q21EbURhaU16X3hCeUxRZmZqTw?oc=5&hl=ko&gl=KR&ceid=KR%3Ako,211.5,ai_infrastructure_security,ai_infrastructure_security,,no_original_date_found,no_original_date_found_kept,0.0,-237.85,,7.0,,,0.0,,,,issue_representative_attempt,I061,self_filler_reference:우주로 간 인공지능 구글 우주데이터센터 시험위성 첫 발사,구글,경쟁사/해외이슈,경쟁사_해외이슈,경쟁사_해외이슈,자사_및_계열사_이슈,자사 및 계열사 이슈,,
정부_국회,정부/국회,플랫폼 규제,美 빅테크 불러모은 트럼프…AI 자율규제·데이터센터 확대 강조,서울STV뉴스,서울STV뉴스,"Thu, 01 Oct 2026 00:44:37 GMT","Thu, 01 Oct 2026 00:44:37 GMT",美 빅테크 불러모은 트럼프…AI 자율규제·데이터센터 확대 강조 서울STV뉴스,Google 뉴스가 전세계 매체로부터 종합한 최신 뉴스,30,meta_description_short,-103.0,meta_description_not_full_body,-28.5,False,False,https://news.google.com/rss/articles/CBMiZ0FVX3lxTE05ZDZmSzZneW8ySS01b1lDenI0b3FsVUdzQWJlN3BDV1MtMDZpbjV3TGJPSGk5Nk8ySV9OaVRKYUF0Uk9nYVdFbU5MSGVYNktYeUNYRDVKMTl4LWYwWktCckNoYXVWVU0?oc=5,https://news.google.com/rss/articles/CBMiZ0FVX3lxTE05ZDZmSzZneW8ySS01b1lDenI0b3FsVUdzQWJlN3BDV1MtMDZpbjV3TGJPSGk5Nk8ySV9OaVRKYUF0Uk9nYVdFbU5MSGVYNktYeUNYRDVKMTl4LWYwWktCckNoYXVWVU0?oc=5&hl=ko&gl=KR&ceid=KR%3Ako,-134.0,"ai_infrastructure_security,policy_legislation",ai_infrastructure_security,,no_original_date_found,no_original_date_found_kept,0.0,-184.65,,0.0,,,0.0,,,,issue_representative_attempt,I063,government_ai_core_policy:빅테크 불러모은 트럼프 ai 자율규제 데이터센터 확대 강조,플랫폼 규제,정부/국회,정부_국회,경쟁사_해외이슈,정부_국회,정부/국회,,
자사_및_계열사_이슈,자사 및 계열사 이슈,카카오,"한국투자증권, 카카오그룹과 디지털자산 생태계 구축…“금융 역량과 플랫폼 결합”",헤럴드경제,헤럴드경제,"Thu, 01 Oct 2026 01:23:49 GMT","Thu, 01 Oct 2026 01:23:49 GMT","한국투자증권, 카카오그룹과 디지털자산 생태계 구축…“금융 역량과 플랫폼 결합” 헤럴드경제",Google 뉴스가 전세계 매체로부터 종합한 최신 뉴스,30,meta_description_short,-103.0,meta_description_not_full_body,47.0,False,False,https://news.google.com/rss/articles/CBMiVkFVX3lxTE8yaE55Y3llSUVmb29fOXdseDZfeWw5X0J6XzBEM0VtQnpydTdmVGZGNE1zVEwtV201cHl3UDh3YVBNdVFvWDJSRHJxanJIRkE3dmd3NmRB?oc=5,https://news.google.com/rss/articles/CBMiVkFVX3lxTE8yaE55Y3llSUVmb29fOXdseDZfeWw5X0J6XzBEM0VtQnpydTdmVGZGNE1zVEwtV201cHl3UDh3YVBNdVFvWDJSRHJxanJIRkE3dmd3NmRB?oc=5&hl=ko&gl=KR&ceid=KR%3Ako,81.3,"digital_asset_stablecoin,market_power_platform",digital_asset_stablecoin,,no_original_date_found,no_original_date_found_kept,0.0,-122.8,,0.0,global_incident:platform_regulation:kakao:platform_regulation:general,global_incident:platform_regulation:kakao:platform_regulation,0.0,,,,issue_representative_attempt,I072,global_incident:platform_regulation:kakao:platform_regulation,카카오,자사 및 계열사 이슈,자사_및_계열사_이슈,자사_및_계열사_이슈,자사_및_계열사_이슈,자사 및 계열사 이슈,,
자사_및_계열사_이슈,자사 및 계열사 이슈,카카오,"한국투자증권, 카카오그룹과 '디지털자산 동맹' 맺었다…금융·플랫폼 시너지 정조준",이투데이,이투데이,"Thu, 01 Oct 2026 01:22:00 GMT","Thu, 01 Oct 2026 01:22:00 GMT","한국투자증권, 카카오그룹과 '디지털자산 동맹' 맺었다…금융·플랫폼 시너지 정조준 이투데이",Google 뉴스가 전세계 매체로부터 종합한 최신 뉴스,30,meta_description_short,-103.0,meta_description_not_full_body,47.0,False,False,https://news.google.com/rss/articles/CBMiVEFVX3lxTE5sand4REh3TlpVLWJDQTVnR1ZYVWZGMFNIcmFIUHoyR1o1SF94MmxzZWhaMEpwSVZLZ2Zmb0hhVFNma0MyWmFYZWlma0FVSGNLMnNIXw?oc=5,https://news.google.com/rss/articles/CBMiVEFVX3lxTE5sand4REh3TlpVLWJDQTVnR1ZYVWZGMFNIcmFIUHoyR1o1SF94MmxzZWhaMEpwSVZLZ2Zmb0hhVFNma0MyWmFYZWlma0FVSGNLMnNIXw?oc=5&hl=ko&gl=KR&ceid=KR%3Ako,78.3,"digital_asset_stablecoin,market_power_platform",digital_asset_stablecoin,,no_original_date_found,no_original_date_found_kept,0.0,-131.8,,0.0,global_incident:platform_regulation:kakao:platform_regulation:general,global_incident:platform_regulation:kakao:platform_regulation,0.0,,,,issue_representative_attempt,I072,global_incident:platform_regulation:kakao:platform_regulation,카카오,자사 및 계열사 이슈,자사_및_계열사_이슈,자사_및_계열사_이슈,자사_및_계열사_이슈,자사 및 계열사 이슈,,
자사_및_계열사_이슈,자사 및 계열사 이슈,카카오,한국투자증권 금융에 카카오 플랫폼 더한다…디지털자산 동맹,metroseoul.co.kr,metroseoul.co.kr,"Thu, 01 Oct 2026 01:25:49 GMT","Thu, 01 Oct 2026 01:25:49 GMT",한국투자증권 금융에 카카오 플랫폼 더한다…디지털자산 동맹 metroseoul.co.kr,Google 뉴스가 전세계 매체로부터 종합한 최신 뉴스,30,meta_description_short,-103.0,meta_description_not_full_body,47.0,False,False,https://news.google.com/rss/articles/CBMiYEFVX3lxTE4zclVZOGpNeXJHMXNiZEhyc2pHQ2p1X1hHaUxzd293NHJQLTRPSUw4dkNEaGdTNDM2SHNLQS1scldKZWIyRkFsVTQxSl9XTlZFMzlkXzA3SnNsbm5DblpqMQ?oc=5,https://news.google.com/rss/articles/CBMiYEFVX3lxTE4zclVZOGpNeXJHMXNiZEhyc2pHQ2p1X1hHaUxzd293NHJQLTRPSUw4dkNEaGdTNDM2SHNLQS1scldKZWIyRkFsVTQxSl9XTlZFMzlkXzA3SnNsbm5DblpqMQ?oc=5&hl=ko&gl=KR&ceid=KR%3Ako,76.3,"digital_asset_stablecoin,market_power_platform",digital_asset_stablecoin,,no_original_date_found,no_original_date_found_kept,0.0,-134.8,,0.0,global_incident:platform_regulation:kakao:platform_regulation:general,global_incident:platform_regulation:kakao:platform_regulation,0.0,,,,issue_representative_attempt,I072,global_incident:platform_regulation:kakao:platform_regulation,카카오,자사 및 계열사 이슈,자사_및_계열사_이슈,자사_및_계열사_이슈,자사_및_계열사_이슈,자사 및 계열사 이슈,,
자사_및_계열사_이슈,자사 및 계열사 이슈,카카오,"카카오엔터 13억뷰 대표 IP ‘템빨’, 애니메이션으로 탄생! ‘원펀맨’ J.C.STAFF 제작·‘주술회전’ 세토 아사미 등 인기 성우진 참여 10/2 한국·일본 동시 방영… 넷플릭스·애니플러스 등 주요 플랫폼 공개",dhns.co.kr,dhns.co.kr,"Fri, 02 Oct 2026 01:53:06 GMT","Fri, 02 Oct 2026 01:53:06 GMT","카카오엔터 13억뷰 대표 IP ‘템빨’, 애니메이션으로 탄생! ‘원펀맨’ J.C.STAFF 제작·‘주술회전’ 세토 아사미 등 인기 성우진 참여 10/2 한국·일본 동시 방영… 넷플릭스·애니플러스 등 주요 플랫폼 공개 dhns.co.kr",Google 뉴스가 전세계 매체로부터 종합한 최신 뉴스,30,meta_description_short,-103.0,meta_description_not_full_body,23.0,False,False,https://news.google.com/rss/articles/CBMiZ0FVX3lxTE1OUDI1NHBZaDhZSG10Yi1panBKNGpWaTVxcm0waFoxcER0NHhfdGp3SW01QmZTbWZEeTRnQVY0YS1oNFh1SzlSUGRQSktkazhIQkZIemxJRGtWREx4WncwRnYxWWVDSWs?oc=5,https://news.google.com/rss/articles/CBMiZ0FVX3lxTE1OUDI1NHBZaDhZSG10Yi1panBKNGpWaTVxcm0waFoxcER0NHhfdGp3SW01QmZTbWZEeTRnQVY0YS1oNFh1SzlSUGRQSktkazhIQkZIemxJRGtWREx4WncwRnYxWWVDSWs?oc=5&hl=ko&gl=KR&ceid=KR%3Ako,75.3,market_power_platform,market_power_platform,,no_original_date_found,no_original_date_found_kept,0.0,-151.6,,7.0,global_incident:platform_regulation:kakao:platform_regulation:announcement,global_incident:platform_regulation:kakao:platform_regulation,0.0,,,,issue_representative_attempt,I072,global_incident:platform_regulation:kakao:platform_regulation,카카오,자사 및 계열사 이슈,자사_및_계열사_이슈,자사_및_계열사_이슈,자사_및_계열사_이슈,자사 및 계열사 이슈,,
정부_국회,정부/국회,금융위원회,"금융위, 원화 스테이블코인 제도화 속도…‘발행사·준비자산·이용자’ 전방위 규율",thedailyeconomy.kr,thedailyeconomy.kr,"Wed, 30 Sep 2026 23:18:09 GMT","Wed, 30 Sep 2026 23:18:09 GMT","금융위, 원화 스테이블코인 제도화 속도…‘발행사·준비자산·이용자’ 전방위 규율 thedailyeconomy.kr",Google 뉴스가 전세계 매체로부터 종합한 최신 뉴스,30,meta_description_short,-103.0,meta_description_not_full_body,86.0,False,False,https://news.google.com/rss/articles/CBMicEFVX3lxTFBYNEg0YXlVWmhpVGVaZHBPcTBMZ3RfckdZMjFaYVJaZm5zZC1tUFFJZ3BSVDlzSWowTWNmQnZua1FoZ2ZXZVZ1a2hiY0p6UFpCcXVhRzJkeFI1TWREeTBkN2E1TEhsRllteVBqcEtNazg?oc=5,https://news.google.com/rss/articles/CBMicEFVX3lxTFBYNEg0YXlVWmhpVGVaZHBPcTBMZ3RfckdZMjFaYVJaZm5zZC1tUFFJZ3BSVDlzSWowTWNmQnZua1FoZ2ZXZVZ1a2hiY0p6UFpCcXVhRzJkeFI1TWREeTBkN2E1TEhsRllteVBqcEtNazg?oc=5&hl=ko&gl=KR&ceid=KR%3Ako,100.6,"digital_asset_stablecoin,stablecoin",stablecoin_general,,no_original_date_found,no_original_date_found_kept,0.0,-107.5,,-18.0,global_incident:digital_asset_policy:google:stablecoin_policy:general,global_incident:digital_asset_policy:google:stablecoin_policy,28.0,,,,issue_representative_attempt,I089,global_incident:digital_asset_policy:financial_authority:stablecoin_policy,금융위원회,정부/국회,정부_국회,정부_국회,정부_국회,정부/국회,,
자사_및_계열사_이슈,자사 및 계열사 이슈,카카오,"카카오그룹, 한투와 디지털자산 협력 확대",소년한국일보,소년한국일보,"Fri, 02 Oct 2026 00:25:24 GMT","Fri, 02 Oct 2026 00:25:24 GMT","카카오그룹, 한투와 디지털자산 협력 확대 소년한국일보",Google 뉴스가 전세계 매체로부터 종합한 최신 뉴스,30,meta_description_short,-103.0,meta_description_not_full_body,40.0,False,False,https://news.google.com/rss/articles/CBMibEFVX3lxTE1sWk1nYUhJZXpPTXhxcWxnSkQ4MVFvTGZLRGdCM2JYd1RpMFZyc3dmZXo0OGItZkRvU0ZDUmF5N1NOMzlUWUNyTUFndHJTMVo2bDBreUZrY0R6M0d5bTFQLUpsQkxWWnY2T2d3VNIBcEFVX3lxTE11QlJGRHJueXRTWU9DYUVGbUZ2UEJUSXExNnVFWFEzNkhZRGEzdGtJS1R1c2ZLQTJ2ak9fc3ZtNFQ4WTV2LTNOaHFQc0ZqR3BobzVYck9uZmUtRW40Y2VDUjFFTzNqS21HdVprUVVsNnY?oc=5,https://news.google.com/rss/articles/CBMibEFVX3lxTE1sWk1nYUhJZXpPTXhxcWxnSkQ4MVFvTGZLRGdCM2JYd1RpMFZyc3dmZXo0OGItZkRvU0ZDUmF5N1NOMzlUWUNyTUFndHJTMVo2bDBreUZrY0R6M0d5bTFQLUpsQkxWWnY2T2d3VNIBcEFVX3lxTE11QlJGRHJueXRTWU9DYUVGbUZ2UEJUSXExNnVFWFEzNkhZRGEzdGtJS1R1c2ZLQTJ2ak9fc3ZtNFQ4WTV2LTNOaHFQc0ZqR3BobzVYck9uZmUtRW40Y2VDUjFFTzNqS21HdVprUVVsNnY?oc=5&hl=ko&gl=KR&ceid=KR%3Ako,82.3,digital_asset_stablecoin,digital_asset_stablecoin,,no_original_date_found,no_original_date_found_kept,0.0,-136.7,,0.0,,,0.0,,,,issue_representative_attempt,I118,self_strategic_reference:카카오그룹 한투와 디지털자산 협력 확대,카카오,자사 및 계열사 이슈,자사_및_계열사_이슈,자사_및_계열사_이슈,자사_및_계열사_이슈,자사 및 계열사 이슈,,
자사_및_계열사_이슈,자사 및 계열사 이슈,카카오,"한국투자증권, 카카오그룹과 MOU…""디지털자산 생태계 구축""",한국경제,,"Thu, 01 Oct 2026 05:58:02 GMT",,"한국투자증권, 카카오그룹과 MOU…""디지털자산 생태계 구축"" 한국경제",,0,v24_pre_body_guardrail,-100.0,never_allow_title_only_low_value_or_caption,,False,,https://news.google.com/rss/articles/CBMiWkFVX3lxTFA0bVZyOExBckNTUzdBM3VPRTlxMVBiNGVQLWM1UVBmY21mYlJpMV9BVDJfZXdJc0I1enJXaEE3WHlMdzd0enNwZDVuUE1fRWVaTXVrRE1xbm5adw?oc=5,https://news.google.com/rss/articles/CBMiWkFVX3lxTFA0bVZyOExBckNTUzdBM3VPRTlxMVBiNGVQLWM1UVBmY21mYlJpMV9BVDJfZXdJc0I1enJXaEE3WHlMdzd0enNwZDVuUE1fRWVaTXVrRE1xbm5adw?oc=5,,,,,,,,,,,,,,,,,issue_representative_attempt,I124,self_strategic_reference:한국투자증권 카카오그룹과 mou 디지털자산 생태계 구축,카카오,자사 및 계열사 이슈,자사_및_계열사_이슈,자사_및_계열사_이슈,자사_및_계열사_이슈,자사 및 계열사 이슈,최종금지_대체필요,fail:never_allow_title_only
자사_및_계열사_이슈,자사 및 계열사 이슈,카카오,"한국투자증권, 카카오그룹과 MOU…“디지털자산 생태계 구축”",전자신문,,"Thu, 01 Oct 2026 01:21:00 GMT",,"한국투자증권, 카카오그룹과 MOU…“디지털자산 생태계 구축” 전자신문",,0,v24_pre_body_guardrail,-100.0,never_allow_title_only_low_value_or_caption,,False,,https://news.google.com/rss/articles/CBMiTkFVX3lxTFBPZlNNMTVweFFJVVBrQVk1M2xjSllQMmhYTm4xSnotNlQ1dGxHV3Q0ZTNtd21JV25aQjNSV0p0RExLcEJOcFpIM2loel9HQQ?oc=5,https://news.google.com/rss/articles/CBMiTkFVX3lxTFBPZlNNMTVweFFJVVBrQVk1M2xjSllQMmhYTm4xSnotNlQ1dGxHV3Q0ZTNtd21JV25aQjNSV0p0RExLcEJOcFpIM2loel9HQQ?oc=5,,,,,,,,,,,,,,,,,issue_representative_attempt,I124,self_strategic_reference:한국투자증권 카카오그룹과 mou 디지털자산 생태계 구축,카카오,자사 및 계열사 이슈,자사_및_계열사_이슈,자사_및_계열사_이슈,자사_및_계열사_이슈,자사 및 계열사 이슈,최종금지_대체필요,fail:never_allow_title_only
자사_및_계열사_이슈,자사 및 계열사 이슈,카카오,"한국투자증권, 카카오그룹과 디지털자산 협력",bizwnews.com,bizwnews.com,"Thu, 01 Oct 2026 04:31:00 GMT","Thu, 01 Oct 2026 04:31:00 GMT","한국투자증권, 카카오그룹과 디지털자산 협력 bizwnews.com",Google 뉴스가 전세계 매체로부터 종합한 최신 뉴스,30,meta_description_short,-103.0,meta_description_not_full_body,40.0,False,False,https://news.google.com/rss/articles/CBMiakFVX3lxTE9EUElkMmFYS2E1aG9rVW1vVEwzWjBGcmMxeERWQVJMblhjX2JCcTZjRXRieDJkZWJpUktNb1VmS0VxQVh0c0UyTVBPODlhcjdGUHpiS3pRWlkwbDZSSFhZR3BGZWNsX1VPbFE?oc=5,https://news.google.com/rss/articles/CBMiakFVX3lxTE9EUElkMmFYS2E1aG9rVW1vVEwzWjBGcmMxeERWQVJMblhjX2JCcTZjRXRieDJkZWJpUktNb1VmS0VxQVh0c0UyTVBPODlhcjdGUHpiS3pRWlkwbDZSSFhZR3BGZWNsX1VPbFE?oc=5&hl=ko&gl=KR&ceid=KR%3Ako,69.3,digital_asset_stablecoin,digital_asset_stablecoin,,no_original_date_found,no_original_date_found_kept,0.0,-139.7,,0.0,,,0.0,,,,issue_representative_attempt,I125,self_strategic_reference:한국투자증권 카카오그룹과 디지털자산 협력,카카오,자사 및 계열사 이슈,자사_및_계열사_이슈,자사_및_계열사_이슈,자사_및_계열사_이슈,자사 및 계열사 이슈,,
자사_및_계열사_이슈,자사 및 계열사 이슈,카카오,"한국투자증권, 카카오그룹과 디지털자산 협력",핀포인트뉴스,핀포인트뉴스,"Thu, 01 Oct 2026 01:49:04 GMT","Thu, 01 Oct 2026 01:49:04 GMT","한국투자증권, 카카오그룹과 디지털자산 협력 핀포인트뉴스",Google 뉴스가 전세계 매체로부터 종합한 최신 뉴스,30,meta_description_short,-103.0,meta_description_not_full_body,40.0,False,False,https://news.google.com/rss/articles/CBMid0FVX3lxTE0xMjFkZGNZUnlhcUgzQVRUR3J3LVQwdVI1LTFZUXp1WEQwOHdINVNLWl9iN3BkamhNaGFZZEtTQ2t0RFR3dWtnS3pwNGNWc3Q2Vm56VWlNd2ZFOGc0cXNGbHpuRDFldEY1REFxZVNhNGVHa3RlREdF0gF3QVVfeXFMTTEyMWRkY1lSeWFxSDNBVFRHcnctVDB1UjUtMVlRenVYRDA4d0g1U0taX2I3cGRqaE1oYVlkS1NDa3REVHd1a2dLenA0Y1ZzdDZWbnpVaU13ZkU4ZzRxc0Zsem5EMWV0RjVEQXFlU2E0ZUdrdGVER0U?oc=5,https://news.google.com/rss/articles/CBMid0FVX3lxTE0xMjFkZGNZUnlhcUgzQVRUR3J3LVQwdVI1LTFZUXp1WEQwOHdINVNLWl9iN3BkamhNaGFZZEtTQ2t0RFR3dWtnS3pwNGNWc3Q2Vm56VWlNd2ZFOGc0cXNGbHpuRDFldEY1REFxZVNhNGVHa3RlREdF0gF3QVVfeXFMTTEyMWRkY1lSeWFxSDNBVFRHcnctVDB1UjUtMVlRenVYRDA4d0g1U0taX2I3cGRqaE1oYVlkS1NDa3REVHd1a2dLenA0Y1ZzdDZWbnpVaU13ZkU4ZzRxc0Zsem5EMWV0RjVEQXFlU2E0ZUdrdGVER0U?oc=5&hl=ko&gl=KR&ceid=KR%3Ako,68.3,digital_asset_stablecoin,digital_asset_stablecoin,,no_original_date_found,no_original_date_found_kept,0.0,-136.7,,0.0,,,0.0,,,,issue_representative_attempt,I125,self_strategic_reference:한국투자증권 카카오그룹과 디지털자산 협력,카카오,자사 및 계열사 이슈,자사_및_계열사_이슈,자사_및_계열사_이슈,자사_및_계열사_이슈,자사 및 계열사 이슈,,
자사_및_계열사_이슈,자사 및 계열사 이슈,카카오,"한투증권, 카카오와 손잡았다...디지털자산 생태계 구축 드라이브",비즈워치,비즈워치,"Thu, 01 Oct 2026 01:32:02 GMT","Thu, 01 Oct 2026 01:32:02 GMT","한투증권, 카카오와 손잡았다...디지털자산 생태계 구축 드라이브 비즈워치",Google 뉴스가 전세계 매체로부터 종합한 최신 뉴스,30,meta_description_short,-103.0,meta_description_not_full_body,40.0,False,False,https://news.google.com/rss/articles/CBMiakFVX3lxTE1MeTBMbWRpQzdiSC1Vc3FQN2dLWFhaZTdDQUQtZ2VMczZSZHFwWFgzd3NJUk5hcV9lazFrUXhESVpzVndNVTdjSi0wNU1XUG85ZVYzdzZsVTJOdGVPWG5vREpQQS0zcTBreUE?oc=5,https://news.google.com/rss/articles/CBMiakFVX3lxTE1MeTBMbWRpQzdiSC1Vc3FQN2dLWFhaZTdDQUQtZ2VMczZSZHFwWFgzd3NJUk5hcV9lazFrUXhESVpzVndNVTdjSi0wNU1XUG85ZVYzdzZsVTJOdGVPWG5vREpQQS0zcTBreUE?oc=5&hl=ko&gl=KR&ceid=KR%3Ako,68.3,digital_asset_stablecoin,digital_asset_stablecoin,,no_original_date_found,no_original_date_found_kept,0.0,-136.7,,0.0,,,0.0,,,,issue_representative_attempt,I126,self_strategic_reference:한투증권 카카오와 손잡았다 디지털자산 생태계 구축 드라이브,카카오,자사 및 계열사 이슈,자사_및_계열사_이슈,자사_및_계열사_이슈,자사_및_계열사_이슈,자사 및 계열사 이슈,,
자사_및_계열사_이슈,자사 및 계열사 이슈,카카오,"한투증권, 카카오와 손잡았다…디지털자산 생태계 구축 드라이브",네이트뷰,네이트뷰,"Thu, 01 Oct 2026 01:54:00 GMT","Thu, 01 Oct 2026 01:54:00 GMT","한투증권, 카카오와 손잡았다…디지털자산 생태계 구축 드라이브 네이트뷰",Google 뉴스가 전세계 매체로부터 종합한 최신 뉴스,30,meta_description_short,-103.0,meta_description_not_full_body,40.0,False,False,https://news.google.com/rss/articles/CBMiVEFVX3lxTE1uaWtIa2hmMXJZSVJQdXpBWnlwWUNwMDhKQ3NKOTJaeDlvM2NCUElCVXZxNEU5NU9SQl84WC1sNU9fTXl2blhPNnhzMF9ZdndsTjNxS9IBWkFVX3lxTE96OGtOSlRnNnVCZ3pCa0xfZkFyUkVJT0RrUVBuMGJDRmI0T0RhRDYyXy0yX1dqRzM2Z0RCdlozbk9qOEZUUHplQUZteXJieEQtYjlzTlZrV3JfUQ?oc=5,https://news.google.com/rss/articles/CBMiVEFVX3lxTE1uaWtIa2hmMXJZSVJQdXpBWnlwWUNwMDhKQ3NKOTJaeDlvM2NCUElCVXZxNEU5NU9SQl84WC1sNU9fTXl2blhPNnhzMF9ZdndsTjNxS9IBWkFVX3lxTE96OGtOSlRnNnVCZ3pCa0xfZkFyUkVJT0RrUVBuMGJDRmI0T0RhRDYyXy0yX1dqRzM2Z0RCdlozbk9qOEZUUHplQUZteXJieEQtYjlzTlZrV3JfUQ?oc=5&hl=ko&gl=KR&ceid=KR%3Ako,68.3,digital_asset_stablecoin,digital_asset_stablecoin,,no_original_date_found,no_original_date_found_kept,0.0,-136.7,,0.0,,,0.0,,,,issue_representative_attempt,I126,self_strategic_reference:한투증권 카카오와 손잡았다 디지털자산 생태계 구축 드라이브,카카오,자사 및 계열사 이슈,자사_및_계열사_이슈,자사_및_계열사_이슈,자사_및_계열사_이슈,자사 및 계열사 이슈,,
자사_및_계열사_이슈,자사 및 계열사 이슈,카카오,"한투증권, 코인원·OKX 이어 카카오와 협력..디지털자산 '광폭 행보'",포쓰저널,포쓰저널,"Thu, 01 Oct 2026 01:51:30 GMT","Thu, 01 Oct 2026 01:51:30 GMT","한투증권, 코인원·OKX 이어 카카오와 협력..디지털자산 '광폭 행보' 포쓰저널",Google 뉴스가 전세계 매체로부터 종합한 최신 뉴스,30,meta_description_short,-103.0,meta_description_not_full_body,40.0,False,False,https://news.google.com/rss/articles/CBMiZEFVX3lxTE1LRl90cGZvTUl1ZEo1T25DODJES0loWDhEMEhMbUZpMkxmek1YSjFTOTF2UHF1a1pUdF8tM01jQjFhU3FOYUI3NnJjWWJ2NEpFWlhZVjJ1ZE10c1M2bGFTcE5wRUI?oc=5,https://news.google.com/rss/articles/CBMiZEFVX3lxTE1LRl90cGZvTUl1ZEo1T25DODJES0loWDhEMEhMbUZpMkxmek1YSjFTOTF2UHF1a1pUdF8tM01jQjFhU3FOYUI3NnJjWWJ2NEpFWlhZVjJ1ZE10c1M2bGFTcE5wRUI?oc=5&hl=ko&gl=KR&ceid=KR%3Ako,183.3,digital_asset_stablecoin,digital_asset_stablecoin,,no_original_date_found,no_original_date_found_kept,0.0,-136.7,,0.0,,,0.0,,,,issue_representative_attempt,I127,self_strategic_reference:한투증권 코인원 okx 이어 카카오와 협력 디지털자산 광폭 행보,카카오,자사 및 계열사 이슈,자사_및_계열사_이슈,자사_및_계열사_이슈,자사_및_계열사_이슈,자사 및 계열사 이슈,,
자사_및_계열사_이슈,자사 및 계열사 이슈,카카오,"한국투자증권, 카카오그룹과 디지털자산 협력… 월렛·스테이블코인 등 공동 추진",디지틀조선일보,디지틀조선일보,"Thu, 01 Oct 2026 07:31:00 GMT","Thu, 01 Oct 2026 07:31:00 GMT","한국투자증권, 카카오그룹과 디지털자산 협력… 월렛·스테이블코인 등 공동 추진 디지틀조선일보",Google 뉴스가 전세계 매체로부터 종합한 최신 뉴스,30,meta_description_short,-103.0,meta_description_not_full_body,50.0,False,False,https://news.google.com/rss/articles/CBMihwFBVV95cUxPcWx2VDRJbUdZY21tMG9VZk9iNElCMDZrTnNQZVgtU3V5UGlIcHVrcElsOGFUcWM5aUZVeXM1cE9jNzNWV3FfY21FRUwwVDZrcUtjbEVqd00tZUp5WnRobHpKalQ1VF9GRy1HT1FzTlU4WDBkM0hiLVE3MW1qTlQ1b0x2bmxRUGfSAXtBVV95cUxOY0hqQVQ2WFA2ZmdqemF5bmhQM19YUVktOWtEZkllQUk0Z2xtcl9uLWF0OE1kcGRYV2tRbXhkQXctbUpzb1NIcTYtZFljS0hsZmFHQTlkRENtaEZQUmhSY2dqYm1WTE9zc0JvZll2Sm5nSkRQV3dqTjNmeVE?oc=5,https://news.google.com/rss/articles/CBMihwFBVV95cUxPcWx2VDRJbUdZY21tMG9VZk9iNElCMDZrTnNQZVgtU3V5UGlIcHVrcElsOGFUcWM5aUZVeXM1cE9jNzNWV3FfY21FRUwwVDZrcUtjbEVqd00tZUp5WnRobHpKalQ1VF9GRy1HT1FzTlU4WDBkM0hiLVE3MW1qTlQ1b0x2bmxRUGfSAXtBVV95cUxOY0hqQVQ2WFA2ZmdqemF5bmhQM19YUVktOWtEZkllQUk0Z2xtcl9uLWF0OE1kcGRYV2tRbXhkQXctbUpzb1NIcTYtZFljS0hsZmFHQTlkRENtaEZQUmhSY2dqYm1WTE9zc0JvZll2Sm5nSkRQV3dqTjNmeVE?oc=5&hl=ko&gl=KR&ceid=KR%3Ako,90.3,"digital_asset_stablecoin,stablecoin",stablecoin_general,,no_original_date_found,no_original_date_found_kept,0.0,-120.7,,0.0,,,0.0,,,,issue_representative_attempt,I130,self_strategic_reference:한국투자증권 카카오그룹과 디지털자산 협력 월렛 스테이블코인 등 공동 추진,카카오,자사 및 계열사 이슈,자사_및_계열사_이슈,자사_및_계열사_이슈,자사_및_계열사_이슈,자사 및 계열사 이슈,,
자사_및_계열사_이슈,자사 및 계열사 이슈,카카오,"한국투자증권, 카카오그룹과 디지털자산 MOU…전자지갑·스테이블코인 협력 본격화",소비자가 만드는 신문,소비자가 만드는 신문,"Thu, 01 Oct 2026 04:45:00 GMT","Thu, 01 Oct 2026 04:45:00 GMT","한국투자증권, 카카오그룹과 디지털자산 MOU…전자지갑·스테이블코인 협력 본격화 소비자가 만드는 신문",Google 뉴스가 전세계 매체로부터 종합한 최신 뉴스,30,meta_description_short,-103.0,meta_description_not_full_body,50.0,False,False,https://news.google.com/rss/articles/CBMic0FVX3lxTFBvUGtybVVIeTJQaWRwQ21OSzRDLVJRSTdBYlkxX1p6ZGxCb3hDR2JBX1pZS0hDTEhybTZveW9ubFVSeDFXS25mRWlMSDdteEJNMnc4UDdFUzBDc3AwaUR0OUJBdTJCZms0d0piSzFNLXZKd3M?oc=5,https://news.google.com/rss/articles/CBMic0FVX3lxTFBvUGtybVVIeTJQaWRwQ21OSzRDLVJRSTdBYlkxX1p6ZGxCb3hDR2JBX1pZS0hDTEhybTZveW9ubFVSeDFXS25mRWlMSDdteEJNMnc4UDdFUzBDc3AwaUR0OUJBdTJCZms0d0piSzFNLXZKd3M?oc=5&hl=ko&gl=KR&ceid=KR%3Ako,84.3,"digital_asset_stablecoin,stablecoin",stablecoin_general,,no_original_date_found,no_original_date_found_kept,0.0,-129.7,,0.0,,,0.0,,,,issue_representative_attempt,I133,self_strategic_reference:한국투자증권 카카오그룹과 디지털자산 mou 전자지갑 스테이블코인 협력 본격화,카카오,자사 및 계열사 이슈,자사_및_계열사_이슈,자사_및_계열사_이슈,자사_및_계열사_이슈,자사 및 계열사 이슈,,
자사_및_계열사_이슈,자사 및 계열사 이슈,카카오,한국투자증권이 카카오그룹과 디지털자산 사업 추진한다 : 원화 스테이블코인 밸류체인 정조준,허프포스트코리아,허프포스트코리아,"Thu, 01 Oct 2026 01:56:33 GMT","Thu, 01 Oct 2026 01:56:33 GMT",한국투자증권이 카카오그룹과 디지털자산 사업 추진한다 : 원화 스테이블코인 밸류체인 정조준 허프포스트코리아,Google 뉴스가 전세계 매체로부터 종합한 최신 뉴스,30,meta_description_short,-103.0,meta_description_not_full_body,50.0,False,False,https://news.google.com/rss/articles/CBMiV0FVX3lxTFBqcGVyRk05TVotUnd0YzlxaUVzQlJsWDI2RHpXRXM4NDFpOV9pdWpGdG9Xd1lUN292a1BvbEFwRmZJdUJkTUszU0g4dTIxTkdPLTd2TTM2WQ?oc=5,https://news.google.com/rss/articles/CBMiV0FVX3lxTFBqcGVyRk05TVotUnd0YzlxaUVzQlJsWDI2RHpXRXM4NDFpOV9pdWpGdG9Xd1lUN292a1BvbEFwRmZJdUJkTUszU0g4dTIxTkdPLTd2TTM2WQ?oc=5&hl=ko&gl=KR&ceid=KR%3Ako,81.3,"digital_asset_stablecoin,stablecoin",stablecoin_general,,no_original_date_found,no_original_date_found_kept,0.0,-129.7,,0.0,,,0.0,,,,issue_representative_attempt,I135,self_strategic_reference:한국투자증권이 카카오그룹과 디지털자산 사업 추진한다 원화 스테이블코인 밸류체인 정조준,카카오,자사 및 계열사 이슈,자사_및_계열사_이슈,자사_및_계열사_이슈,자사_및_계열사_이슈,자사 및 계열사 이슈,,
자사_및_계열사_이슈,자사 및 계열사 이슈,카카오,"카카오그룹-한국투자증권, 디지털자산 전략적 동맹 구축",조세일보,조세일보,"Thu, 01 Oct 2026 05:07:46 GMT","Thu, 01 Oct 2026 05:07:46 GMT","카카오그룹-한국투자증권, 디지털자산 전략적 동맹 구축 조세일보",Google 뉴스가 전세계 매체로부터 종합한 최신 뉴스,30,meta_description_short,-103.0,meta_description_not_full_body,47.0,False,False,https://news.google.com/rss/articles/CBMiX0FVX3lxTFAtQXA5RXRvOXkzQTRmZS1Lczgtbk1DN2lYSDlBN3dLczRHRkZDd1N6OXFaeU9RNnF1d0x2TWZwcmZEc29JUlRUaFgtbksyR3Q0V1VOVWlldktNSWM2TVQ0?oc=5,https://news.google.com/rss/articles/CBMiX0FVX3lxTFAtQXA5RXRvOXkzQTRmZS1Lczgtbk1DN2lYSDlBN3dLczRHRkZDd1N6OXFaeU9RNnF1d0x2TWZwcmZEc29JUlRUaFgtbksyR3Q0V1VOVWlldktNSWM2TVQ0?oc=5&hl=ko&gl=KR&ceid=KR%3Ako,81.3,"digital_asset_stablecoin,policy_legislation",digital_asset_stablecoin,,no_original_date_found,no_original_date_found_kept,0.0,-131.8,,0.0,,,0.0,,,,issue_representative_attempt,I136,self_strategic_reference:카카오그룹 한국투자증권 디지털자산 전략적 동맹 구축,카카오,자사 및 계열사 이슈,자사_및_계열사_이슈,자사_및_계열사_이슈,자사_및_계열사_이슈,자사 및 계열사 이슈,,
자사_및_계열사_이슈,자사 및 계열사 이슈,카카오,"""블록체인·STO 영토 확장""…한국투자증권-카카오, 디지털자산 동맹 결성",thefairnews.co.kr,thefairnews.co.kr,"Thu, 01 Oct 2026 00:29:04 GMT","Thu, 01 Oct 2026 00:29:04 GMT","""블록체인·STO 영토 확장""…한국투자증권-카카오, 디지털자산 동맹 결성 thefairnews.co.kr",Google 뉴스가 전세계 매체로부터 종합한 최신 뉴스,30,meta_description_short,-103.0,meta_description_not_full_body,40.0,False,False,https://news.google.com/rss/articles/CBMicEFVX3lxTE5qdVluTU5JbklBZWxYLWJZbkRwcUVTX0xJNG1KWVpPMVYwRTJrQWxoTUNyUkd4ODRlajN5SWk1SkNLNTBlcnl5WmZQd1ZSdzNxekZyenVuNUlBcmVMODlPaWV5emJaZWVvRkI3SlRMY2Y?oc=5,https://news.google.com/rss/articles/CBMicEFVX3lxTE5qdVluTU5JbklBZWxYLWJZbkRwcUVTX0xJNG1KWVpPMVYwRTJrQWxoTUNyUkd4ODRlajN5SWk1SkNLNTBlcnl5WmZQd1ZSdzNxekZyenVuNUlBcmVMODlPaWV5emJaZWVvRkI3SlRMY2Y?oc=5&hl=ko&gl=KR&ceid=KR%3Ako,79.8,digital_asset_stablecoin,digital_asset_stablecoin,,no_original_date_found,no_original_date_found_kept,0.0,-139.7,,0.0,,,0.0,,,,issue_representative_attempt,I137,self_strategic_reference:블록체인 sto 영토 확장 한국투자증권 카카오 디지털자산 동맹 결성,카카오,자사 및 계열사 이슈,자사_및_계열사_이슈,자사_및_계열사_이슈,자사_및_계열사_이슈,자사 및 계열사 이슈,,
자사_및_계열사_이슈,자사 및 계열사 이슈,카카오,"카카오, 디지털자산 ‘마지막 퍼즐’ 증권까지…한국투자증권과 투자·송금·정산 연결",이코노미사이언스,이코노미사이언스,"Thu, 01 Oct 2026 02:53:22 GMT","Thu, 01 Oct 2026 02:53:22 GMT","카카오, 디지털자산 ‘마지막 퍼즐’ 증권까지…한국투자증권과 투자·송금·정산 연결 이코노미사이언스",Google 뉴스가 전세계 매체로부터 종합한 최신 뉴스,30,meta_description_short,-103.0,meta_description_not_full_body,47.0,False,False,https://news.google.com/rss/articles/CBMib0FVX3lxTE1mWHdxdlpOMkNyLXlDM2FpT0ZwcjA0ejJheDRnbExRMkR5MzMySG14cldJMkxNdmp0X1huNnE4d1VoZ0lHcXNadUFrMDdqTnlKdG1tVjNiOTVXTlptOXpuUzlzS0NmaTZ6eXBaVVJlMA?oc=5,https://news.google.com/rss/articles/CBMib0FVX3lxTE1mWHdxdlpOMkNyLXlDM2FpT0ZwcjA0ejJheDRnbExRMkR5MzMySG14cldJMkxNdmp0X1huNnE4d1VoZ0lHcXNadUFrMDdqTnlKdG1tVjNiOTVXTlptOXpuUzlzS0NmaTZ6eXBaVVJlMA?oc=5&hl=ko&gl=KR&ceid=KR%3Ako,78.3,"digital_asset_stablecoin,market_power_platform",digital_asset_stablecoin,,no_original_date_found,no_original_date_found_kept,0.0,-131.8,,0.0,,,0.0,,,,issue_representative_attempt,I138,self_strategic_reference:카카오 디지털자산 마지막 퍼즐 증권까지 한국투자증권과 투자 송금 정산 연결,카카오,자사 및 계열사 이슈,자사_및_계열사_이슈,자사_및_계열사_이슈,자사_및_계열사_이슈,자사 및 계열사 이슈,,
자사_및_계열사_이슈,자사 및 계열사 이슈,카카오,"한국투자증권, 카카오와 맞손…""스테이블코인·토큰증권 협력""",yonhapnewstv.co.kr,yonhapnewstv.co.kr,"Thu, 01 Oct 2026 02:12:00 GMT","Thu, 01 Oct 2026 02:12:00 GMT","한국투자증권, 카카오와 맞손…""스테이블코인·토큰증권 협력"" yonhapnewstv.co.kr",Google 뉴스가 전세계 매체로부터 종합한 최신 뉴스,30,meta_description_short,-103.0,meta_description_not_full_body,47.0,False,False,https://news.google.com/rss/articles/CBMiZ0FVX3lxTE9pcGNRaWJoa0RYUV9EZkkwenRSVndoazY5a1k0OXZWMklBZFh2bkhwT2pMZm9OQm85QmlQcUlKSEFQMzJCYjZsc3JpYUNNWTNDdF9Bdy1SRWViTTBOVFBhdi1wcW9TbVk?oc=5,https://news.google.com/rss/articles/CBMiZ0FVX3lxTE9pcGNRaWJoa0RYUV9EZkkwenRSVndoazY5a1k0OXZWMklBZFh2bkhwT2pMZm9OQm85QmlQcUlKSEFQMzJCYjZsc3JpYUNNWTNDdF9Bdy1SRWViTTBOVFBhdi1wcW9TbVk?oc=5&hl=ko&gl=KR&ceid=KR%3Ako,76.3,"digital_asset_stablecoin,stablecoin",stablecoin_general,,no_original_date_found,no_original_date_found_kept,0.0,-134.8,,0.0,,,0.0,,,,issue_representative_attempt,I139,self_strategic_reference:한국투자증권 카카오와 맞손 스테이블코인 토큰증권 협력,카카오,자사 및 계열사 이슈,자사_및_계열사_이슈,자사_및_계열사_이슈,자사_및_계열사_이슈,자사 및 계열사 이슈,,
자사_및_계열사_이슈,자사 및 계열사 이슈,카카오,"한국투자증권, 카카오와 디지털 동맹···지갑·스테이블코인까지 협력 확대",newsway.co.kr,newsway.co.kr,"Thu, 01 Oct 2026 01:10:38 GMT","Thu, 01 Oct 2026 01:10:38 GMT","한국투자증권, 카카오와 디지털 동맹···지갑·스테이블코인까지 협력 확대 newsway.co.kr",Google 뉴스가 전세계 매체로부터 종합한 최신 뉴스,30,meta_description_short,-103.0,meta_description_not_full_body,47.0,False,False,https://news.google.com/rss/articles/CBMiakFVX3lxTE1NdF9kU0tNNjNIMGg2OWhINWpiUjEyM1pEZkQxTDhETXk4cVpvMFdNWnRjTTdZbVczWFM5bks3bXVLRl9vQTNTS1VQeUhPdEZOaTFwaXNPdE02WHNZbWM2Rk1tZUt4Nk1GN1E?oc=5,https://news.google.com/rss/articles/CBMiakFVX3lxTE1NdF9kU0tNNjNIMGg2OWhINWpiUjEyM1pEZkQxTDhETXk4cVpvMFdNWnRjTTdZbVczWFM5bks3bXVLRl9vQTNTS1VQeUhPdEZOaTFwaXNPdE02WHNZbWM2Rk1tZUt4Nk1GN1E?oc=5&hl=ko&gl=KR&ceid=KR%3Ako,76.3,"digital_asset_stablecoin,stablecoin",stablecoin_general,,no_original_date_found,no_original_date_found_kept,0.0,-134.8,,0.0,,,0.0,,,,issue_representative_attempt,I140,self_strategic_reference:한국투자증권 카카오와 디지털 동맹 지갑 스테이블코인까지 협력 확대,카카오,자사 및 계열사 이슈,자사_및_계열사_이슈,자사_및_계열사_이슈,자사_및_계열사_이슈,자사 및 계열사 이슈,,
자사_및_계열사_이슈,자사 및 계열사 이슈,카카오,"카카오페이·카카오뱅크, 한국투자증권과 디지털자산 생태계 구축 협력",비즈니스포스트,비즈니스포스트,"Thu, 01 Oct 2026 08:02:57 GMT","Thu, 01 Oct 2026 08:02:57 GMT","카카오페이·카카오뱅크, 한국투자증권과 디지털자산 생태계 구축 협력 비즈니스포스트",Google 뉴스가 전세계 매체로부터 종합한 최신 뉴스,30,meta_description_short,-103.0,meta_description_not_full_body,45.0,False,False,https://news.google.com/rss/articles/CBMic0FVX3lxTE5TMUxESXBZLXFaazJMM2VOeGJIckgxVzBaSVlkX2thZWg3SGRmeFZTWlJyUFNiUzdKeXRXN0NGZkdqWWNRbFp5M0tZU2VGUDVNS2VFZ1cweE1Xb1g5dnVIem5fb3BnWjJLMk9YLVdYd3NPVG8?oc=5,https://news.google.com/rss/articles/CBMic0FVX3lxTE5TMUxESXBZLXFaazJMM2VOeGJIckgxVzBaSVlkX2thZWg3SGRmeFZTWlJyUFNiUzdKeXRXN0NGZkdqWWNRbFp5M0tZU2VGUDVNS2VFZ1cweE1Xb1g5dnVIem5fb3BnWjJLMk9YLVdYd3NPVG8?oc=5&hl=ko&gl=KR&ceid=KR%3Ako,76.3,digital_asset_stablecoin,digital_asset_stablecoin,,no_original_date_found,no_original_date_found_kept,0.0,-133.2,,0.0,,,0.0,,,,issue_representative_attempt,I141,self_strategic_reference:카카오페이 카카오뱅크 한국투자증권과 디지털자산 생태계 구축 협력,카카오,자사 및 계열사 이슈,자사_및_계열사_이슈,자사_및_계열사_이슈,자사_및_계열사_이슈,자사 및 계열사 이슈,,
자사_및_계열사_이슈,자사 및 계열사 이슈,카카오,"카카오·한국투자증권, 디지털자산 발행·유통 넘어 인프라까지 협업",지디넷코리아,지디넷코리아,"Thu, 01 Oct 2026 04:30:00 GMT","Thu, 01 Oct 2026 04:30:00 GMT","카카오·한국투자증권, 디지털자산 발행·유통 넘어 인프라까지 협업 지디넷코리아",Google 뉴스가 전세계 매체로부터 종합한 최신 뉴스,30,meta_description_short,-103.0,meta_description_not_full_body,40.0,False,False,https://news.google.com/rss/articles/CBMiVkFVX3lxTE8yM3lmRVJhNmp5REVQTnE3cDVDckg3ZDBGUGVqbUJrX2pPWlhMVkl4Vnc3TXRscmNRbXowWGVFZlVta1BsVzBKSVdzS0doejdBNmlYUUN3?oc=5,https://news.google.com/rss/articles/CBMiVkFVX3lxTE8yM3lmRVJhNmp5REVQTnE3cDVDckg3ZDBGUGVqbUJrX2pPWlhMVkl4Vnc3TXRscmNRbXowWGVFZlVta1BsVzBKSVdzS0doejdBNmlYUUN3?oc=5&hl=ko&gl=KR&ceid=KR%3Ako,75.3,digital_asset_stablecoin,digital_asset_stablecoin,,no_original_date_found,no_original_date_found_kept,0.0,-124.7,,0.0,,,0.0,,,,issue_representative_attempt,I142,self_strategic_reference:카카오 한국투자증권 디지털자산 발행 유통 넘어 인프라까지 협업,카카오,자사 및 계열사 이슈,자사_및_계열사_이슈,자사_및_계열사_이슈,자사_및_계열사_이슈,자사 및 계열사 이슈,,
자사_및_계열사_이슈,자사 및 계열사 이슈,카카오,"한투증권·카카오, 디지털자산 발행·유통 서비스 개발 '맞손'",연합뉴스,연합뉴스,"Thu, 01 Oct 2026 00:21:29 GMT","Thu, 01 Oct 2026 00:21:29 GMT","한투증권·카카오, 디지털자산 발행·유통 서비스 개발 '맞손' 연합뉴스",Google 뉴스가 전세계 매체로부터 종합한 최신 뉴스,30,meta_description_short,-103.0,meta_description_not_full_body,40.0,False,False,https://news.google.com/rss/articles/CBMiW0FVX3lxTE5iM3VMSlJQMDVQTUFua09XNmhnU0lsNUwwQ250dDl1Y1l6SHEzZVhWSzZLSk1PZFRORmVtX3JKUVhNdFhOaU03alcxeE5rVEIyMjUxVlNXcEx5X2_SAWBBVV95cUxOVVluaWlRb05lZ01qM3hGWmFJZVd6ekZDdUtnYkhodzVfMEpMRGFseTdRX1NyTWNHcE1mNnkwMUhoLUp6dF9QLWtJZ2hNbTdPVGJGQWJXWG1SaVBtRHI1N1M?oc=5,https://news.google.com/rss/articles/CBMiW0FVX3lxTE5iM3VMSlJQMDVQTUFua09XNmhnU0lsNUwwQ250dDl1Y1l6SHEzZVhWSzZLSk1PZFRORmVtX3JKUVhNdFhOaU03alcxeE5rVEIyMjUxVlNXcEx5X2_SAWBBVV95cUxOVVluaWlRb05lZ01qM3hGWmFJZVd6ekZDdUtnYkhodzVfMEpMRGFseTdRX1NyTWNHcE1mNnkwMUhoLUp6dF9QLWtJZ2hNbTdPVGJGQWJXWG1SaVBtRHI1N1M?oc=5&hl=ko&gl=KR&ceid=KR%3Ako,75.3,digital_asset_stablecoin,digital_asset_stablecoin,,no_original_date_found,no_original_date_found_kept,0.0,-118.7,,0.0,,,0.0,,,,issue_representative_attempt,I143,self_strategic_reference:한투증권 카카오 디지털자산 발행 유통 서비스 개발 맞손,카카오,자사 및 계열사 이슈,자사_및_계열사_이슈,자사_및_계열사_이슈,자사_및_계열사_이슈,자사 및 계열사 이슈,,
자사_및_계열사_이슈,자사 및 계열사 이슈,카카오,"“발행·유통부터 투자·송금까지”…한투·카카오, 디지털자산 금융 동맹",디지털데일리,디지털데일리,"Thu, 01 Oct 2026 01:32:36 GMT","Thu, 01 Oct 2026 01:32:36 GMT","“발행·유통부터 투자·송금까지”…한투·카카오, 디지털자산 금융 동맹 디지털데일리",Google 뉴스가 전세계 매체로부터 종합한 최신 뉴스,30,meta_description_short,-103.0,meta_description_not_full_body,40.0,False,False,https://news.google.com/rss/articles/CBMiZEFVX3lxTE5LMld1akdFdTNtYTdPQW1UMGhlR3FhN3hKeS04cFJKUm5YNHEwYmRRMm5wYXo0RnhqVmRCV01zRHJoUVdOMExfSjlMVW5MZGZSQWtEanczNGRGdm1jdGIwRWluaUE?oc=5,https://news.google.com/rss/articles/CBMiZEFVX3lxTE5LMld1akdFdTNtYTdPQW1UMGhlR3FhN3hKeS04cFJKUm5YNHEwYmRRMm5wYXo0RnhqVmRCV01zRHJoUVdOMExfSjlMVW5MZGZSQWtEanczNGRGdm1jdGIwRWluaUE?oc=5&hl=ko&gl=KR&ceid=KR%3Ako,72.3,digital_asset_stablecoin,digital_asset_stablecoin,,no_original_date_found,no_original_date_found_kept,0.0,-124.7,,0.0,,,0.0,,,,issue_representative_attempt,I144,self_strategic_reference:발행 유통부터 투자 송금까지 한투 카카오 디지털자산 금융 동맹,카카오,자사 및 계열사 이슈,자사_및_계열사_이슈,자사_및_계열사_이슈,자사_및_계열사_이슈,자사 및 계열사 이슈,,
자사_및_계열사_이슈,자사 및 계열사 이슈,카카오,"한투증권, 카카오그룹과 '맞손'…디지털자산 서비스 공동 개발",뉴시스,뉴시스,"Thu, 01 Oct 2026 01:11:41 GMT","Thu, 01 Oct 2026 01:11:41 GMT","한투증권, 카카오그룹과 '맞손'…디지털자산 서비스 공동 개발 뉴시스",Google 뉴스가 전세계 매체로부터 종합한 최신 뉴스,30,meta_description_short,-103.0,meta_description_not_full_body,40.0,False,False,https://news.google.com/rss/articles/CBMieEFVX3lxTE9kQXdHd3pkMGZrRlFKdm4tZHN3NTVqVFpReFY3Y0hxZ3hvdW4yLTFLSnV1Y3lPb1RpdDJLcDlWQmFVTGs3UVRuYXBXd2dWZFowbkJpb29TUFd6c0cyU0ZKX0FEZmZwcmVBQzRkejJIbnVhMHp0VG1FbtIBeEFVX3lxTE9kQXdHd3pkMGZrRlFKdm4tZHN3NTVqVFpReFY3Y0hxZ3hvdW4yLTFLSnV1Y3lPb1RpdDJLcDlWQmFVTGs3UVRuYXBXd2dWZFowbkJpb29TUFd6c0cyU0ZKX0FEZmZwcmVBQzRkejJIbnVhMHp0VG1Fbg?oc=5,https://news.google.com/rss/articles/CBMieEFVX3lxTE9kQXdHd3pkMGZrRlFKdm4tZHN3NTVqVFpReFY3Y0hxZ3hvdW4yLTFLSnV1Y3lPb1RpdDJLcDlWQmFVTGs3UVRuYXBXd2dWZFowbkJpb29TUFd6c0cyU0ZKX0FEZmZwcmVBQzRkejJIbnVhMHp0VG1FbtIBeEFVX3lxTE9kQXdHd3pkMGZrRlFKdm4tZHN3NTVqVFpReFY3Y0hxZ3hvdW4yLTFLSnV1Y3lPb1RpdDJLcDlWQmFVTGs3UVRuYXBXd2dWZFowbkJpb29TUFd6c0cyU0ZKX0FEZmZwcmVBQzRkejJIbnVhMHp0VG1Fbg?oc=5&hl=ko&gl=KR&ceid=KR%3Ako,72.3,digital_asset_stablecoin,digital_asset_stablecoin,,no_original_date_found,no_original_date_found_kept,0.0,-122.7,,0.0,,,0.0,,,,issue_representative_attempt,I145,self_strategic_reference:한투증권 카카오그룹과 맞손 디지털자산 서비스 공동 개발,카카오,자사 및 계열사 이슈,자사_및_계열사_이슈,자사_및_계열사_이슈,자사_및_계열사_이슈,자사 및 계열사 이슈,,
자사_및_계열사_이슈,자사 및 계열사 이슈,카카오,"한투증권, 카카오그룹과 손잡고 디지털자산 생태계 구축 - 머니투데이",머니투데이,머니투데이,"Thu, 01 Oct 2026 00:24:56 GMT","Thu, 01 Oct 2026 00:24:56 GMT","한투증권, 카카오그룹과 손잡고 디지털자산 생태계 구축 - 머니투데이 머니투데이",Google 뉴스가 전세계 매체로부터 종합한 최신 뉴스,30,meta_description_short,-103.0,meta_description_not_full_body,40.0,False,False,https://news.google.com/rss/articles/CBMie0FVX3lxTE90RWF6bGtmV2YxN1RwN3c1M2pzZ0dpTzlKUUlqSURyMGN5Vl9kYjFtMXFfektONDJ0WWNoSWpfeU1RR3V0M3JHNnNQZl9PTFJXdUdxd3QzMm9qWTh5ckVrOEZuRnBLMVZyWXNnZ1puRUtXbTBZNE5yOW95ONIBe0FVX3lxTE90RWF6bGtmV2YxN1RwN3c1M2pzZ0dpTzlKUUlqSURyMGN5Vl9kYjFtMXFfektONDJ0WWNoSWpfeU1RR3V0M3JHNnNQZl9PTFJXdUdxd3QzMm9qWTh5ckVrOEZuRnBLMVZyWXNnZ1puRUtXbTBZNE5yOW95OA?oc=5,https://news.google.com/rss/articles/CBMie0FVX3lxTE90RWF6bGtmV2YxN1RwN3c1M2pzZ0dpTzlKUUlqSURyMGN5Vl9kYjFtMXFfektONDJ0WWNoSWpfeU1RR3V0M3JHNnNQZl9PTFJXdUdxd3QzMm9qWTh5ckVrOEZuRnBLMVZyWXNnZ1puRUtXbTBZNE5yOW95ONIBe0FVX3lxTE90RWF6bGtmV2YxN1RwN3c1M2pzZ0dpTzlKUUlqSURyMGN5Vl9kYjFtMXFfektONDJ0WWNoSWpfeU1RR3V0M3JHNnNQZl9PTFJXdUdxd3QzMm9qWTh5ckVrOEZuRnBLMVZyWXNnZ1puRUtXbTBZNE5yOW95OA?oc=5&hl=ko&gl=KR&ceid=KR%3Ako,72.3,digital_asset_stablecoin,digital_asset_stablecoin,,no_original_date_found,no_original_date_found_kept,0.0,-126.7,,0.0,,,0.0,,,,issue_representative_attempt,I146,self_strategic_reference:한투증권 카카오그룹과 손잡고 디지털자산 생태계 구축,카카오,자사 및 계열사 이슈,자사_및_계열사_이슈,자사_및_계열사_이슈,자사_및_계열사_이슈,자사 및 계열사 이슈,,
자사_및_계열사_이슈,자사 및 계열사 이슈,카카오,카카오그룹-한국투자증권 맞손…디지털자산 발행·유통 사업 확대,미래경제,미래경제,"Thu, 01 Oct 2026 08:04:08 GMT","Thu, 01 Oct 2026 08:04:08 GMT",카카오그룹-한국투자증권 맞손…디지털자산 발행·유통 사업 확대 미래경제,Google 뉴스가 전세계 매체로부터 종합한 최신 뉴스,30,meta_description_short,-103.0,meta_description_not_full_body,40.0,False,False,https://news.google.com/rss/articles/CBMibEFVX3lxTE5tLTRLa3hKWWl1Q1RDa1pncmU0a0N2ei1WdHJ1NHJJbnJlV2E0U3JsOUVWNHVtNGNvd1BQWE8zcW8xWGVNQzRCMlhwelVOLWN3YjI5ZnltX0VjUl9qZG83SF9Gb0piMHl3MjZIVg?oc=5,https://news.google.com/rss/articles/CBMibEFVX3lxTE5tLTRLa3hKWWl1Q1RDa1pncmU0a0N2ei1WdHJ1NHJJbnJlV2E0U3JsOUVWNHVtNGNvd1BQWE8zcW8xWGVNQzRCMlhwelVOLWN3YjI5ZnltX0VjUl9qZG83SF9Gb0piMHl3MjZIVg?oc=5&hl=ko&gl=KR&ceid=KR%3Ako,71.3,digital_asset_stablecoin,digital_asset_stablecoin,,no_original_date_found,no_original_date_found_kept,0.0,-136.7,,0.0,,,0.0,,,,issue_representative_attempt,I147,self_strategic_reference:카카오그룹 한국투자증권 맞손 디지털자산 발행 유통 사업 확대,카카오,자사 및 계열사 이슈,자사_및_계열사_이슈,자사_및_계열사_이슈,자사_및_계열사_이슈,자사 및 계열사 이슈,,
자사_및_계열사_이슈,자사 및 계열사 이슈,카카오,"카카오·한국투자증권, 디지털자산 사업 추진 MOU",파이낸셜투데이,,"Thu, 01 Oct 2026 07:56:12 GMT",,"카카오·한국투자증권, 디지털자산 사업 추진 MOU 파이낸셜투데이",,0,v24_pre_body_guardrail,-100.0,never_allow_title_only_low_value_or_caption,,False,,https://news.google.com/rss/articles/CBMibkFVX3lxTFBpYUF3TDRLUmplWWl1ckZycUJWSzRRQTRldkR6a1NURkU0djBkRWQ0NlVtM01VUUQzOVZhaGFPa1hWMXJQZnA4ekxTV2dSSFFickliQzBZUWttbzZ3cmIzVEdnZDlncHhlSVdsNlJn0gFuQVVfeXFMUGlhQXdMNEtSamVZaXVyRnJxQlZLNFFBNGV2RHprU1RGRTR2MGRFZDQ2VW0zTVVRRDM5VmFoYU9rWFYxclBmcDh6TFNXZ1JIUWJySWJDMFlRa21vNndyYjNUR2dkOWdweGVJV2w2Umc?oc=5,https://news.google.com/rss/articles/CBMibkFVX3lxTFBpYUF3TDRLUmplWWl1ckZycUJWSzRRQTRldkR6a1NURkU0djBkRWQ0NlVtM01VUUQzOVZhaGFPa1hWMXJQZnA4ekxTV2dSSFFickliQzBZUWttbzZ3cmIzVEdnZDlncHhlSVdsNlJn0gFuQVVfeXFMUGlhQXdMNEtSamVZaXVyRnJxQlZLNFFBNGV2RHprU1RGRTR2MGRFZDQ2VW0zTVVRRDM5VmFoYU9rWFYxclBmcDh6TFNXZ1JIUWJySWJDMFlRa21vNndyYjNUR2dkOWdweGVJV2w2Umc?oc=5,,,,,,,,,,,,,,,,,issue_representative_attempt,I148,self_strategic_reference:카카오 한국투자증권 디지털자산 사업 추진 mou,카카오,자사 및 계열사 이슈,자사_및_계열사_이슈,자사_및_계열사_이슈,자사_및_계열사_이슈,자사 및 계열사 이슈,최종금지_대체필요,fail:never_allow_title_only
자사_및_계열사_이슈,자사 및 계열사 이슈,카카오,"카카오그룹, 한국투자증권과 맞손 디지털자산 사업 본격화",직썰,직썰,"Thu, 01 Oct 2026 05:42:13 GMT","Thu, 01 Oct 2026 05:42:13 GMT","카카오그룹, 한국투자증권과 맞손 디지털자산 사업 본격화 직썰",Google 뉴스가 전세계 매체로부터 종합한 최신 뉴스,30,meta_description_short,-103.0,meta_description_not_full_body,40.0,False,False,https://news.google.com/rss/articles/CBMibEFVX3lxTE5aeWd5NUZMRzZfLUkxZWNuSnhjLXpMbkNSd0RQbWlpTS1UN1RpMFR3bXU2Qmd5MzlqT0dfOTBuRGFIeWtYQTVFckZ2cGJKMzhPakFRaGdoMnV2SjR6T1d2ZUl3SzZNa0pxUjNwZNIBbEFVX3lxTE5aeWd5NUZMRzZfLUkxZWNuSnhjLXpMbkNSd0RQbWlpTS1UN1RpMFR3bXU2Qmd5MzlqT0dfOTBuRGFIeWtYQTVFckZ2cGJKMzhPakFRaGdoMnV2SjR6T1d2ZUl3SzZNa0pxUjNwZA?oc=5,https://news.google.com/rss/articles/CBMibEFVX3lxTE5aeWd5NUZMRzZfLUkxZWNuSnhjLXpMbkNSd0RQbWlpTS1UN1RpMFR3bXU2Qmd5MzlqT0dfOTBuRGFIeWtYQTVFckZ2cGJKMzhPakFRaGdoMnV2SjR6T1d2ZUl3SzZNa0pxUjNwZNIBbEFVX3lxTE5aeWd5NUZMRzZfLUkxZWNuSnhjLXpMbkNSd0RQbWlpTS1UN1RpMFR3bXU2Qmd5MzlqT0dfOTBuRGFIeWtYQTVFckZ2cGJKMzhPakFRaGdoMnV2SjR6T1d2ZUl3SzZNa0pxUjNwZA?oc=5&hl=ko&gl=KR&ceid=KR%3Ako,71.3,digital_asset_stablecoin,digital_asset_stablecoin,,no_original_date_found,no_original_date_found_kept,0.0,-136.7,,0.0,,,0.0,,,,issue_representative_attempt,I149,self_strategic_reference:카카오그룹 한국투자증권과 맞손 디지털자산 사업 본격화,카카오,자사 및 계열사 이슈,자사_및_계열사_이슈,자사_및_계열사_이슈,자사_및_계열사_이슈,자사 및 계열사 이슈,,
자사_및_계열사_이슈,자사 및 계열사 이슈,카카오,"카카오그룹-한국투자증권, 디지털자산 생태계 구축 맞손",미디어펜,미디어펜,"Thu, 01 Oct 2026 05:18:20 GMT","Thu, 01 Oct 2026 05:18:20 GMT","카카오그룹-한국투자증권, 디지털자산 생태계 구축 맞손 미디어펜",Google 뉴스가 전세계 매체로부터 종합한 최신 뉴스,30,meta_description_short,-103.0,meta_description_not_full_body,40.0,False,False,https://news.google.com/rss/articles/CBMiWEFVX3lxTFBPd0xBVjRSQTNaODhXYjdBWXpDeHEwY2lUOEZ2TXNMQTY2eFJYcXl2SUdIQ2dzMFJJM0dkNWljY1ZrTWh3d1AyM0dSaUd0ZlYwWE1iSENIc3XSAVhBVV95cUxQT3dMQVY0UkEzWjg4V2I3QVl6Q3hxMGNpVDhGdk1zTEE2NnhSWHF5dklHSENnczBSSTNHZDVpY2NWa01od3dQMjNHUmlHdGZWMFhNYkhDSHN1?oc=5,https://news.google.com/rss/articles/CBMiWEFVX3lxTFBPd0xBVjRSQTNaODhXYjdBWXpDeHEwY2lUOEZ2TXNMQTY2eFJYcXl2SUdIQ2dzMFJJM0dkNWljY1ZrTWh3d1AyM0dSaUd0ZlYwWE1iSENIc3XSAVhBVV95cUxQT3dMQVY0UkEzWjg4V2I3QVl6Q3hxMGNpVDhGdk1zTEE2NnhSWHF5dklHSENnczBSSTNHZDVpY2NWa01od3dQMjNHUmlHdGZWMFhNYkhDSHN1?oc=5&hl=ko&gl=KR&ceid=KR%3Ako,71.3,digital_asset_stablecoin,digital_asset_stablecoin,,no_original_date_found,no_original_date_found_kept,0.0,-136.7,,0.0,,,0.0,,,,issue_representative_attempt,I150,self_strategic_reference:카카오그룹 한국투자증권 디지털자산 생태계 구축 맞손,카카오,자사 및 계열사 이슈,자사_및_계열사_이슈,자사_및_계열사_이슈,자사_및_계열사_이슈,자사 및 계열사 이슈,,
자사_및_계열사_이슈,자사 및 계열사 이슈,카카오,"한국투자증권, 카카오그룹과 맞손···디지털자산 사업 협력 나서",직썰,직썰,"Thu, 01 Oct 2026 05:12:58 GMT","Thu, 01 Oct 2026 05:12:58 GMT","한국투자증권, 카카오그룹과 맞손···디지털자산 사업 협력 나서 직썰",Google 뉴스가 전세계 매체로부터 종합한 최신 뉴스,30,meta_description_short,-103.0,meta_description_not_full_body,40.0,False,False,https://news.google.com/rss/articles/CBMiaEFVX3lxTE9rQmQzX21YU2htcUlkeXJsV3lYZ2xFNXA2S3hjeDdkWXQxT05QNzB3N0JUWW85Y2FDY2N1QUgzZWhDV3o5OERJODh4M2JQQkx3cGE0bHVtMHhrNy1SaDFHUklGYUZfM1Jn0gFsQVVfeXFMT09jRHVuR0J1SE5QRkI1WmlkakpieGZmQmc5bTZmLTBITWgzQVZieWJVcUxXalFfZEYxUjBkLXZuS3c4U092NV9tVnBTRzQ0bmJUY2NUU2NJTko3NUN2QVZHZ0FkLWxrOHpVOGg0?oc=5,https://news.google.com/rss/articles/CBMiaEFVX3lxTE9rQmQzX21YU2htcUlkeXJsV3lYZ2xFNXA2S3hjeDdkWXQxT05QNzB3N0JUWW85Y2FDY2N1QUgzZWhDV3o5OERJODh4M2JQQkx3cGE0bHVtMHhrNy1SaDFHUklGYUZfM1Jn0gFsQVVfeXFMT09jRHVuR0J1SE5QRkI1WmlkakpieGZmQmc5bTZmLTBITWgzQVZieWJVcUxXalFfZEYxUjBkLXZuS3c4U092NV9tVnBTRzQ0bmJUY2NUU2NJTko3NUN2QVZHZ0FkLWxrOHpVOGg0?oc=5&hl=ko&gl=KR&ceid=KR%3Ako,71.3,digital_asset_stablecoin,digital_asset_stablecoin,,no_original_date_found,no_original_date_found_kept,0.0,-136.7,,0.0,,,0.0,,,,issue_representative_attempt,I151,self_strategic_reference:한국투자증권 카카오그룹과 맞손 디지털자산 사업 협력 나서,카카오,자사 및 계열사 이슈,자사_및_계열사_이슈,자사_및_계열사_이슈,자사_및_계열사_이슈,자사 및 계열사 이슈,,
자사_및_계열사_이슈,자사 및 계열사 이슈,카카오,"송금부터 월렛까지…카카오·한투, 디지털자산 생태계 인프라 구축",KPI뉴스,KPI뉴스,"Thu, 01 Oct 2026 04:42:31 GMT","Thu, 01 Oct 2026 04:42:31 GMT","송금부터 월렛까지…카카오·한투, 디지털자산 생태계 인프라 구축 KPI뉴스",Google 뉴스가 전세계 매체로부터 종합한 최신 뉴스,30,meta_description_short,-103.0,meta_description_not_full_body,40.0,False,False,https://news.google.com/rss/articles/CBMiV0FVX3lxTE9fRWVybFdtbzhqMG5zRnp5dC1LMkZ0WkEzOFU3dlZOQlNOb2JfbHJQNDN5SWQtZm1pZlo2QjJCMnJydGhIX3U0V2gyLXRiQkt2LUN3MlAyRdIBU0FVX3lxTE5EWnJTM0kwak1mTG56aklfVTVxMmU3RUJvZlVmVzJwMVJBQUlZR0twdDRBMzB1X29GUWZ2N3liTWhQOWRYaTh5MlBYMWdJenVPNVNj?oc=5,https://news.google.com/rss/articles/CBMiV0FVX3lxTE9fRWVybFdtbzhqMG5zRnp5dC1LMkZ0WkEzOFU3dlZOQlNOb2JfbHJQNDN5SWQtZm1pZlo2QjJCMnJydGhIX3U0V2gyLXRiQkt2LUN3MlAyRdIBU0FVX3lxTE5EWnJTM0kwak1mTG56aklfVTVxMmU3RUJvZlVmVzJwMVJBQUlZR0twdDRBMzB1X29GUWZ2N3liTWhQOWRYaTh5MlBYMWdJenVPNVNj?oc=5&hl=ko&gl=KR&ceid=KR%3Ako,71.3,digital_asset_stablecoin,digital_asset_stablecoin,,no_original_date_found,no_original_date_found_kept,0.0,-136.7,,0.0,,,0.0,,,,issue_representative_attempt,I152,self_strategic_reference:송금부터 월렛까지 카카오 한투 디지털자산 생태계 인프라 구축,카카오,자사 및 계열사 이슈,자사_및_계열사_이슈,자사_및_계열사_이슈,자사_및_계열사_이슈,자사 및 계열사 이슈,,
자사_및_계열사_이슈,자사 및 계열사 이슈,카카오,"한국투자증권, 카카오와 디지털자산 생태계 구축 동맹 |",연합인포맥스,연합인포맥스,"Thu, 01 Oct 2026 04:39:48 GMT","Thu, 01 Oct 2026 04:39:48 GMT","한국투자증권, 카카오와 디지털자산 생태계 구축 동맹 | 연합인포맥스",Google 뉴스가 전세계 매체로부터 종합한 최신 뉴스,30,meta_description_short,-103.0,meta_description_not_full_body,40.0,False,False,https://news.google.com/rss/articles/CBMidEFVX3lxTE9OSVEzT3NMbkF2c1RGeHNGZVRDR3lYNmdpejFCLWJOSHkwTFVwRWRiNER6VjNyWkVJZkJRdjc0OHdBYzJleTIySDVQYngxeV81ZmZWRG9sdm1lZTZuTjBrX25FdUlfcDBoVXQ1SlMzeG1DVEp2?oc=5,https://news.google.com/rss/articles/CBMidEFVX3lxTE9OSVEzT3NMbkF2c1RGeHNGZVRDR3lYNmdpejFCLWJOSHkwTFVwRWRiNER6VjNyWkVJZkJRdjc0OHdBYzJleTIySDVQYngxeV81ZmZWRG9sdm1lZTZuTjBrX25FdUlfcDBoVXQ1SlMzeG1DVEp2?oc=5&hl=ko&gl=KR&ceid=KR%3Ako,71.3,digital_asset_stablecoin,digital_asset_stablecoin,,no_original_date_found,no_original_date_found_kept,0.0,-136.7,,0.0,,,0.0,,,,issue_representative_attempt,I153,self_strategic_reference:한국투자증권 카카오와 디지털자산 생태계 구축 동맹,카카오,자사 및 계열사 이슈,자사_및_계열사_이슈,자사_및_계열사_이슈,자사_및_계열사_이슈,자사 및 계열사 이슈,,
자사_및_계열사_이슈,자사 및 계열사 이슈,카카오,"카카오그룹·한국투자증권, 디지털자산 전방위 협력…발행·유통·지갑까지",뉴스퀘스트,뉴스퀘스트,"Thu, 01 Oct 2026 04:27:11 GMT","Thu, 01 Oct 2026 04:27:11 GMT","카카오그룹·한국투자증권, 디지털자산 전방위 협력…발행·유통·지갑까지 뉴스퀘스트",Google 뉴스가 전세계 매체로부터 종합한 최신 뉴스,30,meta_description_short,-103.0,meta_description_not_full_body,40.0,False,False,https://news.google.com/rss/articles/CBMib0FVX3lxTFBiZDV3SUJoLUJWNlh4Ql81dFNPRlNGVUFIVTNUSnJtYUJ5ZVBNNDE0WE1VMngyNnBLTXVUM3pOX3o4ZmU1ZUhUaS1rNUM1VWFNWE56bzQtbV9UN0xVWjUtbmdRTnBWMjdBWEJlVFBBQQ?oc=5,https://news.google.com/rss/articles/CBMib0FVX3lxTFBiZDV3SUJoLUJWNlh4Ql81dFNPRlNGVUFIVTNUSnJtYUJ5ZVBNNDE0WE1VMngyNnBLTXVUM3pOX3o4ZmU1ZUhUaS1rNUM1VWFNWE56bzQtbV9UN0xVWjUtbmdRTnBWMjdBWEJlVFBBQQ?oc=5&hl=ko&gl=KR&ceid=KR%3Ako,71.3,digital_asset_stablecoin,digital_asset_stablecoin,,no_original_date_found,no_original_date_found_kept,0.0,-136.7,,-18.0,,,0.0,,,,issue_representative_attempt,I154,self_strategic_reference:카카오그룹 한국투자증권 디지털자산 전방위 협력 발행 유통 지갑까지,카카오,자사 및 계열사 이슈,자사_및_계열사_이슈,자사_및_계열사_이슈,자사_및_계열사_이슈,자사 및 계열사 이슈,,
자사_및_계열사_이슈,자사 및 계열사 이슈,카카오,"카카오그룹·한국투자증권, 디지털자산 금융서비스 공동 개발",파이낸셜포스트,파이낸셜포스트,"Thu, 01 Oct 2026 03:57:05 GMT","Thu, 01 Oct 2026 03:57:05 GMT","카카오그룹·한국투자증권, 디지털자산 금융서비스 공동 개발 파이낸셜포스트",Google 뉴스가 전세계 매체로부터 종합한 최신 뉴스,30,meta_description_short,-103.0,meta_description_not_full_body,40.0,False,False,https://news.google.com/rss/articles/CBMidEFVX3lxTE9WNnRkNEhzRFdQRDcwWG5qWExHaGVrNWdvQ19taUFvekdZNF9BVlB3SEJhczRIV0hMV1JZNTdHbUU4Ty0yMlNpMUZ5bDBxU0N6WXJ2NUtvOVotVHYzYmo1a2lOZjYtdVEyRmlxSU9rckxWS3d5?oc=5,https://news.google.com/rss/articles/CBMidEFVX3lxTE9WNnRkNEhzRFdQRDcwWG5qWExHaGVrNWdvQ19taUFvekdZNF9BVlB3SEJhczRIV0hMV1JZNTdHbUU4Ty0yMlNpMUZ5bDBxU0N6WXJ2NUtvOVotVHYzYmo1a2lOZjYtdVEyRmlxSU9rckxWS3d5?oc=5&hl=ko&gl=KR&ceid=KR%3Ako,71.3,digital_asset_stablecoin,digital_asset_stablecoin,,no_original_date_found,no_original_date_found_kept,0.0,-136.7,,0.0,,,0.0,,,,issue_representative_attempt,I155,self_strategic_reference:카카오그룹 한국투자증권 디지털자산 금융서비스 공동 개발,카카오,자사 및 계열사 이슈,자사_및_계열사_이슈,자사_및_계열사_이슈,자사_및_계열사_이슈,자사 및 계열사 이슈,,
자사_및_계열사_이슈,자사 및 계열사 이슈,카카오,"카카오그룹, 한국투자증권과 손잡고 디지털자산 생태계 구축",파이낸셜뉴스,파이낸셜뉴스,"Thu, 01 Oct 2026 01:54:37 GMT","Thu, 01 Oct 2026 01:54:37 GMT","카카오그룹, 한국투자증권과 손잡고 디지털자산 생태계 구축 파이낸셜뉴스",Google 뉴스가 전세계 매체로부터 종합한 최신 뉴스,30,meta_description_short,-103.0,meta_description_not_full_body,40.0,False,False,https://news.google.com/rss/articles/CBMiWkFVX3lxTE1RbGIyQnBlQXU2SnFobk5uVzFiLWRsV0RhQnpLa3BKM2tTSl9WS3VwTDZuMDk3YXZuV195MUthUWNkclVHcWtvV2tJaUs3TG5TUDBYOHNlQ0pudw?oc=5,https://news.google.com/rss/articles/CBMiWkFVX3lxTE1RbGIyQnBlQXU2SnFobk5uVzFiLWRsV0RhQnpLa3BKM2tTSl9WS3VwTDZuMDk3YXZuV195MUthUWNkclVHcWtvV2tJaUs3TG5TUDBYOHNlQ0pudw?oc=5&hl=ko&gl=KR&ceid=KR%3Ako,71.3,digital_asset_stablecoin,digital_asset_stablecoin,,no_original_date_found,no_original_date_found_kept,0.0,-127.7,,0.0,,,0.0,,,,issue_representative_attempt,I156,self_strategic_reference:카카오그룹 한국투자증권과 손잡고 디지털자산 생태계 구축,카카오,자사 및 계열사 이슈,자사_및_계열사_이슈,자사_및_계열사_이슈,자사_및_계열사_이슈,자사 및 계열사 이슈,,
자사_및_계열사_이슈,자사 및 계열사 이슈,카카오,"카카오그룹·한투증권, 디지털자산 동맹…전자지갑 구축도 협력",헤럴드경제,헤럴드경제,"Thu, 01 Oct 2026 00:28:21 GMT","Thu, 01 Oct 2026 00:28:21 GMT","카카오그룹·한투증권, 디지털자산 동맹…전자지갑 구축도 협력 헤럴드경제",Google 뉴스가 전세계 매체로부터 종합한 최신 뉴스,30,meta_description_short,-103.0,meta_description_not_full_body,40.0,False,False,https://news.google.com/rss/articles/CBMiVkFVX3lxTE9uYlNtbXRtT255WWprRFZTYXZWQzJ2djA0Ym9sTjVLZmxROXRFZ3pzei1lWWkwczkwSDRKYzQ0ZEd2cjEtdWhIU0ZYY295OHFxUXlQdFlR?oc=5,https://news.google.com/rss/articles/CBMiVkFVX3lxTE9uYlNtbXRtT255WWprRFZTYXZWQzJ2djA0Ym9sTjVLZmxROXRFZ3pzei1lWWkwczkwSDRKYzQ0ZEd2cjEtdWhIU0ZYY295OHFxUXlQdFlR?oc=5&hl=ko&gl=KR&ceid=KR%3Ako,71.3,digital_asset_stablecoin,digital_asset_stablecoin,,no_original_date_found,no_original_date_found_kept,0.0,-127.7,,0.0,,,0.0,,,,issue_representative_attempt,I157,self_strategic_reference:카카오그룹 한투증권 디지털자산 동맹 전자지갑 구축도 협력,카카오,자사 및 계열사 이슈,자사_및_계열사_이슈,자사_및_계열사_이슈,자사_및_계열사_이슈,자사 및 계열사 이슈,,
자사_및_계열사_이슈,자사 및 계열사 이슈,카카오,"""디지털자산 생태계 구축"" 한국투자증권, 카카오그룹과 MOU",아시아경제,,"Thu, 01 Oct 2026 00:27:00 GMT",,"""디지털자산 생태계 구축"" 한국투자증권, 카카오그룹과 MOU 아시아경제",,0,v24_pre_body_guardrail,-100.0,never_allow_title_only_low_value_or_caption,,False,,https://news.google.com/rss/articles/CBMiYkFVX3lxTFB1ZE5IOW9FVURNY1I2amhiZzIteS12T09vUmJocV9SOW1KYVc3NkxWWjdPY29tRFFNamRPR1AwUmd5UHhHVXVjNG1fM3c1N3FtX0g0RFhSUzNna001UV9xd3NB?oc=5,https://news.google.com/rss/articles/CBMiYkFVX3lxTFB1ZE5IOW9FVURNY1I2amhiZzIteS12T09vUmJocV9SOW1KYVc3NkxWWjdPY29tRFFNamRPR1AwUmd5UHhHVXVjNG1fM3c1N3FtX0g0RFhSUzNna001UV9xd3NB?oc=5,,,,,,,,,,,,,,,,,issue_representative_attempt,I158,self_strategic_reference:디지털자산 생태계 구축 한국투자증권 카카오그룹과 mou,카카오,자사 및 계열사 이슈,자사_및_계열사_이슈,자사_및_계열사_이슈,자사_및_계열사_이슈,자사 및 계열사 이슈,최종금지_대체필요,fail:never_allow_title_only
자사_및_계열사_이슈,자사 및 계열사 이슈,카카오,"한국투자증권, 카카오·카뱅·카카오페이와 맞손…디지털자산 사업 확대",스포츠서울,스포츠서울,"Thu, 01 Oct 2026 00:28:15 GMT","Thu, 01 Oct 2026 00:28:15 GMT","한국투자증권, 카카오·카뱅·카카오페이와 맞손…디지털자산 사업 확대 스포츠서울",Google 뉴스가 전세계 매체로부터 종합한 최신 뉴스,30,meta_description_short,-103.0,meta_description_not_full_body,42.5,False,False,https://news.google.com/rss/articles/CBMiWEFVX3lxTE94Q0Jtd1J0aWlURVM1STdpUnM3bFdRMVNDN1N4cTJ3S3IyV1d5SVVxM2ZfZU8tSGljTy1JOEtIODRqLU5xbVpJRDhOZ3MyUHdpdHJoVlUyS3I?oc=5,https://news.google.com/rss/articles/CBMiWEFVX3lxTE94Q0Jtd1J0aWlURVM1STdpUnM3bFdRMVNDN1N4cTJ3S3IyV1d5SVVxM2ZfZU8tSGljTy1JOEtIODRqLU5xbVpJRDhOZ3MyUHdpdHJoVlUyS3I?oc=5&hl=ko&gl=KR&ceid=KR%3Ako,70.8,digital_asset_stablecoin,digital_asset_stablecoin,,no_original_date_found,no_original_date_found_kept,0.0,-134.95,,0.0,,,0.0,,,,issue_representative_attempt,I161,self_strategic_reference:한국투자증권 카카오 카뱅 카카오페이와 맞손 디지털자산 사업 확대,카카오,자사 및 계열사 이슈,자사_및_계열사_이슈,자사_및_계열사_이슈,자사_및_계열사_이슈,자사 및 계열사 이슈,,
자사_및_계열사_이슈,자사 및 계열사 이슈,카카오,한국투자증권·카카오 '맞손'…디지털자산 서비스 협력,SBS Biz,SBS Biz,"Thu, 01 Oct 2026 01:52:00 GMT","Thu, 01 Oct 2026 01:52:00 GMT",한국투자증권·카카오 '맞손'…디지털자산 서비스 협력 SBS Biz,Google 뉴스가 전세계 매체로부터 종합한 최신 뉴스,30,meta_description_short,-103.0,meta_description_not_full_body,40.0,False,False,https://news.google.com/rss/articles/CBMiU0FVX3lxTE95S29sYmdYOGplbnNIWlBMb2Y5anFtcmJRX3poR2NOQWRXWHJ3MTB1eWRVOWFBcHpLVnNfdkJhUW55N25FQzRYTTlrTGQ5d1BtRUpN0gFYQVVfeXFMT0lJTExPNXRoU1VDMHVoaTN2RDduNWE2bjFROVpBclZZNGpVNWk2YTd3d0s2bFQxWWt2ZFNSejVtTVJ4VjFEN0d2eW9iZzU2QkdnWkUyaDJfYQ?oc=5,https://news.google.com/rss/articles/CBMiU0FVX3lxTE95S29sYmdYOGplbnNIWlBMb2Y5anFtcmJRX3poR2NOQWRXWHJ3MTB1eWRVOWFBcHpLVnNfdkJhUW55N25FQzRYTTlrTGQ5d1BtRUpN0gFYQVVfeXFMT0lJTExPNXRoU1VDMHVoaTN2RDduNWE2bjFROVpBclZZNGpVNWk2YTd3d0s2bFQxWWt2ZFNSejVtTVJ4VjFEN0d2eW9iZzU2QkdnWkUyaDJfYQ?oc=5&hl=ko&gl=KR&ceid=KR%3Ako,70.3,digital_asset_stablecoin,digital_asset_stablecoin,,no_original_date_found,no_original_date_found_kept,0.0,-129.7,,0.0,,,0.0,,,,issue_representative_attempt,I162,self_strategic_reference:한국투자증권 카카오 맞손 디지털자산 서비스 협력,카카오,자사 및 계열사 이슈,자사_및_계열사_이슈,자사_및_계열사_이슈,자사_및_계열사_이슈,자사 및 계열사 이슈,,
자사_및_계열사_이슈,자사 및 계열사 이슈,카카오,"“디지털자산 생태계 구축” 한투증권, 카카오그룹과 '맞손'",catchnews.kr,catchnews.kr,"Thu, 01 Oct 2026 08:33:00 GMT","Thu, 01 Oct 2026 08:33:00 GMT","“디지털자산 생태계 구축” 한투증권, 카카오그룹과 '맞손' catchnews.kr",Google 뉴스가 전세계 매체로부터 종합한 최신 뉴스,30,meta_description_short,-103.0,meta_description_not_full_body,40.0,False,False,https://news.google.com/rss/articles/CBMia0FVX3lxTE9ORy04NGtHeHgxQUhGRkhfY3FCcWZteWxLMTRfVTRYVVpNenVJaDVTSFhlMjhZUWVpSDA0cFdTeWhRQWVkM1V1bDd4NzFwMFlBUjhiVDEzODlJZnY2VDN0a1dBcGx0VnZUb1Vj0gFvQVVfeXFMT0libTl3MUZvQVYyZDhtOXVURFE0ZUhuMk5Kdm1KcTJpYkkzOEJCYTRFSV9uM24xYlNnYUhHTkc3T3A2SjdUSFppU0hOalJ2aVRfU1VaTjRiMlphcVN6WlNrekl5ZE1YYVdrQ0V2Ri1j?oc=5,https://news.google.com/rss/articles/CBMia0FVX3lxTE9ORy04NGtHeHgxQUhGRkhfY3FCcWZteWxLMTRfVTRYVVpNenVJaDVTSFhlMjhZUWVpSDA0cFdTeWhRQWVkM1V1bDd4NzFwMFlBUjhiVDEzODlJZnY2VDN0a1dBcGx0VnZUb1Vj0gFvQVVfeXFMT0libTl3MUZvQVYyZDhtOXVURFE0ZUhuMk5Kdm1KcTJpYkkzOEJCYTRFSV9uM24xYlNnYUhHTkc3T3A2SjdUSFppU0hOalJ2aVRfU1VaTjRiMlphcVN6WlNrekl5ZE1YYVdrQ0V2Ri1j?oc=5&hl=ko&gl=KR&ceid=KR%3Ako,69.3,digital_asset_stablecoin,digital_asset_stablecoin,,no_original_date_found,no_original_date_found_kept,0.0,-139.7,,0.0,,,0.0,,,,issue_representative_attempt,I164,self_strategic_reference:디지털자산 생태계 구축 한투증권 카카오그룹과 맞손,카카오,자사 및 계열사 이슈,자사_및_계열사_이슈,자사_및_계열사_이슈,자사_및_계열사_이슈,자사 및 계열사 이슈,,
자사_및_계열사_이슈,자사 및 계열사 이슈,카카오,"한국투자증권-카카오그룹, 디지털자산 동맹…발행·유통부터 월렛까지",m-i.kr,m-i.kr,"Thu, 01 Oct 2026 06:42:20 GMT","Thu, 01 Oct 2026 06:42:20 GMT","한국투자증권-카카오그룹, 디지털자산 동맹…발행·유통부터 월렛까지 m-i.kr",Google 뉴스가 전세계 매체로부터 종합한 최신 뉴스,30,meta_description_short,-103.0,meta_description_not_full_body,40.0,False,False,https://news.google.com/rss/articles/CBMiZEFVX3lxTE5FN3pyZE1kQUVUeHpGZE5rckVBdWV3U0MwUDBaYzNpYXhUVmtROWJWazRNcjY1b2R3STR3YzVxTlQ3MExNTGo1TjRDYVk3dThGd3VmQVoxRlk5eTNtbHp6LWxKbHE?oc=5,https://news.google.com/rss/articles/CBMiZEFVX3lxTE5FN3pyZE1kQUVUeHpGZE5rckVBdWV3U0MwUDBaYzNpYXhUVmtROWJWazRNcjY1b2R3STR3YzVxTlQ3MExNTGo1TjRDYVk3dThGd3VmQVoxRlk5eTNtbHp6LWxKbHE?oc=5&hl=ko&gl=KR&ceid=KR%3Ako,69.3,digital_asset_stablecoin,digital_asset_stablecoin,,no_original_date_found,no_original_date_found_kept,0.0,-139.7,,0.0,,,0.0,,,,issue_representative_attempt,I165,self_strategic_reference:한국투자증권 카카오그룹 디지털자산 동맹 발행 유통부터 월렛까지,카카오,자사 및 계열사 이슈,자사_및_계열사_이슈,자사_및_계열사_이슈,자사_및_계열사_이슈,자사 및 계열사 이슈,,
자사_및_계열사_이슈,자사 및 계열사 이슈,카카오,"한국투자증권·카카오그룹, 디지털자산 '동맹'..서비스 개발 맞손",초이스경제,초이스경제,"Thu, 01 Oct 2026 02:59:49 GMT","Thu, 01 Oct 2026 02:59:49 GMT","한국투자증권·카카오그룹, 디지털자산 '동맹'..서비스 개발 맞손 초이스경제",Google 뉴스가 전세계 매체로부터 종합한 최신 뉴스,30,meta_description_short,-103.0,meta_description_not_full_body,40.0,False,False,https://news.google.com/rss/articles/CBMicEFVX3lxTFB3TGhOMUhlU0FjUGZQNnN6X3lFT3ZZWG1nUFhPZmlKUWZSTDdsUGFJZ05JQzNudUNJUndMUnVybWQ3a0NyZ25VTDIwR3U3bHV4b1EtX0RDNTMwTkE3SEo2aTNhLUtxT3B3amdHZEp5dzbSAXNBVV95cUxOXy14ekNDNk44VWVlUWRUalo5cGhRVnVzTnY4c1pIQ1dhaElaYlJiRGFVQ01DaUtocWN2UnJpQVlSdk0xcHdGeHdKbFEyejRuTV9Fa3E4QlNoWGcwMDE4bElPYmotOTluZEdiVTJBODlqR2RR?oc=5,https://news.google.com/rss/articles/CBMicEFVX3lxTFB3TGhOMUhlU0FjUGZQNnN6X3lFT3ZZWG1nUFhPZmlKUWZSTDdsUGFJZ05JQzNudUNJUndMUnVybWQ3a0NyZ25VTDIwR3U3bHV4b1EtX0RDNTMwTkE3SEo2aTNhLUtxT3B3amdHZEp5dzbSAXNBVV95cUxOXy14ekNDNk44VWVlUWRUalo5cGhRVnVzTnY4c1pIQ1dhaElaYlJiRGFVQ01DaUtocWN2UnJpQVlSdk0xcHdGeHdKbFEyejRuTV9Fa3E4QlNoWGcwMDE4bElPYmotOTluZEdiVTJBODlqR2RR?oc=5&hl=ko&gl=KR&ceid=KR%3Ako,68.3,digital_asset_stablecoin,digital_asset_stablecoin,,no_original_date_found,no_original_date_found_kept,0.0,-136.7,,0.0,,,0.0,,,,issue_representative_attempt,I168,self_strategic_reference:한국투자증권 카카오그룹 디지털자산 동맹 서비스 개발 맞손,카카오,자사 및 계열사 이슈,자사_및_계열사_이슈,자사_및_계열사_이슈,자사_및_계열사_이슈,자사 및 계열사 이슈,,
자사_및_계열사_이슈,자사 및 계열사 이슈,카카오,"한국투자증권-카카오그룹, 디지털자산 금융서비스 협력 확대",팝콘뉴스,팝콘뉴스,"Thu, 01 Oct 2026 02:57:47 GMT","Thu, 01 Oct 2026 02:57:47 GMT","한국투자증권-카카오그룹, 디지털자산 금융서비스 협력 확대 팝콘뉴스",Google 뉴스가 전세계 매체로부터 종합한 최신 뉴스,30,meta_description_short,-103.0,meta_description_not_full_body,40.0,False,False,https://news.google.com/rss/articles/CBMickFVX3lxTE5TNmR2WlZPR3o2VkQtNVBrMlNyTEVDbS1FZ01TR1h2ZzZ1UmI4N013Q2E5N0ZRdW5pUlh0Wkd4RkxKX3dXY3JQZWJNTXBVaGxuZGxQMmw4RFpCdldzSXo2QlpLaU1SNEY3dkJ0ajJueU9jQdIBckFVX3lxTE5TNmR2WlZPR3o2VkQtNVBrMlNyTEVDbS1FZ01TR1h2ZzZ1UmI4N013Q2E5N0ZRdW5pUlh0Wkd4RkxKX3dXY3JQZWJNTXBVaGxuZGxQMmw4RFpCdldzSXo2QlpLaU1SNEY3dkJ0ajJueU9jQQ?oc=5,https://news.google.com/rss/articles/CBMickFVX3lxTE5TNmR2WlZPR3o2VkQtNVBrMlNyTEVDbS1FZ01TR1h2ZzZ1UmI4N013Q2E5N0ZRdW5pUlh0Wkd4RkxKX3dXY3JQZWJNTXBVaGxuZGxQMmw4RFpCdldzSXo2QlpLaU1SNEY3dkJ0ajJueU9jQdIBckFVX3lxTE5TNmR2WlZPR3o2VkQtNVBrMlNyTEVDbS1FZ01TR1h2ZzZ1UmI4N013Q2E5N0ZRdW5pUlh0Wkd4RkxKX3dXY3JQZWJNTXBVaGxuZGxQMmw4RFpCdldzSXo2QlpLaU1SNEY3dkJ0ajJueU9jQQ?oc=5&hl=ko&gl=KR&ceid=KR%3Ako,68.3,digital_asset_stablecoin,digital_asset_stablecoin,,no_original_date_found,no_original_date_found_kept,0.0,-136.7,,0.0,,,0.0,,,,issue_representative_attempt,I169,self_strategic_reference:한국투자증권 카카오그룹 디지털자산 금융서비스 협력 확대,카카오,자사 및 계열사 이슈,자사_및_계열사_이슈,자사_및_계열사_이슈,자사_및_계열사_이슈,자사 및 계열사 이슈,,
자사_및_계열사_이슈,자사 및 계열사 이슈,카카오,"한국투자증권, 카카오그룹과 디지털자산 생태계 구축 맞손",레디앙,레디앙,"Thu, 01 Oct 2026 02:35:33 GMT","Thu, 01 Oct 2026 02:35:33 GMT","한국투자증권, 카카오그룹과 디지털자산 생태계 구축 맞손 레디앙",Google 뉴스가 전세계 매체로부터 종합한 최신 뉴스,30,meta_description_short,-103.0,meta_description_not_full_body,40.0,False,False,https://news.google.com/rss/articles/CBMiaEFVX3lxTE1aZmljdHluNGUtYThiZ2xpRjRLNV9YWkU5Ry1HWXZNaVJxQnlmYXFVY2ExbHJ2ZmZSSGtUMDlJZHVfXzRxcktHT2QtWkVVS1NDcUtZanNpOWp0T1d3d0puRUJaWWVkSEh0?oc=5,https://news.google.com/rss/articles/CBMiaEFVX3lxTE1aZmljdHluNGUtYThiZ2xpRjRLNV9YWkU5Ry1HWXZNaVJxQnlmYXFVY2ExbHJ2ZmZSSGtUMDlJZHVfXzRxcktHT2QtWkVVS1NDcUtZanNpOWp0T1d3d0puRUJaWWVkSEh0?oc=5&hl=ko&gl=KR&ceid=KR%3Ako,68.3,digital_asset_stablecoin,digital_asset_stablecoin,,no_original_date_found,no_original_date_found_kept,0.0,-136.7,,0.0,,,0.0,,,,issue_representative_attempt,I170,self_strategic_reference:한국투자증권 카카오그룹과 디지털자산 생태계 구축 맞손,카카오,자사 및 계열사 이슈,자사_및_계열사_이슈,자사_및_계열사_이슈,자사_및_계열사_이슈,자사 및 계열사 이슈,,
자사_및_계열사_이슈,자사 및 계열사 이슈,카카오,"카카오그룹·한국투자증권, 디지털자산 발행·유통 협력",현대경제신문,현대경제신문,"Thu, 01 Oct 2026 02:13:03 GMT","Thu, 01 Oct 2026 02:13:03 GMT","카카오그룹·한국투자증권, 디지털자산 발행·유통 협력 현대경제신문",Google 뉴스가 전세계 매체로부터 종합한 최신 뉴스,30,meta_description_short,-103.0,meta_description_not_full_body,40.0,False,False,https://news.google.com/rss/articles/CBMiaEFVX3lxTFBfdEVuWHJndnROT0ZFSTI2OU9JRDBnSHcwUWMtcjM1akN4bVpVWV93RFFBeGNGOWtNaEhqekRYLTQtbnQyZmcxWGFHUVpqQlM3aVdELWdmekh4WDVkZFNtdWxHYXhsNXk40gFrQVVfeXFMTUVMaHVQaTB4aUUtXzUtNzdmT3RaaUF2UWpxeFQ5MzFONFhycnE2dFI1eXdIOVlmbWs4QU9YT1FSMHU1QnlLNEl3cEw5SlFtRE1GU0xFVmlndl9Jc3VOSnVtVWZQZjVwVko2UnM?oc=5,https://news.google.com/rss/articles/CBMiaEFVX3lxTFBfdEVuWHJndnROT0ZFSTI2OU9JRDBnSHcwUWMtcjM1akN4bVpVWV93RFFBeGNGOWtNaEhqekRYLTQtbnQyZmcxWGFHUVpqQlM3aVdELWdmekh4WDVkZFNtdWxHYXhsNXk40gFrQVVfeXFMTUVMaHVQaTB4aUUtXzUtNzdmT3RaaUF2UWpxeFQ5MzFONFhycnE2dFI1eXdIOVlmbWs4QU9YT1FSMHU1QnlLNEl3cEw5SlFtRE1GU0xFVmlndl9Jc3VOSnVtVWZQZjVwVko2UnM?oc=5&hl=ko&gl=KR&ceid=KR%3Ako,68.3,digital_asset_stablecoin,digital_asset_stablecoin,,no_original_date_found,no_original_date_found_kept,0.0,-136.7,,0.0,,,0.0,,,,issue_representative_attempt,I171,self_strategic_reference:카카오그룹 한국투자증권 디지털자산 발행 유통 협력,카카오,자사 및 계열사 이슈,자사_및_계열사_이슈,자사_및_계열사_이슈,자사_및_계열사_이슈,자사 및 계열사 이슈,,
자사_및_계열사_이슈,자사 및 계열사 이슈,카카오,"한국투자증권·카카오그룹, 디지털자산 사업 맞손…발행·유통부터 월렛까지 협력",블루밍비트,블루밍비트,"Thu, 01 Oct 2026 02:08:10 GMT","Thu, 01 Oct 2026 02:08:10 GMT","한국투자증권·카카오그룹, 디지털자산 사업 맞손…발행·유통부터 월렛까지 협력 블루밍비트",Google 뉴스가 전세계 매체로부터 종합한 최신 뉴스,30,meta_description_short,-103.0,meta_description_not_full_body,40.0,False,False,https://news.google.com/rss/articles/CBMiUEFVX3lxTE9DY0s4SHJsWG96LUZ2S1hTbElZN3RVQVpWSWFwWloxZFFmMUFoY1RkWW9tQU1nSm1CWWxXYzlCblVoSnpXRzB1YlhsdWlkd18w?oc=5,https://news.google.com/rss/articles/CBMiUEFVX3lxTE9DY0s4SHJsWG96LUZ2S1hTbElZN3RVQVpWSWFwWloxZFFmMUFoY1RkWW9tQU1nSm1CWWxXYzlCblVoSnpXRzB1YlhsdWlkd18w?oc=5&hl=ko&gl=KR&ceid=KR%3Ako,68.3,digital_asset_stablecoin,digital_asset_stablecoin,,no_original_date_found,no_original_date_found_kept,0.0,-136.7,,0.0,,,0.0,,,,issue_representative_attempt,I172,self_strategic_reference:한국투자증권 카카오그룹 디지털자산 사업 맞손 발행 유통부터 월렛까지 협력,카카오,자사 및 계열사 이슈,자사_및_계열사_이슈,자사_및_계열사_이슈,자사_및_계열사_이슈,자사 및 계열사 이슈,,
자사_및_계열사_이슈,자사 및 계열사 이슈,카카오,"한투증권, 카카오그룹과 디지털자산 동맹…전자지갑 공동 구축",NSP통신,NSP통신,"Thu, 01 Oct 2026 02:06:46 GMT","Thu, 01 Oct 2026 02:06:46 GMT","한투증권, 카카오그룹과 디지털자산 동맹…전자지갑 공동 구축 NSP통신",Google 뉴스가 전세계 매체로부터 종합한 최신 뉴스,30,meta_description_short,-103.0,meta_description_not_full_body,40.0,False,False,https://news.google.com/rss/articles/CBMiYEFVX3lxTE8yczQzLUtXcXdFWU1md1RPamp1Rk56M21rcEJ6VS10cGpibXBob1U0TVJGckZpdkRCYnFTcE4wdGUwUUZMaXJhVndsNGd6VnppczNRa2dSck1pZlZqQUNuOA?oc=5,https://news.google.com/rss/articles/CBMiYEFVX3lxTE8yczQzLUtXcXdFWU1md1RPamp1Rk56M21rcEJ6VS10cGpibXBob1U0TVJGckZpdkRCYnFTcE4wdGUwUUZMaXJhVndsNGd6VnppczNRa2dSck1pZlZqQUNuOA?oc=5&hl=ko&gl=KR&ceid=KR%3Ako,68.3,digital_asset_stablecoin,digital_asset_stablecoin,,no_original_date_found,no_original_date_found_kept,0.0,-136.7,,0.0,,,0.0,,,,issue_representative_attempt,I173,self_strategic_reference:한투증권 카카오그룹과 디지털자산 동맹 전자지갑 공동 구축,카카오,자사 및 계열사 이슈,자사_및_계열사_이슈,자사_및_계열사_이슈,자사_및_계열사_이슈,자사 및 계열사 이슈,,
자사_및_계열사_이슈,자사 및 계열사 이슈,카카오,"카카오그룹, 한투증권과 맞손…디지털자산 서비스 개발 추진",동아일보,동아일보,"Thu, 01 Oct 2026 02:05:38 GMT","Thu, 01 Oct 2026 02:05:38 GMT","카카오그룹, 한투증권과 맞손…디지털자산 서비스 개발 추진 동아일보",Google 뉴스가 전세계 매체로부터 종합한 최신 뉴스,30,meta_description_short,-103.0,meta_description_not_full_body,40.0,False,False,https://news.google.com/rss/articles/CBMidkFVX3lxTE5HXzd4TnNrUUNHZmFORzg4bEpXNGRZbVhLQ253b2c3YXp6aFVOV3lVM0hPQVRPcFNLdG9vd1pIQXBybGIxWE9vTEFvQk5DTXJkLTM1cmsyQmVWemNtbnJkSjRjZ3ZESnUxLUloUG9mQ294M2c4alHSAWZBVV95cUxNV0pOTjJQREJwQWJZUElobkF3Z1FhWm9MZEdRUlZtdG9rVjJOalpJaFM2TUxybXUyODE5cG1PWmhMdEhSS1NLZDhiQ1E1V1NYVGpKcGZreW5NUi11eEY4bGJOMzRSc3c?oc=5,https://news.google.com/rss/articles/CBMidkFVX3lxTE5HXzd4TnNrUUNHZmFORzg4bEpXNGRZbVhLQ253b2c3YXp6aFVOV3lVM0hPQVRPcFNLdG9vd1pIQXBybGIxWE9vTEFvQk5DTXJkLTM1cmsyQmVWemNtbnJkSjRjZ3ZESnUxLUloUG9mQ294M2c4alHSAWZBVV95cUxNV0pOTjJQREJwQWJZUElobkF3Z1FhWm9MZEdRUlZtdG9rVjJOalpJaFM2TUxybXUyODE5cG1PWmhMdEhSS1NLZDhiQ1E1V1NYVGpKcGZreW5NUi11eEY4bGJOMzRSc3c?oc=5&hl=ko&gl=KR&ceid=KR%3Ako,68.3,digital_asset_stablecoin,digital_asset_stablecoin,,no_original_date_found,no_original_date_found_kept,0.0,-136.7,,0.0,,,0.0,,,,issue_representative_attempt,I174,self_strategic_reference:카카오그룹 한투증권과 맞손 디지털자산 서비스 개발 추진,카카오,자사 및 계열사 이슈,자사_및_계열사_이슈,자사_및_계열사_이슈,자사_및_계열사_이슈,자사 및 계열사 이슈,,
자사_및_계열사_이슈,자사 및 계열사 이슈,카카오,한국투자증권·카카오 MOU…디지털자산 서비스 협력,화이트페이퍼,,"Thu, 01 Oct 2026 02:03:00 GMT",,한국투자증권·카카오 MOU…디지털자산 서비스 협력 화이트페이퍼,,0,v24_pre_body_guardrail,-100.0,never_allow_title_only_low_value_or_caption,,False,,https://news.google.com/rss/articles/CBMicEFVX3lxTFB5aDEyVEpab2FaY2VvNHhRNHk1SWpFOVJ6bDhTLXpHRjdzRHhETENzZTQ2alBuZEZlWEFSQWZ1T2pZX3JHajZlSk55SkEtMGlMZElhaFFwQnVIMlR5ZF9qd0UzSjhhSGdFNHRPVU5UckPSAXNBVV95cUxPTktQMDdUZ1FoNXpLLUJyTUZMNWxRd2RtZ2xYaHg2a1Q0UFVZb2h6cUMyV3JtMEE1Z2RMb0VJM1ZYaHRvek9FZEY1UW1jNkxqQXdrbzgzb04tcmt3bmxiRFRJdXB5UU4wLVdXSXlTVGFFamFB?oc=5,https://news.google.com/rss/articles/CBMicEFVX3lxTFB5aDEyVEpab2FaY2VvNHhRNHk1SWpFOVJ6bDhTLXpHRjdzRHhETENzZTQ2alBuZEZlWEFSQWZ1T2pZX3JHajZlSk55SkEtMGlMZElhaFFwQnVIMlR5ZF9qd0UzSjhhSGdFNHRPVU5UckPSAXNBVV95cUxPTktQMDdUZ1FoNXpLLUJyTUZMNWxRd2RtZ2xYaHg2a1Q0UFVZb2h6cUMyV3JtMEE1Z2RMb0VJM1ZYaHRvek9FZEY1UW1jNkxqQXdrbzgzb04tcmt3bmxiRFRJdXB5UU4wLVdXSXlTVGFFamFB?oc=5,,,,,,,,,,,,,,,,,issue_representative_attempt,I175,self_strategic_reference:한국투자증권 카카오 mou 디지털자산 서비스 협력,카카오,자사 및 계열사 이슈,자사_및_계열사_이슈,자사_및_계열사_이슈,자사_및_계열사_이슈,자사 및 계열사 이슈,최종금지_대체필요,fail:never_allow_title_only
자사_및_계열사_이슈,자사 및 계열사 이슈,카카오,"한국투자증권, 카카오그룹과 MOU···디지털자산 발행·유통 협력",이뉴스투데이,,"Thu, 01 Oct 2026 01:59:56 GMT",,"한국투자증권, 카카오그룹과 MOU···디지털자산 발행·유통 협력 이뉴스투데이",,0,v24_pre_body_guardrail,-100.0,never_allow_title_only_low_value_or_caption,,False,,https://news.google.com/rss/articles/CBMidEFVX3lxTE12YThLWTlPTkVENWhXV2VvM3RjVklUV3JsZHMxcXl6TFBxV3FINVNEQXFYWHdfSUdDVE9uX2hhNVhnbjFTRnZCbFNLSjExLVUyZWNSeGwwQ0l1Q2lZeHE1c3FkRld0N19HVkZkelI4UG1xbVR00gF0QVVfeXFMTXZhOEtZOU9ORUQ1aFdXZW8zdGNWSVRXcmxkczFxeXpMUHFXcUg1U0RBcVhYd19JR0NUT25faGE1WGduMVNGdkJsU0tKMTEtVTJlY1J4bDBDSXVDaVl4cTVzcWRGV3Q3X0dWRmR6UjhQbXFtVHQ?oc=5,https://news.google.com/rss/articles/CBMidEFVX3lxTE12YThLWTlPTkVENWhXV2VvM3RjVklUV3JsZHMxcXl6TFBxV3FINVNEQXFYWHdfSUdDVE9uX2hhNVhnbjFTRnZCbFNLSjExLVUyZWNSeGwwQ0l1Q2lZeHE1c3FkRld0N19HVkZkelI4UG1xbVR00gF0QVVfeXFMTXZhOEtZOU9ORUQ1aFdXZW8zdGNWSVRXcmxkczFxeXpMUHFXcUg1U0RBcVhYd19JR0NUT25faGE1WGduMVNGdkJsU0tKMTEtVTJlY1J4bDBDSXVDaVl4cTVzcWRGV3Q3X0dWRmR6UjhQbXFtVHQ?oc=5,,,,,,,,,,,,,,,,,issue_representative_attempt,I176,self_strategic_reference:한국투자증권 카카오그룹과 mou 디지털자산 발행 유통 협력,카카오,자사 및 계열사 이슈,자사_및_계열사_이슈,자사_및_계열사_이슈,자사_및_계열사_이슈,자사 및 계열사 이슈,최종금지_대체필요,fail:never_allow_title_only
자사_및_계열사_이슈,자사 및 계열사 이슈,카카오,"카카오그룹, 한국투자증권과 디지털자산 협력…발행·유통 서비스 공동 개발",비욘드포스트,비욘드포스트,"Thu, 01 Oct 2026 01:55:46 GMT","Thu, 01 Oct 2026 01:55:46 GMT","카카오그룹, 한국투자증권과 디지털자산 협력…발행·유통 서비스 공동 개발 비욘드포스트",Google 뉴스가 전세계 매체로부터 종합한 최신 뉴스,30,meta_description_short,-103.0,meta_description_not_full_body,40.0,False,False,https://news.google.com/rss/articles/CBMifEFVX3lxTE11RTh4TjNMWk1sSlpUUkRIMTlhZFg0UG41THBRVG1tLVNZb2tfYUhDQnRMWDdmSzlDcXNjT1Zkd0trQi1rRGJSVFBWQktYa1ZLVDRoUTBId3BGaFR1UzJSejJha2NTYXpLZjlnQVlOTnZxX3lrcWZGNjB1TUQ?oc=5,https://news.google.com/rss/articles/CBMifEFVX3lxTE11RTh4TjNMWk1sSlpUUkRIMTlhZFg0UG41THBRVG1tLVNZb2tfYUhDQnRMWDdmSzlDcXNjT1Zkd0trQi1rRGJSVFBWQktYa1ZLVDRoUTBId3BGaFR1UzJSejJha2NTYXpLZjlnQVlOTnZxX3lrcWZGNjB1TUQ?oc=5&hl=ko&gl=KR&ceid=KR%3Ako,68.3,digital_asset_stablecoin,digital_asset_stablecoin,,no_original_date_found,no_original_date_found_kept,0.0,-136.7,,0.0,,,0.0,,,,issue_representative_attempt,I177,self_strategic_reference:카카오그룹 한국투자증권과 디지털자산 협력 발행 유통 서비스 공동 개발,카카오,자사 및 계열사 이슈,자사_및_계열사_이슈,자사_및_계열사_이슈,자사_및_계열사_이슈,자사 및 계열사 이슈,,
자사_및_계열사_이슈,자사 및 계열사 이슈,카카오,"한국투자증권, 카카오그룹과 디지털자산 협력 확대",DealSite경제TV,DealSite경제TV,"Thu, 01 Oct 2026 01:32:35 GMT","Thu, 01 Oct 2026 01:32:35 GMT","한국투자증권, 카카오그룹과 디지털자산 협력 확대 DealSite경제TV",Google 뉴스가 전세계 매체로부터 종합한 최신 뉴스,30,meta_description_short,-103.0,meta_description_not_full_body,40.0,False,False,https://news.google.com/rss/articles/CBMiVkFVX3lxTFA0RWlTLXFVaC1IRnNFVnMwQVhreVlQQVBvRlYwQ2hucWJqQnd0N2ZWX2FjWlZMNGdwSmNvRjBVeEt0ZHAzNjFFQlllSkdCMnotR1R0emV3?oc=5,https://news.google.com/rss/articles/CBMiVkFVX3lxTFA0RWlTLXFVaC1IRnNFVnMwQVhreVlQQVBvRlYwQ2hucWJqQnd0N2ZWX2FjWlZMNGdwSmNvRjBVeEt0ZHAzNjFFQlllSkdCMnotR1R0emV3?oc=5&hl=ko&gl=KR&ceid=KR%3Ako,68.3,digital_asset_stablecoin,digital_asset_stablecoin,,no_original_date_found,no_original_date_found_kept,0.0,-136.7,,0.0,,,0.0,,,,issue_representative_attempt,I178,self_strategic_reference:한국투자증권 카카오그룹과 디지털자산 협력 확대,카카오,자사 및 계열사 이슈,자사_및_계열사_이슈,자사_및_계열사_이슈,자사_및_계열사_이슈,자사 및 계열사 이슈,,
자사_및_계열사_이슈,자사 및 계열사 이슈,카카오,"카카오그룹, 한국투자증권과 디지털자산 사업 협력 MOU 체결",팍스경제TV,,"Thu, 01 Oct 2026 01:26:57 GMT",,"카카오그룹, 한국투자증권과 디지털자산 사업 협력 MOU 체결 팍스경제TV",,0,v24_pre_body_guardrail,-100.0,never_allow_title_only_low_value_or_caption,,False,,https://news.google.com/rss/articles/CBMiaEFVX3lxTE9xN0dTRGFZelFIVEc4dF9nMDBWUGswRUxkNDc3bk8waURpQlB3RUQ3RkptdU9oX2RaNDhPVmZHRGIwSk8wckVoaVA0MVhIbTcwZ25jZEFwVHlGTkN1VE9mR0k5TzVNLXR0?oc=5,https://news.google.com/rss/articles/CBMiaEFVX3lxTE9xN0dTRGFZelFIVEc4dF9nMDBWUGswRUxkNDc3bk8waURpQlB3RUQ3RkptdU9oX2RaNDhPVmZHRGIwSk8wckVoaVA0MVhIbTcwZ25jZEFwVHlGTkN1VE9mR0k5TzVNLXR0?oc=5,,,,,,,,,,,,,,,,,issue_representative_attempt,I179,self_strategic_reference:카카오그룹 한국투자증권과 디지털자산 사업 협력 mou 체결,카카오,자사 및 계열사 이슈,자사_및_계열사_이슈,자사_및_계열사_이슈,자사_및_계열사_이슈,자사 및 계열사 이슈,최종금지_대체필요,fail:never_allow_title_only
자사_및_계열사_이슈,자사 및 계열사 이슈,카카오,"한국투자증권, 카카오그룹과 디지털자산 동맹…발행·유통·월렛 협력",아주경제,아주경제,"Thu, 01 Oct 2026 01:22:36 GMT","Thu, 01 Oct 2026 01:22:36 GMT","한국투자증권, 카카오그룹과 디지털자산 동맹…발행·유통·월렛 협력 아주경제",Google 뉴스가 전세계 매체로부터 종합한 최신 뉴스,30,meta_description_short,-103.0,meta_description_not_full_body,40.0,False,False,https://news.google.com/rss/articles/CBMiWEFVX3lxTE1lRTZISGkyRWhRc1p4ei05WWQzaXUxRUZjaF91azI1cGs1Z2tOeDZmN2pYcWE3cUJWc2xhVkt4S2RESGFIaHk5dVpjSWdmZ3ByaXhONkpWSzbSAVhBVV95cUxNZUU2SEhpMkVoUXNaeHotOVlkM2l1MUVGY2hfdWsyNXBrNWdrTng2ZjdqWHFhN3FCVnNsYVZLeEtkREhhSGh5OXVaY0lnZmdwcml4TjZKVks2?oc=5,https://news.google.com/rss/articles/CBMiWEFVX3lxTE1lRTZISGkyRWhRc1p4ei05WWQzaXUxRUZjaF91azI1cGs1Z2tOeDZmN2pYcWE3cUJWc2xhVkt4S2RESGFIaHk5dVpjSWdmZ3ByaXhONkpWSzbSAVhBVV95cUxNZUU2SEhpMkVoUXNaeHotOVlkM2l1MUVGY2hfdWsyNXBrNWdrTng2ZjdqWHFhN3FCVnNsYVZLeEtkREhhSGh5OXVaY0lnZmdwcml4TjZKVks2?oc=5&hl=ko&gl=KR&ceid=KR%3Ako,68.3,digital_asset_stablecoin,digital_asset_stablecoin,,no_original_date_found,no_original_date_found_kept,0.0,-136.7,,0.0,,,0.0,,,,issue_representative_attempt,I180,self_strategic_reference:한국투자증권 카카오그룹과 디지털자산 동맹 발행 유통 월렛 협력,카카오,자사 및 계열사 이슈,자사_및_계열사_이슈,자사_및_계열사_이슈,자사_및_계열사_이슈,자사 및 계열사 이슈,,
자사_및_계열사_이슈,자사 및 계열사 이슈,카카오,"카카오·한국투자증권, 디지털자산 금융서비스 협력",뉴스핌,뉴스핌,"Thu, 01 Oct 2026 00:58:00 GMT","Thu, 01 Oct 2026 00:58:00 GMT","카카오·한국투자증권, 디지털자산 금융서비스 협력 뉴스핌",Google 뉴스가 전세계 매체로부터 종합한 최신 뉴스,30,meta_description_short,-103.0,meta_description_not_full_body,40.0,False,False,https://news.google.com/rss/articles/CBMiXEFVX3lxTE0zUjhoOXQ1N3UwSjVpRHV4TXJzdzVva3FnZl9oMTRlMUZ2Y1pYQVhLejhZV3dNOFdjOUk3SkVsQkJIZzVxV1Z2QnZKRzJrTUZrRWU4X01sazZ0N29I?oc=5,https://news.google.com/rss/articles/CBMiXEFVX3lxTE0zUjhoOXQ1N3UwSjVpRHV4TXJzdzVva3FnZl9oMTRlMUZ2Y1pYQVhLejhZV3dNOFdjOUk3SkVsQkJIZzVxV1Z2QnZKRzJrTUZrRWU4X01sazZ0N29I?oc=5&hl=ko&gl=KR&ceid=KR%3Ako,68.3,digital_asset_stablecoin,digital_asset_stablecoin,,no_original_date_found,no_original_date_found_kept,0.0,-136.7,,0.0,,,0.0,,,,issue_representative_attempt,I181,self_strategic_reference:카카오 한국투자증권 디지털자산 금융서비스 협력,카카오,자사 및 계열사 이슈,자사_및_계열사_이슈,자사_및_계열사_이슈,자사_및_계열사_이슈,자사 및 계열사 이슈,,
자사_및_계열사_이슈,자사 및 계열사 이슈,카카오,"한국투자증권-카카오그룹, '디지털자산 생태계 구축' 맞손",1코노미뉴스,1코노미뉴스,"Thu, 01 Oct 2026 00:57:23 GMT","Thu, 01 Oct 2026 00:57:23 GMT","한국투자증권-카카오그룹, '디지털자산 생태계 구축' 맞손 1코노미뉴스",Google 뉴스가 전세계 매체로부터 종합한 최신 뉴스,30,meta_description_short,-103.0,meta_description_not_full_body,40.0,False,False,https://news.google.com/rss/articles/CBMicEFVX3lxTE0wWEJTaVpNTmNRSFBOUHV3cktVMGpwZGY3REVXVnplNmFrU2F4QzhYRFJ4UTlHalBJVlNEQk9GX0VOMjc1Z2dZVEtTdGxGLUd0ZXlYd2VKOVVZZTFjY254QTRkNkdFX2NUdUJPTF9ydk0?oc=5,https://news.google.com/rss/articles/CBMicEFVX3lxTE0wWEJTaVpNTmNRSFBOUHV3cktVMGpwZGY3REVXVnplNmFrU2F4QzhYRFJ4UTlHalBJVlNEQk9GX0VOMjc1Z2dZVEtTdGxGLUd0ZXlYd2VKOVVZZTFjY254QTRkNkdFX2NUdUJPTF9ydk0?oc=5&hl=ko&gl=KR&ceid=KR%3Ako,68.3,digital_asset_stablecoin,digital_asset_stablecoin,,no_original_date_found,no_original_date_found_kept,0.0,-136.7,,0.0,,,0.0,,,,issue_representative_attempt,I182,self_strategic_reference:한국투자증권 카카오그룹 디지털자산 생태계 구축 맞손,카카오,자사 및 계열사 이슈,자사_및_계열사_이슈,자사_및_계열사_이슈,자사_및_계열사_이슈,자사 및 계열사 이슈,,
자사_및_계열사_이슈,자사 및 계열사 이슈,카카오,"한국투자증권, 카카오그룹과 '맞손'…디지털자산 발행·유통 사업 본격화",뉴스핌,뉴스핌,"Thu, 01 Oct 2026 00:45:00 GMT","Thu, 01 Oct 2026 00:45:00 GMT","한국투자증권, 카카오그룹과 '맞손'…디지털자산 발행·유통 사업 본격화 뉴스핌",Google 뉴스가 전세계 매체로부터 종합한 최신 뉴스,30,meta_description_short,-103.0,meta_description_not_full_body,40.0,False,False,https://news.google.com/rss/articles/CBMiXEFVX3lxTFBERVM2bnhqWEJzX2JLbE9McEx1X2tDcW1YclJhcHE4Rkdwbl9NWHg0OEwwUHlVUkJXTEtYMTBkZnZwTVJEMHJ3NGtubnczTkxneUg1S29aT3dPb0U4?oc=5,https://news.google.com/rss/articles/CBMiXEFVX3lxTFBERVM2bnhqWEJzX2JLbE9McEx1X2tDcW1YclJhcHE4Rkdwbl9NWHg0OEwwUHlVUkJXTEtYMTBkZnZwTVJEMHJ3NGtubnczTkxneUg1S29aT3dPb0U4?oc=5&hl=ko&gl=KR&ceid=KR%3Ako,68.3,digital_asset_stablecoin,digital_asset_stablecoin,,no_original_date_found,no_original_date_found_kept,0.0,-136.7,,0.0,,,0.0,,,,issue_representative_attempt,I183,self_strategic_reference:한국투자증권 카카오그룹과 맞손 디지털자산 발행 유통 사업 본격화,카카오,자사 및 계열사 이슈,자사_및_계열사_이슈,자사_및_계열사_이슈,자사_및_계열사_이슈,자사 및 계열사 이슈,,
자사_및_계열사_이슈,자사 및 계열사 이슈,카카오,"한투증권·카카오, 디지털자산 맞손…투자·송금 서비스 개발",v.daum.net,v.daum.net,"Thu, 01 Oct 2026 00:41:08 GMT","Thu, 01 Oct 2026 00:41:08 GMT","한투증권·카카오, 디지털자산 맞손…투자·송금 서비스 개발 v.daum.net",Google 뉴스가 전세계 매체로부터 종합한 최신 뉴스,30,meta_description_short,-103.0,meta_description_not_full_body,40.0,False,False,https://news.google.com/rss/articles/CBMiRkFVX3lxTE4teHUzWnYteUxiWUVLOGNkaGdSLXhyVDZ0cFR3WngwWlBsUS1vYVFWUlBMNVE2aTB2WnVfd3ZBbFBfeUdKQVE?oc=5,https://news.google.com/rss/articles/CBMiRkFVX3lxTE4teHUzWnYteUxiWUVLOGNkaGdSLXhyVDZ0cFR3WngwWlBsUS1vYVFWUlBMNVE2aTB2WnVfd3ZBbFBfeUdKQVE?oc=5&hl=ko&gl=KR&ceid=KR%3Ako,68.3,digital_asset_stablecoin,digital_asset_stablecoin,,no_original_date_found,no_original_date_found_kept,0.0,-136.7,,0.0,,,0.0,,,,issue_representative_attempt,I184,self_strategic_reference:한투증권 카카오 디지털자산 맞손 투자 송금 서비스 개발,카카오,자사 및 계열사 이슈,자사_및_계열사_이슈,자사_및_계열사_이슈,자사_및_계열사_이슈,자사 및 계열사 이슈,,
자사_및_계열사_이슈,자사 및 계열사 이슈,카카오,"카카오그룹·한국투자증권, 디지털자산 사업 맞손…금융서비스 공동 개발",브릿지경제,브릿지경제,"Thu, 01 Oct 2026 00:36:00 GMT","Thu, 01 Oct 2026 00:36:00 GMT","카카오그룹·한국투자증권, 디지털자산 사업 맞손…금융서비스 공동 개발 브릿지경제",Google 뉴스가 전세계 매체로부터 종합한 최신 뉴스,30,meta_description_short,-103.0,meta_description_not_full_body,40.0,False,False,https://news.google.com/rss/articles/CBMiWkFVX3lxTE91UUpsRjZwZWRPSXFCRE1MUzZRaU5oVEdETE5RbVl1eEtibjhlTmZVMEU3UmQzSjlBZXFsNC1sa2p1TUhKM2pNYjlrUFpldnVLM3cwWXo5U0VRQQ?oc=5,https://news.google.com/rss/articles/CBMiWkFVX3lxTE91UUpsRjZwZWRPSXFCRE1MUzZRaU5oVEdETE5RbVl1eEtibjhlTmZVMEU3UmQzSjlBZXFsNC1sa2p1TUhKM2pNYjlrUFpldnVLM3cwWXo5U0VRQQ?oc=5&hl=ko&gl=KR&ceid=KR%3Ako,68.3,digital_asset_stablecoin,digital_asset_stablecoin,,no_original_date_found,no_original_date_found_kept,0.0,-136.7,,0.0,,,0.0,,,,issue_representative_attempt,I185,self_strategic_reference:카카오그룹 한국투자증권 디지털자산 사업 맞손 금융서비스 공동 개발,카카오,자사 및 계열사 이슈,자사_및_계열사_이슈,자사_및_계열사_이슈,자사_및_계열사_이슈,자사 및 계열사 이슈,,
자사_및_계열사_이슈,자사 및 계열사 이슈,카카오,"카카오그룹·한투증권, 디지털자산 금융서비스 공동 개발",글로벌이코노믹,글로벌이코노믹,"Thu, 01 Oct 2026 00:29:45 GMT","Thu, 01 Oct 2026 00:29:45 GMT","카카오그룹·한투증권, 디지털자산 금융서비스 공동 개발 글로벌이코노믹",Google 뉴스가 전세계 매체로부터 종합한 최신 뉴스,30,meta_description_short,-103.0,meta_description_not_full_body,40.0,False,False,https://news.google.com/rss/articles/CBMihAFBVV95cUxPcXlxMmcxS25aLVRrQ2VrTmJ4bkFSQUttVm1JUHh3MGgyQkhQYkMtNVlNeEpCa2kwRU9jOElleXNhNGluRFlsYWUwdndocDhlaXMzZ0hIdWNZTlBzZ3hHVUNqTGljbi1PT1NtNFB0SWY1X0dDdEZTVDhfQzIzMEZtTGlfd0Y?oc=5,https://news.google.com/rss/articles/CBMihAFBVV95cUxPcXlxMmcxS25aLVRrQ2VrTmJ4bkFSQUttVm1JUHh3MGgyQkhQYkMtNVlNeEpCa2kwRU9jOElleXNhNGluRFlsYWUwdndocDhlaXMzZ0hIdWNZTlBzZ3hHVUNqTGljbi1PT1NtNFB0SWY1X0dDdEZTVDhfQzIzMEZtTGlfd0Y?oc=5&hl=ko&gl=KR&ceid=KR%3Ako,68.3,digital_asset_stablecoin,digital_asset_stablecoin,,no_original_date_found,no_original_date_found_kept,0.0,-136.7,,0.0,,,0.0,,,,issue_representative_attempt,I186,self_strategic_reference:카카오그룹 한투증권 디지털자산 금융서비스 공동 개발,카카오,자사 및 계열사 이슈,자사_및_계열사_이슈,자사_및_계열사_이슈,자사_및_계열사_이슈,자사 및 계열사 이슈,,
자사_및_계열사_이슈,자사 및 계열사 이슈,카카오,"카카오그룹, 한국투자증권과 MOU…“디지털자산 생태계 구축”",뉴시안,,"Thu, 01 Oct 2026 00:24:54 GMT",,"카카오그룹, 한국투자증권과 MOU…“디지털자산 생태계 구축” 뉴시안",,0,v24_pre_body_guardrail,-100.0,never_allow_title_only_low_value_or_caption,,False,,https://news.google.com/rss/articles/CBMia0FVX3lxTE9Ua0lYUU5oVHd3dFhiUzF2Yk5nTVNJY3ZoRDdFQ3p3UDZDZEN3blpMZFZFUmNGUTlFakRpWDN4cDBJRDh0YUFHUjJrWEc0XzJoZ1M1ZFdIZHlzQ0F3M2pycjBpRWhZLVkta0Jv0gFuQVVfeXFMTW0zTXdBaVY5b0tYaTRTZDB3TXBTUlBpSkdnZXh6ajV4RzJSVU13Q3ZGbUZuTkJyN09WX2RnN2V0aEs1Y01NbWxBdTJNX2FjUkNSRHBXdmZNZEg4TnE2YXNLSUI2TFhoeW1yaWs5ZXc?oc=5,https://news.google.com/rss/articles/CBMia0FVX3lxTE9Ua0lYUU5oVHd3dFhiUzF2Yk5nTVNJY3ZoRDdFQ3p3UDZDZEN3blpMZFZFUmNGUTlFakRpWDN4cDBJRDh0YUFHUjJrWEc0XzJoZ1M1ZFdIZHlzQ0F3M2pycjBpRWhZLVkta0Jv0gFuQVVfeXFMTW0zTXdBaVY5b0tYaTRTZDB3TXBTUlBpSkdnZXh6ajV4RzJSVU13Q3ZGbUZuTkJyN09WX2RnN2V0aEs1Y01NbWxBdTJNX2FjUkNSRHBXdmZNZEg4TnE2YXNLSUI2TFhoeW1yaWs5ZXc?oc=5,,,,,,,,,,,,,,,,,issue_representative_attempt,I187,self_strategic_reference:카카오그룹 한국투자증권과 mou 디지털자산 생태계 구축,카카오,자사 및 계열사 이슈,자사_및_계열사_이슈,자사_및_계열사_이슈,자사_및_계열사_이슈,자사 및 계열사 이슈,최종금지_대체필요,fail:never_allow_title_only
자사_및_계열사_이슈,자사 및 계열사 이슈,카카오,"한국투자증권, 카카오그룹과 디지털자산 협력…발행·유통 서비스 개발",SR타임스,SR타임스,"Thu, 01 Oct 2026 00:21:27 GMT","Thu, 01 Oct 2026 00:21:27 GMT","한국투자증권, 카카오그룹과 디지털자산 협력…발행·유통 서비스 개발 SR타임스",Google 뉴스가 전세계 매체로부터 종합한 최신 뉴스,30,meta_description_short,-103.0,meta_description_not_full_body,40.0,False,False,https://news.google.com/rss/articles/CBMiaEFVX3lxTFBZTFhEUGl1Ym0tWjFabUlZNERaOXpnLWFPdHVTQzk5QmZ6Q2c0UG1yQlhUaFdZUHA0WTNJU19rTzloN1pvNGVxYTNoVGw4czNuOEVfZWhlek5QNTJVUnE3VXRobTNoVkd10gFrQVVfeXFMUFZrZzZqZVIzaEZCSTBjbzFKM3MyWDY0Si11QldwRS1pTGVwSU1vZEFWelFMdFp2c25rMlFhXzhSTU1MYXVIa2FXQ3FXZ01XUUM4b3NzUW1NTUVqclYycWFxU0ptMXg5R0dPNlU?oc=5,https://news.google.com/rss/articles/CBMiaEFVX3lxTFBZTFhEUGl1Ym0tWjFabUlZNERaOXpnLWFPdHVTQzk5QmZ6Q2c0UG1yQlhUaFdZUHA0WTNJU19rTzloN1pvNGVxYTNoVGw4czNuOEVfZWhlek5QNTJVUnE3VXRobTNoVkd10gFrQVVfeXFMUFZrZzZqZVIzaEZCSTBjbzFKM3MyWDY0Si11QldwRS1pTGVwSU1vZEFWelFMdFp2c25rMlFhXzhSTU1MYXVIa2FXQ3FXZ01XUUM4b3NzUW1NTUVqclYycWFxU0ptMXg5R0dPNlU?oc=5&hl=ko&gl=KR&ceid=KR%3Ako,68.3,digital_asset_stablecoin,digital_asset_stablecoin,,no_original_date_found,no_original_date_found_kept,0.0,-136.7,,0.0,,,0.0,,,,issue_representative_attempt,I188,self_strategic_reference:한국투자증권 카카오그룹과 디지털자산 협력 발행 유통 서비스 개발,카카오,자사 및 계열사 이슈,자사_및_계열사_이슈,자사_및_계열사_이슈,자사_및_계열사_이슈,자사 및 계열사 이슈,,
자사_및_계열사_이슈,자사 및 계열사 이슈,카카오,"카카오 3사·한국투자증권, 디지털자산 사업 손잡는다…발행·유통부터 월렛까지",핀포인트뉴스,핀포인트뉴스,"Thu, 01 Oct 2026 00:14:44 GMT","Thu, 01 Oct 2026 00:14:44 GMT","카카오 3사·한국투자증권, 디지털자산 사업 손잡는다…발행·유통부터 월렛까지 핀포인트뉴스",Google 뉴스가 전세계 매체로부터 종합한 최신 뉴스,30,meta_description_short,-103.0,meta_description_not_full_body,40.0,False,False,https://news.google.com/rss/articles/CBMic0FVX3lxTE50aDlha0VUNk81VE9WTkZnOFJIRXE1cGFqSXFEeEZsT2laR2JMZzVyM1lGWW1yZ0FuZDExZFQ1WVpyVHhYZzkwQnkyR3dHYkFQMUxIZGM0RmwyaHU3R1EtTWxxRkVVRTZHbmJfczV3MjU2RXfSAXdBVV95cUxQejB6VVM4VDdhN1I2T084UFNBcDYyQ3htX3p3eFd6QlJPVzNtZjB5V2RLVlJzcXk2bU8tdjdqVktCSEt6MkJkaHNhbGxyZVFHNzItb1ZsaFY2YmVFY0hJb2pvTFBRUi1vUGxkYnNKaExQY0pQa2xLOA?oc=5,https://news.google.com/rss/articles/CBMic0FVX3lxTE50aDlha0VUNk81VE9WTkZnOFJIRXE1cGFqSXFEeEZsT2laR2JMZzVyM1lGWW1yZ0FuZDExZFQ1WVpyVHhYZzkwQnkyR3dHYkFQMUxIZGM0RmwyaHU3R1EtTWxxRkVVRTZHbmJfczV3MjU2RXfSAXdBVV95cUxQejB6VVM4VDdhN1I2T084UFNBcDYyQ3htX3p3eFd6QlJPVzNtZjB5V2RLVlJzcXk2bU8tdjdqVktCSEt6MkJkaHNhbGxyZVFHNzItb1ZsaFY2YmVFY0hJb2pvTFBRUi1vUGxkYnNKaExQY0pQa2xLOA?oc=5&hl=ko&gl=KR&ceid=KR%3Ako,68.3,digital_asset_stablecoin,digital_asset_stablecoin,,no_original_date_found,no_original_date_found_kept,0.0,-136.7,,0.0,,,0.0,,,,issue_representative_attempt,I189,self_strategic_reference:카카오 3사 한국투자증권 디지털자산 사업 손잡는다 발행 유통부터 월렛까지,카카오,자사 및 계열사 이슈,자사_및_계열사_이슈,자사_및_계열사_이슈,자사_및_계열사_이슈,자사 및 계열사 이슈,,
정부_국회,정부/국회,인공지능 산업 동향,"""中해커들, 美 AI정책 당국자·앤트로픽 간부 사칭 스파이 공작""",조세금융신문,조세금융신문,"Thu, 01 Oct 2026 22:04:00 GMT","Thu, 01 Oct 2026 22:04:00 GMT","""中해커들, 美 AI정책 당국자·앤트로픽 간부 사칭 스파이 공작"" 조세금융신문",Google 뉴스가 전세계 매체로부터 종합한 최신 뉴스,30,meta_description_short,-103.0,meta_description_not_full_body,-17.5,False,False,https://news.google.com/rss/articles/CBMiYEFVX3lxTFBGeTk4YlFHYVVlSHp3bERxalRzZGh0WEtqekQ1TVRuZXpRVzdWX0lCSUZxQ29GVjZjUng1TXl5Y3BrdWpnVlBoNG5fUVpBVWNEZDVGdy0xNjI2TEd0cjE4bQ?oc=5,https://news.google.com/rss/articles/CBMiYEFVX3lxTFBGeTk4YlFHYVVlSHp3bERxalRzZGh0WEtqekQ1TVRuZXpRVzdWX0lCSUZxQ29GVjZjUng1TXl5Y3BrdWpnVlBoNG5fUVpBVWNEZDVGdy0xNjI2TEd0cjE4bQ?oc=5&hl=ko&gl=KR&ceid=KR%3Ako,211.0,"ai_infrastructure_security,phishing_security,policy_legislation,privacy_security_reliability",security_phishing_malware,,no_original_date_found,no_original_date_found_kept,0.0,-176.95,privacy_security:google:phishing_or_account_takeover:initial_investigation_response,0.0,global_incident:platform_regulation:google:platform_regulation:general,global_incident:platform_regulation:google:platform_regulation,0.0,,,,issue_representative_attempt,I025,global_incident:platform_regulation:platform_sector:platform_regulation,인공지능 산업 동향,산업동향,산업동향,경쟁사_해외이슈,정부_국회,정부/국회,,
정부_국회,정부/국회,문화체육관광위원회,"윤용근 ""정부, 콘텐츠 사업자 개인정보 보호 점검안해…패널티도 無""",연합뉴스,연합뉴스,"Thu, 01 Oct 2026 21:00:03 GMT","Thu, 01 Oct 2026 21:00:03 GMT","윤용근 ""정부, 콘텐츠 사업자 개인정보 보호 점검안해…패널티도 無"" 연합뉴스",Google 뉴스가 전세계 매체로부터 종합한 최신 뉴스,30,meta_description_short,-103.0,meta_description_not_full_body,53.5,False,False,https://news.google.com/rss/articles/CBMiYEFVX3lxTE13OWM3QlM3UUk5d1BPdWcyZGVHT3dISnlpSW1DY1RBWklLdGhYbUItbkd3NHptV1pldGp6cFV4aHB0UTdVdzJEWVAwaDFQUDRVX2JyaHJoSl8zZHZNV2pyZtIBYEFVX3lxTE13OWM3QlM3UUk5d1BPdWcyZGVHT3dISnlpSW1DY1RBWklLdGhYbUItbkd3NHptV1pldGp6cFV4aHB0UTdVdzJEWVAwaDFQUDRVX2JyaHJoSl8zZHZNV2pyZg?oc=5,https://news.google.com/rss/articles/CBMiYEFVX3lxTE13OWM3QlM3UUk5d1BPdWcyZGVHT3dISnlpSW1DY1RBWklLdGhYbUItbkd3NHptV1pldGp6cFV4aHB0UTdVdzJEWVAwaDFQUDRVX2JyaHJoSl8zZHZNV2pyZtIBYEFVX3lxTE13OWM3QlM3UUk5d1BPdWcyZGVHT3dISnlpSW1DY1RBWklLdGhYbUItbkd3NHptV1pldGp6cFV4aHB0UTdVdzJEWVAwaDFQUDRVX2JyaHJoSl8zZHZNV2pyZg?oc=5&hl=ko&gl=KR&ceid=KR%3Ako,109.6,,,,no_original_date_found,no_original_date_found_kept,0.0,-109.25,privacy_security:google:data_leak:initial_investigation_response,0.0,global_incident:platform_enforcement:google:privacy_data_violation:general,global_incident:platform_enforcement:google:privacy_data_violation,0.0,,,,issue_representative_attempt,I025,global_incident:platform_regulation:platform_sector:platform_regulation,문화체육관광위원회,정부/국회,정부_국회,정부_국회,정부_국회,정부/국회,,
정부_국회,정부/국회,문화체육관광위원회,"윤용근 ""정부, 콘텐츠 사업자 개인정보 보호 점검안해…패널티도 無""",v.daum.net,v.daum.net,"Thu, 01 Oct 2026 21:01:53 GMT","Thu, 01 Oct 2026 21:01:53 GMT","윤용근 ""정부, 콘텐츠 사업자 개인정보 보호 점검안해…패널티도 無"" v.daum.net",Google 뉴스가 전세계 매체로부터 종합한 최신 뉴스,30,meta_description_short,-103.0,meta_description_not_full_body,53.5,False,False,https://news.google.com/rss/articles/CBMiT0FVX3lxTE0xZDg2SGpyd1E1UmQ2dk1OUlk5dWJNeU1abllsVVRjZEVTMkxWY1E1WjhMRUlFLTNNN3FsMkdVbHI1ZXBvY3F2cmVfNjR3bFE?oc=5,https://news.google.com/rss/articles/CBMiT0FVX3lxTE0xZDg2SGpyd1E1UmQ2dk1OUlk5dWJNeU1abllsVVRjZEVTMkxWY1E1WjhMRUlFLTNNN3FsMkdVbHI1ZXBvY3F2cmVfNjR3bFE?oc=5&hl=ko&gl=KR&ceid=KR%3Ako,102.6,,,,no_original_date_found,no_original_date_found_kept,0.0,-127.25,privacy_security:google:data_leak:initial_investigation_response,0.0,global_incident:platform_enforcement:google:privacy_data_violation:general,global_incident:platform_enforcement:google:privacy_data_violation,0.0,,,,issue_representative_attempt,I025,global_incident:platform_regulation:platform_sector:platform_regulation,문화체육관광위원회,정부/국회,정부_국회,정부_국회,정부_국회,정부/국회,,
정부_국회,정부/국회,과학기술정보통신부,[피싱②] 보이스피싱 전쟁…정부‧이통사 ‘AI 방어선’ 구축,아이티데일리,아이티데일리,"Wed, 30 Sep 2026 22:00:00 GMT","Wed, 30 Sep 2026 22:00:00 GMT",[피싱②] 보이스피싱 전쟁…정부‧이통사 ‘AI 방어선’ 구축 아이티데일리,Google 뉴스가 전세계 매체로부터 종합한 최신 뉴스,30,meta_description_short,-103.0,meta_description_not_full_body,74.5,False,False,https://news.google.com/rss/articles/CBMiaEFVX3lxTFA4eVhxT1BsdmRDdEZJSUlkam44UnJINVlVUEFvMmgydXJEb25tbnhCVDBDSUthWkZPdDhTVVVPMWdLeFZwTlhZcDFjOXRjbkcyaTl4czk4NVRFQkNrTkxsUXpINFpXdHJV?oc=5,https://news.google.com/rss/articles/CBMiaEFVX3lxTFA4eVhxT1BsdmRDdEZJSUlkam44UnJINVlVUEFvMmgydXJEb25tbnhCVDBDSUthWkZPdDhTVVVPMWdLeFZwTlhZcDFjOXRjbkcyaTl4czk4NVRFQkNrTkxsUXpINFpXdHJV?oc=5&hl=ko&gl=KR&ceid=KR%3Ako,102.6,"ai_infrastructure_security,phishing_security,privacy_security_reliability",security_phishing_malware,,no_original_date_found,no_original_date_found_kept,0.0,-112.55,privacy_security:google:phishing_or_account_takeover:initial_investigation_response,0.0,global_incident:platform_regulation:google:platform_regulation:general,global_incident:platform_regulation:google:platform_regulation,0.0,,,,issue_representative_attempt,I025,global_incident:platform_regulation:platform_sector:platform_regulation,과학기술정보통신부,정부/국회,정부_국회,정부_국회,정부_국회,정부/국회,,
정부_국회,정부/국회,카카오뱅크,李대통령 “감당하기 힘든 과징금” 경고 다음날 신한은행서 해킹 사고 발생,미디어오늘,미디어오늘,"Thu, 01 Oct 2026 11:07:00 GMT","Thu, 01 Oct 2026 11:07:00 GMT",李대통령 “감당하기 힘든 과징금” 경고 다음날 신한은행서 해킹 사고 발생 미디어오늘,Google 뉴스가 전세계 매체로부터 종합한 최신 뉴스,30,meta_description_short,-103.0,meta_description_not_full_body,3.5,False,False,https://news.google.com/rss/articles/CBMicEFVX3lxTE1jUlBVUWhBN0h5ZG9uTmVZRnlhaWJaM1o0UUcxSXVCbzVqYjQ1eUpnN24xZXVxSndqUnhJdXN5c3lLcTVvcW9lVDM1Z2ZKVzZBSXpzWnBrT2ZrZ2xWNkJnRVB1VzNibi1kT01aVEhrZlE?oc=5,https://news.google.com/rss/articles/CBMicEFVX3lxTE1jUlBVUWhBN0h5ZG9uTmVZRnlhaWJaM1o0UUcxSXVCbzVqYjQ1eUpnN24xZXVxSndqUnhJdXN5c3lLcTVvcW9lVDM1Z2ZKVzZBSXpzWnBrT2ZrZ2xWNkJnRVB1VzNibi1kT01aVEhrZlE?oc=5&hl=ko&gl=KR&ceid=KR%3Ako,73.4,"antitrust_platform,legal_regulatory_enforcement,phishing_security,privacy_security_reliability",antitrust_general,,no_original_date_found,no_original_date_found_kept,0.0,-162.25,privacy_security:google:data_leak:sanction_or_penalty,14.0,global_incident:platform_regulation:google:platform_regulation:sanction_penalty,global_incident:platform_regulation:google:platform_regulation,0.0,,,,issue_representative_attempt,I025,global_incident:platform_regulation:platform_sector:platform_regulation,카카오뱅크,자사 및 계열사 이슈,자사_및_계열사_이슈,자사_및_계열사_이슈,정부_국회,정부/국회,,
정부_국회,정부/국회,과학기술정보통신부,[시큐리티 포커스] 유니온 '혁신시제품' 선정·시큐아이 맥스 서밋'·KISIA '공정경쟁 캠페인'·과기부 'PQC 전환 대회'·개보위 '영국 개인정보 보호 수준 동등성 인정' 검토·행안부-개보위 '모두의 토론회',뉴스웍스,뉴스웍스,"Thu, 01 Oct 2026 12:26:01 GMT","Thu, 01 Oct 2026 12:26:01 GMT",[시큐리티 포커스] 유니온 '혁신시제품' 선정·시큐아이 맥스 서밋'·KISIA '공정경쟁 캠페인'·과기부 'PQC 전환 대회'·개보위 '영국 개인정보 보호 수준 동등성 인정' 검토·행안부-개보위 '모두의 토론회' 뉴스웍스,Google 뉴스가 전세계 매체로부터 종합한 최신 뉴스,30,meta_description_short,-103.0,meta_description_not_full_body,44.0,False,False,https://news.google.com/rss/articles/CBMic0FVX3lxTE1wTjdHOFNuc2c3ZDFLZzlkcFFWOVZXeGF5QUpWTWJrajdtT3JUd0NOTVpyVF93MTFBeC01X3hZbFB3cURjWFJKNEtjSXpsM3NXR19TM01YeEkzdDdudXpUaURxR01mc2NaTHJMT1cyRkp4UEHSAXNBVV95cUxNcE43RzhTbnNnN2QxS2c5ZHBRVjlWV3hheUFKVk1ia2o3bU9yVHdDTk1aclRfdzExQXgtNV94WWxQd3FEY1hSSjRLY0l6bDNzV0dfUzNNWHhJM3Q3bnV6VGlEcUdNZnNjWkxyTE9XMkZKeFBB?oc=5,https://news.google.com/rss/articles/CBMic0FVX3lxTE1wTjdHOFNuc2c3ZDFLZzlkcFFWOVZXeGF5QUpWTWJrajdtT3JUd0NOTVpyVF93MTFBeC01X3hZbFB3cURjWFJKNEtjSXpsM3NXR19TM01YeEkzdDdudXpUaURxR01mc2NaTHJMT1cyRkp4UEHSAXNBVV95cUxNcE43RzhTbnNnN2QxS2c5ZHBRVjlWV3hheUFKVk1ia2o3bU9yVHdDTk1aclRfdzExQXgtNV94WWxQd3FEY1hSSjRLY0l6bDNzV0dfUzNNWHhJM3Q3bnV6VGlEcUdNZnNjWkxyTE9XMkZKeFBB?oc=5&hl=ko&gl=KR&ceid=KR%3Ako,71.1,,,,no_original_date_found,no_original_date_found_kept,0.0,-151.9,privacy_security:google:data_leak:initial_investigation_response,54.0,global_incident:platform_enforcement:google:privacy_data_violation:general,global_incident:platform_enforcement:google:privacy_data_violation,0.0,,,,issue_representative_attempt,I025,global_incident:platform_regulation:platform_sector:platform_regulation,과학기술정보통신부,정부/국회,정부_국회,정부_국회,정부_국회,정부/국회,,
정부_국회,정부/국회,플랫폼 시장점유율,쇼피와 틱톡샵이 온라인 플랫폼 매출의 98%를 차지하고 있습니다.,Vietnam.vn,Vietnam.vn,"Wed, 30 Sep 2026 17:14:19 GMT","Wed, 30 Sep 2026 17:14:19 GMT",쇼피와 틱톡샵이 온라인 플랫폼 매출의 98%를 차지하고 있습니다. Vietnam.vn,Google 뉴스가 전세계 매체로부터 종합한 최신 뉴스,30,meta_description_short,-103.0,meta_description_not_full_body,-93.5,False,False,https://news.google.com/rss/articles/CBMiigFBVV95cUxOcWlES3k5aEhFT25DWlVUd1VDRGJvX3ZDbmt1cTJkOHRGNWVSUHhiRmRpSWlXWXpPdzNfRHhxN2VMSW5QYUdhY0g2cVhNc1h3aThQRzJMTlBwYjdRazRJMnlQVnJzQ2lCblFkdUViTlJYM3RZbHVPMFNxS3llVHJPNzJDU29UNTFuaUE?oc=5,https://news.google.com/rss/articles/CBMiigFBVV95cUxOcWlES3k5aEhFT25DWlVUd1VDRGJvX3ZDbmt1cTJkOHRGNWVSUHhiRmRpSWlXWXpPdzNfRHhxN2VMSW5QYUdhY0g2cVhNc1h3aThQRzJMTlBwYjdRazRJMnlQVnJzQ2lCblFkdUViTlJYM3RZbHVPMFNxS3llVHJPNzJDU29UNTFuaUE?oc=5&hl=ko&gl=KR&ceid=KR%3Ako,-29.5,"earnings,financial_performance,market_power_platform",financial_performance,,no_original_date_found,no_original_date_found_kept,0.0,-230.15,,0.0,global_incident:platform_regulation:google:platform_regulation:general,global_incident:platform_regulation:google:platform_regulation,0.0,,,,issue_representative_attempt,I025,global_incident:platform_regulation:platform_sector:platform_regulation,플랫폼 시장점유율,산업동향,산업동향,경쟁사_해외이슈,정부_국회,정부/국회,,
정부_국회,정부/국회,금융위원회,'실손24' 안 쓰면 과태료?…연계 부진 책임 의료업계로 돌린 금융당국,스포츠한국,스포츠한국,"Fri, 02 Oct 2026 01:15:09 GMT","Fri, 02 Oct 2026 01:15:09 GMT",'실손24' 안 쓰면 과태료?…연계 부진 책임 의료업계로 돌린 금융당국 스포츠한국,Google 뉴스가 전세계 매체로부터 종합한 최신 뉴스,30,meta_description_short,-103.0,meta_description_not_full_body,-45.5,False,False,https://news.google.com/rss/articles/CBMicEFVX3lxTE5GdlkyZi1Sek1xYnVpMW5mWFBwTERvT3BVMkN4N1ZXQ2ZNTVdmQ3ZiX2RKakRNWFFNaEs2VUhJSXNCZ2c0VWloUXdCUVpMV0RvcTRJSmE3UENhQ3c0TTVublZiWnM2MDlKbkYwS2tkUTnSAXRBVV95cUxNeWVRbU1NRFBjeWl4emZJTWFiRXNIYlVWckhJeElabGttNGpEZlpfWVdLSUY3eG1vTnJLRTJWNE43UHNVcEZCVkEzNUlHZUYya1hWM0RUVUpsbGJVQVJoZUFrVTdFc0hab3A2S1FPY3FCNWRYMw?oc=5,https://news.google.com/rss/articles/CBMicEFVX3lxTE5GdlkyZi1Sek1xYnVpMW5mWFBwTERvT3BVMkN4N1ZXQ2ZNTVdmQ3ZiX2RKakRNWFFNaEs2VUhJSXNCZ2c0VWloUXdCUVpMV0RvcTRJSmE3UENhQ3c0TTVublZiWnM2MDlKbkYwS2tkUTnSAXRBVV95cUxNeWVRbU1NRFBjeWl4emZJTWFiRXNIYlVWckhJeElabGttNGpEZlpfWVdLSUY3eG1vTnJLRTJWNE43UHNVcEZCVkEzNUlHZUYya1hWM0RUVUpsbGJVQVJoZUFrVTdFc0hab3A2S1FPY3FCNWRYMw?oc=5&hl=ko&gl=KR&ceid=KR%3Ako,-45.0,,,,no_original_date_found,no_original_date_found_kept,0.0,-196.55,,14.0,global_incident:platform_regulation:google:platform_regulation:sanction_penalty,global_incident:platform_regulation:google:platform_regulation,0.0,,,,issue_representative_attempt,I025,global_incident:platform_regulation:platform_sector:platform_regulation,금융위원회,정부/국회,정부_국회,경쟁사_해외이슈,정부_국회,정부/국회,,
정부_국회,정부/국회,배달의민족,범죄조직 ‘위장취업’에 뚫린 배민 고객센터…개인정보위 “법 위반은 아냐”,디지털데일리,디지털데일리,"Thu, 01 Oct 2026 07:03:44 GMT","Thu, 01 Oct 2026 07:03:44 GMT",범죄조직 ‘위장취업’에 뚫린 배민 고객센터…개인정보위 “법 위반은 아냐” 디지털데일리,Google 뉴스가 전세계 매체로부터 종합한 최신 뉴스,30,meta_description_short,-103.0,meta_description_not_full_body,-10.5,False,False,https://news.google.com/rss/articles/CBMiZEFVX3lxTFBzX3Z5aGtCakpKV3dNbzNRTHBnUnNVV2o0cF9sM0o2dVVBWWU4S3NkTmc0aF92Rmh6MUpNOXRSdmtHNUMxVFdhaENJTjdzVExBSmJjTER1bG5qWl9kM3QxX1RBMEY?oc=5,https://news.google.com/rss/articles/CBMiZEFVX3lxTFBzX3Z5aGtCakpKV3dNbzNRTHBnUnNVV2o0cF9sM0o2dVVBWWU4S3NkTmc0aF92Rmh6MUpNOXRSdmtHNUMxVFdhaENJTjdzVExBSmJjTER1bG5qWl9kM3QxX1RBMEY?oc=5&hl=ko&gl=KR&ceid=KR%3Ako,70.5,platform_obligation,,,no_original_date_found,no_original_date_found_kept,0.0,-160.05,privacy_security:baemin:data_leak:initial_investigation_response,54.0,global_incident:platform_enforcement:baemin:delivery_platform_fee_mfn:general,global_incident:platform_enforcement:baemin:delivery_platform_fee_mfn,24.0,government:platform_obligation,Y,,issue_representative_attempt,I024,global_incident:platform_enforcement:baemin:delivery_platform_fee_mfn,배달의민족,경쟁사/해외이슈,경쟁사_해외이슈,경쟁사_해외이슈,정부_국회,정부/국회,,
정부_국회,정부/국회,네이버,댓글 : 투자자 반발에 한발 물러선 국회…‘졸속 논란’ 의무공개매수제 해법은,네이버 프리미엄콘텐츠,네이버 프리미엄콘텐츠,"Thu, 01 Oct 2026 03:56:00 GMT","Thu, 01 Oct 2026 03:56:00 GMT",댓글 : 투자자 반발에 한발 물러선 국회…‘졸속 논란’ 의무공개매수제 해법은 네이버 프리미엄콘텐츠,Google 뉴스가 전세계 매체로부터 종합한 최신 뉴스,30,meta_description_short,-103.0,meta_description_not_full_body,-35.5,False,False,https://news.google.com/rss/articles/CBMiggFBVV95cUxNWmtnb2tDRlFpOW4zR0xsUUJaWTRYdmpuMG1GUjhJNHA4cm9EX3BoTThndmVLTXZJT0ZfN0VjZ2dwZzdRbE9lWjBkQVQ4NTBrOXNGSXQzMXFfZC0yanYtaU1uZkMwNkoxVzhLc1BLaDJOVnVFVWdDUFRQalpMaFlyM3J3?oc=5,https://news.google.com/rss/articles/CBMiggFBVV95cUxNWmtnb2tDRlFpOW4zR0xsUUJaWTRYdmpuMG1GUjhJNHA4cm9EX3BoTThndmVLTXZJT0ZfN0VjZ2dwZzdRbE9lWjBkQVQ4NTBrOXNGSXQzMXFfZC0yanYtaU1uZkMwNkoxVzhLc1BLaDJOVnVFVWdDUFRQalpMaFlyM3J3?oc=5&hl=ko&gl=KR&ceid=KR%3Ako,173.5,"platform_obligation,policy_legislation",policy_legislation,,no_original_date_found,no_original_date_found_kept,0.0,-189.55,,0.0,global_incident:platform_regulation:naver:platform_content_moderation_obligation:announcement,global_incident:platform_regulation:naver:platform_content_moderation_obligation,56.0,government:platform_obligation,Y,,issue_representative_attempt,I017,global_incident:platform_regulation:naver:platform_content_moderation_obligation,네이버,경쟁사/해외이슈,경쟁사_해외이슈,경쟁사_해외이슈,정부_국회,정부/국회,,
정부_국회,정부/국회,네이버,오늘부터 노동규제 강화된 일본…현지 국내 기업들 ‘비용 압박’ 현실화,네이버 프리미엄콘텐츠,네이버 프리미엄콘텐츠,"Thu, 01 Oct 2026 09:33:00 GMT","Thu, 01 Oct 2026 09:33:00 GMT",오늘부터 노동규제 강화된 일본…현지 국내 기업들 ‘비용 압박’ 현실화 네이버 프리미엄콘텐츠,Google 뉴스가 전세계 매체로부터 종합한 최신 뉴스,30,meta_description_short,-103.0,meta_description_not_full_body,-38.5,False,False,https://news.google.com/rss/articles/CBMigwFBVV95cUxNVUJ1VnVyckQxNUkzLV92QmdtR3ZxTmZLckRfU0M0TUc5WXhwLTFZaGdpd1RDNTZJV3ZYWlBqcHFUS2xGaDlmWk9MMHhJN0pmVmZydjRMM1ZHeEtTUVY3TC1KSUhhLWxkYk9lT3dxMVVWZkFLMFFwSWlWNERMd2V4cjRNcw?oc=5,https://news.google.com/rss/articles/CBMigwFBVV95cUxNVUJ1VnVyckQxNUkzLV92QmdtR3ZxTmZLckRfU0M0TUc5WXhwLTFZaGdpd1RDNTZJV3ZYWlBqcHFUS2xGaDlmWk9MMHhJN0pmVmZydjRMM1ZHeEtTUVY3TC1KSUhhLWxkYk9lT3dxMVVWZkFLMFFwSWlWNERMd2V4cjRNcw?oc=5&hl=ko&gl=KR&ceid=KR%3Ako,215.0,"platform_obligation,policy_legislation",policy_legislation,,no_original_date_found,no_original_date_found_kept,0.0,-191.65,,0.0,global_incident:platform_regulation:naver:platform_content_moderation_obligation:policy_change,global_incident:platform_regulation:naver:platform_content_moderation_obligation,24.0,government:platform_obligation,Y,,issue_representative_attempt,I017,global_incident:platform_regulation:naver:platform_content_moderation_obligation,네이버,경쟁사/해외이슈,경쟁사_해외이슈,경쟁사_해외이슈,정부_국회,정부/국회,,
정부_국회,정부/국회,과학기술정보통신부,"켄텍, 과기정통부 AI 분야 국가사업 3개 잇단 선정",현장뉴스,현장뉴스,"Thu, 01 Oct 2026 08:38:44 GMT","Thu, 01 Oct 2026 08:38:44 GMT","켄텍, 과기정통부 AI 분야 국가사업 3개 잇단 선정 현장뉴스",Google 뉴스가 전세계 매체로부터 종합한 최신 뉴스,30,meta_description_short,-103.0,meta_description_not_full_body,48.0,False,False,https://news.google.com/rss/articles/CBMic0FVX3lxTE94X2RtaUZLUVlkNTRqcTY2X2tnUXNDWkk5WldKdmYyWlRlWlBtcDVEbTNJVXBvdy1QSHdWNjVqeW9VVVQxdUpFbGxEMG9vcXhzUnpienY2NDRadnB6UVFDX1VnMGRGZ0lmMGYxdmVYVkpYZDDSAXNBVV95cUxPeF9kbWlGS1FZZDU0anE2Nl9rZ1FzQ1pJOVpXSnZmMlpUZVpQbXA1RG0zSVVwb3ctUEh3VjY1anlvVVVUMXVKRWxsRDBvb3F4c1J6Ynp2NjQ0WnZwelFRQ19VZzBkRmdJZjBmMXZlWFZKWGQw?oc=5,https://news.google.com/rss/articles/CBMic0FVX3lxTE94X2RtaUZLUVlkNTRqcTY2X2tnUXNDWkk5WldKdmYyWlRlWlBtcDVEbTNJVXBvdy1QSHdWNjVqeW9VVVQxdUpFbGxEMG9vcXhzUnpienY2NDRadnB6UVFDX1VnMGRGZ0lmMGYxdmVYVkpYZDDSAXNBVV95cUxPeF9kbWlGS1FZZDU0anE2Nl9rZ1FzQ1pJOVpXSnZmMlpUZVpQbXA1RG0zSVVwb3ctUEh3VjY1anlvVVVUMXVKRWxsRDBvb3F4c1J6Ynp2NjQ0WnZwelFRQ19VZzBkRmdJZjBmMXZlWFZKWGQw?oc=5&hl=ko&gl=KR&ceid=KR%3Ako,99.6,ai_infrastructure_security,ai_infrastructure_security,,no_original_date_found,no_original_date_found_kept,0.0,-131.1,,54.0,,,-18.0,,,,issue_representative_attempt,I079,government_ai_core_policy:켄텍 과기정통부 ai 분야 국가사업 3개 잇단 선정,과학기술정보통신부,정부/국회,정부_국회,정부_국회,정부_국회,정부/국회,,
정부_국회,정부/국회,과학기술정보통신부,"켄텍, 과기정통부 AI 분야 국가사업 3개 잇단 선정",아시아통신,아시아통신,"Thu, 01 Oct 2026 06:30:04 GMT","Thu, 01 Oct 2026 06:30:04 GMT","켄텍, 과기정통부 AI 분야 국가사업 3개 잇단 선정 아시아통신",Google 뉴스가 전세계 매체로부터 종합한 최신 뉴스,30,meta_description_short,-103.0,meta_description_not_full_body,48.0,False,False,https://news.google.com/rss/articles/CBMiW0FVX3lxTE1zWVFrWnd1aERyN0V0TjBOLUtvRVdpWFJwSUNNdDExQjF6MVprZWtURFZIVEhrRm11a2dacXVBbVNpX1dWa1o1VFFfRXI3cHJxMGJfa1JTVnk1Nm8?oc=5,https://news.google.com/rss/articles/CBMiW0FVX3lxTE1zWVFrWnd1aERyN0V0TjBOLUtvRVdpWFJwSUNNdDExQjF6MVprZWtURFZIVEhrRm11a2dacXVBbVNpX1dWa1o1VFFfRXI3cHJxMGJfa1JTVnk1Nm8?oc=5&hl=ko&gl=KR&ceid=KR%3Ako,99.6,ai_infrastructure_security,ai_infrastructure_security,,no_original_date_found,no_original_date_found_kept,0.0,-131.1,,54.0,,,-18.0,,,,issue_representative_attempt,I079,government_ai_core_policy:켄텍 과기정통부 ai 분야 국가사업 3개 잇단 선정,과학기술정보통신부,정부/국회,정부_국회,정부_국회,정부_국회,정부/국회,,
정부_국회,정부/국회,과학기술정보통신부,"켄텍, 과기정통부 AI 분야 국가사업 3개 잇단 선정 > 뉴스",더코리아,더코리아,"Thu, 01 Oct 2026 06:01:00 GMT","Thu, 01 Oct 2026 06:01:00 GMT","켄텍, 과기정통부 AI 분야 국가사업 3개 잇단 선정 > 뉴스 더코리아",Google 뉴스가 전세계 매체로부터 종합한 최신 뉴스,30,meta_description_short,-103.0,meta_description_not_full_body,48.0,False,False,https://news.google.com/rss/articles/CBMicEFVX3lxTE1EWEhKM1ZTc2p3ZTBNLXBrbFc0VW01Y0RKX0Q1Z0ZsUEJLaEd2WjRoMEJlN2RudVhFbVNBenRUWk5WUnRkOHZ6TEdVeGZ5ek9pb0NPRExwR1Y2RmdEdmdZWmpiQjU3WmluSnpOXzRzVGo?oc=5,https://news.google.com/rss/articles/CBMicEFVX3lxTE1EWEhKM1ZTc2p3ZTBNLXBrbFc0VW01Y0RKX0Q1Z0ZsUEJLaEd2WjRoMEJlN2RudVhFbVNBenRUWk5WUnRkOHZ6TEdVeGZ5ek9pb0NPRExwR1Y2RmdEdmdZWmpiQjU3WmluSnpOXzRzVGo?oc=5&hl=ko&gl=KR&ceid=KR%3Ako,99.6,ai_infrastructure_security,ai_infrastructure_security,,no_original_date_found,no_original_date_found_kept,0.0,-131.1,,54.0,,,-18.0,,,,issue_representative_attempt,I079,government_ai_core_policy:켄텍 과기정통부 ai 분야 국가사업 3개 잇단 선정,과학기술정보통신부,정부/국회,정부_국회,정부_국회,정부_국회,정부/국회,,
정부_국회,정부/국회,과학기술정보통신부,"켄텍, 과기정통부 AI 분야 국가사업 3개 잇단 선정",일등방송,일등방송,"Thu, 01 Oct 2026 08:14:00 GMT","Thu, 01 Oct 2026 08:14:00 GMT","켄텍, 과기정통부 AI 분야 국가사업 3개 잇단 선정 일등방송",Google 뉴스가 전세계 매체로부터 종합한 최신 뉴스,30,meta_description_short,-103.0,meta_description_not_full_body,48.0,False,False,https://news.google.com/rss/articles/CBMirAFBVV95cUxPRjFUY2o5cDJtemVYaWVaNlVZd0JLaXJiazBDQUp4eGhOeS1LZkFpdnoyMDIwcmlEd2Z5bEJJb1diTFFiZWd5dHlsMVFQbU9Pby1nTF81VzRVQ1JseVc0Mzc5d1ZxYXI3aHdIbEMxV0prZDY1Q0Nhc2hHVTZxemRHTFU3NUE5NzNuRFJ6T01TVzlOek13ZENvdVYyV3JzeEllbzJLZnpzcFVxNG1o?oc=5,https://news.google.com/rss/articles/CBMirAFBVV95cUxPRjFUY2o5cDJtemVYaWVaNlVZd0JLaXJiazBDQUp4eGhOeS1LZkFpdnoyMDIwcmlEd2Z5bEJJb1diTFFiZWd5dHlsMVFQbU9Pby1nTF81VzRVQ1JseVc0Mzc5d1ZxYXI3aHdIbEMxV0prZDY1Q0Nhc2hHVTZxemRHTFU3NUE5NzNuRFJ6T01TVzlOek13ZENvdVYyV3JzeEllbzJLZnpzcFVxNG1o?oc=5&hl=ko&gl=KR&ceid=KR%3Ako,99.6,ai_infrastructure_security,ai_infrastructure_security,,no_original_date_found,no_original_date_found_kept,0.0,-131.1,,54.0,,,-18.0,,,,issue_representative_attempt,I079,government_ai_core_policy:켄텍 과기정통부 ai 분야 국가사업 3개 잇단 선정,과학기술정보통신부,정부/국회,정부_국회,정부_국회,정부_국회,정부/국회,,
경쟁사_해외이슈,경쟁사/해외이슈,네이버,"한국투자증권 ""NAVER, 데이터센터 대표 플레이어로 수혜""",글로벌이코노믹,글로벌이코노믹,"Fri, 02 Oct 2026 00:20:20 GMT","Fri, 02 Oct 2026 00:20:20 GMT","한국투자증권 ""NAVER, 데이터센터 대표 플레이어로 수혜"" 글로벌이코노믹",Google 뉴스가 전세계 매체로부터 종합한 최신 뉴스,30,meta_description_short,-103.0,meta_description_not_full_body,19.0,False,False,https://news.google.com/rss/articles/CBMilwFBVV95cUxQUkt0bEN5Ny05eThfMFlRdklzd25KLW9MVVZEWV9mS3V4QWJqcE1zaXlnVGhLeTNzcVFWRWR3S3dJRFlkN0ZCUWxmZDhUSjQtR2tSVVdYRTdGOUNTblJkNlRkaXl0ZnE2azJ1YXR4enhidndZdnVOdkhWQmJQdV9ybkIyNnN3VVpuQ0NmckRNbFJSV0NlTHlZ?oc=5,https://news.google.com/rss/articles/CBMilwFBVV95cUxQUkt0bEN5Ny05eThfMFlRdklzd25KLW9MVVZEWV9mS3V4QWJqcE1zaXlnVGhLeTNzcVFWRWR3S3dJRFlkN0ZCUWxmZDhUSjQtR2tSVVdYRTdGOUNTblJkNlRkaXl0ZnE2azJ1YXR4enhidndZdnVOdkhWQmJQdV9ybkIyNnN3VVpuQ0NmckRNbFJSV0NlTHlZ?oc=5&hl=ko&gl=KR&ceid=KR%3Ako,354.5,ai_infrastructure_security,ai_infrastructure_security,,no_original_date_found,no_original_date_found_kept,0.0,-151.4,,7.0,global_incident:leadership_service:naver:leadership_service:general,global_incident:leadership_service:naver:leadership_service,0.0,,,,issue_representative_attempt,I006,global_incident:leadership_service:naver:leadership_service,네이버,경쟁사/해외이슈,경쟁사_해외이슈,경쟁사_해외이슈,경쟁사_해외이슈,경쟁사/해외이슈,,
경쟁사_해외이슈,경쟁사/해외이슈,KT,"KT, 충청권 기업 AX 전환 지원… AI·클라우드 적용 해법 제시",Korea IT Times,Korea IT Times,"Fri, 02 Oct 2026 00:02:02 GMT","Fri, 02 Oct 2026 00:02:02 GMT","KT, 충청권 기업 AX 전환 지원… AI·클라우드 적용 해법 제시 Korea IT Times",Google 뉴스가 전세계 매체로부터 종합한 최신 뉴스,30,meta_description_short,-103.0,meta_description_not_full_body,67.5,False,False,https://news.google.com/rss/articles/CBMicEFVX3lxTE1ZaW5iLXBrNDZxaWxTRHFHZ25ndy10blNWWjNKRE1TSS1ZMTg4bi00c0ZXSDNaSTRiTmgyNlp2dmFLWjlfWnpTdjQ1REYtRWVPSUMtLXItWVQzQk5TVTBGYjN6N3J2dElVNXJFa3YyM0Q?oc=5,https://news.google.com/rss/articles/CBMicEFVX3lxTE1ZaW5iLXBrNDZxaWxTRHFHZ25ndy10blNWWjNKRE1TSS1ZMTg4bi00c0ZXSDNaSTRiTmgyNlp2dmFLWjlfWnpTdjQ1REYtRWVPSUMtLXItWVQzQk5TVTBGYjN6N3J2dElVNXJFa3YyM0Q?oc=5&hl=ko&gl=KR&ceid=KR%3Ako,352.0,"ai_infrastructure_security,platform_obligation",ai_infrastructure_security,,no_original_date_found,no_original_date_found_kept,0.0,-117.45,,0.0,global_incident:platform_regulation:google:platform_operator_obligation:general,global_incident:platform_regulation:google:platform_operator_obligation,24.0,competitor:platform_obligation,Y,,issue_representative_attempt,I012,국가 AI 인프라/AIDC/GPU 정책,KT,경쟁사/해외이슈,경쟁사_해외이슈,경쟁사_해외이슈,경쟁사_해외이슈,경쟁사/해외이슈,,
경쟁사_해외이슈,경쟁사/해외이슈,KT,"KT, 충청 제조·방산 AX 공개...MS·AWS와 현장 해법 제시",지디넷코리아,지디넷코리아,"Fri, 02 Oct 2026 03:35:51 GMT","Fri, 02 Oct 2026 03:35:51 GMT","KT, 충청 제조·방산 AX 공개...MS·AWS와 현장 해법 제시 지디넷코리아",Google 뉴스가 전세계 매체로부터 종합한 최신 뉴스,30,meta_description_short,-103.0,meta_description_not_full_body,6.5,False,False,https://news.google.com/rss/articles/CBMiVkFVX3lxTE9SUFR0QmloYkxOVUtBV3hvU0oyVWZsQzRXamRqR0JLWDRsdk1FekZMSmpVWi1ZUjRrdVJDXzFLSEFwdmhVbXRTM1VyMVd4eko5dzE2TDJ3?oc=5,https://news.google.com/rss/articles/CBMiVkFVX3lxTE9SUFR0QmloYkxOVUtBV3hvU0oyVWZsQzRXamRqR0JLWDRsdk1FekZMSmpVWi1ZUjRrdVJDXzFLSEFwdmhVbXRTM1VyMVd4eko5dzE2TDJ3?oc=5&hl=ko&gl=KR&ceid=KR%3Ako,308.0,,,,no_original_date_found,no_original_date_found_kept,0.0,-148.15,,0.0,,,0.0,,,,issue_representative_attempt,I012,국가 AI 인프라/AIDC/GPU 정책,KT,경쟁사/해외이슈,경쟁사_해외이슈,경쟁사_해외이슈,경쟁사_해외이슈,경쟁사/해외이슈,,
경쟁사_해외이슈,경쟁사/해외이슈,MS,"KT, 충청 제조·방산 AX 공개...MS·AWS와 현장 해법 제시",v.daum.net,v.daum.net,"Fri, 02 Oct 2026 03:37:59 GMT","Fri, 02 Oct 2026 03:37:59 GMT","KT, 충청 제조·방산 AX 공개...MS·AWS와 현장 해법 제시 v.daum.net",Google 뉴스가 전세계 매체로부터 종합한 최신 뉴스,30,meta_description_short,-103.0,meta_description_not_full_body,6.5,False,False,https://news.google.com/rss/articles/CBMiT0FVX3lxTE1BOXJJbHlzaU5sU0NTQllQX1JrbFRNcXdiQTZaSENXTnRYanAyc2FndDVSaElHOVJmeTBERi1nOURLUWpQR3h4TERHd3BWZnM?oc=5,https://news.google.com/rss/articles/CBMiT0FVX3lxTE1BOXJJbHlzaU5sU0NTQllQX1JrbFRNcXdiQTZaSENXTnRYanAyc2FndDVSaElHOVJmeTBERi1nOURLUWpQR3h4TERHd3BWZnM?oc=5&hl=ko&gl=KR&ceid=KR%3Ako,304.0,,,,no_original_date_found,no_original_date_found_kept,0.0,-160.15,,0.0,,,0.0,,,,issue_representative_attempt,I012,국가 AI 인프라/AIDC/GPU 정책,MS,경쟁사/해외이슈,경쟁사_해외이슈,경쟁사_해외이슈,경쟁사_해외이슈,경쟁사/해외이슈,,
경쟁사_해외이슈,경쟁사/해외이슈,KT,"KT, 병원 AX ‘표준모델’ 공개…AI 어시스턴트·데이터 플랫폼 결합",테크월드,테크월드,"Fri, 02 Oct 2026 00:41:45 GMT","Fri, 02 Oct 2026 00:41:45 GMT","KT, 병원 AX ‘표준모델’ 공개…AI 어시스턴트·데이터 플랫폼 결합 테크월드",Google 뉴스가 전세계 매체로부터 종합한 최신 뉴스,30,meta_description_short,-103.0,meta_description_not_full_body,20.5,False,False,https://news.google.com/rss/articles/CBMiaEFVX3lxTE1JMEs5SVZ6SktXRkhqSzhTWEZQV2dJc016dndyaGFnenZ1aGVIeS12Tk1XdzZzNGYxZm00VlJHQWlMX0dEUC1PazZvcU83am5oQ3FvV0FicTlVcDJnMWhtcGFlLUdsQXZ0?oc=5,https://news.google.com/rss/articles/CBMiaEFVX3lxTE1JMEs5SVZ6SktXRkhqSzhTWEZQV2dJc016dndyaGFnenZ1aGVIeS12Tk1XdzZzNGYxZm00VlJHQWlMX0dEUC1PazZvcU83am5oQ3FvV0FicTlVcDJnMWhtcGFlLUdsQXZ0?oc=5&hl=ko&gl=KR&ceid=KR%3Ako,324.0,"ai_infrastructure_security,market_power_platform",ai_infrastructure_security,,no_original_date_found,no_original_date_found_kept,0.0,-150.35,,0.0,global_incident:platform_regulation:google:platform_regulation:announcement,global_incident:platform_regulation:google:platform_regulation,0.0,,,,issue_representative_attempt,I012,국가 AI 인프라/AIDC/GPU 정책,KT,경쟁사/해외이슈,경쟁사_해외이슈,경쟁사_해외이슈,경쟁사_해외이슈,경쟁사/해외이슈,,
경쟁사_해외이슈,경쟁사/해외이슈,KT,"유비쿼스, AI 기반 광통신 장비 공개…KT 실증 기반 해외 진출 타진",서울신문,서울신문,"Fri, 02 Oct 2026 01:00:00 GMT","Fri, 02 Oct 2026 01:00:00 GMT","유비쿼스, AI 기반 광통신 장비 공개…KT 실증 기반 해외 진출 타진 서울신문",Google 뉴스가 전세계 매체로부터 종합한 최신 뉴스,30,meta_description_short,-103.0,meta_description_not_full_body,13.5,False,False,https://news.google.com/rss/articles/CBMib0FVX3lxTFB6Zkhfb1VXLWZhNjJYbWp1ODBEckx4aDVva1d5QmVicXZkS3F2N2dKLUFMU25GZURGa2RSc2Q2bkVabXQ4QlU1bXRqajRmTG1iYURoa0xuaF9YbDl6emtJZmRLTTFwQlM2YnB1Qy13aw?oc=5,https://news.google.com/rss/articles/CBMib0FVX3lxTFB6Zkhfb1VXLWZhNjJYbWp1ODBEckx4aDVva1d5QmVicXZkS3F2N2dKLUFMU25GZURGa2RSc2Q2bkVabXQ4QlU1bXRqajRmTG1iYURoa0xuaF9YbDl6emtJZmRLTTFwQlM2YnB1Qy13aw?oc=5&hl=ko&gl=KR&ceid=KR%3Ako,314.0,ai_infrastructure_security,ai_infrastructure_security,,no_original_date_found,no_original_date_found_kept,0.0,-155.25,,0.0,,,0.0,,,,issue_representative_attempt,I012,국가 AI 인프라/AIDC/GPU 정책,KT,경쟁사/해외이슈,경쟁사_해외이슈,경쟁사_해외이슈,경쟁사_해외이슈,경쟁사/해외이슈,,
경쟁사_해외이슈,경쟁사/해외이슈,KT,"KT, 충청권 기업 대상 AX 세미나…AI·클라우드 활용 방안 공유",한국NGO신문,한국NGO신문,"Fri, 02 Oct 2026 00:26:26 GMT","Fri, 02 Oct 2026 00:26:26 GMT","KT, 충청권 기업 대상 AX 세미나…AI·클라우드 활용 방안 공유 한국NGO신문",Google 뉴스가 전세계 매체로부터 종합한 최신 뉴스,30,meta_description_short,-103.0,meta_description_not_full_body,13.5,False,False,https://news.google.com/rss/articles/CBMiaEFVX3lxTE1fV3E3WEpiYzcyRDJsTDRYMHRSTUJWX1lsMF82UE9ETEthWTR3NzJILS05cjRUNmtobXZKZVBoYnppX1pNSllQMW9sNEhXWER5RUJJZ2QxTHlmbjd5Y3Y4SGJHZGhOYldt?oc=5,https://news.google.com/rss/articles/CBMiaEFVX3lxTE1fV3E3WEpiYzcyRDJsTDRYMHRSTUJWX1lsMF82UE9ETEthWTR3NzJILS05cjRUNmtobXZKZVBoYnppX1pNSllQMW9sNEhXWER5RUJJZ2QxTHlmbjd5Y3Y4SGJHZGhOYldt?oc=5&hl=ko&gl=KR&ceid=KR%3Ako,314.0,ai_infrastructure_security,ai_infrastructure_security,,no_original_date_found,no_original_date_found_kept,0.0,-155.25,,0.0,,,0.0,,,,issue_representative_attempt,I012,국가 AI 인프라/AIDC/GPU 정책,KT,경쟁사/해외이슈,경쟁사_해외이슈,경쟁사_해외이슈,경쟁사_해외이슈,경쟁사/해외이슈,,
경쟁사_해외이슈,경쟁사/해외이슈,네이버,"NAVER(네이버), 19만1900원 소폭 상승…AI 데이터센터 실적 가시성 주목",CBC뉴스,CBC뉴스,"Fri, 02 Oct 2026 01:47:48 GMT","Fri, 02 Oct 2026 01:47:48 GMT","NAVER(네이버), 19만1900원 소폭 상승…AI 데이터센터 실적 가시성 주목 CBC뉴스",Google 뉴스가 전세계 매체로부터 종합한 최신 뉴스,30,meta_description_short,-103.0,meta_description_not_full_body,54.0,False,False,https://news.google.com/rss/articles/CBMiaEFVX3lxTE5wZDJtZ085ZkZUcTdERnY0Mng3dkRqQ3FnYU13YlZadXo4aVlldGVQemF6Z3ROZExmdkdnN2NWam5zVktyRVEza0hYRGpFUFE4V3FxUmdnVzNudmlIT0VSVENzbWRBOG1u?oc=5,https://news.google.com/rss/articles/CBMiaEFVX3lxTE5wZDJtZ085ZkZUcTdERnY0Mng3dkRqQ3FnYU13YlZadXo4aVlldGVQemF6Z3ROZExmdkdnN2NWam5zVktyRVEza0hYRGpFUFE4V3FxUmdnVzNudmlIT0VSVENzbWRBOG1u?oc=5&hl=ko&gl=KR&ceid=KR%3Ako,277.0,"ai_infrastructure_security,aidc_datacenter,earnings,financial_performance",aidc_general,,no_original_date_found,no_original_date_found_kept,0.0,-126.9,,0.0,,,0.0,,,,issue_representative_attempt,I012,국가 AI 인프라/AIDC/GPU 정책,네이버,경쟁사/해외이슈,경쟁사_해외이슈,경쟁사_해외이슈,경쟁사_해외이슈,경쟁사/해외이슈,,
경쟁사_해외이슈,경쟁사/해외이슈,네이버,"앤트로픽, AI 인프라 700조원 베팅…삼성·하이닉스에 기회",Naver Blog,Naver Blog,"Thu, 01 Oct 2026 09:03:25 GMT","Thu, 01 Oct 2026 09:03:25 GMT","앤트로픽, AI 인프라 700조원 베팅…삼성·하이닉스에 기회 Naver Blog",Google 뉴스가 전세계 매체로부터 종합한 최신 뉴스,30,meta_description_short,-103.0,meta_description_not_full_body,13.5,False,False,https://news.google.com/rss/articles/CBMiWkFVX3lxTE1aOTB6NnZ3Mk1aUWZzR3BucHluLWpST2pFUEZxMm1SeHBNZFB1cTZLRVdqYWxpdFcwN2kzSUk4MFdXX3hNQl93Q1lvZlRtWjF0ZDN2Ukp6SzUwdw?oc=5,https://news.google.com/rss/articles/CBMiWkFVX3lxTE1aOTB6NnZ3Mk1aUWZzR3BucHluLWpST2pFUEZxMm1SeHBNZFB1cTZLRVdqYWxpdFcwN2kzSUk4MFdXX3hNQl93Q1lvZlRtWjF0ZDN2Ukp6SzUwdw?oc=5&hl=ko&gl=KR&ceid=KR%3Ako,335.0,ai_infrastructure_security,ai_infrastructure_security,,no_original_date_found,no_original_date_found_kept,0.0,-155.25,,0.0,global_incident:ai_security_policy:naver:anthropic_glasswing_security:general,global_incident:ai_security_policy:naver:anthropic_glasswing_security,0.0,,,,issue_representative_attempt,I012,국가 AI 인프라/AIDC/GPU 정책,네이버,경쟁사/해외이슈,경쟁사_해외이슈,경쟁사_해외이슈,경쟁사_해외이슈,경쟁사/해외이슈,,
경쟁사_해외이슈,경쟁사/해외이슈,LGU+,"LGU+, AI 토큰 처리량 4배 높였다...GPU·전력 효율화",지디넷코리아,지디넷코리아,"Fri, 02 Oct 2026 03:28:52 GMT","Fri, 02 Oct 2026 03:28:52 GMT","LGU+, AI 토큰 처리량 4배 높였다...GPU·전력 효율화 지디넷코리아",Google 뉴스가 전세계 매체로부터 종합한 최신 뉴스,30,meta_description_short,-103.0,meta_description_not_full_body,23.5,False,False,https://news.google.com/rss/articles/CBMiVkFVX3lxTFB5WDRucWlTcGFWc3NtTFZPYmpUUEJwLXc4a1RmaFhMM1dpSU14TGxHSlJhMnJpSXBDMGplV2lvd05mTldmZ3J4d04xd1hpajNxVmFzVVpB?oc=5,https://news.google.com/rss/articles/CBMiVkFVX3lxTFB5WDRucWlTcGFWc3NtTFZPYmpUUEJwLXc4a1RmaFhMM1dpSU14TGxHSlJhMnJpSXBDMGplV2lvd05mTldmZ3J4d04xd1hpajNxVmFzVVpB?oc=5&hl=ko&gl=KR&ceid=KR%3Ako,216.0,"ai_infrastructure_security,aidc_datacenter",aidc_law_power,,no_original_date_found,no_original_date_found_kept,0.0,-136.25,,0.0,,,0.0,,,,issue_representative_attempt,I012,국가 AI 인프라/AIDC/GPU 정책,LGU+,경쟁사/해외이슈,경쟁사_해외이슈,경쟁사_해외이슈,경쟁사_해외이슈,경쟁사/해외이슈,,
경쟁사_해외이슈,경쟁사/해외이슈,LGU+,"LGU+, AI 토큰 최적화 나선다…GPU 처리량 최대 4배",디지털데일리,디지털데일리,"Fri, 02 Oct 2026 01:41:54 GMT","Fri, 02 Oct 2026 01:41:54 GMT","LGU+, AI 토큰 최적화 나선다…GPU 처리량 최대 4배 디지털데일리",Google 뉴스가 전세계 매체로부터 종합한 최신 뉴스,30,meta_description_short,-103.0,meta_description_not_full_body,23.5,False,False,https://news.google.com/rss/articles/CBMiZEFVX3lxTE9vSDRhblVDZ1FKWHdFNEktY05XV2NBUE9lOUg1V0R4S0toTTRLRnQ5YTJtclZkMk43UTctZ0ZCM2dEQlJMTXlCZEV2eUxVbzZGNG9yWTQ5cl9YNV9MQy1GSGhOV2Q?oc=5,https://news.google.com/rss/articles/CBMiZEFVX3lxTE9vSDRhblVDZ1FKWHdFNEktY05XV2NBUE9lOUg1V0R4S0toTTRLRnQ5YTJtclZkMk43UTctZ0ZCM2dEQlJMTXlCZEV2eUxVbzZGNG9yWTQ5cl9YNV9MQy1GSGhOV2Q?oc=5&hl=ko&gl=KR&ceid=KR%3Ako,216.0,"ai_infrastructure_security,aidc_datacenter",aidc_gpu_npu,,no_original_date_found,no_original_date_found_kept,0.0,-136.25,,0.0,,,0.0,,,,issue_representative_attempt,I012,국가 AI 인프라/AIDC/GPU 정책,LGU+,경쟁사/해외이슈,경쟁사_해외이슈,경쟁사_해외이슈,경쟁사_해외이슈,경쟁사/해외이슈,,
경쟁사_해외이슈,경쟁사/해외이슈,LGU+,"같은 GPU서 토큰 최대 4배 처리…LGU+, AI 운영 효율 높인다",뉴시스,뉴시스,"Fri, 02 Oct 2026 00:18:09 GMT","Fri, 02 Oct 2026 00:18:09 GMT","같은 GPU서 토큰 최대 4배 처리…LGU+, AI 운영 효율 높인다 뉴시스",Google 뉴스가 전세계 매체로부터 종합한 최신 뉴스,30,meta_description_short,-103.0,meta_description_not_full_body,23.5,False,False,https://news.google.com/rss/articles/CBMieEFVX3lxTE1xSTZwaUpoMGpZT1R3YVAwT3JCdHc5RXJJVnFja0tzOU5ERTFqRFNnN3hRUURfeXhvYnR5TVp1dXRaVTFMczJvVDREN3dTRjZKdEpTRDdLalpuRVpCZV9zR1ZjWTRJeE9tZkNXRFB4djBSMl9HVHFZctIBeEFVX3lxTE1xSTZwaUpoMGpZT1R3YVAwT3JCdHc5RXJJVnFja0tzOU5ERTFqRFNnN3hRUURfeXhvYnR5TVp1dXRaVTFMczJvVDREN3dTRjZKdEpTRDdLalpuRVpCZV9zR1ZjWTRJeE9tZkNXRFB4djBSMl9HVHFZcg?oc=5,https://news.google.com/rss/articles/CBMieEFVX3lxTE1xSTZwaUpoMGpZT1R3YVAwT3JCdHc5RXJJVnFja0tzOU5ERTFqRFNnN3hRUURfeXhvYnR5TVp1dXRaVTFMczJvVDREN3dTRjZKdEpTRDdLalpuRVpCZV9zR1ZjWTRJeE9tZkNXRFB4djBSMl9HVHFZctIBeEFVX3lxTE1xSTZwaUpoMGpZT1R3YVAwT3JCdHc5RXJJVnFja0tzOU5ERTFqRFNnN3hRUURfeXhvYnR5TVp1dXRaVTFMczJvVDREN3dTRjZKdEpTRDdLalpuRVpCZV9zR1ZjWTRJeE9tZkNXRFB4djBSMl9HVHFZcg?oc=5&hl=ko&gl=KR&ceid=KR%3Ako,216.0,"ai_infrastructure_security,aidc_datacenter",aidc_gpu_npu,,no_original_date_found,no_original_date_found_kept,0.0,-134.25,,0.0,,,0.0,,,,issue_representative_attempt,I012,국가 AI 인프라/AIDC/GPU 정책,LGU+,경쟁사/해외이슈,경쟁사_해외이슈,경쟁사_해외이슈,경쟁사_해외이슈,경쟁사/해외이슈,,
경쟁사_해외이슈,경쟁사/해외이슈,LGU+,"LGU+, AI '토큰 최적화' 기술 개발…GPU 처리량 최대 4배 높여",아이뉴스24,아이뉴스24,"Fri, 02 Oct 2026 00:37:54 GMT","Fri, 02 Oct 2026 00:37:54 GMT","LGU+, AI '토큰 최적화' 기술 개발…GPU 처리량 최대 4배 높여 아이뉴스24",Google 뉴스가 전세계 매체로부터 종합한 최신 뉴스,30,meta_description_short,-103.0,meta_description_not_full_body,23.5,False,False,https://news.google.com/rss/articles/CBMiRkFVX3lxTFBRbWlpVFcyWWVWV1JqY3k0R3I0S2Jxd2d6VklacV8zVG12VnRiTEhWRGlFd2tmaExqWUpGb2NJSzFIMnZGZlE?oc=5,https://news.google.com/rss/articles/CBMiRkFVX3lxTFBRbWlpVFcyWWVWV1JqY3k0R3I0S2Jxd2d6VklacV8zVG12VnRiTEhWRGlFd2tmaExqWUpGb2NJSzFIMnZGZlE?oc=5&hl=ko&gl=KR&ceid=KR%3Ako,215.0,"ai_infrastructure_security,aidc_datacenter",aidc_gpu_npu,,no_original_date_found,no_original_date_found_kept,0.0,-140.25,,0.0,,,0.0,,,,issue_representative_attempt,I012,국가 AI 인프라/AIDC/GPU 정책,LGU+,경쟁사/해외이슈,경쟁사_해외이슈,경쟁사_해외이슈,경쟁사_해외이슈,경쟁사/해외이슈,,
경쟁사_해외이슈,경쟁사/해외이슈,KT,"KT, 충청권 제조·방산 AX 공략…글로벌 파트너와 협력",디지털투데이,디지털투데이,"Fri, 02 Oct 2026 00:11:51 GMT","Fri, 02 Oct 2026 00:11:51 GMT","KT, 충청권 제조·방산 AX 공략…글로벌 파트너와 협력 디지털투데이",Google 뉴스가 전세계 매체로부터 종합한 최신 뉴스,30,meta_description_short,-103.0,meta_description_not_full_body,6.5,False,False,https://news.google.com/rss/articles/CBMic0FVX3lxTE51aFI1dHhlYm5paWx2SXFWb2pYX1NRbEhmRHoyZ3pkNjdHckxZaG5pQzBacnZfMXc2YU9CQUYtUFFzOVZHbU1Qa1NOY2F1WjN2cmgyOHhlMXJtZnJsc0VPYjd6VWRnQ3pGMGliQy1zM0Q0SW8?oc=5,https://news.google.com/rss/articles/CBMic0FVX3lxTE51aFI1dHhlYm5paWx2SXFWb2pYX1NRbEhmRHoyZ3pkNjdHckxZaG5pQzBacnZfMXc2YU9CQUYtUFFzOVZHbU1Qa1NOY2F1WjN2cmgyOHhlMXJtZnJsc0VPYjd6VWRnQ3pGMGliQy1zM0Q0SW8?oc=5&hl=ko&gl=KR&ceid=KR%3Ako,288.0,,,,no_original_date_found,no_original_date_found_kept,0.0,-160.15,,0.0,,,0.0,,,,issue_representative_attempt,I012,국가 AI 인프라/AIDC/GPU 정책,KT,경쟁사/해외이슈,경쟁사_해외이슈,경쟁사_해외이슈,경쟁사_해외이슈,경쟁사/해외이슈,,
경쟁사_해외이슈,경쟁사/해외이슈,네이버,"AI데이터센터 훈풍 탄 두산퓨얼셀, 적자 행진 마침표 기대감 : 네이버 블로그",Naver Blog,,"Fri, 02 Oct 2026 02:06:15 GMT",,"AI데이터센터 훈풍 탄 두산퓨얼셀, 적자 행진 마침표 기대감 : 네이버 블로그 Naver Blog",,0,domain_filter,-100.0,naver_blog_result,0.0,False,,https://news.google.com/rss/articles/CBMijwFBVV95cUxOemJlM3Vyd0lPRGlGcFpfLUJtZmpSdlgtb2JaNC1GS0ZRQ2QzRlM2U2lxRmpmVVl4MWZlYnVJb0NyYlBQRGJ3bWw2QXU4azJNSFJDd0Q0WHk1RnIwSGY1dEhoQVk4VXN1d1RLZzZUR0UwWXBGYTB4MGVtN0FDU2xfUldHc1RjYkJUYi1VcUppYw?oc=5,https://news.google.com/rss/articles/CBMijwFBVV95cUxOemJlM3Vyd0lPRGlGcFpfLUJtZmpSdlgtb2JaNC1GS0ZRQ2QzRlM2U2lxRmpmVVl4MWZlYnVJb0NyYlBQRGJ3bWw2QXU4azJNSFJDd0Q0WHk1RnIwSGY1dEhoQVk4VXN1d1RLZzZUR0UwWXBGYTB4MGVtN0FDU2xfUldHc1RjYkJUYi1VcUppYw?oc=5&hl=ko&gl=KR&ceid=KR%3Ako,,,,,,not_checked_domain_filtered,,,,0.0,,,0.0,,,,issue_representative_attempt,I012,국가 AI 인프라/AIDC/GPU 정책,네이버,경쟁사/해외이슈,경쟁사_해외이슈,경쟁사_해외이슈,경쟁사_해외이슈,경쟁사/해외이슈,,
경쟁사_해외이슈,경쟁사/해외이슈,네이버,"[현장] “2029년까지 데이터센터 완판”…KT클라우드·네이버, AIDC 키운다",에너지경제신문,에너지경제신문,"Thu, 01 Oct 2026 06:31:31 GMT","Thu, 01 Oct 2026 06:31:31 GMT","[현장] “2029년까지 데이터센터 완판”…KT클라우드·네이버, AIDC 키운다 에너지경제신문",Google 뉴스가 전세계 매체로부터 종합한 최신 뉴스,30,meta_description_short,-103.0,meta_description_not_full_body,29.0,False,False,https://news.google.com/rss/articles/CBMiW0FVX3lxTE93OEJ2bGJGNG1lYmRHRE56WVBkTHQ3TS1VQmFHTlVhcjJpMmg0ZnRfX3hKQ2dkRklRSEFjV2hqckNtTkdkZEQ3VmtOWThPczVHUkZsXzFrVnFVWHM?oc=5,https://news.google.com/rss/articles/CBMiW0FVX3lxTE93OEJ2bGJGNG1lYmRHRE56WVBkTHQ3TS1VQmFHTlVhcjJpMmg0ZnRfX3hKQ2dkRklRSEFjV2hqckNtTkdkZEQ3VmtOWThPczVHUkZsXzFrVnFVWHM?oc=5&hl=ko&gl=KR&ceid=KR%3Ako,246.0,"ai_infrastructure_security,aidc_datacenter",aidc_general,,no_original_date_found,no_original_date_found_kept,0.0,-144.4,,0.0,,,0.0,,,,issue_representative_attempt,I012,국가 AI 인프라/AIDC/GPU 정책,네이버,경쟁사/해외이슈,경쟁사_해외이슈,경쟁사_해외이슈,경쟁사_해외이슈,경쟁사/해외이슈,,
경쟁사_해외이슈,경쟁사/해외이슈,네이버,"[KACI 26] GPU 빌려주던 네오클라우드 넘는다...네이버클라우드, 내년부터 AI 팩토리 확대",테크M,테크M,"Thu, 01 Oct 2026 05:46:40 GMT","Thu, 01 Oct 2026 05:46:40 GMT","[KACI 26] GPU 빌려주던 네오클라우드 넘는다...네이버클라우드, 내년부터 AI 팩토리 확대 테크M",Google 뉴스가 전세계 매체로부터 종합한 최신 뉴스,30,meta_description_short,-103.0,meta_description_not_full_body,26.0,False,False,https://news.google.com/rss/articles/CBMiZkFVX3lxTE5hQ2hoZW5hanZ1eng5ZHZuODR0SEl0MFlfeHZ0ZUhwZnllbURvUzlrdjRBdzZxXzhxQi1pQlk4RzZNYkdNaDRQZXo0VDlfVVI3TExzSGdmbS1NNUtJQ1J3U0NzckxrQdIBakFVX3lxTE51NE03S2EtSEYyT1pRRmJQcFpJNzFONXNLZU8yYnVWRkphRTBNOEFvZ3pudEg0VHdzc3BQZHVQTjY4THlYT1hZYUFxZjZma3paUEhhV0UyWkNmaHdIQ0ROV3hvUXlILVE0aEE?oc=5,https://news.google.com/rss/articles/CBMiZkFVX3lxTE5hQ2hoZW5hanZ1eng5ZHZuODR0SEl0MFlfeHZ0ZUhwZnllbURvUzlrdjRBdzZxXzhxQi1pQlk4RzZNYkdNaDRQZXo0VDlfVVI3TExzSGdmbS1NNUtJQ1J3U0NzckxrQdIBakFVX3lxTE51NE03S2EtSEYyT1pRRmJQcFpJNzFONXNLZU8yYnVWRkphRTBNOEFvZ3pudEg0VHdzc3BQZHVQTjY4THlYT1hZYUFxZjZma3paUEhhV0UyWkNmaHdIQ0ROV3hvUXlILVE0aEE?oc=5&hl=ko&gl=KR&ceid=KR%3Ako,243.0,"ai_infrastructure_security,aidc_datacenter",aidc_gpu_npu,,no_original_date_found,no_original_date_found_kept,0.0,-146.5,privacy_security:naver:data_leak:initial_investigation_response,16.0,global_incident:privacy_security:naver:naver:data_leak:general,global_incident:privacy_security:naver:naver,0.0,,,,issue_representative_attempt,I012,국가 AI 인프라/AIDC/GPU 정책,네이버,경쟁사/해외이슈,경쟁사_해외이슈,경쟁사_해외이슈,경쟁사_해외이슈,경쟁사/해외이슈,,
경쟁사_해외이슈,경쟁사/해외이슈,SKT,AI 데이터센터 늘리는데 … SKT 배출권 '35만t' 부족,세이프타임즈,세이프타임즈,"Thu, 01 Oct 2026 05:31:38 GMT","Thu, 01 Oct 2026 05:31:38 GMT",AI 데이터센터 늘리는데 … SKT 배출권 '35만t' 부족 세이프타임즈,Google 뉴스가 전세계 매체로부터 종합한 최신 뉴스,30,meta_description_short,-103.0,meta_description_not_full_body,23.5,False,False,https://news.google.com/rss/articles/CBMic0FVX3lxTE82RGRxNERhZWRBS2dDZEtsa2hCWGQ3MV9uMTY2T0NXb3UtWkI0emltd0Z0aFAwNWNWcURSVldWa2RhVUJSbEdLa1JUVGhOMGt0S1lhZXhidk9ERGx3RVhqbHQxR2QyUG9JaUo2VzRDbkdzM0HSAXNBVV95cUxPNkRkcTREYWVkQUtnQ2RLbGtoQlhkNzFfbjE2Nk9DV291LVpCNHppbXdGdGhQMDVjVnFEUlZXVmtkYVVCUmxHS2tSVFRoTjBrdEtZYWV4YnZPRERsd0VYamx0MUdkMlBvSWlKNlc0Q25HczNB?oc=5,https://news.google.com/rss/articles/CBMic0FVX3lxTE82RGRxNERhZWRBS2dDZEtsa2hCWGQ3MV9uMTY2T0NXb3UtWkI0emltd0Z0aFAwNWNWcURSVldWa2RhVUJSbEdLa1JUVGhOMGt0S1lhZXhidk9ERGx3RVhqbHQxR2QyUG9JaUo2VzRDbkdzM0HSAXNBVV95cUxPNkRkcTREYWVkQUtnQ2RLbGtoQlhkNzFfbjE2Nk9DV291LVpCNHppbXdGdGhQMDVjVnFEUlZXVmtkYVVCUmxHS2tSVFRoTjBrdEtZYWV4YnZPRERsd0VYamx0MUdkMlBvSWlKNlc0Q25HczNB?oc=5&hl=ko&gl=KR&ceid=KR%3Ako,240.5,"ai_infrastructure_security,aidc_datacenter",aidc_general,,no_original_date_found,no_original_date_found_kept,0.0,-148.25,,0.0,,,0.0,,,,issue_representative_attempt,I012,국가 AI 인프라/AIDC/GPU 정책,SKT,경쟁사/해외이슈,경쟁사_해외이슈,경쟁사_해외이슈,경쟁사_해외이슈,경쟁사/해외이슈,,
경쟁사_해외이슈,경쟁사/해외이슈,네이버,"[현장] KT·네이버가 말하는 AIDC의 다음 무대는…""AI 서비스센터·AI 팩토리""",데일리안,데일리안,"Thu, 01 Oct 2026 03:13:00 GMT","Thu, 01 Oct 2026 03:13:00 GMT","[현장] KT·네이버가 말하는 AIDC의 다음 무대는…""AI 서비스센터·AI 팩토리"" 데일리안",Google 뉴스가 전세계 매체로부터 종합한 최신 뉴스,30,meta_description_short,-103.0,meta_description_not_full_body,26.0,False,False,https://news.google.com/rss/articles/CBMi4wFBVV95cUxNdi1MdGNuQlV0OWpSRVFYenp1bEE2M3JmU1J1Rm0tMUhJQm9SZTNnQ1NWMFE0UE9SR25LWkpRYW9pdlhSaXBPS3ZCOUI0SklzdkhMYVlrbC04WEtqRmdldXN6V0NtcmVjSEprV1U3QlVoVDBta3ppOWhwT0E3Um5QTmxxbXpDTUxnT0pHUWJsS1VSOWswREdaWkEycktQYnZQNVhFUDV1b0RoYWxjdklxd3l0TElnNlFmZVN5UFdMQzJkODN3Zmoyb25oZ09keGswT0VNckd4Qk82SEh4YlRtNmRWVQ?oc=5,https://news.google.com/rss/articles/CBMi4wFBVV95cUxNdi1MdGNuQlV0OWpSRVFYenp1bEE2M3JmU1J1Rm0tMUhJQm9SZTNnQ1NWMFE0UE9SR25LWkpRYW9pdlhSaXBPS3ZCOUI0SklzdkhMYVlrbC04WEtqRmdldXN6V0NtcmVjSEprV1U3QlVoVDBta3ppOWhwT0E3Um5QTmxxbXpDTUxnT0pHUWJsS1VSOWswREdaWkEycktQYnZQNVhFUDV1b0RoYWxjdklxd3l0TElnNlFmZVN5UFdMQzJkODN3Zmoyb25oZ09keGswT0VNckd4Qk82SEh4YlRtNmRWVQ?oc=5&hl=ko&gl=KR&ceid=KR%3Ako,240.0,"ai_infrastructure_security,aidc_datacenter",aidc_general,,no_original_date_found,no_original_date_found_kept,0.0,-146.5,,0.0,,,0.0,,,,issue_representative_attempt,I012,국가 AI 인프라/AIDC/GPU 정책,네이버,경쟁사/해외이슈,경쟁사_해외이슈,경쟁사_해외이슈,경쟁사_해외이슈,경쟁사/해외이슈,,
경쟁사_해외이슈,경쟁사/해외이슈,LGU+,"LGU+, 옵트에이아이와 AI ‘토큰 최적화’ 맞손… 서버 GPU 처리량 최대 4배 확대",블록체인투데이,블록체인투데이,"Fri, 02 Oct 2026 01:39:08 GMT","Fri, 02 Oct 2026 01:39:08 GMT","LGU+, 옵트에이아이와 AI ‘토큰 최적화’ 맞손… 서버 GPU 처리량 최대 4배 확대 블록체인투데이",Google 뉴스가 전세계 매체로부터 종합한 최신 뉴스,30,meta_description_short,-103.0,meta_description_not_full_body,23.5,False,False,https://news.google.com/rss/articles/CBMicEFVX3lxTE1GNXRDdjNSRTFZcGFhdm9mSnVBYlh1OGxQa0YtNF9GRjlKbWdvaEpCRUwtaDhHMFdyNWxiZXBYV0tYR243VVJtZWNPd0U1MVVGMFZGMTdvZWRZc3ZlNWQyaUxFeUlNd0dmVHBjME9aZ3c?oc=5,https://news.google.com/rss/articles/CBMicEFVX3lxTE1GNXRDdjNSRTFZcGFhdm9mSnVBYlh1OGxQa0YtNF9GRjlKbWdvaEpCRUwtaDhHMFdyNWxiZXBYV0tYR243VVJtZWNPd0U1MVVGMFZGMTdvZWRZc3ZlNWQyaUxFeUlNd0dmVHBjME9aZ3c?oc=5&hl=ko&gl=KR&ceid=KR%3Ako,222.0,"ai_infrastructure_security,aidc_datacenter",aidc_gpu_npu,,no_original_date_found,no_original_date_found_kept,0.0,-148.25,,0.0,,,0.0,,,,issue_representative_attempt,I012,국가 AI 인프라/AIDC/GPU 정책,LGU+,경쟁사/해외이슈,경쟁사_해외이슈,경쟁사_해외이슈,경쟁사_해외이슈,경쟁사/해외이슈,,
경쟁사_해외이슈,경쟁사/해외이슈,LGU+,"LG유플러스, AI 토큰 최적화 나선다…GPU 효율 4배 높여",디지털투데이,디지털투데이,"Fri, 02 Oct 2026 00:00:00 GMT","Fri, 02 Oct 2026 00:00:00 GMT","LG유플러스, AI 토큰 최적화 나선다…GPU 효율 4배 높여 디지털투데이",Google 뉴스가 전세계 매체로부터 종합한 최신 뉴스,30,meta_description_short,-103.0,meta_description_not_full_body,23.5,False,False,https://news.google.com/rss/articles/CBMic0FVX3lxTFBGMXp6ZS1DNWlHMm9JcnpPOGgzWWlITHdSMXlHUFZKcHdNVmZsT3VQSUlfXzRqX1JhSVlrQ1U3bURIS0NnNnBUQnJ6N0hPOGpxbnRrU0tDbmk0RWViOUxxbzFvaHJyOEJJYUtlOFFQdnNNTXM?oc=5,https://news.google.com/rss/articles/CBMic0FVX3lxTFBGMXp6ZS1DNWlHMm9JcnpPOGgzWWlITHdSMXlHUFZKcHdNVmZsT3VQSUlfXzRqX1JhSVlrQ1U3bURIS0NnNnBUQnJ6N0hPOGpxbnRrU0tDbmk0RWViOUxxbzFvaHJyOEJJYUtlOFFQdnNNTXM?oc=5&hl=ko&gl=KR&ceid=KR%3Ako,212.0,"ai_infrastructure_security,aidc_datacenter",aidc_gpu_npu,,no_original_date_found,no_original_date_found_kept,0.0,-148.25,,0.0,,,0.0,,,,issue_representative_attempt,I012,국가 AI 인프라/AIDC/GPU 정책,LGU+,경쟁사/해외이슈,경쟁사_해외이슈,경쟁사_해외이슈,경쟁사_해외이슈,경쟁사/해외이슈,,
경쟁사_해외이슈,경쟁사/해외이슈,네이버,GPU 센터서 ‘지능 공장’으로…네이버 “아태 AI 팩토리 박차”,edaily.co.kr,이데일리,"Thu, 01 Oct 2026 23:55:02 GMT","Thu, 01 Oct 2026 23:55:02 GMT",GPU 센터서 ‘지능 공장’으로…네이버 “아태 AI 팩토리 박차” edaily.co.kr,Google 뉴스가 전세계 매체로부터 종합한 최신 뉴스,30,meta_description_short,-103.0,meta_description_not_full_body,26.0,False,False,https://news.google.com/rss/articles/CBMigAFBVV95cUxOYnVCUnFHSGFKdnhVU1NxLUU4SURhME9Rc2NfTzlSdzZSalNoOEdYWnhmZ2JQdHhURkVnd21WYlBJRE9iSTJDajd5WUFfX3FtZ2RrMXN2M3oyQ1NPOTFLZ2pmNk5xcVF1V0plcDV4OW5TY0JNUExwX0tpRDVRX2sxaA?oc=5,https://news.google.com/rss/articles/CBMigAFBVV95cUxOYnVCUnFHSGFKdnhVU1NxLUU4SURhME9Rc2NfTzlSdzZSalNoOEdYWnhmZ2JQdHhURkVnd21WYlBJRE9iSTJDajd5WUFfX3FtZ2RrMXN2M3oyQ1NPOTFLZ2pmNk5xcVF1V0plcDV4OW5TY0JNUExwX0tpRDVRX2sxaA?oc=5&hl=ko&gl=KR&ceid=KR%3Ako,247.5,"ai_infrastructure_security,aidc_datacenter",aidc_gpu_npu,,no_original_date_found,no_original_date_found_kept,0.0,-134.5,,0.0,,,0.0,,,,issue_representative_attempt,I012,국가 AI 인프라/AIDC/GPU 정책,네이버,경쟁사/해외이슈,경쟁사_해외이슈,경쟁사_해외이슈,경쟁사_해외이슈,경쟁사/해외이슈,,
경쟁사_해외이슈,경쟁사/해외이슈,네이버,"네이버, 3분기 비용 증가에 컨센서스 하회 전망 속 AI 데이터센터 주목",ksdaily.co.kr,ksdaily.co.kr,"Fri, 02 Oct 2026 00:03:10 GMT","Fri, 02 Oct 2026 00:03:10 GMT","네이버, 3분기 비용 증가에 컨센서스 하회 전망 속 AI 데이터센터 주목 ksdaily.co.kr",Google 뉴스가 전세계 매체로부터 종합한 최신 뉴스,30,meta_description_short,-103.0,meta_description_not_full_body,26.0,False,False,https://news.google.com/rss/articles/CBMia0FVX3lxTFBhWUVVc2FQSkZ4NWNQV1EtbEdNbnRkRkVIQUt1cnR0THhvUkVfRU1RTF9ERXF4ZTlZVDk3UWsxS1NSOVhMVEZYRnMzZ1Y3VzJ5ZzFuTm1mWU1IQlg1U3M2WkFDbWljeGJGeHc0?oc=5,https://news.google.com/rss/articles/CBMia0FVX3lxTFBhWUVVc2FQSkZ4NWNQV1EtbEdNbnRkRkVIQUt1cnR0THhvUkVfRU1RTF9ERXF4ZTlZVDk3UWsxS1NSOVhMVEZYRnMzZ1Y3VzJ5ZzFuTm1mWU1IQlg1U3M2WkFDbWljeGJGeHc0?oc=5&hl=ko&gl=KR&ceid=KR%3Ako,244.5,"ai_infrastructure_security,aidc_datacenter",aidc_general,,no_original_date_found,no_original_date_found_kept,0.0,-149.5,,0.0,,,-18.0,,,,issue_representative_attempt,I012,국가 AI 인프라/AIDC/GPU 정책,네이버,경쟁사/해외이슈,경쟁사_해외이슈,경쟁사_해외이슈,경쟁사_해외이슈,경쟁사/해외이슈,,
경쟁사_해외이슈,경쟁사/해외이슈,LGU+,"[Telecom & Now] LGU+ ""AI 토큰 최적화 기술 확보…GPU 효율 최대 4배 높인다""",ebn.co.kr,ebn.co.kr,"Fri, 02 Oct 2026 00:06:52 GMT","Fri, 02 Oct 2026 00:06:52 GMT","[Telecom & Now] LGU+ ""AI 토큰 최적화 기술 확보…GPU 효율 최대 4배 높인다"" ebn.co.kr",Google 뉴스가 전세계 매체로부터 종합한 최신 뉴스,30,meta_description_short,-103.0,meta_description_not_full_body,23.5,False,False,https://news.google.com/rss/articles/CBMiaEFVX3lxTE9pQUFSeXpTVGl0MUFUaVU0OTlmRkpBeVZDTHVuRk5FcjNDYVNYV2hMdUNjRXJiQXczcGMxcEcyX01BQTRRMG5WdjhDMUhsRE1ZT3BEZ0VVQ2JnZVlBa2tuS0tzUTJWN08x?oc=5,https://news.google.com/rss/articles/CBMiaEFVX3lxTE9pQUFSeXpTVGl0MUFUaVU0OTlmRkpBeVZDTHVuRk5FcjNDYVNYV2hMdUNjRXJiQXczcGMxcEcyX01BQTRRMG5WdjhDMUhsRE1ZT3BEZ0VVQ2JnZVlBa2tuS0tzUTJWN08x?oc=5&hl=ko&gl=KR&ceid=KR%3Ako,210.0,"ai_infrastructure_security,aidc_datacenter",aidc_gpu_npu,,no_original_date_found,no_original_date_found_kept,0.0,-151.25,,0.0,,,0.0,,,,issue_representative_attempt,I012,국가 AI 인프라/AIDC/GPU 정책,LGU+,경쟁사/해외이슈,경쟁사_해외이슈,경쟁사_해외이슈,경쟁사_해외이슈,경쟁사/해외이슈,,
경쟁사_해외이슈,경쟁사/해외이슈,구글,[반도체포커스] 엔비디아 ‘GPU 10년’ 논쟁에 서브프라임 그림자…구글 TPU 추격도 부담,이코노미트리뷴,이코노미트리뷴,"Fri, 02 Oct 2026 01:57:43 GMT","Fri, 02 Oct 2026 01:57:43 GMT",[반도체포커스] 엔비디아 ‘GPU 10년’ 논쟁에 서브프라임 그림자…구글 TPU 추격도 부담 이코노미트리뷴,Google 뉴스가 전세계 매체로부터 종합한 최신 뉴스,30,meta_description_short,-103.0,meta_description_not_full_body,23.5,False,False,https://news.google.com/rss/articles/CBMid0FVX3lxTE1tTy13OF9jZjRXM09jc1I4bnE3dFc3RE5aTVlaQV9zLXNIXzNPU1M4ZUZfX1NpNUd6TTg3ZkhnbjNqa0hqMkVkUlV4ZE9aVWgyd2FXay1fZlFSb0Vha3BtZjV6NkZTSlNHNkY2dkZaNWpMT2ZONHBJ?oc=5,https://news.google.com/rss/articles/CBMid0FVX3lxTE1tTy13OF9jZjRXM09jc1I4bnE3dFc3RE5aTVlaQV9zLXNIXzNPU1M4ZUZfX1NpNUd6TTg3ZkhnbjNqa0hqMkVkUlV4ZE9aVWgyd2FXay1fZlFSb0Vha3BtZjV6NkZTSlNHNkY2dkZaNWpMT2ZONHBJ?oc=5&hl=ko&gl=KR&ceid=KR%3Ako,221.5,"ai_infrastructure_security,aidc_datacenter",aidc_gpu_npu,,no_original_date_found,no_original_date_found_kept,0.0,-148.25,,0.0,,,0.0,,,,issue_representative_attempt,I012,국가 AI 인프라/AIDC/GPU 정책,구글,경쟁사/해외이슈,경쟁사_해외이슈,경쟁사_해외이슈,경쟁사_해외이슈,경쟁사/해외이슈,,
경쟁사_해외이슈,경쟁사/해외이슈,카카오,"SK텔레콤·카카오·KT 10월 '모두의 AI' 공개, 국민에게 무료 AI 서비스 추진",비즈니스포스트,비즈니스포스트,"Thu, 01 Oct 2026 01:23:32 GMT","Thu, 01 Oct 2026 01:23:32 GMT","SK텔레콤·카카오·KT 10월 '모두의 AI' 공개, 국민에게 무료 AI 서비스 추진 비즈니스포스트",Google 뉴스가 전세계 매체로부터 종합한 최신 뉴스,30,meta_description_short,-103.0,meta_description_not_full_body,16.0,False,False,https://news.google.com/rss/articles/CBMic0FVX3lxTFA4SnpENE9mUEdnN0JfR1IyNEVMYUNPMm1XVGJJZ09GZ3ROSEVBU0Fmbl96eUlTcld4cUxfV2lfV1VqS2NSd191RVItTmk2a3o3a0MtcXJZOHJXYnp3S1YySkpyNHcyQVJQa1p3S3hDWktrVmc?oc=5,https://news.google.com/rss/articles/CBMic0FVX3lxTFA4SnpENE9mUEdnN0JfR1IyNEVMYUNPMm1XVGJJZ09GZ3ROSEVBU0Fmbl96eUlTcld4cUxfV2lfV1VqS2NSd191RVItTmk2a3o3a0MtcXJZOHJXYnp3S1YySkpyNHcyQVJQa1p3S3hDWktrVmc?oc=5&hl=ko&gl=KR&ceid=KR%3Ako,206.3,ai_infrastructure_security,ai_infrastructure_security,,no_original_date_found,no_original_date_found_kept,0.0,-153.5,,0.0,,,0.0,,,,issue_representative_attempt,I012,국가 AI 인프라/AIDC/GPU 정책,카카오,자사 및 계열사 이슈,자사_및_계열사_이슈,자사_및_계열사_이슈,경쟁사_해외이슈,경쟁사/해외이슈,,
경쟁사_해외이슈,경쟁사/해외이슈,인공지능 산업 동향,"LS일렉트릭, 美 AI 데이터센터에 초고압 변압기 공급…“2030년까지 9개 변전소에 납품”",한국면세뉴스,,"Thu, 01 Oct 2026 02:36:44 GMT",,"LS일렉트릭, 美 AI 데이터센터에 초고압 변압기 공급…“2030년까지 9개 변전소에 납품” 한국면세뉴스",,0,v24_pre_body_guardrail,-100.0,never_allow_title_only_low_value_or_caption,,False,,https://news.google.com/rss/articles/CBMiaEFVX3lxTFBtU3M0VUtRbllhbTRGWTJ4SnVsSXhEelZKbE1pM3NyYXpKSDhVMk0zdk5LUWxEWmxsbFR5dEhNa1lPMldVUnl5WmRjNnY2ZjRkbm9tSXJSS0Jvc2R4NTFrZ0xqSnNoN1Zr?oc=5,https://news.google.com/rss/articles/CBMiaEFVX3lxTFBtU3M0VUtRbllhbTRGWTJ4SnVsSXhEelZKbE1pM3NyYXpKSDhVMk0zdk5LUWxEWmxsbFR5dEhNa1lPMldVUnl5WmRjNnY2ZjRkbm9tSXJSS0Jvc2R4NTFrZ0xqSnNoN1Zr?oc=5,,,,,,,,,,,,,,,,,issue_representative_attempt,I012,국가 AI 인프라/AIDC/GPU 정책,인공지능 산업 동향,산업동향,산업동향,경쟁사_해외이슈,경쟁사_해외이슈,경쟁사/해외이슈,최종금지_대체필요,fail:never_allow_title_only
경쟁사_해외이슈,경쟁사/해외이슈,카카오,'모두의 AI' 10월 시범 운영…SKT·KT·카카오 서비스 차별화,폴리뉴스 Polinews,폴리뉴스 Polinews,"Fri, 02 Oct 2026 02:56:18 GMT","Fri, 02 Oct 2026 02:56:18 GMT",'모두의 AI' 10월 시범 운영…SKT·KT·카카오 서비스 차별화 폴리뉴스 Polinews,Google 뉴스가 전세계 매체로부터 종합한 최신 뉴스,30,meta_description_short,-103.0,meta_description_not_full_body,16.0,False,False,https://news.google.com/rss/articles/CBMibkFVX3lxTFB6QzJMcFdTb2V4eG8wWU1fbGxHNkZCMDFFT2ZleENxQklBOUwyVndkOEtKMUF6RDBOX3M3OTZMeHlkbnhPSjliaUdJQlJFV3NxSG04VHBZY2t4b214VDA2OVBBODlXZ1Awd2FaVFJ3?oc=5,https://news.google.com/rss/articles/CBMibkFVX3lxTFB6QzJMcFdTb2V4eG8wWU1fbGxHNkZCMDFFT2ZleENxQklBOUwyVndkOEtKMUF6RDBOX3M3OTZMeHlkbnhPSjliaUdJQlJFV3NxSG04VHBZY2t4b214VDA2OVBBODlXZ1Awd2FaVFJ3?oc=5&hl=ko&gl=KR&ceid=KR%3Ako,77.3,ai_infrastructure_security,ai_infrastructure_security,,no_original_date_found,no_original_date_found_kept,0.0,-153.5,,0.0,,,0.0,,,,issue_representative_attempt,I012,국가 AI 인프라/AIDC/GPU 정책,카카오,자사 및 계열사 이슈,자사_및_계열사_이슈,자사_및_계열사_이슈,경쟁사_해외이슈,경쟁사/해외이슈,,
경쟁사_해외이슈,경쟁사/해외이슈,네이버,하반기 비용 부담 커지는 네이버…'AI 데이터센터' 반전 열쇠[애널리스트의 시각],v.daum.net,v.daum.net,"Thu, 01 Oct 2026 23:41:05 GMT","Thu, 01 Oct 2026 23:41:05 GMT",하반기 비용 부담 커지는 네이버…'AI 데이터센터' 반전 열쇠[애널리스트의 시각] v.daum.net,Google 뉴스가 전세계 매체로부터 종합한 최신 뉴스,30,meta_description_short,-103.0,meta_description_not_full_body,26.0,False,False,https://news.google.com/rss/articles/CBMiRkFVX3lxTE93aXhJeWVYR0tCeHM3eWxoeFcwX1lBM2VwWGdMOVpLQWNjbUMxTEdVQ0hjQmVhWUFxaEZTVTBwMWZ2Smw0dlE?oc=5,https://news.google.com/rss/articles/CBMiRkFVX3lxTE93aXhJeWVYR0tCeHM3eWxoeFcwX1lBM2VwWGdMOVpLQWNjbUMxTEdVQ0hjQmVhWUFxaEZTVTBwMWZ2Smw0dlE?oc=5&hl=ko&gl=KR&ceid=KR%3Ako,249.5,"ai_infrastructure_security,aidc_datacenter",aidc_general,,no_original_date_found,no_original_date_found_kept,0.0,-146.5,,0.0,,,0.0,,,,issue_representative_attempt,I012,국가 AI 인프라/AIDC/GPU 정책,네이버,경쟁사/해외이슈,경쟁사_해외이슈,경쟁사_해외이슈,경쟁사_해외이슈,경쟁사/해외이슈,,
경쟁사_해외이슈,경쟁사/해외이슈,LGU+,"LGU+, 옵트에이아이와 토큰 최적화…""GPU 효율 4배""",v.daum.net,v.daum.net,"Fri, 02 Oct 2026 01:00:00 GMT","Fri, 02 Oct 2026 01:00:00 GMT","LGU+, 옵트에이아이와 토큰 최적화…""GPU 효율 4배"" v.daum.net",Google 뉴스가 전세계 매체로부터 종합한 최신 뉴스,30,meta_description_short,-103.0,meta_description_not_full_body,23.5,False,False,https://news.google.com/rss/articles/CBMiT0FVX3lxTE1uMndxdGpoUl83M0hBazNMVXFXbV9WN1pxd0RfZTBsZ1poeFd0c1E5NFgzU2xBbEszNWNLMUZMWEZILWd2NUJlZU12eklZQms?oc=5,https://news.google.com/rss/articles/CBMiT0FVX3lxTE1uMndxdGpoUl83M0hBazNMVXFXbV9WN1pxd0RfZTBsZ1poeFd0c1E5NFgzU2xBbEszNWNLMUZMWEZILWd2NUJlZU12eklZQms?oc=5&hl=ko&gl=KR&ceid=KR%3Ako,212.0,"ai_infrastructure_security,aidc_datacenter",aidc_gpu_npu,,no_original_date_found,no_original_date_found_kept,0.0,-148.25,,0.0,,,0.0,,,,issue_representative_attempt,I012,국가 AI 인프라/AIDC/GPU 정책,LGU+,경쟁사/해외이슈,경쟁사_해외이슈,경쟁사_해외이슈,경쟁사_해외이슈,경쟁사/해외이슈,,
경쟁사_해외이슈,경쟁사/해외이슈,LGU+,LGU+. 옵트AI와 '토큰 최적화' 맞손…GPU 처리량 4배 확대,v.daum.net,v.daum.net,"Fri, 02 Oct 2026 00:02:03 GMT","Fri, 02 Oct 2026 00:02:03 GMT",LGU+. 옵트AI와 '토큰 최적화' 맞손…GPU 처리량 4배 확대 v.daum.net,Google 뉴스가 전세계 매체로부터 종합한 최신 뉴스,30,meta_description_short,-103.0,meta_description_not_full_body,23.5,False,False,https://news.google.com/rss/articles/CBMiRkFVX3lxTFBHai1zXzl4bzRfaWthX21qdXBrYTV4V1h3MFR0djA1amVOcTZ4cGczcEpweDhkdEJqWXE0VHZZT2lKZ1hJb2c?oc=5,https://news.google.com/rss/articles/CBMiRkFVX3lxTFBHai1zXzl4bzRfaWthX21qdXBrYTV4V1h3MFR0djA1amVOcTZ4cGczcEpweDhkdEJqWXE0VHZZT2lKZ1hJb2c?oc=5&hl=ko&gl=KR&ceid=KR%3Ako,212.0,"ai_infrastructure_security,aidc_datacenter",aidc_gpu_npu,,no_original_date_found,no_original_date_found_kept,0.0,-148.25,,0.0,,,0.0,,,,issue_representative_attempt,I012,국가 AI 인프라/AIDC/GPU 정책,LGU+,경쟁사/해외이슈,경쟁사_해외이슈,경쟁사_해외이슈,경쟁사_해외이슈,경쟁사/해외이슈,,
경쟁사_해외이슈,경쟁사/해외이슈,LGU+,"LGU+, AI '토큰 다이어트' 나선다…GPU 효율 최대 4배 높여",v.daum.net,v.daum.net,"Fri, 02 Oct 2026 00:02:01 GMT","Fri, 02 Oct 2026 00:02:01 GMT","LGU+, AI '토큰 다이어트' 나선다…GPU 효율 최대 4배 높여 v.daum.net",Google 뉴스가 전세계 매체로부터 종합한 최신 뉴스,30,meta_description_short,-103.0,meta_description_not_full_body,23.5,False,False,https://news.google.com/rss/articles/CBMiT0FVX3lxTE1vTHFvelR3b2pWYmNmSU9oVHZ2QlJFR3NBOGc1bWF1d3FPWFVhTlpGbU12emk5MkRLLXA1WDBJMmExd3k4eVlSTFJDbHVmeGM?oc=5,https://news.google.com/rss/articles/CBMiT0FVX3lxTE1vTHFvelR3b2pWYmNmSU9oVHZ2QlJFR3NBOGc1bWF1d3FPWFVhTlpGbU12emk5MkRLLXA1WDBJMmExd3k4eVlSTFJDbHVmeGM?oc=5&hl=ko&gl=KR&ceid=KR%3Ako,212.0,"ai_infrastructure_security,aidc_datacenter",aidc_gpu_npu,,no_original_date_found,no_original_date_found_kept,0.0,-148.25,,0.0,,,0.0,,,,issue_representative_attempt,I012,국가 AI 인프라/AIDC/GPU 정책,LGU+,경쟁사/해외이슈,경쟁사_해외이슈,경쟁사_해외이슈,경쟁사_해외이슈,경쟁사/해외이슈,,
경쟁사_해외이슈,경쟁사/해외이슈,LGU+,"LGU+·옵트에이아이, AI 토큰 최적화 나선다…“GPU 처리량 최대 4배↑”",v.daum.net,v.daum.net,"Fri, 02 Oct 2026 00:01:44 GMT","Fri, 02 Oct 2026 00:01:44 GMT","LGU+·옵트에이아이, AI 토큰 최적화 나선다…“GPU 처리량 최대 4배↑” v.daum.net",Google 뉴스가 전세계 매체로부터 종합한 최신 뉴스,30,meta_description_short,-103.0,meta_description_not_full_body,23.5,False,False,https://news.google.com/rss/articles/CBMiVEFVX3lxTE5taWhvZUdLb0tzREZqUW84Vm9RbldxOEMyNXZGTmwtbTdjTkNjSHY4dktQajNOYlZFQVhubE9rRnM2bHlHZ2I5SmhaSnJfWkFicS1ycA?oc=5,https://news.google.com/rss/articles/CBMiVEFVX3lxTE5taWhvZUdLb0tzREZqUW84Vm9RbldxOEMyNXZGTmwtbTdjTkNjSHY4dktQajNOYlZFQVhubE9rRnM2bHlHZ2I5SmhaSnJfWkFicS1ycA?oc=5&hl=ko&gl=KR&ceid=KR%3Ako,212.0,"ai_infrastructure_security,aidc_datacenter",aidc_gpu_npu,,no_original_date_found,no_original_date_found_kept,0.0,-148.25,,0.0,,,0.0,,,,issue_representative_attempt,I012,국가 AI 인프라/AIDC/GPU 정책,LGU+,경쟁사/해외이슈,경쟁사_해외이슈,경쟁사_해외이슈,경쟁사_해외이슈,경쟁사/해외이슈,,
경쟁사_해외이슈,경쟁사/해외이슈,구글,"구글, AI 데이터센터 우주로 띄웠다…TPU 위성 첫 발사",싱글리스트,싱글리스트,"Thu, 01 Oct 2026 22:10:53 GMT","Thu, 01 Oct 2026 22:10:53 GMT","구글, AI 데이터센터 우주로 띄웠다…TPU 위성 첫 발사 싱글리스트",Google 뉴스가 전세계 매체로부터 종합한 최신 뉴스,30,meta_description_short,-103.0,meta_description_not_full_body,23.5,False,False,https://news.google.com/rss/articles/CBMiZkFVX3lxTE9GZXpnM2MxMHNYSmJPUmJNQ1dPT0hXUEV0dGZjVjhaNHVRd3g2RXJyTlFLVG92V2w2VlRWZGZOYy1DYXFJNkU2QmF0c0FjYlBPVGhyNlFmSk9PUUN3b1Q0bEdqQ19qUQ?oc=5,https://news.google.com/rss/articles/CBMiZkFVX3lxTE9GZXpnM2MxMHNYSmJPUmJNQ1dPT0hXUEV0dGZjVjhaNHVRd3g2RXJyTlFLVG92V2w2VlRWZGZOYy1DYXFJNkU2QmF0c0FjYlBPVGhyNlFmSk9PUUN3b1Q0bEdqQ19qUQ?oc=5&hl=ko&gl=KR&ceid=KR%3Ako,221.5,"ai_infrastructure_security,aidc_datacenter",aidc_general,,no_original_date_found,no_original_date_found_kept,0.0,-148.25,,0.0,,,0.0,,,,issue_representative_attempt,I012,국가 AI 인프라/AIDC/GPU 정책,구글,경쟁사/해외이슈,경쟁사_해외이슈,경쟁사_해외이슈,경쟁사_해외이슈,경쟁사/해외이슈,,
경쟁사_해외이슈,경쟁사/해외이슈,메타,"메타, AI 데이터센터엔 가스발전…‘100% 청정전력’은 환경속성으로 매칭",임팩트온,임팩트온,"Fri, 02 Oct 2026 01:58:26 GMT","Fri, 02 Oct 2026 01:58:26 GMT","메타, AI 데이터센터엔 가스발전…‘100% 청정전력’은 환경속성으로 매칭 임팩트온",Google 뉴스가 전세계 매체로부터 종합한 최신 뉴스,30,meta_description_short,-103.0,meta_description_not_full_body,23.5,False,False,https://news.google.com/rss/articles/CBMiakFVX3lxTE1QemhWb1ZiTEp0NnppZTV6ckdVR1V3c3Nja1R2ckNmRDBST21yNzByTmJ4cFB5dmt3ZjhQVkx4UEpnMEpCejdZV2xYNDlTSkYybnBzNldrZHp6cm5CVFJ5V05MNG9jZUJMaGc?oc=5,https://news.google.com/rss/articles/CBMiakFVX3lxTE1QemhWb1ZiTEp0NnppZTV6ckdVR1V3c3Nja1R2ckNmRDBST21yNzByTmJ4cFB5dmt3ZjhQVkx4UEpnMEpCejdZV2xYNDlTSkYybnBzNldrZHp6cm5CVFJ5V05MNG9jZUJMaGc?oc=5&hl=ko&gl=KR&ceid=KR%3Ako,219.0,"ai_infrastructure_security,aidc_datacenter",aidc_law_power,,no_original_date_found,no_original_date_found_kept,0.0,-148.25,,0.0,,,0.0,,,,issue_representative_attempt,I012,국가 AI 인프라/AIDC/GPU 정책,메타,경쟁사/해외이슈,경쟁사_해외이슈,경쟁사_해외이슈,경쟁사_해외이슈,경쟁사/해외이슈,,
경쟁사_해외이슈,경쟁사/해외이슈,메타,"메타, AI 데이터센터 '실험 시설' 지정...수십억달러 세액공제 논란",aitimes.com,aitimes.com,"Thu, 01 Oct 2026 06:53:35 GMT","Thu, 01 Oct 2026 06:53:35 GMT","메타, AI 데이터센터 '실험 시설' 지정...수십억달러 세액공제 논란 aitimes.com",Google 뉴스가 전세계 매체로부터 종합한 최신 뉴스,30,meta_description_short,-103.0,meta_description_not_full_body,23.5,False,False,https://news.google.com/rss/articles/CBMiakFVX3lxTE1OUzhFOGpDVGJrWHFoQnQyeDlSR2FJWTI3aGZiMC1seXN0Y2FjZHVNTVhZWlI0ZVZ2bmFDWC0zRFJIUWIwNEVfZkY3Q01Kc1JyQWM1TklwbURDSW1pbmhnX0xkYjVlLTRTd3c?oc=5,https://news.google.com/rss/articles/CBMiakFVX3lxTE1OUzhFOGpDVGJrWHFoQnQyeDlSR2FJWTI3aGZiMC1seXN0Y2FjZHVNTVhZWlI0ZVZ2bmFDWC0zRFJIUWIwNEVfZkY3Q01Kc1JyQWM1TklwbURDSW1pbmhnX0xkYjVlLTRTd3c?oc=5&hl=ko&gl=KR&ceid=KR%3Ako,210.5,"ai_infrastructure_security,aidc_datacenter",aidc_general,,no_original_date_found,no_original_date_found_kept,0.0,-151.25,,0.0,,,0.0,,,,issue_representative_attempt,I012,국가 AI 인프라/AIDC/GPU 정책,메타,경쟁사/해외이슈,경쟁사_해외이슈,경쟁사_해외이슈,경쟁사_해외이슈,경쟁사/해외이슈,,
경쟁사_해외이슈,경쟁사/해외이슈,네이버,"하나證 ""네이버, 클라우드·금융 합병 모멘텀 임박...주가 반등은 신사업이 주도""",이투데이,이투데이,"Thu, 01 Oct 2026 22:34:00 GMT","Thu, 01 Oct 2026 22:34:00 GMT","하나證 ""네이버, 클라우드·금융 합병 모멘텀 임박...주가 반등은 신사업이 주도"" 이투데이",Google 뉴스가 전세계 매체로부터 종합한 최신 뉴스,30,meta_description_short,-103.0,meta_description_not_full_body,41.0,False,False,https://news.google.com/rss/articles/CBMiVEFVX3lxTE10TFFKYlA2VVNhNGN0QllIU3NxWG1QUlFzdnZqVlB6djhWUl9qY1ZXZjdPdjg5dm82bnFyVVppSnV2YmU4bDdwVElVeFN4c3NiQm5Ydw?oc=5,https://news.google.com/rss/articles/CBMiVEFVX3lxTE10TFFKYlA2VVNhNGN0QllIU3NxWG1QUlFzdnZqVlB6djhWUl9qY1ZXZjdPdjg5dm82bnFyVVppSnV2YmU4bDdwVElVeFN4c3NiQm5Ydw?oc=5&hl=ko&gl=KR&ceid=KR%3Ako,229.5,"financial_performance,strategy_mna_governance",financial_performance,,no_original_date_found,no_original_date_found_kept,0.0,-136.0,,0.0,global_incident:mna_capital:naver:mna_capital:general,global_incident:mna_capital:naver:mna_capital,0.0,,,,issue_representative_attempt,I015,global_incident:mna_capital:naver:mna_capital,네이버,경쟁사/해외이슈,경쟁사_해외이슈,경쟁사_해외이슈,경쟁사_해외이슈,경쟁사/해외이슈,,
정부_국회,정부/국회,인공지능 산업 동향,데이터센터 배터리 시장 규모 및 전망 보고서 2026~2035년,Global Market Insights Inc.,Global Market Insights Inc.,"Thu, 01 Oct 2026 09:05:17 GMT","Thu, 01 Oct 2026 09:05:17 GMT",데이터센터 배터리 시장 규모 및 전망 보고서 2026~2035년 Global Market Insights Inc.,Google 뉴스가 전세계 매체로부터 종합한 최신 뉴스,30,meta_description_short,-103.0,meta_description_not_full_body,-35.5,False,False,https://news.google.com/rss/articles/CBMif0FVX3lxTE40dEdLMEdlLTV0WGYwLUprWkRXZXpQd0VGRS1uX3F3d1kwdmdvUncyQUpGVG8zZXJJYW05bjRFNkstZ0FBOTZ3dnBNa251cE9XN1hlX2g5OXZKTjlfeHNNdmRLMDZMaGR4VUY5em5vM0F3M3hWRXBjSHVYYWYxNGM?oc=5,https://news.google.com/rss/articles/CBMif0FVX3lxTE40dEdLMEdlLTV0WGYwLUprWkRXZXpQd0VGRS1uX3F3d1kwdmdvUncyQUpGVG8zZXJJYW05bjRFNkstZ0FBOTZ3dnBNa251cE9XN1hlX2g5OXZKTjlfeHNNdmRLMDZMaGR4VUY5em5vM0F3M3hWRXBjSHVYYWYxNGM?oc=5&hl=ko&gl=KR&ceid=KR%3Ako,75.5,ai_infrastructure_security,ai_infrastructure_security,,no_original_date_found,no_original_date_found_kept,0.0,-189.55,,0.0,,,-18.0,,,,issue_representative_attempt,I032,government_ai_core_policy:데이터센터 배터리 시장 규모 및 전망 보고서 2026 2035년,인공지능 산업 동향,산업동향,산업동향,경쟁사_해외이슈,정부_국회,정부/국회,,
경쟁사_해외이슈,경쟁사/해외이슈,구글,"구글, 우주 데이터센터 첫 궤도 실험…TPU 실은 위성 발사 성공",헤럴드경제,헤럴드경제,"Thu, 01 Oct 2026 21:58:34 GMT","Thu, 01 Oct 2026 21:58:34 GMT","구글, 우주 데이터센터 첫 궤도 실험…TPU 실은 위성 발사 성공 헤럴드경제",Google 뉴스가 전세계 매체로부터 종합한 최신 뉴스,30,meta_description_short,-103.0,meta_description_not_full_body,16.5,False,False,https://news.google.com/rss/articles/CBMiVkFVX3lxTE15bTg1Z1lNMzE1YjVpSWFGT29BNzFrSWxXRm5fY1NSZ2lhQ2o0MDlCSkFFcEpmZFBrSmNrbzFSa1QzSGZLYngtRUlCTDZsRk5yVFF3SUdB?oc=5,https://news.google.com/rss/articles/CBMiVkFVX3lxTE15bTg1Z1lNMzE1YjVpSWFGT29BNzFrSWxXRm5fY1NSZ2lhQ2o0MDlCSkFFcEpmZFBrSmNrbzFSa1QzSGZLYngtRUlCTDZsRk5yVFF3SUdB?oc=5&hl=ko&gl=KR&ceid=KR%3Ako,214.5,ai_infrastructure_security,ai_infrastructure_security,,no_original_date_found,no_original_date_found_kept,0.0,-144.15,,0.0,,,0.0,,,,issue_representative_attempt,I038,comp_overseas_regulation_data:구글 우주 데이터센터 첫 궤도 실험 tpu 실은 위성 발사 성공,구글,경쟁사/해외이슈,경쟁사_해외이슈,경쟁사_해외이슈,경쟁사_해외이슈,경쟁사/해외이슈,,
경쟁사_해외이슈,경쟁사/해외이슈,구글,"구글, 우주 데이터센터 첫 궤도 실험…TPU 실은 위성 발사 성공",매일경제 마켓,매일경제 마켓,"Thu, 01 Oct 2026 21:40:58 GMT","Thu, 01 Oct 2026 21:40:58 GMT","구글, 우주 데이터센터 첫 궤도 실험…TPU 실은 위성 발사 성공 매일경제 마켓",Google 뉴스가 전세계 매체로부터 종합한 최신 뉴스,30,meta_description_short,-103.0,meta_description_not_full_body,16.5,False,False,https://news.google.com/rss/articles/CBMiUkFVX3lxTE5lc29mZDRnRzYwc3N6Z2IwQzFSdnhwUlhzcDRLNVpnUXFNUDRuLXNIWE10dEdnb2VOcFlPeHhkZTJPa01KUWE3cnE4TU11N2NfRGc?oc=5,https://news.google.com/rss/articles/CBMiUkFVX3lxTE5lc29mZDRnRzYwc3N6Z2IwQzFSdnhwUlhzcDRLNVpnUXFNUDRuLXNIWE10dEdnb2VOcFlPeHhkZTJPa01KUWE3cnE4TU11N2NfRGc?oc=5&hl=ko&gl=KR&ceid=KR%3Ako,212.5,ai_infrastructure_security,ai_infrastructure_security,,no_original_date_found,no_original_date_found_kept,0.0,-148.65,,0.0,,,0.0,,,,issue_representative_attempt,I038,comp_overseas_regulation_data:구글 우주 데이터센터 첫 궤도 실험 tpu 실은 위성 발사 성공,구글,경쟁사/해외이슈,경쟁사_해외이슈,경쟁사_해외이슈,경쟁사_해외이슈,경쟁사/해외이슈,,
경쟁사_해외이슈,경쟁사/해외이슈,구글,"구글, 우주 데이터센터 첫 궤도 실험…전력난·주민 반발 속 AI 서버 우주로",조선일보,조선일보,"Fri, 02 Oct 2026 00:59:00 GMT","Fri, 02 Oct 2026 00:59:00 GMT","구글, 우주 데이터센터 첫 궤도 실험…전력난·주민 반발 속 AI 서버 우주로 조선일보",Google 뉴스가 전세계 매체로부터 종합한 최신 뉴스,30,meta_description_short,-103.0,meta_description_not_full_body,16.5,False,False,https://news.google.com/rss/articles/CBMigwFBVV95cUxNczVJWjJJTjJxNXJOWlJfbkJoMi1VN2RxRTRHQ1hZbTVPWk5UVWpkOWczQkh2Q3lrQ2tseFlKTVpOS1VoTXBSeWJEdHA1b2stZXY4Vk42OEFNRTUyM1QyRE9tZGlka0tlQzVBNGJ0eVhuaW8xaHVGX2xic1h2aXFjeUhlVQ?oc=5,https://news.google.com/rss/articles/CBMigwFBVV95cUxNczVJWjJJTjJxNXJOWlJfbkJoMi1VN2RxRTRHQ1hZbTVPWk5UVWpkOWczQkh2Q3lrQ2tseFlKTVpOS1VoTXBSeWJEdHA1b2stZXY4Vk42OEFNRTUyM1QyRE9tZGlka0tlQzVBNGJ0eVhuaW8xaHVGX2xic1h2aXFjeUhlVQ?oc=5&hl=ko&gl=KR&ceid=KR%3Ako,217.5,ai_infrastructure_security,ai_infrastructure_security,,no_original_date_found,no_original_date_found_kept,0.0,-142.15,,0.0,,,0.0,,,,issue_representative_attempt,I040,comp_overseas_regulation_data:구글 우주 데이터센터 첫 궤도 실험 전력난 주민 반발 속 ai 서버 우주로,구글,경쟁사/해외이슈,경쟁사_해외이슈,경쟁사_해외이슈,경쟁사_해외이슈,경쟁사/해외이슈,,
경쟁사_해외이슈,경쟁사/해외이슈,구글,"구글, 우주에 AI 칩 쏘아 올렸다…'우주 데이터센터' 궤도 시험 착수",뉴시스,뉴시스,"Fri, 02 Oct 2026 01:30:05 GMT","Fri, 02 Oct 2026 01:30:05 GMT","구글, 우주에 AI 칩 쏘아 올렸다…'우주 데이터센터' 궤도 시험 착수 뉴시스",Google 뉴스가 전세계 매체로부터 종합한 최신 뉴스,30,meta_description_short,-103.0,meta_description_not_full_body,16.5,False,False,https://news.google.com/rss/articles/CBMiYEFVX3lxTE1uc19rdEFaSDZJOG12SjhiRFIyU2hwMkVjU0wtZTFRVUM4MDA5ek81Z01YYS01SUZCVzZWdnNXNVBmYndHMm9sMWd2TUZYTDJWRnoxOEV5S1Btdk1ueURZTNIBeEFVX3lxTE5iZEJVRk1SV29HaUxrdDhzZVhGb25nUXRjMjdsWFBKTGg0cWZJSkNLbkQzNGplM25xVkhCeXh4OTRrTEJCVXh2bHA2Ny16eVNtR09JdUFVZHBJcEZLcnZxY1EydXZZaXBPeG1BeXFrNVMxT1NMSjBsNA?oc=5,https://news.google.com/rss/articles/CBMiYEFVX3lxTE1uc19rdEFaSDZJOG12SjhiRFIyU2hwMkVjU0wtZTFRVUM4MDA5ek81Z01YYS01SUZCVzZWdnNXNVBmYndHMm9sMWd2TUZYTDJWRnoxOEV5S1Btdk1ueURZTNIBeEFVX3lxTE5iZEJVRk1SV29HaUxrdDhzZVhGb25nUXRjMjdsWFBKTGg0cWZJSkNLbkQzNGplM25xVkhCeXh4OTRrTEJCVXh2bHA2Ny16eVNtR09JdUFVZHBJcEZLcnZxY1EydXZZaXBPeG1BeXFrNVMxT1NMSjBsNA?oc=5&hl=ko&gl=KR&ceid=KR%3Ako,215.5,ai_infrastructure_security,ai_infrastructure_security,,no_original_date_found,no_original_date_found_kept,0.0,-139.15,,0.0,,,0.0,,,,issue_representative_attempt,I041,comp_overseas_regulation_data:구글 우주에 ai 칩 쏘아 올렸다 우주 데이터센터 궤도 시험 착수,구글,경쟁사/해외이슈,경쟁사_해외이슈,경쟁사_해외이슈,경쟁사_해외이슈,경쟁사/해외이슈,,
경쟁사_해외이슈,경쟁사/해외이슈,구글,"구글, AI 칩 탑재 위성 궤도 발사…`우주 데이터센터` 첫 시험",디지털데일리,디지털데일리,"Thu, 01 Oct 2026 21:06:00 GMT","Thu, 01 Oct 2026 21:06:00 GMT","구글, AI 칩 탑재 위성 궤도 발사…`우주 데이터센터` 첫 시험 디지털데일리",Google 뉴스가 전세계 매체로부터 종합한 최신 뉴스,30,meta_description_short,-103.0,meta_description_not_full_body,16.5,False,False,https://news.google.com/rss/articles/CBMiZEFVX3lxTE9WX0J5ZDRBZ3h4OTExQkhiWGdodFdFY0ZSS1gweFdfYndIVmI0cl9vdlp2TlZWa01PekFIZk5lWWs2c05kNEFMVFBWYWd3ME0wQzliaEFlaEQxcjJvcEJROU5ocTg?oc=5,https://news.google.com/rss/articles/CBMiZEFVX3lxTE9WX0J5ZDRBZ3h4OTExQkhiWGdodFdFY0ZSS1gweFdfYndIVmI0cl9vdlp2TlZWa01PekFIZk5lWWs2c05kNEFMVFBWYWd3ME0wQzliaEFlaEQxcjJvcEJROU5ocTg?oc=5&hl=ko&gl=KR&ceid=KR%3Ako,213.5,ai_infrastructure_security,ai_infrastructure_security,,no_original_date_found,no_original_date_found_kept,0.0,-141.15,,0.0,,,0.0,,,,issue_representative_attempt,I042,comp_overseas_regulation_data:구글 ai 칩 탑재 위성 궤도 발사 우주 데이터센터 첫 시험,구글,경쟁사/해외이슈,경쟁사_해외이슈,경쟁사_해외이슈,경쟁사_해외이슈,경쟁사/해외이슈,,
경쟁사_해외이슈,경쟁사/해외이슈,구글,궤도로 AI칩 처음 보낸 구글...우주 데이터센터 시험 나섰다,초이스경제,초이스경제,"Thu, 01 Oct 2026 23:45:55 GMT","Thu, 01 Oct 2026 23:45:55 GMT",궤도로 AI칩 처음 보낸 구글...우주 데이터센터 시험 나섰다 초이스경제,Google 뉴스가 전세계 매체로부터 종합한 최신 뉴스,30,meta_description_short,-103.0,meta_description_not_full_body,16.5,False,False,https://news.google.com/rss/articles/CBMicEFVX3lxTFB2N2pjSXNFby13cDNMNEVOb0JCTmtZOEpMNGcybkdaQllVaXBaTEVvM09Id3JhOVprTjdoR1lxR2xCMnhONEQwX2xXaVJxbzFBYkgtcm5hVDhmcGdWVVpKa3lKSjZvZDRjUkpIbUZXX2zSAXNBVV95cUxNdW5wQVlaOUJZNmw4UVFBQ2VmUG5iUTgxVG40WXdJZ3JqSXl5WjUwUU1MZnl5bm5vSmp2WVEwRjlmODFNSWt0NGNBVG9ya2VnS0FOUlFZclU5SlhJWUZDd0NyMG4xWERZaW1CQ1RFajBxeU9R?oc=5,https://news.google.com/rss/articles/CBMicEFVX3lxTFB2N2pjSXNFby13cDNMNEVOb0JCTmtZOEpMNGcybkdaQllVaXBaTEVvM09Id3JhOVprTjdoR1lxR2xCMnhONEQwX2xXaVJxbzFBYkgtcm5hVDhmcGdWVVpKa3lKSjZvZDRjUkpIbUZXX2zSAXNBVV95cUxNdW5wQVlaOUJZNmw4UVFBQ2VmUG5iUTgxVG40WXdJZ3JqSXl5WjUwUU1MZnl5bm5vSmp2WVEwRjlmODFNSWt0NGNBVG9ya2VnS0FOUlFZclU5SlhJWUZDd0NyMG4xWERZaW1CQ1RFajBxeU9R?oc=5&hl=ko&gl=KR&ceid=KR%3Ako,211.5,ai_infrastructure_security,ai_infrastructure_security,,no_original_date_found,no_original_date_found_kept,0.0,-153.15,,0.0,,,0.0,,,,issue_representative_attempt,I043,comp_overseas_regulation_data:궤도로 ai칩 처음 보낸 구글 우주 데이터센터 시험 나섰다,구글,경쟁사/해외이슈,경쟁사_해외이슈,경쟁사_해외이슈,경쟁사_해외이슈,경쟁사/해외이슈,,
경쟁사_해외이슈,경쟁사/해외이슈,구글,구글 TPU 실은 위성 우주로...빅테크 ‘우주 데이터센터’ 경쟁 본격화,M이코노미뉴스,M이코노미뉴스,"Thu, 01 Oct 2026 22:43:28 GMT","Thu, 01 Oct 2026 22:43:28 GMT",구글 TPU 실은 위성 우주로...빅테크 ‘우주 데이터센터’ 경쟁 본격화 M이코노미뉴스,Google 뉴스가 전세계 매체로부터 종합한 최신 뉴스,30,meta_description_short,-103.0,meta_description_not_full_body,16.5,False,False,https://news.google.com/rss/articles/CBMiZ0FVX3lxTE9CdHdncGdaWHY1cFpUVWNOWXd1VUhlSWlSaHRpRVdZN0x5NXN2ME53dHZiMi0wMnpOSmpGODNoOXNKRGlJN1pmdVZFNDRzUVlxMzJoMF93WW8yZjJiX3VRYjFjSmJvWDA?oc=5,https://news.google.com/rss/articles/CBMiZ0FVX3lxTE9CdHdncGdaWHY1cFpUVWNOWXd1VUhlSWlSaHRpRVdZN0x5NXN2ME53dHZiMi0wMnpOSmpGODNoOXNKRGlJN1pmdVZFNDRzUVlxMzJoMF93WW8yZjJiX3VRYjFjSmJvWDA?oc=5&hl=ko&gl=KR&ceid=KR%3Ako,211.5,ai_infrastructure_security,ai_infrastructure_security,,no_original_date_found,no_original_date_found_kept,0.0,-153.15,,0.0,,,0.0,,,,issue_representative_attempt,I044,comp_overseas_regulation_data:구글 tpu 실은 위성 우주로 빅테크 우주 데이터센터 경쟁 본격화,구글,경쟁사/해외이슈,경쟁사_해외이슈,경쟁사_해외이슈,경쟁사_해외이슈,경쟁사/해외이슈,,
경쟁사_해외이슈,경쟁사/해외이슈,구글,"구글, 우주 데이터센터 궤도 실험 착수...첫 위성 발사 성공",YTN,YTN,"Thu, 01 Oct 2026 22:29:00 GMT","Thu, 01 Oct 2026 22:29:00 GMT","구글, 우주 데이터센터 궤도 실험 착수...첫 위성 발사 성공 YTN",Google 뉴스가 전세계 매체로부터 종합한 최신 뉴스,30,meta_description_short,-103.0,meta_description_not_full_body,16.5,False,False,https://news.google.com/rss/articles/CBMidkFVX3lxTE1lT1oxQ2VDNjdIYVpMVVEyQmk1UHZBb3BuclJNT25fMWtjbWxjZUxqS2JtdnJ0SW9WTUdFOXpnQUZJVi13Vi15cUNWUlc0cnc1RlU3MGZPMHpqSFc1Wlk1M1pvSHIyNXBjbGIxeGxMUG40LXROMnc?oc=5,https://news.google.com/rss/articles/CBMidkFVX3lxTE1lT1oxQ2VDNjdIYVpMVVEyQmk1UHZBb3BuclJNT25fMWtjbWxjZUxqS2JtdnJ0SW9WTUdFOXpnQUZJVi13Vi15cUNWUlc0cnc1RlU3MGZPMHpqSFc1Wlk1M1pvSHIyNXBjbGIxeGxMUG40LXROMnc?oc=5&hl=ko&gl=KR&ceid=KR%3Ako,211.5,ai_infrastructure_security,ai_infrastructure_security,,no_original_date_found,no_original_date_found_kept,0.0,-153.15,,0.0,,,0.0,,,,issue_representative_attempt,I045,comp_overseas_regulation_data:구글 우주 데이터센터 궤도 실험 착수 첫 위성 발사 성공,구글,경쟁사/해외이슈,경쟁사_해외이슈,경쟁사_해외이슈,경쟁사_해외이슈,경쟁사/해외이슈,,
경쟁사_해외이슈,경쟁사/해외이슈,구글,"구글·스타트업, 우주 태양광 전력 전송·데이터센터 실험 착수",글로벌이코노믹,글로벌이코노믹,"Thu, 01 Oct 2026 21:57:04 GMT","Thu, 01 Oct 2026 21:57:04 GMT","구글·스타트업, 우주 태양광 전력 전송·데이터센터 실험 착수 글로벌이코노믹",Google 뉴스가 전세계 매체로부터 종합한 최신 뉴스,30,meta_description_short,-103.0,meta_description_not_full_body,16.5,False,False,https://news.google.com/rss/articles/CBMiiAFBVV95cUxPaHhPb2YyZDA2WWhTdW5sYXlXR1hGamZGRlV1SjlhZWdMV21uNzUwVUZya0lXb3JUZFZDYU11YXhXUVZZeFUwWEdHTGVwSm1NT2lVTzB6Xzktd1JyN2NQc3F2ZFNTRTVBRmVlQXJpUnFlak5wWlg2a3Y2aHg0RzJZa0FpLU9wNWYx?oc=5,https://news.google.com/rss/articles/CBMiiAFBVV95cUxPaHhPb2YyZDA2WWhTdW5sYXlXR1hGamZGRlV1SjlhZWdMV21uNzUwVUZya0lXb3JUZFZDYU11YXhXUVZZeFUwWEdHTGVwSm1NT2lVTzB6Xzktd1JyN2NQc3F2ZFNTRTVBRmVlQXJpUnFlak5wWlg2a3Y2aHg0RzJZa0FpLU9wNWYx?oc=5&hl=ko&gl=KR&ceid=KR%3Ako,211.5,ai_infrastructure_security,ai_infrastructure_security,,no_original_date_found,no_original_date_found_kept,0.0,-153.15,,0.0,,,0.0,,,,issue_representative_attempt,I046,comp_overseas_regulation_data:구글 스타트업 우주 태양광 전력 전송 데이터센터 실험 착수,구글,경쟁사/해외이슈,경쟁사_해외이슈,경쟁사_해외이슈,경쟁사_해외이슈,경쟁사/해외이슈,,
경쟁사_해외이슈,경쟁사/해외이슈,구글,"우주의 신비|구글 TPU, 스페이스X 로켓에 실어 발사… ‘우주 데이터센터’ 첫 궤도 실험",ZUM 뉴스,ZUM 뉴스,"Fri, 02 Oct 2026 02:06:49 GMT","Fri, 02 Oct 2026 02:06:49 GMT","우주의 신비|구글 TPU, 스페이스X 로켓에 실어 발사… ‘우주 데이터센터’ 첫 궤도 실험 ZUM 뉴스",Google 뉴스가 전세계 매체로부터 종합한 최신 뉴스,30,meta_description_short,-103.0,meta_description_not_full_body,16.5,False,False,https://news.google.com/rss/articles/CBMigwFBVV95cUxOTlZQUV9sWUVYXzd1TG14V0kydjBnRTM1cmJVNlBVUjc5LVJxMkFZM3VJQTl1QTBaT050d1Q4MDZSaUxpOEgydThTZjVpbDUtTHc4OG1LcG9qWFpxTmpyX3UwTnk1dk9Vc3c5cVFIOHRrbWtwY1pxMlhUTVcxZFAzXzBnbw?oc=5,https://news.google.com/rss/articles/CBMigwFBVV95cUxOTlZQUV9sWUVYXzd1TG14V0kydjBnRTM1cmJVNlBVUjc5LVJxMkFZM3VJQTl1QTBaT050d1Q4MDZSaUxpOEgydThTZjVpbDUtTHc4OG1LcG9qWFpxTmpyX3UwTnk1dk9Vc3c5cVFIOHRrbWtwY1pxMlhUTVcxZFAzXzBnbw?oc=5&hl=ko&gl=KR&ceid=KR%3Ako,211.5,ai_infrastructure_security,ai_infrastructure_security,,no_original_date_found,no_original_date_found_kept,0.0,-153.15,,0.0,,,0.0,,,,issue_representative_attempt,I047,comp_overseas_regulation_data:우주의 신비 구글 tpu 스페이스x 로켓에 실어 발사 우주 데이터센터 첫 궤도 실험,구글,경쟁사/해외이슈,경쟁사_해외이슈,경쟁사_해외이슈,경쟁사_해외이슈,경쟁사/해외이슈,,
경쟁사_해외이슈,경쟁사/해외이슈,구글,"구글 TPU, 스페이스X 로켓에 실어 발사… ‘우주 데이터센터’ 첫 궤도 실험 - 조선비즈",Chosunbiz,Chosunbiz,"Fri, 02 Oct 2026 02:06:00 GMT","Fri, 02 Oct 2026 02:06:00 GMT","구글 TPU, 스페이스X 로켓에 실어 발사… ‘우주 데이터센터’ 첫 궤도 실험 - 조선비즈 Chosunbiz",Google 뉴스가 전세계 매체로부터 종합한 최신 뉴스,30,meta_description_short,-103.0,meta_description_not_full_body,16.5,False,False,https://news.google.com/rss/articles/CBMilgFBVV95cUxQWEZCRmtmZW1VakhFeTlxNUtvQk1MWWNTZVZtNTl1UkZoVGlBSks4dFpBWDZqWHoyUnBRdjREZXh3aE1DdFJ5QlkzZHF3ZWgtR0xTNU42bVhKMW0wT3M4b3BuM2dqeGFIa25hSUlzQXB1WkhWQmpLRlJTNlJMQzJIQ0RoUGFLNVRPTVI0Z0pJNGpHOTREUXfSAZYBQVVfeXFMUFhGQkZrZmVtVWpIRXk5cTVLb0JNTFljU2VWbTU5dVJGaFRpQUpLOHRaQVg2alh6MlJwUXY0RGV4d2hNQ3RSeUJZM2Rxd2VoLUdMUzVONm1YSjFtME9zOG9wbjNnanhhSGtuYUlJc0FwdVpIVkJqS0ZSUzZSTEMySENEaFBhSzVUT01SNGdKSTRqRzk0RFF3?oc=5,https://news.google.com/rss/articles/CBMilgFBVV95cUxQWEZCRmtmZW1VakhFeTlxNUtvQk1MWWNTZVZtNTl1UkZoVGlBSks4dFpBWDZqWHoyUnBRdjREZXh3aE1DdFJ5QlkzZHF3ZWgtR0xTNU42bVhKMW0wT3M4b3BuM2dqeGFIa25hSUlzQXB1WkhWQmpLRlJTNlJMQzJIQ0RoUGFLNVRPTVI0Z0pJNGpHOTREUXfSAZYBQVVfeXFMUFhGQkZrZmVtVWpIRXk5cTVLb0JNTFljU2VWbTU5dVJGaFRpQUpLOHRaQVg2alh6MlJwUXY0RGV4d2hNQ3RSeUJZM2Rxd2VoLUdMUzVONm1YSjFtME9zOG9wbjNnanhhSGtuYUlJc0FwdVpIVkJqS0ZSUzZSTEMySENEaFBhSzVUT01SNGdKSTRqRzk0RFF3?oc=5&hl=ko&gl=KR&ceid=KR%3Ako,211.5,ai_infrastructure_security,ai_infrastructure_security,,no_original_date_found,no_original_date_found_kept,0.0,-153.15,,0.0,,,0.0,,,,issue_representative_attempt,I048,comp_overseas_regulation_data:구글 tpu 스페이스x 로켓에 실어 발사 우주 데이터센터 첫 궤도 실험,구글,경쟁사/해외이슈,경쟁사_해외이슈,경쟁사_해외이슈,경쟁사_해외이슈,경쟁사/해외이슈,,
경쟁사_해외이슈,경쟁사/해외이슈,구글,"구글 TPU 위성 발사…""우주 데이터센터엔 스타십 1,800회 필요""",AI 매터스,AI 매터스,"Fri, 02 Oct 2026 00:41:52 GMT","Fri, 02 Oct 2026 00:41:52 GMT","구글 TPU 위성 발사…""우주 데이터센터엔 스타십 1,800회 필요"" AI 매터스",Google 뉴스가 전세계 매체로부터 종합한 최신 뉴스,30,meta_description_short,-103.0,meta_description_not_full_body,16.5,False,False,https://news.google.com/rss/articles/CBMiVEFVX3lxTE9PbzRVRjJ5ZVFrOGJrekRpUFNhc1VUX3R4ZmNOVUo1OFp4cVR4MEJnRDlWeXNhc0F2Zm8yQXBYY1FWV1NUZGdSZnhxZUthTzRBN081Vw?oc=5,https://news.google.com/rss/articles/CBMiVEFVX3lxTE9PbzRVRjJ5ZVFrOGJrekRpUFNhc1VUX3R4ZmNOVUo1OFp4cVR4MEJnRDlWeXNhc0F2Zm8yQXBYY1FWV1NUZGdSZnhxZUthTzRBN081Vw?oc=5&hl=ko&gl=KR&ceid=KR%3Ako,211.5,ai_infrastructure_security,ai_infrastructure_security,,no_original_date_found,no_original_date_found_kept,0.0,-153.15,,0.0,,,0.0,,,,issue_representative_attempt,I049,comp_overseas_regulation_data:구글 tpu 위성 발사 우주 데이터센터엔 스타십 1 800회 필요,구글,경쟁사/해외이슈,경쟁사_해외이슈,경쟁사_해외이슈,경쟁사_해외이슈,경쟁사/해외이슈,,
경쟁사_해외이슈,경쟁사/해외이슈,구글,"구글 AI칩 TPU, 스페이스X 로켓타고 우주로…우주데이터센터 첫걸음",한국경제,한국경제,"Thu, 01 Oct 2026 14:00:54 GMT","Thu, 01 Oct 2026 14:00:54 GMT","구글 AI칩 TPU, 스페이스X 로켓타고 우주로…우주데이터센터 첫걸음 한국경제",Google 뉴스가 전세계 매체로부터 종합한 최신 뉴스,30,meta_description_short,-103.0,meta_description_not_full_body,16.5,False,False,https://news.google.com/rss/articles/CBMiWkFVX3lxTE1VV1FobFBIVDQwY3J1cHB3VFlOV3ZxaVpOck13VlhlZlRTTWhXUF93UWFNVE9XbmdPbENtazB6NGljNEx0SU9WZ3UzYThUYmQ0LWtHTmZxQWNKQQ?oc=5,https://news.google.com/rss/articles/CBMiWkFVX3lxTE1VV1FobFBIVDQwY3J1cHB3VFlOV3ZxaVpOck13VlhlZlRTTWhXUF93UWFNVE9XbmdPbENtazB6NGljNEx0SU9WZ3UzYThUYmQ0LWtHTmZxQWNKQQ?oc=5&hl=ko&gl=KR&ceid=KR%3Ako,210.0,ai_infrastructure_security,ai_infrastructure_security,,no_original_date_found,no_original_date_found_kept,0.0,-142.15,,0.0,,,0.0,,,,issue_representative_attempt,I050,comp_overseas_regulation_data:구글 ai칩 tpu 스페이스x 로켓타고 우주로 우주데이터센터 첫걸음,구글,경쟁사/해외이슈,경쟁사_해외이슈,경쟁사_해외이슈,경쟁사_해외이슈,경쟁사/해외이슈,,
경쟁사_해외이슈,경쟁사/해외이슈,구글,구글 TPU 탑재 위성 궤도 진입…우주 데이터센터 첫 실험 : 기업·산업,재경일보,재경일보,"Thu, 01 Oct 2026 21:47:00 GMT","Thu, 01 Oct 2026 21:47:00 GMT",구글 TPU 탑재 위성 궤도 진입…우주 데이터센터 첫 실험 : 기업·산업 재경일보,Google 뉴스가 전세계 매체로부터 종합한 최신 뉴스,30,meta_description_short,-103.0,meta_description_not_full_body,16.5,False,False,https://news.google.com/rss/articles/CBMiS0FVX3lxTE9pRUMtMUlyN3NaRTkwMUxkU052dU9HNm5JMGhWeko3ellaU1B2UEdqZ0NYOUJSeGMzNlZSSVhWZDBoQ1FoZ1lPNTBpQQ?oc=5,https://news.google.com/rss/articles/CBMiS0FVX3lxTE9pRUMtMUlyN3NaRTkwMUxkU052dU9HNm5JMGhWeko3ellaU1B2UEdqZ0NYOUJSeGMzNlZSSVhWZDBoQ1FoZ1lPNTBpQQ?oc=5&hl=ko&gl=KR&ceid=KR%3Ako,209.5,ai_infrastructure_security,ai_infrastructure_security,,no_original_date_found,no_original_date_found_kept,0.0,-153.15,,0.0,,,0.0,,,,issue_representative_attempt,I051,comp_overseas_regulation_data:구글 tpu 탑재 위성 궤도 진입 우주 데이터센터 첫 실험 기업 산업,구글,경쟁사/해외이슈,경쟁사_해외이슈,경쟁사_해외이슈,경쟁사_해외이슈,경쟁사/해외이슈,,
경쟁사_해외이슈,경쟁사/해외이슈,메타,"""데이터센터는 실험시설""…메타 수십억달러 세액공제 받아",연합뉴스,연합뉴스,"Thu, 01 Oct 2026 01:58:41 GMT","Thu, 01 Oct 2026 01:58:41 GMT","""데이터센터는 실험시설""…메타 수십억달러 세액공제 받아 연합뉴스",Google 뉴스가 전세계 매체로부터 종합한 최신 뉴스,30,meta_description_short,-103.0,meta_description_not_full_body,16.5,False,False,https://news.google.com/rss/articles/CBMiYEFVX3lxTE11M3Q4RXhKTFZzajhYWkxUblZmcnYtWlpaVmpZdzhzTWptaG82QmxCd0ZUaXpyN3BXX2JEa3hYUWZvS0pTbVMwSWFDY2hTYW5BcUMwTGh3cHhsNVZ0dlpYYtIBYEFVX3lxTE11M3Q4RXhKTFZzajhYWkxUblZmcnYtWlpaVmpZdzhzTWptaG82QmxCd0ZUaXpyN3BXX2JEa3hYUWZvS0pTbVMwSWFDY2hTYW5BcUMwTGh3cHhsNVZ0dlpYYg?oc=5,https://news.google.com/rss/articles/CBMiYEFVX3lxTE11M3Q4RXhKTFZzajhYWkxUblZmcnYtWlpaVmpZdzhzTWptaG82QmxCd0ZUaXpyN3BXX2JEa3hYUWZvS0pTbVMwSWFDY2hTYW5BcUMwTGh3cHhsNVZ0dlpYYtIBYEFVX3lxTE11M3Q4RXhKTFZzajhYWkxUblZmcnYtWlpaVmpZdzhzTWptaG82QmxCd0ZUaXpyN3BXX2JEa3hYUWZvS0pTbVMwSWFDY2hTYW5BcUMwTGh3cHhsNVZ0dlpYYg?oc=5&hl=ko&gl=KR&ceid=KR%3Ako,206.5,ai_infrastructure_security,ai_infrastructure_security,,no_original_date_found,no_original_date_found_kept,0.0,-135.15,,0.0,,,0.0,,,,issue_representative_attempt,I052,comp_overseas_regulation_data:데이터센터는 실험시설 메타 수십억달러 세액공제 받아,메타,경쟁사/해외이슈,경쟁사_해외이슈,경쟁사_해외이슈,경쟁사_해외이슈,경쟁사/해외이슈,,
자사_및_계열사_이슈,자사 및 계열사 이슈,구글,‘우주 데이터센터’에 성큼? 구글 AI칩 실은 위성 발사 성공,v.daum.net,v.daum.net,"Fri, 02 Oct 2026 02:40:31 GMT","Fri, 02 Oct 2026 02:40:31 GMT",‘우주 데이터센터’에 성큼? 구글 AI칩 실은 위성 발사 성공 v.daum.net,Google 뉴스가 전세계 매체로부터 종합한 최신 뉴스,30,meta_description_short,-103.0,meta_description_not_full_body,-104.5,False,False,https://news.google.com/rss/articles/CBMiT0FVX3lxTE1EOS1CMjREUGgwdVdBM0xLeFVFLXpFUzFreGhQMHNlMmFBYWhqMEVjTEpFak9ac1VGbXdHbHI2MDl0cGZ1VThKTzc2Si12cU0?oc=5,https://news.google.com/rss/articles/CBMiT0FVX3lxTE1EOS1CMjREUGgwdVdBM0xLeFVFLXpFUzFreGhQMHNlMmFBYWhqMEVjTEpFak9ac1VGbXdHbHI2MDl0cGZ1VThKTzc2Si12cU0?oc=5&hl=ko&gl=KR&ceid=KR%3Ako,211.5,ai_infrastructure_security,ai_infrastructure_security,,no_original_date_found,no_original_date_found_kept,0.0,-237.85,,0.0,,,0.0,,,,issue_representative_attempt,I059,self_filler_reference:우주 데이터센터에 성큼 구글 ai칩 실은 위성 발사 성공,구글,경쟁사/해외이슈,경쟁사_해외이슈,경쟁사_해외이슈,자사_및_계열사_이슈,자사 및 계열사 이슈,,
자사_및_계열사_이슈,자사 및 계열사 이슈,구글,구글 AI칩 탑재 위성 발사…우주 데이터센터 시험 시작,v.daum.net,v.daum.net,"Fri, 02 Oct 2026 00:46:31 GMT","Fri, 02 Oct 2026 00:46:31 GMT",구글 AI칩 탑재 위성 발사…우주 데이터센터 시험 시작 v.daum.net,Google 뉴스가 전세계 매체로부터 종합한 최신 뉴스,30,meta_description_short,-103.0,meta_description_not_full_body,-104.5,False,False,https://news.google.com/rss/articles/CBMiT0FVX3lxTE5uN29fNGYzNWZDcGJRbzhLLU9mTVp4NFdQcm14MjF3b0dZZHZfbTBWWnYySEhUS2hYbHJ2Z3ZkaC1rNnNxTDQzb2ZKMUZUQm8?oc=5,https://news.google.com/rss/articles/CBMiT0FVX3lxTE5uN29fNGYzNWZDcGJRbzhLLU9mTVp4NFdQcm14MjF3b0dZZHZfbTBWWnYySEhUS2hYbHJ2Z3ZkaC1rNnNxTDQzb2ZKMUZUQm8?oc=5&hl=ko&gl=KR&ceid=KR%3Ako,211.5,ai_infrastructure_security,ai_infrastructure_security,,no_original_date_found,no_original_date_found_kept,0.0,-237.85,,0.0,,,0.0,,,,issue_representative_attempt,I060,self_filler_reference:구글 ai칩 탑재 위성 발사 우주 데이터센터 시험 시작,구글,경쟁사/해외이슈,경쟁사_해외이슈,경쟁사_해외이슈,자사_및_계열사_이슈,자사 및 계열사 이슈,,
자사_및_계열사_이슈,자사 및 계열사 이슈,구글,"우주로 간 인공지능…구글, 우주데이터센터 시험위성 첫 발사",v.daum.net,v.daum.net,"Fri, 02 Oct 2026 00:36:58 GMT","Fri, 02 Oct 2026 00:36:58 GMT","우주로 간 인공지능…구글, 우주데이터센터 시험위성 첫 발사 v.daum.net",Google 뉴스가 전세계 매체로부터 종합한 최신 뉴스,30,meta_description_short,-103.0,meta_description_not_full_body,-104.5,False,False,https://news.google.com/rss/articles/CBMiVEFVX3lxTE5Ta3YyVUU5dUh5ZDhpRXJlUmd6MEllcFBhOURVYVZWeFV6TENLVDg2YWNtNGpyQ0dCbHZDNmp1b3E1Q21EbURhaU16X3hCeUxRZmZqTw?oc=5,https://news.google.com/rss/articles/CBMiVEFVX3lxTE5Ta3YyVUU5dUh5ZDhpRXJlUmd6MEllcFBhOURVYVZWeFV6TENLVDg2YWNtNGpyQ0dCbHZDNmp1b3E1Q21EbURhaU16X3hCeUxRZmZqTw?oc=5&hl=ko&gl=KR&ceid=KR%3Ako,211.5,ai_infrastructure_security,ai_infrastructure_security,,no_original_date_found,no_original_date_found_kept,0.0,-237.85,,7.0,,,0.0,,,,issue_representative_attempt,I061,self_filler_reference:우주로 간 인공지능 구글 우주데이터센터 시험위성 첫 발사,구글,경쟁사/해외이슈,경쟁사_해외이슈,경쟁사_해외이슈,자사_및_계열사_이슈,자사 및 계열사 이슈,,
정부_국회,정부/국회,플랫폼 규제,美 빅테크 불러모은 트럼프…AI 자율규제·데이터센터 확대 강조,서울STV뉴스,서울STV뉴스,"Thu, 01 Oct 2026 00:44:37 GMT","Thu, 01 Oct 2026 00:44:37 GMT",美 빅테크 불러모은 트럼프…AI 자율규제·데이터센터 확대 강조 서울STV뉴스,Google 뉴스가 전세계 매체로부터 종합한 최신 뉴스,30,meta_description_short,-103.0,meta_description_not_full_body,-28.5,False,False,https://news.google.com/rss/articles/CBMiZ0FVX3lxTE05ZDZmSzZneW8ySS01b1lDenI0b3FsVUdzQWJlN3BDV1MtMDZpbjV3TGJPSGk5Nk8ySV9OaVRKYUF0Uk9nYVdFbU5MSGVYNktYeUNYRDVKMTl4LWYwWktCckNoYXVWVU0?oc=5,https://news.google.com/rss/articles/CBMiZ0FVX3lxTE05ZDZmSzZneW8ySS01b1lDenI0b3FsVUdzQWJlN3BDV1MtMDZpbjV3TGJPSGk5Nk8ySV9OaVRKYUF0Uk9nYVdFbU5MSGVYNktYeUNYRDVKMTl4LWYwWktCckNoYXVWVU0?oc=5&hl=ko&gl=KR&ceid=KR%3Ako,-134.0,"ai_infrastructure_security,policy_legislation",ai_infrastructure_security,,no_original_date_found,no_original_date_found_kept,0.0,-184.65,,0.0,,,0.0,,,,issue_representative_attempt,I063,government_ai_core_policy:빅테크 불러모은 트럼프 ai 자율규제 데이터센터 확대 강조,플랫폼 규제,정부/국회,정부_국회,경쟁사_해외이슈,정부_국회,정부/국회,,
자사_및_계열사_이슈,자사 및 계열사 이슈,카카오,"카카오그룹, 한투와 디지털자산 협력 확대",소년한국일보,소년한국일보,"Fri, 02 Oct 2026 00:25:24 GMT","Fri, 02 Oct 2026 00:25:24 GMT","카카오그룹, 한투와 디지털자산 협력 확대 소년한국일보",Google 뉴스가 전세계 매체로부터 종합한 최신 뉴스,30,meta_description_short,-103.0,meta_description_not_full_body,40.0,False,False,https://news.google.com/rss/articles/CBMibEFVX3lxTE1sWk1nYUhJZXpPTXhxcWxnSkQ4MVFvTGZLRGdCM2JYd1RpMFZyc3dmZXo0OGItZkRvU0ZDUmF5N1NOMzlUWUNyTUFndHJTMVo2bDBreUZrY0R6M0d5bTFQLUpsQkxWWnY2T2d3VNIBcEFVX3lxTE11QlJGRHJueXRTWU9DYUVGbUZ2UEJUSXExNnVFWFEzNkhZRGEzdGtJS1R1c2ZLQTJ2ak9fc3ZtNFQ4WTV2LTNOaHFQc0ZqR3BobzVYck9uZmUtRW40Y2VDUjFFTzNqS21HdVprUVVsNnY?oc=5,https://news.google.com/rss/articles/CBMibEFVX3lxTE1sWk1nYUhJZXpPTXhxcWxnSkQ4MVFvTGZLRGdCM2JYd1RpMFZyc3dmZXo0OGItZkRvU0ZDUmF5N1NOMzlUWUNyTUFndHJTMVo2bDBreUZrY0R6M0d5bTFQLUpsQkxWWnY2T2d3VNIBcEFVX3lxTE11QlJGRHJueXRTWU9DYUVGbUZ2UEJUSXExNnVFWFEzNkhZRGEzdGtJS1R1c2ZLQTJ2ak9fc3ZtNFQ4WTV2LTNOaHFQc0ZqR3BobzVYck9uZmUtRW40Y2VDUjFFTzNqS21HdVprUVVsNnY?oc=5&hl=ko&gl=KR&ceid=KR%3Ako,82.3,digital_asset_stablecoin,digital_asset_stablecoin,,no_original_date_found,no_original_date_found_kept,0.0,-136.7,,0.0,,,0.0,,,,issue_representative_attempt,I118,self_strategic_reference:카카오그룹 한투와 디지털자산 협력 확대,카카오,자사 및 계열사 이슈,자사_및_계열사_이슈,자사_및_계열사_이슈,자사_및_계열사_이슈,자사 및 계열사 이슈,,
자사_및_계열사_이슈,자사 및 계열사 이슈,카카오,"한국투자증권, 카카오그룹과 MOU…""디지털자산 생태계 구축""",한국경제,,"Thu, 01 Oct 2026 05:58:02 GMT",,"한국투자증권, 카카오그룹과 MOU…""디지털자산 생태계 구축"" 한국경제",,0,v24_pre_body_guardrail,-100.0,never_allow_title_only_low_value_or_caption,,False,,https://news.google.com/rss/articles/CBMiWkFVX3lxTFA0bVZyOExBckNTUzdBM3VPRTlxMVBiNGVQLWM1UVBmY21mYlJpMV9BVDJfZXdJc0I1enJXaEE3WHlMdzd0enNwZDVuUE1fRWVaTXVrRE1xbm5adw?oc=5,https://news.google.com/rss/articles/CBMiWkFVX3lxTFA0bVZyOExBckNTUzdBM3VPRTlxMVBiNGVQLWM1UVBmY21mYlJpMV9BVDJfZXdJc0I1enJXaEE3WHlMdzd0enNwZDVuUE1fRWVaTXVrRE1xbm5adw?oc=5,,,,,,,,,,,,,,,,,issue_representative_attempt,I124,self_strategic_reference:한국투자증권 카카오그룹과 mou 디지털자산 생태계 구축,카카오,자사 및 계열사 이슈,자사_및_계열사_이슈,자사_및_계열사_이슈,자사_및_계열사_이슈,자사 및 계열사 이슈,최종금지_대체필요,fail:never_allow_title_only
자사_및_계열사_이슈,자사 및 계열사 이슈,카카오,"한국투자증권, 카카오그룹과 MOU…“디지털자산 생태계 구축”",전자신문,,"Thu, 01 Oct 2026 01:21:00 GMT",,"한국투자증권, 카카오그룹과 MOU…“디지털자산 생태계 구축” 전자신문",,0,v24_pre_body_guardrail,-100.0,never_allow_title_only_low_value_or_caption,,False,,https://news.google.com/rss/articles/CBMiTkFVX3lxTFBPZlNNMTVweFFJVVBrQVk1M2xjSllQMmhYTm4xSnotNlQ1dGxHV3Q0ZTNtd21JV25aQjNSV0p0RExLcEJOcFpIM2loel9HQQ?oc=5,https://news.google.com/rss/articles/CBMiTkFVX3lxTFBPZlNNMTVweFFJVVBrQVk1M2xjSllQMmhYTm4xSnotNlQ1dGxHV3Q0ZTNtd21JV25aQjNSV0p0RExLcEJOcFpIM2loel9HQQ?oc=5,,,,,,,,,,,,,,,,,issue_representative_attempt,I124,self_strategic_reference:한국투자증권 카카오그룹과 mou 디지털자산 생태계 구축,카카오,자사 및 계열사 이슈,자사_및_계열사_이슈,자사_및_계열사_이슈,자사_및_계열사_이슈,자사 및 계열사 이슈,최종금지_대체필요,fail:never_allow_title_only
자사_및_계열사_이슈,자사 및 계열사 이슈,카카오,"한국투자증권, 카카오그룹과 디지털자산 협력",bizwnews.com,bizwnews.com,"Thu, 01 Oct 2026 04:31:00 GMT","Thu, 01 Oct 2026 04:31:00 GMT","한국투자증권, 카카오그룹과 디지털자산 협력 bizwnews.com",Google 뉴스가 전세계 매체로부터 종합한 최신 뉴스,30,meta_description_short,-103.0,meta_description_not_full_body,40.0,False,False,https://news.google.com/rss/articles/CBMiakFVX3lxTE9EUElkMmFYS2E1aG9rVW1vVEwzWjBGcmMxeERWQVJMblhjX2JCcTZjRXRieDJkZWJpUktNb1VmS0VxQVh0c0UyTVBPODlhcjdGUHpiS3pRWlkwbDZSSFhZR3BGZWNsX1VPbFE?oc=5,https://news.google.com/rss/articles/CBMiakFVX3lxTE9EUElkMmFYS2E1aG9rVW1vVEwzWjBGcmMxeERWQVJMblhjX2JCcTZjRXRieDJkZWJpUktNb1VmS0VxQVh0c0UyTVBPODlhcjdGUHpiS3pRWlkwbDZSSFhZR3BGZWNsX1VPbFE?oc=5&hl=ko&gl=KR&ceid=KR%3Ako,69.3,digital_asset_stablecoin,digital_asset_stablecoin,,no_original_date_found,no_original_date_found_kept,0.0,-139.7,,0.0,,,0.0,,,,issue_representative_attempt,I125,self_strategic_reference:한국투자증권 카카오그룹과 디지털자산 협력,카카오,자사 및 계열사 이슈,자사_및_계열사_이슈,자사_및_계열사_이슈,자사_및_계열사_이슈,자사 및 계열사 이슈,,
자사_및_계열사_이슈,자사 및 계열사 이슈,카카오,"한국투자증권, 카카오그룹과 디지털자산 협력",핀포인트뉴스,핀포인트뉴스,"Thu, 01 Oct 2026 01:49:04 GMT","Thu, 01 Oct 2026 01:49:04 GMT","한국투자증권, 카카오그룹과 디지털자산 협력 핀포인트뉴스",Google 뉴스가 전세계 매체로부터 종합한 최신 뉴스,30,meta_description_short,-103.0,meta_description_not_full_body,40.0,False,False,https://news.google.com/rss/articles/CBMid0FVX3lxTE0xMjFkZGNZUnlhcUgzQVRUR3J3LVQwdVI1LTFZUXp1WEQwOHdINVNLWl9iN3BkamhNaGFZZEtTQ2t0RFR3dWtnS3pwNGNWc3Q2Vm56VWlNd2ZFOGc0cXNGbHpuRDFldEY1REFxZVNhNGVHa3RlREdF0gF3QVVfeXFMTTEyMWRkY1lSeWFxSDNBVFRHcnctVDB1UjUtMVlRenVYRDA4d0g1U0taX2I3cGRqaE1oYVlkS1NDa3REVHd1a2dLenA0Y1ZzdDZWbnpVaU13ZkU4ZzRxc0Zsem5EMWV0RjVEQXFlU2E0ZUdrdGVER0U?oc=5,https://news.google.com/rss/articles/CBMid0FVX3lxTE0xMjFkZGNZUnlhcUgzQVRUR3J3LVQwdVI1LTFZUXp1WEQwOHdINVNLWl9iN3BkamhNaGFZZEtTQ2t0RFR3dWtnS3pwNGNWc3Q2Vm56VWlNd2ZFOGc0cXNGbHpuRDFldEY1REFxZVNhNGVHa3RlREdF0gF3QVVfeXFMTTEyMWRkY1lSeWFxSDNBVFRHcnctVDB1UjUtMVlRenVYRDA4d0g1U0taX2I3cGRqaE1oYVlkS1NDa3REVHd1a2dLenA0Y1ZzdDZWbnpVaU13ZkU4ZzRxc0Zsem5EMWV0RjVEQXFlU2E0ZUdrdGVER0U?oc=5&hl=ko&gl=KR&ceid=KR%3Ako,68.3,digital_asset_stablecoin,digital_asset_stablecoin,,no_original_date_found,no_original_date_found_kept,0.0,-136.7,,0.0,,,0.0,,,,issue_representative_attempt,I125,self_strategic_reference:한국투자증권 카카오그룹과 디지털자산 협력,카카오,자사 및 계열사 이슈,자사_및_계열사_이슈,자사_및_계열사_이슈,자사_및_계열사_이슈,자사 및 계열사 이슈,,
자사_및_계열사_이슈,자사 및 계열사 이슈,카카오,"한투증권, 카카오와 손잡았다...디지털자산 생태계 구축 드라이브",비즈워치,비즈워치,"Thu, 01 Oct 2026 01:32:02 GMT","Thu, 01 Oct 2026 01:32:02 GMT","한투증권, 카카오와 손잡았다...디지털자산 생태계 구축 드라이브 비즈워치",Google 뉴스가 전세계 매체로부터 종합한 최신 뉴스,30,meta_description_short,-103.0,meta_description_not_full_body,40.0,False,False,https://news.google.com/rss/articles/CBMiakFVX3lxTE1MeTBMbWRpQzdiSC1Vc3FQN2dLWFhaZTdDQUQtZ2VMczZSZHFwWFgzd3NJUk5hcV9lazFrUXhESVpzVndNVTdjSi0wNU1XUG85ZVYzdzZsVTJOdGVPWG5vREpQQS0zcTBreUE?oc=5,https://news.google.com/rss/articles/CBMiakFVX3lxTE1MeTBMbWRpQzdiSC1Vc3FQN2dLWFhaZTdDQUQtZ2VMczZSZHFwWFgzd3NJUk5hcV9lazFrUXhESVpzVndNVTdjSi0wNU1XUG85ZVYzdzZsVTJOdGVPWG5vREpQQS0zcTBreUE?oc=5&hl=ko&gl=KR&ceid=KR%3Ako,68.3,digital_asset_stablecoin,digital_asset_stablecoin,,no_original_date_found,no_original_date_found_kept,0.0,-136.7,,0.0,,,0.0,,,,issue_representative_attempt,I126,self_strategic_reference:한투증권 카카오와 손잡았다 디지털자산 생태계 구축 드라이브,카카오,자사 및 계열사 이슈,자사_및_계열사_이슈,자사_및_계열사_이슈,자사_및_계열사_이슈,자사 및 계열사 이슈,,
자사_및_계열사_이슈,자사 및 계열사 이슈,카카오,"한투증권, 카카오와 손잡았다…디지털자산 생태계 구축 드라이브",네이트뷰,네이트뷰,"Thu, 01 Oct 2026 01:54:00 GMT","Thu, 01 Oct 2026 01:54:00 GMT","한투증권, 카카오와 손잡았다…디지털자산 생태계 구축 드라이브 네이트뷰",Google 뉴스가 전세계 매체로부터 종합한 최신 뉴스,30,meta_description_short,-103.0,meta_description_not_full_body,40.0,False,False,https://news.google.com/rss/articles/CBMiVEFVX3lxTE1uaWtIa2hmMXJZSVJQdXpBWnlwWUNwMDhKQ3NKOTJaeDlvM2NCUElCVXZxNEU5NU9SQl84WC1sNU9fTXl2blhPNnhzMF9ZdndsTjNxS9IBWkFVX3lxTE96OGtOSlRnNnVCZ3pCa0xfZkFyUkVJT0RrUVBuMGJDRmI0T0RhRDYyXy0yX1dqRzM2Z0RCdlozbk9qOEZUUHplQUZteXJieEQtYjlzTlZrV3JfUQ?oc=5,https://news.google.com/rss/articles/CBMiVEFVX3lxTE1uaWtIa2hmMXJZSVJQdXpBWnlwWUNwMDhKQ3NKOTJaeDlvM2NCUElCVXZxNEU5NU9SQl84WC1sNU9fTXl2blhPNnhzMF9ZdndsTjNxS9IBWkFVX3lxTE96OGtOSlRnNnVCZ3pCa0xfZkFyUkVJT0RrUVBuMGJDRmI0T0RhRDYyXy0yX1dqRzM2Z0RCdlozbk9qOEZUUHplQUZteXJieEQtYjlzTlZrV3JfUQ?oc=5&hl=ko&gl=KR&ceid=KR%3Ako,68.3,digital_asset_stablecoin,digital_asset_stablecoin,,no_original_date_found,no_original_date_found_kept,0.0,-136.7,,0.0,,,0.0,,,,issue_representative_attempt,I126,self_strategic_reference:한투증권 카카오와 손잡았다 디지털자산 생태계 구축 드라이브,카카오,자사 및 계열사 이슈,자사_및_계열사_이슈,자사_및_계열사_이슈,자사_및_계열사_이슈,자사 및 계열사 이슈,,
자사_및_계열사_이슈,자사 및 계열사 이슈,카카오,"한투증권, 코인원·OKX 이어 카카오와 협력..디지털자산 '광폭 행보'",포쓰저널,포쓰저널,"Thu, 01 Oct 2026 01:51:30 GMT","Thu, 01 Oct 2026 01:51:30 GMT","한투증권, 코인원·OKX 이어 카카오와 협력..디지털자산 '광폭 행보' 포쓰저널",Google 뉴스가 전세계 매체로부터 종합한 최신 뉴스,30,meta_description_short,-103.0,meta_description_not_full_body,40.0,False,False,https://news.google.com/rss/articles/CBMiZEFVX3lxTE1LRl90cGZvTUl1ZEo1T25DODJES0loWDhEMEhMbUZpMkxmek1YSjFTOTF2UHF1a1pUdF8tM01jQjFhU3FOYUI3NnJjWWJ2NEpFWlhZVjJ1ZE10c1M2bGFTcE5wRUI?oc=5,https://news.google.com/rss/articles/CBMiZEFVX3lxTE1LRl90cGZvTUl1ZEo1T25DODJES0loWDhEMEhMbUZpMkxmek1YSjFTOTF2UHF1a1pUdF8tM01jQjFhU3FOYUI3NnJjWWJ2NEpFWlhZVjJ1ZE10c1M2bGFTcE5wRUI?oc=5&hl=ko&gl=KR&ceid=KR%3Ako,183.3,digital_asset_stablecoin,digital_asset_stablecoin,,no_original_date_found,no_original_date_found_kept,0.0,-136.7,,0.0,,,0.0,,,,issue_representative_attempt,I127,self_strategic_reference:한투증권 코인원 okx 이어 카카오와 협력 디지털자산 광폭 행보,카카오,자사 및 계열사 이슈,자사_및_계열사_이슈,자사_및_계열사_이슈,자사_및_계열사_이슈,자사 및 계열사 이슈,,
자사_및_계열사_이슈,자사 및 계열사 이슈,카카오,"한국투자증권, 카카오그룹과 디지털자산 협력… 월렛·스테이블코인 등 공동 추진",디지틀조선일보,디지틀조선일보,"Thu, 01 Oct 2026 07:31:00 GMT","Thu, 01 Oct 2026 07:31:00 GMT","한국투자증권, 카카오그룹과 디지털자산 협력… 월렛·스테이블코인 등 공동 추진 디지틀조선일보",Google 뉴스가 전세계 매체로부터 종합한 최신 뉴스,30,meta_description_short,-103.0,meta_description_not_full_body,50.0,False,False,https://news.google.com/rss/articles/CBMihwFBVV95cUxPcWx2VDRJbUdZY21tMG9VZk9iNElCMDZrTnNQZVgtU3V5UGlIcHVrcElsOGFUcWM5aUZVeXM1cE9jNzNWV3FfY21FRUwwVDZrcUtjbEVqd00tZUp5WnRobHpKalQ1VF9GRy1HT1FzTlU4WDBkM0hiLVE3MW1qTlQ1b0x2bmxRUGfSAXtBVV95cUxOY0hqQVQ2WFA2ZmdqemF5bmhQM19YUVktOWtEZkllQUk0Z2xtcl9uLWF0OE1kcGRYV2tRbXhkQXctbUpzb1NIcTYtZFljS0hsZmFHQTlkRENtaEZQUmhSY2dqYm1WTE9zc0JvZll2Sm5nSkRQV3dqTjNmeVE?oc=5,https://news.google.com/rss/articles/CBMihwFBVV95cUxPcWx2VDRJbUdZY21tMG9VZk9iNElCMDZrTnNQZVgtU3V5UGlIcHVrcElsOGFUcWM5aUZVeXM1cE9jNzNWV3FfY21FRUwwVDZrcUtjbEVqd00tZUp5WnRobHpKalQ1VF9GRy1HT1FzTlU4WDBkM0hiLVE3MW1qTlQ1b0x2bmxRUGfSAXtBVV95cUxOY0hqQVQ2WFA2ZmdqemF5bmhQM19YUVktOWtEZkllQUk0Z2xtcl9uLWF0OE1kcGRYV2tRbXhkQXctbUpzb1NIcTYtZFljS0hsZmFHQTlkRENtaEZQUmhSY2dqYm1WTE9zc0JvZll2Sm5nSkRQV3dqTjNmeVE?oc=5&hl=ko&gl=KR&ceid=KR%3Ako,90.3,"digital_asset_stablecoin,stablecoin",stablecoin_general,,no_original_date_found,no_original_date_found_kept,0.0,-120.7,,0.0,,,0.0,,,,issue_representative_attempt,I130,self_strategic_reference:한국투자증권 카카오그룹과 디지털자산 협력 월렛 스테이블코인 등 공동 추진,카카오,자사 및 계열사 이슈,자사_및_계열사_이슈,자사_및_계열사_이슈,자사_및_계열사_이슈,자사 및 계열사 이슈,,
자사_및_계열사_이슈,자사 및 계열사 이슈,카카오,"한국투자증권, 카카오그룹과 디지털자산 MOU…전자지갑·스테이블코인 협력 본격화",소비자가 만드는 신문,소비자가 만드는 신문,"Thu, 01 Oct 2026 04:45:00 GMT","Thu, 01 Oct 2026 04:45:00 GMT","한국투자증권, 카카오그룹과 디지털자산 MOU…전자지갑·스테이블코인 협력 본격화 소비자가 만드는 신문",Google 뉴스가 전세계 매체로부터 종합한 최신 뉴스,30,meta_description_short,-103.0,meta_description_not_full_body,50.0,False,False,https://news.google.com/rss/articles/CBMic0FVX3lxTFBvUGtybVVIeTJQaWRwQ21OSzRDLVJRSTdBYlkxX1p6ZGxCb3hDR2JBX1pZS0hDTEhybTZveW9ubFVSeDFXS25mRWlMSDdteEJNMnc4UDdFUzBDc3AwaUR0OUJBdTJCZms0d0piSzFNLXZKd3M?oc=5,https://news.google.com/rss/articles/CBMic0FVX3lxTFBvUGtybVVIeTJQaWRwQ21OSzRDLVJRSTdBYlkxX1p6ZGxCb3hDR2JBX1pZS0hDTEhybTZveW9ubFVSeDFXS25mRWlMSDdteEJNMnc4UDdFUzBDc3AwaUR0OUJBdTJCZms0d0piSzFNLXZKd3M?oc=5&hl=ko&gl=KR&ceid=KR%3Ako,84.3,"digital_asset_stablecoin,stablecoin",stablecoin_general,,no_original_date_found,no_original_date_found_kept,0.0,-129.7,,0.0,,,0.0,,,,issue_representative_attempt,I133,self_strategic_reference:한국투자증권 카카오그룹과 디지털자산 mou 전자지갑 스테이블코인 협력 본격화,카카오,자사 및 계열사 이슈,자사_및_계열사_이슈,자사_및_계열사_이슈,자사_및_계열사_이슈,자사 및 계열사 이슈,,
자사_및_계열사_이슈,자사 및 계열사 이슈,카카오,한국투자증권이 카카오그룹과 디지털자산 사업 추진한다 : 원화 스테이블코인 밸류체인 정조준,허프포스트코리아,허프포스트코리아,"Thu, 01 Oct 2026 01:56:33 GMT","Thu, 01 Oct 2026 01:56:33 GMT",한국투자증권이 카카오그룹과 디지털자산 사업 추진한다 : 원화 스테이블코인 밸류체인 정조준 허프포스트코리아,Google 뉴스가 전세계 매체로부터 종합한 최신 뉴스,30,meta_description_short,-103.0,meta_description_not_full_body,50.0,False,False,https://news.google.com/rss/articles/CBMiV0FVX3lxTFBqcGVyRk05TVotUnd0YzlxaUVzQlJsWDI2RHpXRXM4NDFpOV9pdWpGdG9Xd1lUN292a1BvbEFwRmZJdUJkTUszU0g4dTIxTkdPLTd2TTM2WQ?oc=5,https://news.google.com/rss/articles/CBMiV0FVX3lxTFBqcGVyRk05TVotUnd0YzlxaUVzQlJsWDI2RHpXRXM4NDFpOV9pdWpGdG9Xd1lUN292a1BvbEFwRmZJdUJkTUszU0g4dTIxTkdPLTd2TTM2WQ?oc=5&hl=ko&gl=KR&ceid=KR%3Ako,81.3,"digital_asset_stablecoin,stablecoin",stablecoin_general,,no_original_date_found,no_original_date_found_kept,0.0,-129.7,,0.0,,,0.0,,,,issue_representative_attempt,I135,self_strategic_reference:한국투자증권이 카카오그룹과 디지털자산 사업 추진한다 원화 스테이블코인 밸류체인 정조준,카카오,자사 및 계열사 이슈,자사_및_계열사_이슈,자사_및_계열사_이슈,자사_및_계열사_이슈,자사 및 계열사 이슈,,
자사_및_계열사_이슈,자사 및 계열사 이슈,카카오,"카카오그룹-한국투자증권, 디지털자산 전략적 동맹 구축",조세일보,조세일보,"Thu, 01 Oct 2026 05:07:46 GMT","Thu, 01 Oct 2026 05:07:46 GMT","카카오그룹-한국투자증권, 디지털자산 전략적 동맹 구축 조세일보",Google 뉴스가 전세계 매체로부터 종합한 최신 뉴스,30,meta_description_short,-103.0,meta_description_not_full_body,47.0,False,False,https://news.google.com/rss/articles/CBMiX0FVX3lxTFAtQXA5RXRvOXkzQTRmZS1Lczgtbk1DN2lYSDlBN3dLczRHRkZDd1N6OXFaeU9RNnF1d0x2TWZwcmZEc29JUlRUaFgtbksyR3Q0V1VOVWlldktNSWM2TVQ0?oc=5,https://news.google.com/rss/articles/CBMiX0FVX3lxTFAtQXA5RXRvOXkzQTRmZS1Lczgtbk1DN2lYSDlBN3dLczRHRkZDd1N6OXFaeU9RNnF1d0x2TWZwcmZEc29JUlRUaFgtbksyR3Q0V1VOVWlldktNSWM2TVQ0?oc=5&hl=ko&gl=KR&ceid=KR%3Ako,81.3,"digital_asset_stablecoin,policy_legislation",digital_asset_stablecoin,,no_original_date_found,no_original_date_found_kept,0.0,-131.8,,0.0,,,0.0,,,,issue_representative_attempt,I136,self_strategic_reference:카카오그룹 한국투자증권 디지털자산 전략적 동맹 구축,카카오,자사 및 계열사 이슈,자사_및_계열사_이슈,자사_및_계열사_이슈,자사_및_계열사_이슈,자사 및 계열사 이슈,,
자사_및_계열사_이슈,자사 및 계열사 이슈,카카오,"""블록체인·STO 영토 확장""…한국투자증권-카카오, 디지털자산 동맹 결성",thefairnews.co.kr,thefairnews.co.kr,"Thu, 01 Oct 2026 00:29:04 GMT","Thu, 01 Oct 2026 00:29:04 GMT","""블록체인·STO 영토 확장""…한국투자증권-카카오, 디지털자산 동맹 결성 thefairnews.co.kr",Google 뉴스가 전세계 매체로부터 종합한 최신 뉴스,30,meta_description_short,-103.0,meta_description_not_full_body,40.0,False,False,https://news.google.com/rss/articles/CBMicEFVX3lxTE5qdVluTU5JbklBZWxYLWJZbkRwcUVTX0xJNG1KWVpPMVYwRTJrQWxoTUNyUkd4ODRlajN5SWk1SkNLNTBlcnl5WmZQd1ZSdzNxekZyenVuNUlBcmVMODlPaWV5emJaZWVvRkI3SlRMY2Y?oc=5,https://news.google.com/rss/articles/CBMicEFVX3lxTE5qdVluTU5JbklBZWxYLWJZbkRwcUVTX0xJNG1KWVpPMVYwRTJrQWxoTUNyUkd4ODRlajN5SWk1SkNLNTBlcnl5WmZQd1ZSdzNxekZyenVuNUlBcmVMODlPaWV5emJaZWVvRkI3SlRMY2Y?oc=5&hl=ko&gl=KR&ceid=KR%3Ako,79.8,digital_asset_stablecoin,digital_asset_stablecoin,,no_original_date_found,no_original_date_found_kept,0.0,-139.7,,0.0,,,0.0,,,,issue_representative_attempt,I137,self_strategic_reference:블록체인 sto 영토 확장 한국투자증권 카카오 디지털자산 동맹 결성,카카오,자사 및 계열사 이슈,자사_및_계열사_이슈,자사_및_계열사_이슈,자사_및_계열사_이슈,자사 및 계열사 이슈,,
자사_및_계열사_이슈,자사 및 계열사 이슈,카카오,"카카오, 디지털자산 ‘마지막 퍼즐’ 증권까지…한국투자증권과 투자·송금·정산 연결",이코노미사이언스,이코노미사이언스,"Thu, 01 Oct 2026 02:53:22 GMT","Thu, 01 Oct 2026 02:53:22 GMT","카카오, 디지털자산 ‘마지막 퍼즐’ 증권까지…한국투자증권과 투자·송금·정산 연결 이코노미사이언스",Google 뉴스가 전세계 매체로부터 종합한 최신 뉴스,30,meta_description_short,-103.0,meta_description_not_full_body,47.0,False,False,https://news.google.com/rss/articles/CBMib0FVX3lxTE1mWHdxdlpOMkNyLXlDM2FpT0ZwcjA0ejJheDRnbExRMkR5MzMySG14cldJMkxNdmp0X1huNnE4d1VoZ0lHcXNadUFrMDdqTnlKdG1tVjNiOTVXTlptOXpuUzlzS0NmaTZ6eXBaVVJlMA?oc=5,https://news.google.com/rss/articles/CBMib0FVX3lxTE1mWHdxdlpOMkNyLXlDM2FpT0ZwcjA0ejJheDRnbExRMkR5MzMySG14cldJMkxNdmp0X1huNnE4d1VoZ0lHcXNadUFrMDdqTnlKdG1tVjNiOTVXTlptOXpuUzlzS0NmaTZ6eXBaVVJlMA?oc=5&hl=ko&gl=KR&ceid=KR%3Ako,78.3,"digital_asset_stablecoin,market_power_platform",digital_asset_stablecoin,,no_original_date_found,no_original_date_found_kept,0.0,-131.8,,0.0,,,0.0,,,,issue_representative_attempt,I138,self_strategic_reference:카카오 디지털자산 마지막 퍼즐 증권까지 한국투자증권과 투자 송금 정산 연결,카카오,자사 및 계열사 이슈,자사_및_계열사_이슈,자사_및_계열사_이슈,자사_및_계열사_이슈,자사 및 계열사 이슈,,
자사_및_계열사_이슈,자사 및 계열사 이슈,카카오,"한국투자증권, 카카오와 맞손…""스테이블코인·토큰증권 협력""",yonhapnewstv.co.kr,yonhapnewstv.co.kr,"Thu, 01 Oct 2026 02:12:00 GMT","Thu, 01 Oct 2026 02:12:00 GMT","한국투자증권, 카카오와 맞손…""스테이블코인·토큰증권 협력"" yonhapnewstv.co.kr",Google 뉴스가 전세계 매체로부터 종합한 최신 뉴스,30,meta_description_short,-103.0,meta_description_not_full_body,47.0,False,False,https://news.google.com/rss/articles/CBMiZ0FVX3lxTE9pcGNRaWJoa0RYUV9EZkkwenRSVndoazY5a1k0OXZWMklBZFh2bkhwT2pMZm9OQm85QmlQcUlKSEFQMzJCYjZsc3JpYUNNWTNDdF9Bdy1SRWViTTBOVFBhdi1wcW9TbVk?oc=5,https://news.google.com/rss/articles/CBMiZ0FVX3lxTE9pcGNRaWJoa0RYUV9EZkkwenRSVndoazY5a1k0OXZWMklBZFh2bkhwT2pMZm9OQm85QmlQcUlKSEFQMzJCYjZsc3JpYUNNWTNDdF9Bdy1SRWViTTBOVFBhdi1wcW9TbVk?oc=5&hl=ko&gl=KR&ceid=KR%3Ako,76.3,"digital_asset_stablecoin,stablecoin",stablecoin_general,,no_original_date_found,no_original_date_found_kept,0.0,-134.8,,0.0,,,0.0,,,,issue_representative_attempt,I139,self_strategic_reference:한국투자증권 카카오와 맞손 스테이블코인 토큰증권 협력,카카오,자사 및 계열사 이슈,자사_및_계열사_이슈,자사_및_계열사_이슈,자사_및_계열사_이슈,자사 및 계열사 이슈,,
자사_및_계열사_이슈,자사 및 계열사 이슈,카카오,"한국투자증권, 카카오와 디지털 동맹···지갑·스테이블코인까지 협력 확대",newsway.co.kr,newsway.co.kr,"Thu, 01 Oct 2026 01:10:38 GMT","Thu, 01 Oct 2026 01:10:38 GMT","한국투자증권, 카카오와 디지털 동맹···지갑·스테이블코인까지 협력 확대 newsway.co.kr",Google 뉴스가 전세계 매체로부터 종합한 최신 뉴스,30,meta_description_short,-103.0,meta_description_not_full_body,47.0,False,False,https://news.google.com/rss/articles/CBMiakFVX3lxTE1NdF9kU0tNNjNIMGg2OWhINWpiUjEyM1pEZkQxTDhETXk4cVpvMFdNWnRjTTdZbVczWFM5bks3bXVLRl9vQTNTS1VQeUhPdEZOaTFwaXNPdE02WHNZbWM2Rk1tZUt4Nk1GN1E?oc=5,https://news.google.com/rss/articles/CBMiakFVX3lxTE1NdF9kU0tNNjNIMGg2OWhINWpiUjEyM1pEZkQxTDhETXk4cVpvMFdNWnRjTTdZbVczWFM5bks3bXVLRl9vQTNTS1VQeUhPdEZOaTFwaXNPdE02WHNZbWM2Rk1tZUt4Nk1GN1E?oc=5&hl=ko&gl=KR&ceid=KR%3Ako,76.3,"digital_asset_stablecoin,stablecoin",stablecoin_general,,no_original_date_found,no_original_date_found_kept,0.0,-134.8,,0.0,,,0.0,,,,issue_representative_attempt,I140,self_strategic_reference:한국투자증권 카카오와 디지털 동맹 지갑 스테이블코인까지 협력 확대,카카오,자사 및 계열사 이슈,자사_및_계열사_이슈,자사_및_계열사_이슈,자사_및_계열사_이슈,자사 및 계열사 이슈,,
자사_및_계열사_이슈,자사 및 계열사 이슈,카카오,"카카오페이·카카오뱅크, 한국투자증권과 디지털자산 생태계 구축 협력",비즈니스포스트,비즈니스포스트,"Thu, 01 Oct 2026 08:02:57 GMT","Thu, 01 Oct 2026 08:02:57 GMT","카카오페이·카카오뱅크, 한국투자증권과 디지털자산 생태계 구축 협력 비즈니스포스트",Google 뉴스가 전세계 매체로부터 종합한 최신 뉴스,30,meta_description_short,-103.0,meta_description_not_full_body,45.0,False,False,https://news.google.com/rss/articles/CBMic0FVX3lxTE5TMUxESXBZLXFaazJMM2VOeGJIckgxVzBaSVlkX2thZWg3SGRmeFZTWlJyUFNiUzdKeXRXN0NGZkdqWWNRbFp5M0tZU2VGUDVNS2VFZ1cweE1Xb1g5dnVIem5fb3BnWjJLMk9YLVdYd3NPVG8?oc=5,https://news.google.com/rss/articles/CBMic0FVX3lxTE5TMUxESXBZLXFaazJMM2VOeGJIckgxVzBaSVlkX2thZWg3SGRmeFZTWlJyUFNiUzdKeXRXN0NGZkdqWWNRbFp5M0tZU2VGUDVNS2VFZ1cweE1Xb1g5dnVIem5fb3BnWjJLMk9YLVdYd3NPVG8?oc=5&hl=ko&gl=KR&ceid=KR%3Ako,76.3,digital_asset_stablecoin,digital_asset_stablecoin,,no_original_date_found,no_original_date_found_kept,0.0,-133.2,,0.0,,,0.0,,,,issue_representative_attempt,I141,self_strategic_reference:카카오페이 카카오뱅크 한국투자증권과 디지털자산 생태계 구축 협력,카카오,자사 및 계열사 이슈,자사_및_계열사_이슈,자사_및_계열사_이슈,자사_및_계열사_이슈,자사 및 계열사 이슈,,
자사_및_계열사_이슈,자사 및 계열사 이슈,카카오,"카카오·한국투자증권, 디지털자산 발행·유통 넘어 인프라까지 협업",지디넷코리아,지디넷코리아,"Thu, 01 Oct 2026 04:30:00 GMT","Thu, 01 Oct 2026 04:30:00 GMT","카카오·한국투자증권, 디지털자산 발행·유통 넘어 인프라까지 협업 지디넷코리아",Google 뉴스가 전세계 매체로부터 종합한 최신 뉴스,30,meta_description_short,-103.0,meta_description_not_full_body,40.0,False,False,https://news.google.com/rss/articles/CBMiVkFVX3lxTE8yM3lmRVJhNmp5REVQTnE3cDVDckg3ZDBGUGVqbUJrX2pPWlhMVkl4Vnc3TXRscmNRbXowWGVFZlVta1BsVzBKSVdzS0doejdBNmlYUUN3?oc=5,https://news.google.com/rss/articles/CBMiVkFVX3lxTE8yM3lmRVJhNmp5REVQTnE3cDVDckg3ZDBGUGVqbUJrX2pPWlhMVkl4Vnc3TXRscmNRbXowWGVFZlVta1BsVzBKSVdzS0doejdBNmlYUUN3?oc=5&hl=ko&gl=KR&ceid=KR%3Ako,75.3,digital_asset_stablecoin,digital_asset_stablecoin,,no_original_date_found,no_original_date_found_kept,0.0,-124.7,,0.0,,,0.0,,,,issue_representative_attempt,I142,self_strategic_reference:카카오 한국투자증권 디지털자산 발행 유통 넘어 인프라까지 협업,카카오,자사 및 계열사 이슈,자사_및_계열사_이슈,자사_및_계열사_이슈,자사_및_계열사_이슈,자사 및 계열사 이슈,,
자사_및_계열사_이슈,자사 및 계열사 이슈,카카오,"한투증권·카카오, 디지털자산 발행·유통 서비스 개발 '맞손'",연합뉴스,연합뉴스,"Thu, 01 Oct 2026 00:21:29 GMT","Thu, 01 Oct 2026 00:21:29 GMT","한투증권·카카오, 디지털자산 발행·유통 서비스 개발 '맞손' 연합뉴스",Google 뉴스가 전세계 매체로부터 종합한 최신 뉴스,30,meta_description_short,-103.0,meta_description_not_full_body,40.0,False,False,https://news.google.com/rss/articles/CBMiW0FVX3lxTE5iM3VMSlJQMDVQTUFua09XNmhnU0lsNUwwQ250dDl1Y1l6SHEzZVhWSzZLSk1PZFRORmVtX3JKUVhNdFhOaU03alcxeE5rVEIyMjUxVlNXcEx5X2_SAWBBVV95cUxOVVluaWlRb05lZ01qM3hGWmFJZVd6ekZDdUtnYkhodzVfMEpMRGFseTdRX1NyTWNHcE1mNnkwMUhoLUp6dF9QLWtJZ2hNbTdPVGJGQWJXWG1SaVBtRHI1N1M?oc=5,https://news.google.com/rss/articles/CBMiW0FVX3lxTE5iM3VMSlJQMDVQTUFua09XNmhnU0lsNUwwQ250dDl1Y1l6SHEzZVhWSzZLSk1PZFRORmVtX3JKUVhNdFhOaU03alcxeE5rVEIyMjUxVlNXcEx5X2_SAWBBVV95cUxOVVluaWlRb05lZ01qM3hGWmFJZVd6ekZDdUtnYkhodzVfMEpMRGFseTdRX1NyTWNHcE1mNnkwMUhoLUp6dF9QLWtJZ2hNbTdPVGJGQWJXWG1SaVBtRHI1N1M?oc=5&hl=ko&gl=KR&ceid=KR%3Ako,75.3,digital_asset_stablecoin,digital_asset_stablecoin,,no_original_date_found,no_original_date_found_kept,0.0,-118.7,,0.0,,,0.0,,,,issue_representative_attempt,I143,self_strategic_reference:한투증권 카카오 디지털자산 발행 유통 서비스 개발 맞손,카카오,자사 및 계열사 이슈,자사_및_계열사_이슈,자사_및_계열사_이슈,자사_및_계열사_이슈,자사 및 계열사 이슈,,
자사_및_계열사_이슈,자사 및 계열사 이슈,카카오,"“발행·유통부터 투자·송금까지”…한투·카카오, 디지털자산 금융 동맹",디지털데일리,디지털데일리,"Thu, 01 Oct 2026 01:32:36 GMT","Thu, 01 Oct 2026 01:32:36 GMT","“발행·유통부터 투자·송금까지”…한투·카카오, 디지털자산 금융 동맹 디지털데일리",Google 뉴스가 전세계 매체로부터 종합한 최신 뉴스,30,meta_description_short,-103.0,meta_description_not_full_body,40.0,False,False,https://news.google.com/rss/articles/CBMiZEFVX3lxTE5LMld1akdFdTNtYTdPQW1UMGhlR3FhN3hKeS04cFJKUm5YNHEwYmRRMm5wYXo0RnhqVmRCV01zRHJoUVdOMExfSjlMVW5MZGZSQWtEanczNGRGdm1jdGIwRWluaUE?oc=5,https://news.google.com/rss/articles/CBMiZEFVX3lxTE5LMld1akdFdTNtYTdPQW1UMGhlR3FhN3hKeS04cFJKUm5YNHEwYmRRMm5wYXo0RnhqVmRCV01zRHJoUVdOMExfSjlMVW5MZGZSQWtEanczNGRGdm1jdGIwRWluaUE?oc=5&hl=ko&gl=KR&ceid=KR%3Ako,72.3,digital_asset_stablecoin,digital_asset_stablecoin,,no_original_date_found,no_original_date_found_kept,0.0,-124.7,,0.0,,,0.0,,,,issue_representative_attempt,I144,self_strategic_reference:발행 유통부터 투자 송금까지 한투 카카오 디지털자산 금융 동맹,카카오,자사 및 계열사 이슈,자사_및_계열사_이슈,자사_및_계열사_이슈,자사_및_계열사_이슈,자사 및 계열사 이슈,,
자사_및_계열사_이슈,자사 및 계열사 이슈,카카오,"한투증권, 카카오그룹과 '맞손'…디지털자산 서비스 공동 개발",뉴시스,뉴시스,"Thu, 01 Oct 2026 01:11:41 GMT","Thu, 01 Oct 2026 01:11:41 GMT","한투증권, 카카오그룹과 '맞손'…디지털자산 서비스 공동 개발 뉴시스",Google 뉴스가 전세계 매체로부터 종합한 최신 뉴스,30,meta_description_short,-103.0,meta_description_not_full_body,40.0,False,False,https://news.google.com/rss/articles/CBMieEFVX3lxTE9kQXdHd3pkMGZrRlFKdm4tZHN3NTVqVFpReFY3Y0hxZ3hvdW4yLTFLSnV1Y3lPb1RpdDJLcDlWQmFVTGs3UVRuYXBXd2dWZFowbkJpb29TUFd6c0cyU0ZKX0FEZmZwcmVBQzRkejJIbnVhMHp0VG1FbtIBeEFVX3lxTE9kQXdHd3pkMGZrRlFKdm4tZHN3NTVqVFpReFY3Y0hxZ3hvdW4yLTFLSnV1Y3lPb1RpdDJLcDlWQmFVTGs3UVRuYXBXd2dWZFowbkJpb29TUFd6c0cyU0ZKX0FEZmZwcmVBQzRkejJIbnVhMHp0VG1Fbg?oc=5,https://news.google.com/rss/articles/CBMieEFVX3lxTE9kQXdHd3pkMGZrRlFKdm4tZHN3NTVqVFpReFY3Y0hxZ3hvdW4yLTFLSnV1Y3lPb1RpdDJLcDlWQmFVTGs3UVRuYXBXd2dWZFowbkJpb29TUFd6c0cyU0ZKX0FEZmZwcmVBQzRkejJIbnVhMHp0VG1FbtIBeEFVX3lxTE9kQXdHd3pkMGZrRlFKdm4tZHN3NTVqVFpReFY3Y0hxZ3hvdW4yLTFLSnV1Y3lPb1RpdDJLcDlWQmFVTGs3UVRuYXBXd2dWZFowbkJpb29TUFd6c0cyU0ZKX0FEZmZwcmVBQzRkejJIbnVhMHp0VG1Fbg?oc=5&hl=ko&gl=KR&ceid=KR%3Ako,72.3,digital_asset_stablecoin,digital_asset_stablecoin,,no_original_date_found,no_original_date_found_kept,0.0,-122.7,,0.0,,,0.0,,,,issue_representative_attempt,I145,self_strategic_reference:한투증권 카카오그룹과 맞손 디지털자산 서비스 공동 개발,카카오,자사 및 계열사 이슈,자사_및_계열사_이슈,자사_및_계열사_이슈,자사_및_계열사_이슈,자사 및 계열사 이슈,,
자사_및_계열사_이슈,자사 및 계열사 이슈,카카오,"한투증권, 카카오그룹과 손잡고 디지털자산 생태계 구축 - 머니투데이",머니투데이,머니투데이,"Thu, 01 Oct 2026 00:24:56 GMT","Thu, 01 Oct 2026 00:24:56 GMT","한투증권, 카카오그룹과 손잡고 디지털자산 생태계 구축 - 머니투데이 머니투데이",Google 뉴스가 전세계 매체로부터 종합한 최신 뉴스,30,meta_description_short,-103.0,meta_description_not_full_body,40.0,False,False,https://news.google.com/rss/articles/CBMie0FVX3lxTE90RWF6bGtmV2YxN1RwN3c1M2pzZ0dpTzlKUUlqSURyMGN5Vl9kYjFtMXFfektONDJ0WWNoSWpfeU1RR3V0M3JHNnNQZl9PTFJXdUdxd3QzMm9qWTh5ckVrOEZuRnBLMVZyWXNnZ1puRUtXbTBZNE5yOW95ONIBe0FVX3lxTE90RWF6bGtmV2YxN1RwN3c1M2pzZ0dpTzlKUUlqSURyMGN5Vl9kYjFtMXFfektONDJ0WWNoSWpfeU1RR3V0M3JHNnNQZl9PTFJXdUdxd3QzMm9qWTh5ckVrOEZuRnBLMVZyWXNnZ1puRUtXbTBZNE5yOW95OA?oc=5,https://news.google.com/rss/articles/CBMie0FVX3lxTE90RWF6bGtmV2YxN1RwN3c1M2pzZ0dpTzlKUUlqSURyMGN5Vl9kYjFtMXFfektONDJ0WWNoSWpfeU1RR3V0M3JHNnNQZl9PTFJXdUdxd3QzMm9qWTh5ckVrOEZuRnBLMVZyWXNnZ1puRUtXbTBZNE5yOW95ONIBe0FVX3lxTE90RWF6bGtmV2YxN1RwN3c1M2pzZ0dpTzlKUUlqSURyMGN5Vl9kYjFtMXFfektONDJ0WWNoSWpfeU1RR3V0M3JHNnNQZl9PTFJXdUdxd3QzMm9qWTh5ckVrOEZuRnBLMVZyWXNnZ1puRUtXbTBZNE5yOW95OA?oc=5&hl=ko&gl=KR&ceid=KR%3Ako,72.3,digital_asset_stablecoin,digital_asset_stablecoin,,no_original_date_found,no_original_date_found_kept,0.0,-126.7,,0.0,,,0.0,,,,issue_representative_attempt,I146,self_strategic_reference:한투증권 카카오그룹과 손잡고 디지털자산 생태계 구축,카카오,자사 및 계열사 이슈,자사_및_계열사_이슈,자사_및_계열사_이슈,자사_및_계열사_이슈,자사 및 계열사 이슈,,
자사_및_계열사_이슈,자사 및 계열사 이슈,카카오,카카오그룹-한국투자증권 맞손…디지털자산 발행·유통 사업 확대,미래경제,미래경제,"Thu, 01 Oct 2026 08:04:08 GMT","Thu, 01 Oct 2026 08:04:08 GMT",카카오그룹-한국투자증권 맞손…디지털자산 발행·유통 사업 확대 미래경제,Google 뉴스가 전세계 매체로부터 종합한 최신 뉴스,30,meta_description_short,-103.0,meta_description_not_full_body,40.0,False,False,https://news.google.com/rss/articles/CBMibEFVX3lxTE5tLTRLa3hKWWl1Q1RDa1pncmU0a0N2ei1WdHJ1NHJJbnJlV2E0U3JsOUVWNHVtNGNvd1BQWE8zcW8xWGVNQzRCMlhwelVOLWN3YjI5ZnltX0VjUl9qZG83SF9Gb0piMHl3MjZIVg?oc=5,https://news.google.com/rss/articles/CBMibEFVX3lxTE5tLTRLa3hKWWl1Q1RDa1pncmU0a0N2ei1WdHJ1NHJJbnJlV2E0U3JsOUVWNHVtNGNvd1BQWE8zcW8xWGVNQzRCMlhwelVOLWN3YjI5ZnltX0VjUl9qZG83SF9Gb0piMHl3MjZIVg?oc=5&hl=ko&gl=KR&ceid=KR%3Ako,71.3,digital_asset_stablecoin,digital_asset_stablecoin,,no_original_date_found,no_original_date_found_kept,0.0,-136.7,,0.0,,,0.0,,,,issue_representative_attempt,I147,self_strategic_reference:카카오그룹 한국투자증권 맞손 디지털자산 발행 유통 사업 확대,카카오,자사 및 계열사 이슈,자사_및_계열사_이슈,자사_및_계열사_이슈,자사_및_계열사_이슈,자사 및 계열사 이슈,,
자사_및_계열사_이슈,자사 및 계열사 이슈,카카오,"카카오·한국투자증권, 디지털자산 사업 추진 MOU",파이낸셜투데이,,"Thu, 01 Oct 2026 07:56:12 GMT",,"카카오·한국투자증권, 디지털자산 사업 추진 MOU 파이낸셜투데이",,0,v24_pre_body_guardrail,-100.0,never_allow_title_only_low_value_or_caption,,False,,https://news.google.com/rss/articles/CBMibkFVX3lxTFBpYUF3TDRLUmplWWl1ckZycUJWSzRRQTRldkR6a1NURkU0djBkRWQ0NlVtM01VUUQzOVZhaGFPa1hWMXJQZnA4ekxTV2dSSFFickliQzBZUWttbzZ3cmIzVEdnZDlncHhlSVdsNlJn0gFuQVVfeXFMUGlhQXdMNEtSamVZaXVyRnJxQlZLNFFBNGV2RHprU1RGRTR2MGRFZDQ2VW0zTVVRRDM5VmFoYU9rWFYxclBmcDh6TFNXZ1JIUWJySWJDMFlRa21vNndyYjNUR2dkOWdweGVJV2w2Umc?oc=5,https://news.google.com/rss/articles/CBMibkFVX3lxTFBpYUF3TDRLUmplWWl1ckZycUJWSzRRQTRldkR6a1NURkU0djBkRWQ0NlVtM01VUUQzOVZhaGFPa1hWMXJQZnA4ekxTV2dSSFFickliQzBZUWttbzZ3cmIzVEdnZDlncHhlSVdsNlJn0gFuQVVfeXFMUGlhQXdMNEtSamVZaXVyRnJxQlZLNFFBNGV2RHprU1RGRTR2MGRFZDQ2VW0zTVVRRDM5VmFoYU9rWFYxclBmcDh6TFNXZ1JIUWJySWJDMFlRa21vNndyYjNUR2dkOWdweGVJV2w2Umc?oc=5,,,,,,,,,,,,,,,,,issue_representative_attempt,I148,self_strategic_reference:카카오 한국투자증권 디지털자산 사업 추진 mou,카카오,자사 및 계열사 이슈,자사_및_계열사_이슈,자사_및_계열사_이슈,자사_및_계열사_이슈,자사 및 계열사 이슈,최종금지_대체필요,fail:never_allow_title_only
자사_및_계열사_이슈,자사 및 계열사 이슈,카카오,"카카오그룹, 한국투자증권과 맞손 디지털자산 사업 본격화",직썰,직썰,"Thu, 01 Oct 2026 05:42:13 GMT","Thu, 01 Oct 2026 05:42:13 GMT","카카오그룹, 한국투자증권과 맞손 디지털자산 사업 본격화 직썰",Google 뉴스가 전세계 매체로부터 종합한 최신 뉴스,30,meta_description_short,-103.0,meta_description_not_full_body,40.0,False,False,https://news.google.com/rss/articles/CBMibEFVX3lxTE5aeWd5NUZMRzZfLUkxZWNuSnhjLXpMbkNSd0RQbWlpTS1UN1RpMFR3bXU2Qmd5MzlqT0dfOTBuRGFIeWtYQTVFckZ2cGJKMzhPakFRaGdoMnV2SjR6T1d2ZUl3SzZNa0pxUjNwZNIBbEFVX3lxTE5aeWd5NUZMRzZfLUkxZWNuSnhjLXpMbkNSd0RQbWlpTS1UN1RpMFR3bXU2Qmd5MzlqT0dfOTBuRGFIeWtYQTVFckZ2cGJKMzhPakFRaGdoMnV2SjR6T1d2ZUl3SzZNa0pxUjNwZA?oc=5,https://news.google.com/rss/articles/CBMibEFVX3lxTE5aeWd5NUZMRzZfLUkxZWNuSnhjLXpMbkNSd0RQbWlpTS1UN1RpMFR3bXU2Qmd5MzlqT0dfOTBuRGFIeWtYQTVFckZ2cGJKMzhPakFRaGdoMnV2SjR6T1d2ZUl3SzZNa0pxUjNwZNIBbEFVX3lxTE5aeWd5NUZMRzZfLUkxZWNuSnhjLXpMbkNSd0RQbWlpTS1UN1RpMFR3bXU2Qmd5MzlqT0dfOTBuRGFIeWtYQTVFckZ2cGJKMzhPakFRaGdoMnV2SjR6T1d2ZUl3SzZNa0pxUjNwZA?oc=5&hl=ko&gl=KR&ceid=KR%3Ako,71.3,digital_asset_stablecoin,digital_asset_stablecoin,,no_original_date_found,no_original_date_found_kept,0.0,-136.7,,0.0,,,0.0,,,,issue_representative_attempt,I149,self_strategic_reference:카카오그룹 한국투자증권과 맞손 디지털자산 사업 본격화,카카오,자사 및 계열사 이슈,자사_및_계열사_이슈,자사_및_계열사_이슈,자사_및_계열사_이슈,자사 및 계열사 이슈,,
자사_및_계열사_이슈,자사 및 계열사 이슈,카카오,"카카오그룹-한국투자증권, 디지털자산 생태계 구축 맞손",미디어펜,미디어펜,"Thu, 01 Oct 2026 05:18:20 GMT","Thu, 01 Oct 2026 05:18:20 GMT","카카오그룹-한국투자증권, 디지털자산 생태계 구축 맞손 미디어펜",Google 뉴스가 전세계 매체로부터 종합한 최신 뉴스,30,meta_description_short,-103.0,meta_description_not_full_body,40.0,False,False,https://news.google.com/rss/articles/CBMiWEFVX3lxTFBPd0xBVjRSQTNaODhXYjdBWXpDeHEwY2lUOEZ2TXNMQTY2eFJYcXl2SUdIQ2dzMFJJM0dkNWljY1ZrTWh3d1AyM0dSaUd0ZlYwWE1iSENIc3XSAVhBVV95cUxQT3dMQVY0UkEzWjg4V2I3QVl6Q3hxMGNpVDhGdk1zTEE2NnhSWHF5dklHSENnczBSSTNHZDVpY2NWa01od3dQMjNHUmlHdGZWMFhNYkhDSHN1?oc=5,https://news.google.com/rss/articles/CBMiWEFVX3lxTFBPd0xBVjRSQTNaODhXYjdBWXpDeHEwY2lUOEZ2TXNMQTY2eFJYcXl2SUdIQ2dzMFJJM0dkNWljY1ZrTWh3d1AyM0dSaUd0ZlYwWE1iSENIc3XSAVhBVV95cUxQT3dMQVY0UkEzWjg4V2I3QVl6Q3hxMGNpVDhGdk1zTEE2NnhSWHF5dklHSENnczBSSTNHZDVpY2NWa01od3dQMjNHUmlHdGZWMFhNYkhDSHN1?oc=5&hl=ko&gl=KR&ceid=KR%3Ako,71.3,digital_asset_stablecoin,digital_asset_stablecoin,,no_original_date_found,no_original_date_found_kept,0.0,-136.7,,0.0,,,0.0,,,,issue_representative_attempt,I150,self_strategic_reference:카카오그룹 한국투자증권 디지털자산 생태계 구축 맞손,카카오,자사 및 계열사 이슈,자사_및_계열사_이슈,자사_및_계열사_이슈,자사_및_계열사_이슈,자사 및 계열사 이슈,,
자사_및_계열사_이슈,자사 및 계열사 이슈,카카오,"한국투자증권, 카카오그룹과 맞손···디지털자산 사업 협력 나서",직썰,직썰,"Thu, 01 Oct 2026 05:12:58 GMT","Thu, 01 Oct 2026 05:12:58 GMT","한국투자증권, 카카오그룹과 맞손···디지털자산 사업 협력 나서 직썰",Google 뉴스가 전세계 매체로부터 종합한 최신 뉴스,30,meta_description_short,-103.0,meta_description_not_full_body,40.0,False,False,https://news.google.com/rss/articles/CBMiaEFVX3lxTE9rQmQzX21YU2htcUlkeXJsV3lYZ2xFNXA2S3hjeDdkWXQxT05QNzB3N0JUWW85Y2FDY2N1QUgzZWhDV3o5OERJODh4M2JQQkx3cGE0bHVtMHhrNy1SaDFHUklGYUZfM1Jn0gFsQVVfeXFMT09jRHVuR0J1SE5QRkI1WmlkakpieGZmQmc5bTZmLTBITWgzQVZieWJVcUxXalFfZEYxUjBkLXZuS3c4U092NV9tVnBTRzQ0bmJUY2NUU2NJTko3NUN2QVZHZ0FkLWxrOHpVOGg0?oc=5,https://news.google.com/rss/articles/CBMiaEFVX3lxTE9rQmQzX21YU2htcUlkeXJsV3lYZ2xFNXA2S3hjeDdkWXQxT05QNzB3N0JUWW85Y2FDY2N1QUgzZWhDV3o5OERJODh4M2JQQkx3cGE0bHVtMHhrNy1SaDFHUklGYUZfM1Jn0gFsQVVfeXFMT09jRHVuR0J1SE5QRkI1WmlkakpieGZmQmc5bTZmLTBITWgzQVZieWJVcUxXalFfZEYxUjBkLXZuS3c4U092NV9tVnBTRzQ0bmJUY2NUU2NJTko3NUN2QVZHZ0FkLWxrOHpVOGg0?oc=5&hl=ko&gl=KR&ceid=KR%3Ako,71.3,digital_asset_stablecoin,digital_asset_stablecoin,,no_original_date_found,no_original_date_found_kept,0.0,-136.7,,0.0,,,0.0,,,,issue_representative_attempt,I151,self_strategic_reference:한국투자증권 카카오그룹과 맞손 디지털자산 사업 협력 나서,카카오,자사 및 계열사 이슈,자사_및_계열사_이슈,자사_및_계열사_이슈,자사_및_계열사_이슈,자사 및 계열사 이슈,,
자사_및_계열사_이슈,자사 및 계열사 이슈,카카오,"송금부터 월렛까지…카카오·한투, 디지털자산 생태계 인프라 구축",KPI뉴스,KPI뉴스,"Thu, 01 Oct 2026 04:42:31 GMT","Thu, 01 Oct 2026 04:42:31 GMT","송금부터 월렛까지…카카오·한투, 디지털자산 생태계 인프라 구축 KPI뉴스",Google 뉴스가 전세계 매체로부터 종합한 최신 뉴스,30,meta_description_short,-103.0,meta_description_not_full_body,40.0,False,False,https://news.google.com/rss/articles/CBMiV0FVX3lxTE9fRWVybFdtbzhqMG5zRnp5dC1LMkZ0WkEzOFU3dlZOQlNOb2JfbHJQNDN5SWQtZm1pZlo2QjJCMnJydGhIX3U0V2gyLXRiQkt2LUN3MlAyRdIBU0FVX3lxTE5EWnJTM0kwak1mTG56aklfVTVxMmU3RUJvZlVmVzJwMVJBQUlZR0twdDRBMzB1X29GUWZ2N3liTWhQOWRYaTh5MlBYMWdJenVPNVNj?oc=5,https://news.google.com/rss/articles/CBMiV0FVX3lxTE9fRWVybFdtbzhqMG5zRnp5dC1LMkZ0WkEzOFU3dlZOQlNOb2JfbHJQNDN5SWQtZm1pZlo2QjJCMnJydGhIX3U0V2gyLXRiQkt2LUN3MlAyRdIBU0FVX3lxTE5EWnJTM0kwak1mTG56aklfVTVxMmU3RUJvZlVmVzJwMVJBQUlZR0twdDRBMzB1X29GUWZ2N3liTWhQOWRYaTh5MlBYMWdJenVPNVNj?oc=5&hl=ko&gl=KR&ceid=KR%3Ako,71.3,digital_asset_stablecoin,digital_asset_stablecoin,,no_original_date_found,no_original_date_found_kept,0.0,-136.7,,0.0,,,0.0,,,,issue_representative_attempt,I152,self_strategic_reference:송금부터 월렛까지 카카오 한투 디지털자산 생태계 인프라 구축,카카오,자사 및 계열사 이슈,자사_및_계열사_이슈,자사_및_계열사_이슈,자사_및_계열사_이슈,자사 및 계열사 이슈,,
자사_및_계열사_이슈,자사 및 계열사 이슈,카카오,"한국투자증권, 카카오와 디지털자산 생태계 구축 동맹 |",연합인포맥스,연합인포맥스,"Thu, 01 Oct 2026 04:39:48 GMT","Thu, 01 Oct 2026 04:39:48 GMT","한국투자증권, 카카오와 디지털자산 생태계 구축 동맹 | 연합인포맥스",Google 뉴스가 전세계 매체로부터 종합한 최신 뉴스,30,meta_description_short,-103.0,meta_description_not_full_body,40.0,False,False,https://news.google.com/rss/articles/CBMidEFVX3lxTE9OSVEzT3NMbkF2c1RGeHNGZVRDR3lYNmdpejFCLWJOSHkwTFVwRWRiNER6VjNyWkVJZkJRdjc0OHdBYzJleTIySDVQYngxeV81ZmZWRG9sdm1lZTZuTjBrX25FdUlfcDBoVXQ1SlMzeG1DVEp2?oc=5,https://news.google.com/rss/articles/CBMidEFVX3lxTE9OSVEzT3NMbkF2c1RGeHNGZVRDR3lYNmdpejFCLWJOSHkwTFVwRWRiNER6VjNyWkVJZkJRdjc0OHdBYzJleTIySDVQYngxeV81ZmZWRG9sdm1lZTZuTjBrX25FdUlfcDBoVXQ1SlMzeG1DVEp2?oc=5&hl=ko&gl=KR&ceid=KR%3Ako,71.3,digital_asset_stablecoin,digital_asset_stablecoin,,no_original_date_found,no_original_date_found_kept,0.0,-136.7,,0.0,,,0.0,,,,issue_representative_attempt,I153,self_strategic_reference:한국투자증권 카카오와 디지털자산 생태계 구축 동맹,카카오,자사 및 계열사 이슈,자사_및_계열사_이슈,자사_및_계열사_이슈,자사_및_계열사_이슈,자사 및 계열사 이슈,,
자사_및_계열사_이슈,자사 및 계열사 이슈,카카오,"카카오그룹·한국투자증권, 디지털자산 전방위 협력…발행·유통·지갑까지",뉴스퀘스트,뉴스퀘스트,"Thu, 01 Oct 2026 04:27:11 GMT","Thu, 01 Oct 2026 04:27:11 GMT","카카오그룹·한국투자증권, 디지털자산 전방위 협력…발행·유통·지갑까지 뉴스퀘스트",Google 뉴스가 전세계 매체로부터 종합한 최신 뉴스,30,meta_description_short,-103.0,meta_description_not_full_body,40.0,False,False,https://news.google.com/rss/articles/CBMib0FVX3lxTFBiZDV3SUJoLUJWNlh4Ql81dFNPRlNGVUFIVTNUSnJtYUJ5ZVBNNDE0WE1VMngyNnBLTXVUM3pOX3o4ZmU1ZUhUaS1rNUM1VWFNWE56bzQtbV9UN0xVWjUtbmdRTnBWMjdBWEJlVFBBQQ?oc=5,https://news.google.com/rss/articles/CBMib0FVX3lxTFBiZDV3SUJoLUJWNlh4Ql81dFNPRlNGVUFIVTNUSnJtYUJ5ZVBNNDE0WE1VMngyNnBLTXVUM3pOX3o4ZmU1ZUhUaS1rNUM1VWFNWE56bzQtbV9UN0xVWjUtbmdRTnBWMjdBWEJlVFBBQQ?oc=5&hl=ko&gl=KR&ceid=KR%3Ako,71.3,digital_asset_stablecoin,digital_asset_stablecoin,,no_original_date_found,no_original_date_found_kept,0.0,-136.7,,-18.0,,,0.0,,,,issue_representative_attempt,I154,self_strategic_reference:카카오그룹 한국투자증권 디지털자산 전방위 협력 발행 유통 지갑까지,카카오,자사 및 계열사 이슈,자사_및_계열사_이슈,자사_및_계열사_이슈,자사_및_계열사_이슈,자사 및 계열사 이슈,,
자사_및_계열사_이슈,자사 및 계열사 이슈,카카오,"카카오그룹·한국투자증권, 디지털자산 금융서비스 공동 개발",파이낸셜포스트,파이낸셜포스트,"Thu, 01 Oct 2026 03:57:05 GMT","Thu, 01 Oct 2026 03:57:05 GMT","카카오그룹·한국투자증권, 디지털자산 금융서비스 공동 개발 파이낸셜포스트",Google 뉴스가 전세계 매체로부터 종합한 최신 뉴스,30,meta_description_short,-103.0,meta_description_not_full_body,40.0,False,False,https://news.google.com/rss/articles/CBMidEFVX3lxTE9WNnRkNEhzRFdQRDcwWG5qWExHaGVrNWdvQ19taUFvekdZNF9BVlB3SEJhczRIV0hMV1JZNTdHbUU4Ty0yMlNpMUZ5bDBxU0N6WXJ2NUtvOVotVHYzYmo1a2lOZjYtdVEyRmlxSU9rckxWS3d5?oc=5,https://news.google.com/rss/articles/CBMidEFVX3lxTE9WNnRkNEhzRFdQRDcwWG5qWExHaGVrNWdvQ19taUFvekdZNF9BVlB3SEJhczRIV0hMV1JZNTdHbUU4Ty0yMlNpMUZ5bDBxU0N6WXJ2NUtvOVotVHYzYmo1a2lOZjYtdVEyRmlxSU9rckxWS3d5?oc=5&hl=ko&gl=KR&ceid=KR%3Ako,71.3,digital_asset_stablecoin,digital_asset_stablecoin,,no_original_date_found,no_original_date_found_kept,0.0,-136.7,,0.0,,,0.0,,,,issue_representative_attempt,I155,self_strategic_reference:카카오그룹 한국투자증권 디지털자산 금융서비스 공동 개발,카카오,자사 및 계열사 이슈,자사_및_계열사_이슈,자사_및_계열사_이슈,자사_및_계열사_이슈,자사 및 계열사 이슈,,
자사_및_계열사_이슈,자사 및 계열사 이슈,카카오,"카카오그룹, 한국투자증권과 손잡고 디지털자산 생태계 구축",파이낸셜뉴스,파이낸셜뉴스,"Thu, 01 Oct 2026 01:54:37 GMT","Thu, 01 Oct 2026 01:54:37 GMT","카카오그룹, 한국투자증권과 손잡고 디지털자산 생태계 구축 파이낸셜뉴스",Google 뉴스가 전세계 매체로부터 종합한 최신 뉴스,30,meta_description_short,-103.0,meta_description_not_full_body,40.0,False,False,https://news.google.com/rss/articles/CBMiWkFVX3lxTE1RbGIyQnBlQXU2SnFobk5uVzFiLWRsV0RhQnpLa3BKM2tTSl9WS3VwTDZuMDk3YXZuV195MUthUWNkclVHcWtvV2tJaUs3TG5TUDBYOHNlQ0pudw?oc=5,https://news.google.com/rss/articles/CBMiWkFVX3lxTE1RbGIyQnBlQXU2SnFobk5uVzFiLWRsV0RhQnpLa3BKM2tTSl9WS3VwTDZuMDk3YXZuV195MUthUWNkclVHcWtvV2tJaUs3TG5TUDBYOHNlQ0pudw?oc=5&hl=ko&gl=KR&ceid=KR%3Ako,71.3,digital_asset_stablecoin,digital_asset_stablecoin,,no_original_date_found,no_original_date_found_kept,0.0,-127.7,,0.0,,,0.0,,,,issue_representative_attempt,I156,self_strategic_reference:카카오그룹 한국투자증권과 손잡고 디지털자산 생태계 구축,카카오,자사 및 계열사 이슈,자사_및_계열사_이슈,자사_및_계열사_이슈,자사_및_계열사_이슈,자사 및 계열사 이슈,,
자사_및_계열사_이슈,자사 및 계열사 이슈,카카오,"카카오그룹·한투증권, 디지털자산 동맹…전자지갑 구축도 협력",헤럴드경제,헤럴드경제,"Thu, 01 Oct 2026 00:28:21 GMT","Thu, 01 Oct 2026 00:28:21 GMT","카카오그룹·한투증권, 디지털자산 동맹…전자지갑 구축도 협력 헤럴드경제",Google 뉴스가 전세계 매체로부터 종합한 최신 뉴스,30,meta_description_short,-103.0,meta_description_not_full_body,40.0,False,False,https://news.google.com/rss/articles/CBMiVkFVX3lxTE9uYlNtbXRtT255WWprRFZTYXZWQzJ2djA0Ym9sTjVLZmxROXRFZ3pzei1lWWkwczkwSDRKYzQ0ZEd2cjEtdWhIU0ZYY295OHFxUXlQdFlR?oc=5,https://news.google.com/rss/articles/CBMiVkFVX3lxTE9uYlNtbXRtT255WWprRFZTYXZWQzJ2djA0Ym9sTjVLZmxROXRFZ3pzei1lWWkwczkwSDRKYzQ0ZEd2cjEtdWhIU0ZYY295OHFxUXlQdFlR?oc=5&hl=ko&gl=KR&ceid=KR%3Ako,71.3,digital_asset_stablecoin,digital_asset_stablecoin,,no_original_date_found,no_original_date_found_kept,0.0,-127.7,,0.0,,,0.0,,,,issue_representative_attempt,I157,self_strategic_reference:카카오그룹 한투증권 디지털자산 동맹 전자지갑 구축도 협력,카카오,자사 및 계열사 이슈,자사_및_계열사_이슈,자사_및_계열사_이슈,자사_및_계열사_이슈,자사 및 계열사 이슈,,
자사_및_계열사_이슈,자사 및 계열사 이슈,카카오,"""디지털자산 생태계 구축"" 한국투자증권, 카카오그룹과 MOU",아시아경제,,"Thu, 01 Oct 2026 00:27:00 GMT",,"""디지털자산 생태계 구축"" 한국투자증권, 카카오그룹과 MOU 아시아경제",,0,v24_pre_body_guardrail,-100.0,never_allow_title_only_low_value_or_caption,,False,,https://news.google.com/rss/articles/CBMiYkFVX3lxTFB1ZE5IOW9FVURNY1I2amhiZzIteS12T09vUmJocV9SOW1KYVc3NkxWWjdPY29tRFFNamRPR1AwUmd5UHhHVXVjNG1fM3c1N3FtX0g0RFhSUzNna001UV9xd3NB?oc=5,https://news.google.com/rss/articles/CBMiYkFVX3lxTFB1ZE5IOW9FVURNY1I2amhiZzIteS12T09vUmJocV9SOW1KYVc3NkxWWjdPY29tRFFNamRPR1AwUmd5UHhHVXVjNG1fM3c1N3FtX0g0RFhSUzNna001UV9xd3NB?oc=5,,,,,,,,,,,,,,,,,issue_representative_attempt,I158,self_strategic_reference:디지털자산 생태계 구축 한국투자증권 카카오그룹과 mou,카카오,자사 및 계열사 이슈,자사_및_계열사_이슈,자사_및_계열사_이슈,자사_및_계열사_이슈,자사 및 계열사 이슈,최종금지_대체필요,fail:never_allow_title_only
자사_및_계열사_이슈,자사 및 계열사 이슈,카카오,"한국투자증권, 카카오·카뱅·카카오페이와 맞손…디지털자산 사업 확대",스포츠서울,스포츠서울,"Thu, 01 Oct 2026 00:28:15 GMT","Thu, 01 Oct 2026 00:28:15 GMT","한국투자증권, 카카오·카뱅·카카오페이와 맞손…디지털자산 사업 확대 스포츠서울",Google 뉴스가 전세계 매체로부터 종합한 최신 뉴스,30,meta_description_short,-103.0,meta_description_not_full_body,42.5,False,False,https://news.google.com/rss/articles/CBMiWEFVX3lxTE94Q0Jtd1J0aWlURVM1STdpUnM3bFdRMVNDN1N4cTJ3S3IyV1d5SVVxM2ZfZU8tSGljTy1JOEtIODRqLU5xbVpJRDhOZ3MyUHdpdHJoVlUyS3I?oc=5,https://news.google.com/rss/articles/CBMiWEFVX3lxTE94Q0Jtd1J0aWlURVM1STdpUnM3bFdRMVNDN1N4cTJ3S3IyV1d5SVVxM2ZfZU8tSGljTy1JOEtIODRqLU5xbVpJRDhOZ3MyUHdpdHJoVlUyS3I?oc=5&hl=ko&gl=KR&ceid=KR%3Ako,70.8,digital_asset_stablecoin,digital_asset_stablecoin,,no_original_date_found,no_original_date_found_kept,0.0,-134.95,,0.0,,,0.0,,,,issue_representative_attempt,I161,self_strategic_reference:한국투자증권 카카오 카뱅 카카오페이와 맞손 디지털자산 사업 확대,카카오,자사 및 계열사 이슈,자사_및_계열사_이슈,자사_및_계열사_이슈,자사_및_계열사_이슈,자사 및 계열사 이슈,,
자사_및_계열사_이슈,자사 및 계열사 이슈,카카오,한국투자증권·카카오 '맞손'…디지털자산 서비스 협력,SBS Biz,SBS Biz,"Thu, 01 Oct 2026 01:52:00 GMT","Thu, 01 Oct 2026 01:52:00 GMT",한국투자증권·카카오 '맞손'…디지털자산 서비스 협력 SBS Biz,Google 뉴스가 전세계 매체로부터 종합한 최신 뉴스,30,meta_description_short,-103.0,meta_description_not_full_body,40.0,False,False,https://news.google.com/rss/articles/CBMiU0FVX3lxTE95S29sYmdYOGplbnNIWlBMb2Y5anFtcmJRX3poR2NOQWRXWHJ3MTB1eWRVOWFBcHpLVnNfdkJhUW55N25FQzRYTTlrTGQ5d1BtRUpN0gFYQVVfeXFMT0lJTExPNXRoU1VDMHVoaTN2RDduNWE2bjFROVpBclZZNGpVNWk2YTd3d0s2bFQxWWt2ZFNSejVtTVJ4VjFEN0d2eW9iZzU2QkdnWkUyaDJfYQ?oc=5,https://news.google.com/rss/articles/CBMiU0FVX3lxTE95S29sYmdYOGplbnNIWlBMb2Y5anFtcmJRX3poR2NOQWRXWHJ3MTB1eWRVOWFBcHpLVnNfdkJhUW55N25FQzRYTTlrTGQ5d1BtRUpN0gFYQVVfeXFMT0lJTExPNXRoU1VDMHVoaTN2RDduNWE2bjFROVpBclZZNGpVNWk2YTd3d0s2bFQxWWt2ZFNSejVtTVJ4VjFEN0d2eW9iZzU2QkdnWkUyaDJfYQ?oc=5&hl=ko&gl=KR&ceid=KR%3Ako,70.3,digital_asset_stablecoin,digital_asset_stablecoin,,no_original_date_found,no_original_date_found_kept,0.0,-129.7,,0.0,,,0.0,,,,issue_representative_attempt,I162,self_strategic_reference:한국투자증권 카카오 맞손 디지털자산 서비스 협력,카카오,자사 및 계열사 이슈,자사_및_계열사_이슈,자사_및_계열사_이슈,자사_및_계열사_이슈,자사 및 계열사 이슈,,
자사_및_계열사_이슈,자사 및 계열사 이슈,카카오,"“디지털자산 생태계 구축” 한투증권, 카카오그룹과 '맞손'",catchnews.kr,catchnews.kr,"Thu, 01 Oct 2026 08:33:00 GMT","Thu, 01 Oct 2026 08:33:00 GMT","“디지털자산 생태계 구축” 한투증권, 카카오그룹과 '맞손' catchnews.kr",Google 뉴스가 전세계 매체로부터 종합한 최신 뉴스,30,meta_description_short,-103.0,meta_description_not_full_body,40.0,False,False,https://news.google.com/rss/articles/CBMia0FVX3lxTE9ORy04NGtHeHgxQUhGRkhfY3FCcWZteWxLMTRfVTRYVVpNenVJaDVTSFhlMjhZUWVpSDA0cFdTeWhRQWVkM1V1bDd4NzFwMFlBUjhiVDEzODlJZnY2VDN0a1dBcGx0VnZUb1Vj0gFvQVVfeXFMT0libTl3MUZvQVYyZDhtOXVURFE0ZUhuMk5Kdm1KcTJpYkkzOEJCYTRFSV9uM24xYlNnYUhHTkc3T3A2SjdUSFppU0hOalJ2aVRfU1VaTjRiMlphcVN6WlNrekl5ZE1YYVdrQ0V2Ri1j?oc=5,https://news.google.com/rss/articles/CBMia0FVX3lxTE9ORy04NGtHeHgxQUhGRkhfY3FCcWZteWxLMTRfVTRYVVpNenVJaDVTSFhlMjhZUWVpSDA0cFdTeWhRQWVkM1V1bDd4NzFwMFlBUjhiVDEzODlJZnY2VDN0a1dBcGx0VnZUb1Vj0gFvQVVfeXFMT0libTl3MUZvQVYyZDhtOXVURFE0ZUhuMk5Kdm1KcTJpYkkzOEJCYTRFSV9uM24xYlNnYUhHTkc3T3A2SjdUSFppU0hOalJ2aVRfU1VaTjRiMlphcVN6WlNrekl5ZE1YYVdrQ0V2Ri1j?oc=5&hl=ko&gl=KR&ceid=KR%3Ako,69.3,digital_asset_stablecoin,digital_asset_stablecoin,,no_original_date_found,no_original_date_found_kept,0.0,-139.7,,0.0,,,0.0,,,,issue_representative_attempt,I164,self_strategic_reference:디지털자산 생태계 구축 한투증권 카카오그룹과 맞손,카카오,자사 및 계열사 이슈,자사_및_계열사_이슈,자사_및_계열사_이슈,자사_및_계열사_이슈,자사 및 계열사 이슈,,
자사_및_계열사_이슈,자사 및 계열사 이슈,카카오,"한국투자증권-카카오그룹, 디지털자산 동맹…발행·유통부터 월렛까지",m-i.kr,m-i.kr,"Thu, 01 Oct 2026 06:42:20 GMT","Thu, 01 Oct 2026 06:42:20 GMT","한국투자증권-카카오그룹, 디지털자산 동맹…발행·유통부터 월렛까지 m-i.kr",Google 뉴스가 전세계 매체로부터 종합한 최신 뉴스,30,meta_description_short,-103.0,meta_description_not_full_body,40.0,False,False,https://news.google.com/rss/articles/CBMiZEFVX3lxTE5FN3pyZE1kQUVUeHpGZE5rckVBdWV3U0MwUDBaYzNpYXhUVmtROWJWazRNcjY1b2R3STR3YzVxTlQ3MExNTGo1TjRDYVk3dThGd3VmQVoxRlk5eTNtbHp6LWxKbHE?oc=5,https://news.google.com/rss/articles/CBMiZEFVX3lxTE5FN3pyZE1kQUVUeHpGZE5rckVBdWV3U0MwUDBaYzNpYXhUVmtROWJWazRNcjY1b2R3STR3YzVxTlQ3MExNTGo1TjRDYVk3dThGd3VmQVoxRlk5eTNtbHp6LWxKbHE?oc=5&hl=ko&gl=KR&ceid=KR%3Ako,69.3,digital_asset_stablecoin,digital_asset_stablecoin,,no_original_date_found,no_original_date_found_kept,0.0,-139.7,,0.0,,,0.0,,,,issue_representative_attempt,I165,self_strategic_reference:한국투자증권 카카오그룹 디지털자산 동맹 발행 유통부터 월렛까지,카카오,자사 및 계열사 이슈,자사_및_계열사_이슈,자사_및_계열사_이슈,자사_및_계열사_이슈,자사 및 계열사 이슈,,
자사_및_계열사_이슈,자사 및 계열사 이슈,카카오,"한국투자증권·카카오그룹, 디지털자산 '동맹'..서비스 개발 맞손",초이스경제,초이스경제,"Thu, 01 Oct 2026 02:59:49 GMT","Thu, 01 Oct 2026 02:59:49 GMT","한국투자증권·카카오그룹, 디지털자산 '동맹'..서비스 개발 맞손 초이스경제",Google 뉴스가 전세계 매체로부터 종합한 최신 뉴스,30,meta_description_short,-103.0,meta_description_not_full_body,40.0,False,False,https://news.google.com/rss/articles/CBMicEFVX3lxTFB3TGhOMUhlU0FjUGZQNnN6X3lFT3ZZWG1nUFhPZmlKUWZSTDdsUGFJZ05JQzNudUNJUndMUnVybWQ3a0NyZ25VTDIwR3U3bHV4b1EtX0RDNTMwTkE3SEo2aTNhLUtxT3B3amdHZEp5dzbSAXNBVV95cUxOXy14ekNDNk44VWVlUWRUalo5cGhRVnVzTnY4c1pIQ1dhaElaYlJiRGFVQ01DaUtocWN2UnJpQVlSdk0xcHdGeHdKbFEyejRuTV9Fa3E4QlNoWGcwMDE4bElPYmotOTluZEdiVTJBODlqR2RR?oc=5,https://news.google.com/rss/articles/CBMicEFVX3lxTFB3TGhOMUhlU0FjUGZQNnN6X3lFT3ZZWG1nUFhPZmlKUWZSTDdsUGFJZ05JQzNudUNJUndMUnVybWQ3a0NyZ25VTDIwR3U3bHV4b1EtX0RDNTMwTkE3SEo2aTNhLUtxT3B3amdHZEp5dzbSAXNBVV95cUxOXy14ekNDNk44VWVlUWRUalo5cGhRVnVzTnY4c1pIQ1dhaElaYlJiRGFVQ01DaUtocWN2UnJpQVlSdk0xcHdGeHdKbFEyejRuTV9Fa3E4QlNoWGcwMDE4bElPYmotOTluZEdiVTJBODlqR2RR?oc=5&hl=ko&gl=KR&ceid=KR%3Ako,68.3,digital_asset_stablecoin,digital_asset_stablecoin,,no_original_date_found,no_original_date_found_kept,0.0,-136.7,,0.0,,,0.0,,,,issue_representative_attempt,I168,self_strategic_reference:한국투자증권 카카오그룹 디지털자산 동맹 서비스 개발 맞손,카카오,자사 및 계열사 이슈,자사_및_계열사_이슈,자사_및_계열사_이슈,자사_및_계열사_이슈,자사 및 계열사 이슈,,
자사_및_계열사_이슈,자사 및 계열사 이슈,카카오,"한국투자증권-카카오그룹, 디지털자산 금융서비스 협력 확대",팝콘뉴스,팝콘뉴스,"Thu, 01 Oct 2026 02:57:47 GMT","Thu, 01 Oct 2026 02:57:47 GMT","한국투자증권-카카오그룹, 디지털자산 금융서비스 협력 확대 팝콘뉴스",Google 뉴스가 전세계 매체로부터 종합한 최신 뉴스,30,meta_description_short,-103.0,meta_description_not_full_body,40.0,False,False,https://news.google.com/rss/articles/CBMickFVX3lxTE5TNmR2WlZPR3o2VkQtNVBrMlNyTEVDbS1FZ01TR1h2ZzZ1UmI4N013Q2E5N0ZRdW5pUlh0Wkd4RkxKX3dXY3JQZWJNTXBVaGxuZGxQMmw4RFpCdldzSXo2QlpLaU1SNEY3dkJ0ajJueU9jQdIBckFVX3lxTE5TNmR2WlZPR3o2VkQtNVBrMlNyTEVDbS1FZ01TR1h2ZzZ1UmI4N013Q2E5N0ZRdW5pUlh0Wkd4RkxKX3dXY3JQZWJNTXBVaGxuZGxQMmw4RFpCdldzSXo2QlpLaU1SNEY3dkJ0ajJueU9jQQ?oc=5,https://news.google.com/rss/articles/CBMickFVX3lxTE5TNmR2WlZPR3o2VkQtNVBrMlNyTEVDbS1FZ01TR1h2ZzZ1UmI4N013Q2E5N0ZRdW5pUlh0Wkd4RkxKX3dXY3JQZWJNTXBVaGxuZGxQMmw4RFpCdldzSXo2QlpLaU1SNEY3dkJ0ajJueU9jQdIBckFVX3lxTE5TNmR2WlZPR3o2VkQtNVBrMlNyTEVDbS1FZ01TR1h2ZzZ1UmI4N013Q2E5N0ZRdW5pUlh0Wkd4RkxKX3dXY3JQZWJNTXBVaGxuZGxQMmw4RFpCdldzSXo2QlpLaU1SNEY3dkJ0ajJueU9jQQ?oc=5&hl=ko&gl=KR&ceid=KR%3Ako,68.3,digital_asset_stablecoin,digital_asset_stablecoin,,no_original_date_found,no_original_date_found_kept,0.0,-136.7,,0.0,,,0.0,,,,issue_representative_attempt,I169,self_strategic_reference:한국투자증권 카카오그룹 디지털자산 금융서비스 협력 확대,카카오,자사 및 계열사 이슈,자사_및_계열사_이슈,자사_및_계열사_이슈,자사_및_계열사_이슈,자사 및 계열사 이슈,,
자사_및_계열사_이슈,자사 및 계열사 이슈,카카오,"한국투자증권, 카카오그룹과 디지털자산 생태계 구축 맞손",레디앙,레디앙,"Thu, 01 Oct 2026 02:35:33 GMT","Thu, 01 Oct 2026 02:35:33 GMT","한국투자증권, 카카오그룹과 디지털자산 생태계 구축 맞손 레디앙",Google 뉴스가 전세계 매체로부터 종합한 최신 뉴스,30,meta_description_short,-103.0,meta_description_not_full_body,40.0,False,False,https://news.google.com/rss/articles/CBMiaEFVX3lxTE1aZmljdHluNGUtYThiZ2xpRjRLNV9YWkU5Ry1HWXZNaVJxQnlmYXFVY2ExbHJ2ZmZSSGtUMDlJZHVfXzRxcktHT2QtWkVVS1NDcUtZanNpOWp0T1d3d0puRUJaWWVkSEh0?oc=5,https://news.google.com/rss/articles/CBMiaEFVX3lxTE1aZmljdHluNGUtYThiZ2xpRjRLNV9YWkU5Ry1HWXZNaVJxQnlmYXFVY2ExbHJ2ZmZSSGtUMDlJZHVfXzRxcktHT2QtWkVVS1NDcUtZanNpOWp0T1d3d0puRUJaWWVkSEh0?oc=5&hl=ko&gl=KR&ceid=KR%3Ako,68.3,digital_asset_stablecoin,digital_asset_stablecoin,,no_original_date_found,no_original_date_found_kept,0.0,-136.7,,0.0,,,0.0,,,,issue_representative_attempt,I170,self_strategic_reference:한국투자증권 카카오그룹과 디지털자산 생태계 구축 맞손,카카오,자사 및 계열사 이슈,자사_및_계열사_이슈,자사_및_계열사_이슈,자사_및_계열사_이슈,자사 및 계열사 이슈,,
자사_및_계열사_이슈,자사 및 계열사 이슈,카카오,"카카오그룹·한국투자증권, 디지털자산 발행·유통 협력",현대경제신문,현대경제신문,"Thu, 01 Oct 2026 02:13:03 GMT","Thu, 01 Oct 2026 02:13:03 GMT","카카오그룹·한국투자증권, 디지털자산 발행·유통 협력 현대경제신문",Google 뉴스가 전세계 매체로부터 종합한 최신 뉴스,30,meta_description_short,-103.0,meta_description_not_full_body,40.0,False,False,https://news.google.com/rss/articles/CBMiaEFVX3lxTFBfdEVuWHJndnROT0ZFSTI2OU9JRDBnSHcwUWMtcjM1akN4bVpVWV93RFFBeGNGOWtNaEhqekRYLTQtbnQyZmcxWGFHUVpqQlM3aVdELWdmekh4WDVkZFNtdWxHYXhsNXk40gFrQVVfeXFMTUVMaHVQaTB4aUUtXzUtNzdmT3RaaUF2UWpxeFQ5MzFONFhycnE2dFI1eXdIOVlmbWs4QU9YT1FSMHU1QnlLNEl3cEw5SlFtRE1GU0xFVmlndl9Jc3VOSnVtVWZQZjVwVko2UnM?oc=5,https://news.google.com/rss/articles/CBMiaEFVX3lxTFBfdEVuWHJndnROT0ZFSTI2OU9JRDBnSHcwUWMtcjM1akN4bVpVWV93RFFBeGNGOWtNaEhqekRYLTQtbnQyZmcxWGFHUVpqQlM3aVdELWdmekh4WDVkZFNtdWxHYXhsNXk40gFrQVVfeXFMTUVMaHVQaTB4aUUtXzUtNzdmT3RaaUF2UWpxeFQ5MzFONFhycnE2dFI1eXdIOVlmbWs4QU9YT1FSMHU1QnlLNEl3cEw5SlFtRE1GU0xFVmlndl9Jc3VOSnVtVWZQZjVwVko2UnM?oc=5&hl=ko&gl=KR&ceid=KR%3Ako,68.3,digital_asset_stablecoin,digital_asset_stablecoin,,no_original_date_found,no_original_date_found_kept,0.0,-136.7,,0.0,,,0.0,,,,issue_representative_attempt,I171,self_strategic_reference:카카오그룹 한국투자증권 디지털자산 발행 유통 협력,카카오,자사 및 계열사 이슈,자사_및_계열사_이슈,자사_및_계열사_이슈,자사_및_계열사_이슈,자사 및 계열사 이슈,,
자사_및_계열사_이슈,자사 및 계열사 이슈,카카오,"한국투자증권·카카오그룹, 디지털자산 사업 맞손…발행·유통부터 월렛까지 협력",블루밍비트,블루밍비트,"Thu, 01 Oct 2026 02:08:10 GMT","Thu, 01 Oct 2026 02:08:10 GMT","한국투자증권·카카오그룹, 디지털자산 사업 맞손…발행·유통부터 월렛까지 협력 블루밍비트",Google 뉴스가 전세계 매체로부터 종합한 최신 뉴스,30,meta_description_short,-103.0,meta_description_not_full_body,40.0,False,False,https://news.google.com/rss/articles/CBMiUEFVX3lxTE9DY0s4SHJsWG96LUZ2S1hTbElZN3RVQVpWSWFwWloxZFFmMUFoY1RkWW9tQU1nSm1CWWxXYzlCblVoSnpXRzB1YlhsdWlkd18w?oc=5,https://news.google.com/rss/articles/CBMiUEFVX3lxTE9DY0s4SHJsWG96LUZ2S1hTbElZN3RVQVpWSWFwWloxZFFmMUFoY1RkWW9tQU1nSm1CWWxXYzlCblVoSnpXRzB1YlhsdWlkd18w?oc=5&hl=ko&gl=KR&ceid=KR%3Ako,68.3,digital_asset_stablecoin,digital_asset_stablecoin,,no_original_date_found,no_original_date_found_kept,0.0,-136.7,,0.0,,,0.0,,,,issue_representative_attempt,I172,self_strategic_reference:한국투자증권 카카오그룹 디지털자산 사업 맞손 발행 유통부터 월렛까지 협력,카카오,자사 및 계열사 이슈,자사_및_계열사_이슈,자사_및_계열사_이슈,자사_및_계열사_이슈,자사 및 계열사 이슈,,
자사_및_계열사_이슈,자사 및 계열사 이슈,카카오,"한투증권, 카카오그룹과 디지털자산 동맹…전자지갑 공동 구축",NSP통신,NSP통신,"Thu, 01 Oct 2026 02:06:46 GMT","Thu, 01 Oct 2026 02:06:46 GMT","한투증권, 카카오그룹과 디지털자산 동맹…전자지갑 공동 구축 NSP통신",Google 뉴스가 전세계 매체로부터 종합한 최신 뉴스,30,meta_description_short,-103.0,meta_description_not_full_body,40.0,False,False,https://news.google.com/rss/articles/CBMiYEFVX3lxTE8yczQzLUtXcXdFWU1md1RPamp1Rk56M21rcEJ6VS10cGpibXBob1U0TVJGckZpdkRCYnFTcE4wdGUwUUZMaXJhVndsNGd6VnppczNRa2dSck1pZlZqQUNuOA?oc=5,https://news.google.com/rss/articles/CBMiYEFVX3lxTE8yczQzLUtXcXdFWU1md1RPamp1Rk56M21rcEJ6VS10cGpibXBob1U0TVJGckZpdkRCYnFTcE4wdGUwUUZMaXJhVndsNGd6VnppczNRa2dSck1pZlZqQUNuOA?oc=5&hl=ko&gl=KR&ceid=KR%3Ako,68.3,digital_asset_stablecoin,digital_asset_stablecoin,,no_original_date_found,no_original_date_found_kept,0.0,-136.7,,0.0,,,0.0,,,,issue_representative_attempt,I173,self_strategic_reference:한투증권 카카오그룹과 디지털자산 동맹 전자지갑 공동 구축,카카오,자사 및 계열사 이슈,자사_및_계열사_이슈,자사_및_계열사_이슈,자사_및_계열사_이슈,자사 및 계열사 이슈,,
자사_및_계열사_이슈,자사 및 계열사 이슈,카카오,"카카오그룹, 한투증권과 맞손…디지털자산 서비스 개발 추진",동아일보,동아일보,"Thu, 01 Oct 2026 02:05:38 GMT","Thu, 01 Oct 2026 02:05:38 GMT","카카오그룹, 한투증권과 맞손…디지털자산 서비스 개발 추진 동아일보",Google 뉴스가 전세계 매체로부터 종합한 최신 뉴스,30,meta_description_short,-103.0,meta_description_not_full_body,40.0,False,False,https://news.google.com/rss/articles/CBMidkFVX3lxTE5HXzd4TnNrUUNHZmFORzg4bEpXNGRZbVhLQ253b2c3YXp6aFVOV3lVM0hPQVRPcFNLdG9vd1pIQXBybGIxWE9vTEFvQk5DTXJkLTM1cmsyQmVWemNtbnJkSjRjZ3ZESnUxLUloUG9mQ294M2c4alHSAWZBVV95cUxNV0pOTjJQREJwQWJZUElobkF3Z1FhWm9MZEdRUlZtdG9rVjJOalpJaFM2TUxybXUyODE5cG1PWmhMdEhSS1NLZDhiQ1E1V1NYVGpKcGZreW5NUi11eEY4bGJOMzRSc3c?oc=5,https://news.google.com/rss/articles/CBMidkFVX3lxTE5HXzd4TnNrUUNHZmFORzg4bEpXNGRZbVhLQ253b2c3YXp6aFVOV3lVM0hPQVRPcFNLdG9vd1pIQXBybGIxWE9vTEFvQk5DTXJkLTM1cmsyQmVWemNtbnJkSjRjZ3ZESnUxLUloUG9mQ294M2c4alHSAWZBVV95cUxNV0pOTjJQREJwQWJZUElobkF3Z1FhWm9MZEdRUlZtdG9rVjJOalpJaFM2TUxybXUyODE5cG1PWmhMdEhSS1NLZDhiQ1E1V1NYVGpKcGZreW5NUi11eEY4bGJOMzRSc3c?oc=5&hl=ko&gl=KR&ceid=KR%3Ako,68.3,digital_asset_stablecoin,digital_asset_stablecoin,,no_original_date_found,no_original_date_found_kept,0.0,-136.7,,0.0,,,0.0,,,,issue_representative_attempt,I174,self_strategic_reference:카카오그룹 한투증권과 맞손 디지털자산 서비스 개발 추진,카카오,자사 및 계열사 이슈,자사_및_계열사_이슈,자사_및_계열사_이슈,자사_및_계열사_이슈,자사 및 계열사 이슈,,
자사_및_계열사_이슈,자사 및 계열사 이슈,카카오,한국투자증권·카카오 MOU…디지털자산 서비스 협력,화이트페이퍼,,"Thu, 01 Oct 2026 02:03:00 GMT",,한국투자증권·카카오 MOU…디지털자산 서비스 협력 화이트페이퍼,,0,v24_pre_body_guardrail,-100.0,never_allow_title_only_low_value_or_caption,,False,,https://news.google.com/rss/articles/CBMicEFVX3lxTFB5aDEyVEpab2FaY2VvNHhRNHk1SWpFOVJ6bDhTLXpHRjdzRHhETENzZTQ2alBuZEZlWEFSQWZ1T2pZX3JHajZlSk55SkEtMGlMZElhaFFwQnVIMlR5ZF9qd0UzSjhhSGdFNHRPVU5UckPSAXNBVV95cUxPTktQMDdUZ1FoNXpLLUJyTUZMNWxRd2RtZ2xYaHg2a1Q0UFVZb2h6cUMyV3JtMEE1Z2RMb0VJM1ZYaHRvek9FZEY1UW1jNkxqQXdrbzgzb04tcmt3bmxiRFRJdXB5UU4wLVdXSXlTVGFFamFB?oc=5,https://news.google.com/rss/articles/CBMicEFVX3lxTFB5aDEyVEpab2FaY2VvNHhRNHk1SWpFOVJ6bDhTLXpHRjdzRHhETENzZTQ2alBuZEZlWEFSQWZ1T2pZX3JHajZlSk55SkEtMGlMZElhaFFwQnVIMlR5ZF9qd0UzSjhhSGdFNHRPVU5UckPSAXNBVV95cUxPTktQMDdUZ1FoNXpLLUJyTUZMNWxRd2RtZ2xYaHg2a1Q0UFVZb2h6cUMyV3JtMEE1Z2RMb0VJM1ZYaHRvek9FZEY1UW1jNkxqQXdrbzgzb04tcmt3bmxiRFRJdXB5UU4wLVdXSXlTVGFFamFB?oc=5,,,,,,,,,,,,,,,,,issue_representative_attempt,I175,self_strategic_reference:한국투자증권 카카오 mou 디지털자산 서비스 협력,카카오,자사 및 계열사 이슈,자사_및_계열사_이슈,자사_및_계열사_이슈,자사_및_계열사_이슈,자사 및 계열사 이슈,최종금지_대체필요,fail:never_allow_title_only
자사_및_계열사_이슈,자사 및 계열사 이슈,카카오,"한국투자증권, 카카오그룹과 MOU···디지털자산 발행·유통 협력",이뉴스투데이,,"Thu, 01 Oct 2026 01:59:56 GMT",,"한국투자증권, 카카오그룹과 MOU···디지털자산 발행·유통 협력 이뉴스투데이",,0,v24_pre_body_guardrail,-100.0,never_allow_title_only_low_value_or_caption,,False,,https://news.google.com/rss/articles/CBMidEFVX3lxTE12YThLWTlPTkVENWhXV2VvM3RjVklUV3JsZHMxcXl6TFBxV3FINVNEQXFYWHdfSUdDVE9uX2hhNVhnbjFTRnZCbFNLSjExLVUyZWNSeGwwQ0l1Q2lZeHE1c3FkRld0N19HVkZkelI4UG1xbVR00gF0QVVfeXFMTXZhOEtZOU9ORUQ1aFdXZW8zdGNWSVRXcmxkczFxeXpMUHFXcUg1U0RBcVhYd19JR0NUT25faGE1WGduMVNGdkJsU0tKMTEtVTJlY1J4bDBDSXVDaVl4cTVzcWRGV3Q3X0dWRmR6UjhQbXFtVHQ?oc=5,https://news.google.com/rss/articles/CBMidEFVX3lxTE12YThLWTlPTkVENWhXV2VvM3RjVklUV3JsZHMxcXl6TFBxV3FINVNEQXFYWHdfSUdDVE9uX2hhNVhnbjFTRnZCbFNLSjExLVUyZWNSeGwwQ0l1Q2lZeHE1c3FkRld0N19HVkZkelI4UG1xbVR00gF0QVVfeXFMTXZhOEtZOU9ORUQ1aFdXZW8zdGNWSVRXcmxkczFxeXpMUHFXcUg1U0RBcVhYd19JR0NUT25faGE1WGduMVNGdkJsU0tKMTEtVTJlY1J4bDBDSXVDaVl4cTVzcWRGV3Q3X0dWRmR6UjhQbXFtVHQ?oc=5,,,,,,,,,,,,,,,,,issue_representative_attempt,I176,self_strategic_reference:한국투자증권 카카오그룹과 mou 디지털자산 발행 유통 협력,카카오,자사 및 계열사 이슈,자사_및_계열사_이슈,자사_및_계열사_이슈,자사_및_계열사_이슈,자사 및 계열사 이슈,최종금지_대체필요,fail:never_allow_title_only
자사_및_계열사_이슈,자사 및 계열사 이슈,카카오,"카카오그룹, 한국투자증권과 디지털자산 협력…발행·유통 서비스 공동 개발",비욘드포스트,비욘드포스트,"Thu, 01 Oct 2026 01:55:46 GMT","Thu, 01 Oct 2026 01:55:46 GMT","카카오그룹, 한국투자증권과 디지털자산 협력…발행·유통 서비스 공동 개발 비욘드포스트",Google 뉴스가 전세계 매체로부터 종합한 최신 뉴스,30,meta_description_short,-103.0,meta_description_not_full_body,40.0,False,False,https://news.google.com/rss/articles/CBMifEFVX3lxTE11RTh4TjNMWk1sSlpUUkRIMTlhZFg0UG41THBRVG1tLVNZb2tfYUhDQnRMWDdmSzlDcXNjT1Zkd0trQi1rRGJSVFBWQktYa1ZLVDRoUTBId3BGaFR1UzJSejJha2NTYXpLZjlnQVlOTnZxX3lrcWZGNjB1TUQ?oc=5,https://news.google.com/rss/articles/CBMifEFVX3lxTE11RTh4TjNMWk1sSlpUUkRIMTlhZFg0UG41THBRVG1tLVNZb2tfYUhDQnRMWDdmSzlDcXNjT1Zkd0trQi1rRGJSVFBWQktYa1ZLVDRoUTBId3BGaFR1UzJSejJha2NTYXpLZjlnQVlOTnZxX3lrcWZGNjB1TUQ?oc=5&hl=ko&gl=KR&ceid=KR%3Ako,68.3,digital_asset_stablecoin,digital_asset_stablecoin,,no_original_date_found,no_original_date_found_kept,0.0,-136.7,,0.0,,,0.0,,,,issue_representative_attempt,I177,self_strategic_reference:카카오그룹 한국투자증권과 디지털자산 협력 발행 유통 서비스 공동 개발,카카오,자사 및 계열사 이슈,자사_및_계열사_이슈,자사_및_계열사_이슈,자사_및_계열사_이슈,자사 및 계열사 이슈,,
자사_및_계열사_이슈,자사 및 계열사 이슈,카카오,"한국투자증권, 카카오그룹과 디지털자산 협력 확대",DealSite경제TV,DealSite경제TV,"Thu, 01 Oct 2026 01:32:35 GMT","Thu, 01 Oct 2026 01:32:35 GMT","한국투자증권, 카카오그룹과 디지털자산 협력 확대 DealSite경제TV",Google 뉴스가 전세계 매체로부터 종합한 최신 뉴스,30,meta_description_short,-103.0,meta_description_not_full_body,40.0,False,False,https://news.google.com/rss/articles/CBMiVkFVX3lxTFA0RWlTLXFVaC1IRnNFVnMwQVhreVlQQVBvRlYwQ2hucWJqQnd0N2ZWX2FjWlZMNGdwSmNvRjBVeEt0ZHAzNjFFQlllSkdCMnotR1R0emV3?oc=5,https://news.google.com/rss/articles/CBMiVkFVX3lxTFA0RWlTLXFVaC1IRnNFVnMwQVhreVlQQVBvRlYwQ2hucWJqQnd0N2ZWX2FjWlZMNGdwSmNvRjBVeEt0ZHAzNjFFQlllSkdCMnotR1R0emV3?oc=5&hl=ko&gl=KR&ceid=KR%3Ako,68.3,digital_asset_stablecoin,digital_asset_stablecoin,,no_original_date_found,no_original_date_found_kept,0.0,-136.7,,0.0,,,0.0,,,,issue_representative_attempt,I178,self_strategic_reference:한국투자증권 카카오그룹과 디지털자산 협력 확대,카카오,자사 및 계열사 이슈,자사_및_계열사_이슈,자사_및_계열사_이슈,자사_및_계열사_이슈,자사 및 계열사 이슈,,
자사_및_계열사_이슈,자사 및 계열사 이슈,카카오,"카카오그룹, 한국투자증권과 디지털자산 사업 협력 MOU 체결",팍스경제TV,,"Thu, 01 Oct 2026 01:26:57 GMT",,"카카오그룹, 한국투자증권과 디지털자산 사업 협력 MOU 체결 팍스경제TV",,0,v24_pre_body_guardrail,-100.0,never_allow_title_only_low_value_or_caption,,False,,https://news.google.com/rss/articles/CBMiaEFVX3lxTE9xN0dTRGFZelFIVEc4dF9nMDBWUGswRUxkNDc3bk8waURpQlB3RUQ3RkptdU9oX2RaNDhPVmZHRGIwSk8wckVoaVA0MVhIbTcwZ25jZEFwVHlGTkN1VE9mR0k5TzVNLXR0?oc=5,https://news.google.com/rss/articles/CBMiaEFVX3lxTE9xN0dTRGFZelFIVEc4dF9nMDBWUGswRUxkNDc3bk8waURpQlB3RUQ3RkptdU9oX2RaNDhPVmZHRGIwSk8wckVoaVA0MVhIbTcwZ25jZEFwVHlGTkN1VE9mR0k5TzVNLXR0?oc=5,,,,,,,,,,,,,,,,,issue_representative_attempt,I179,self_strategic_reference:카카오그룹 한국투자증권과 디지털자산 사업 협력 mou 체결,카카오,자사 및 계열사 이슈,자사_및_계열사_이슈,자사_및_계열사_이슈,자사_및_계열사_이슈,자사 및 계열사 이슈,최종금지_대체필요,fail:never_allow_title_only
자사_및_계열사_이슈,자사 및 계열사 이슈,카카오,"한국투자증권, 카카오그룹과 디지털자산 동맹…발행·유통·월렛 협력",아주경제,아주경제,"Thu, 01 Oct 2026 01:22:36 GMT","Thu, 01 Oct 2026 01:22:36 GMT","한국투자증권, 카카오그룹과 디지털자산 동맹…발행·유통·월렛 협력 아주경제",Google 뉴스가 전세계 매체로부터 종합한 최신 뉴스,30,meta_description_short,-103.0,meta_description_not_full_body,40.0,False,False,https://news.google.com/rss/articles/CBMiWEFVX3lxTE1lRTZISGkyRWhRc1p4ei05WWQzaXUxRUZjaF91azI1cGs1Z2tOeDZmN2pYcWE3cUJWc2xhVkt4S2RESGFIaHk5dVpjSWdmZ3ByaXhONkpWSzbSAVhBVV95cUxNZUU2SEhpMkVoUXNaeHotOVlkM2l1MUVGY2hfdWsyNXBrNWdrTng2ZjdqWHFhN3FCVnNsYVZLeEtkREhhSGh5OXVaY0lnZmdwcml4TjZKVks2?oc=5,https://news.google.com/rss/articles/CBMiWEFVX3lxTE1lRTZISGkyRWhRc1p4ei05WWQzaXUxRUZjaF91azI1cGs1Z2tOeDZmN2pYcWE3cUJWc2xhVkt4S2RESGFIaHk5dVpjSWdmZ3ByaXhONkpWSzbSAVhBVV95cUxNZUU2SEhpMkVoUXNaeHotOVlkM2l1MUVGY2hfdWsyNXBrNWdrTng2ZjdqWHFhN3FCVnNsYVZLeEtkREhhSGh5OXVaY0lnZmdwcml4TjZKVks2?oc=5&hl=ko&gl=KR&ceid=KR%3Ako,68.3,digital_asset_stablecoin,digital_asset_stablecoin,,no_original_date_found,no_original_date_found_kept,0.0,-136.7,,0.0,,,0.0,,,,issue_representative_attempt,I180,self_strategic_reference:한국투자증권 카카오그룹과 디지털자산 동맹 발행 유통 월렛 협력,카카오,자사 및 계열사 이슈,자사_및_계열사_이슈,자사_및_계열사_이슈,자사_및_계열사_이슈,자사 및 계열사 이슈,,
자사_및_계열사_이슈,자사 및 계열사 이슈,카카오,"카카오·한국투자증권, 디지털자산 금융서비스 협력",뉴스핌,뉴스핌,"Thu, 01 Oct 2026 00:58:00 GMT","Thu, 01 Oct 2026 00:58:00 GMT","카카오·한국투자증권, 디지털자산 금융서비스 협력 뉴스핌",Google 뉴스가 전세계 매체로부터 종합한 최신 뉴스,30,meta_description_short,-103.0,meta_description_not_full_body,40.0,False,False,https://news.google.com/rss/articles/CBMiXEFVX3lxTE0zUjhoOXQ1N3UwSjVpRHV4TXJzdzVva3FnZl9oMTRlMUZ2Y1pYQVhLejhZV3dNOFdjOUk3SkVsQkJIZzVxV1Z2QnZKRzJrTUZrRWU4X01sazZ0N29I?oc=5,https://news.google.com/rss/articles/CBMiXEFVX3lxTE0zUjhoOXQ1N3UwSjVpRHV4TXJzdzVva3FnZl9oMTRlMUZ2Y1pYQVhLejhZV3dNOFdjOUk3SkVsQkJIZzVxV1Z2QnZKRzJrTUZrRWU4X01sazZ0N29I?oc=5&hl=ko&gl=KR&ceid=KR%3Ako,68.3,digital_asset_stablecoin,digital_asset_stablecoin,,no_original_date_found,no_original_date_found_kept,0.0,-136.7,,0.0,,,0.0,,,,issue_representative_attempt,I181,self_strategic_reference:카카오 한국투자증권 디지털자산 금융서비스 협력,카카오,자사 및 계열사 이슈,자사_및_계열사_이슈,자사_및_계열사_이슈,자사_및_계열사_이슈,자사 및 계열사 이슈,,
자사_및_계열사_이슈,자사 및 계열사 이슈,카카오,"한국투자증권-카카오그룹, '디지털자산 생태계 구축' 맞손",1코노미뉴스,1코노미뉴스,"Thu, 01 Oct 2026 00:57:23 GMT","Thu, 01 Oct 2026 00:57:23 GMT","한국투자증권-카카오그룹, '디지털자산 생태계 구축' 맞손 1코노미뉴스",Google 뉴스가 전세계 매체로부터 종합한 최신 뉴스,30,meta_description_short,-103.0,meta_description_not_full_body,40.0,False,False,https://news.google.com/rss/articles/CBMicEFVX3lxTE0wWEJTaVpNTmNRSFBOUHV3cktVMGpwZGY3REVXVnplNmFrU2F4QzhYRFJ4UTlHalBJVlNEQk9GX0VOMjc1Z2dZVEtTdGxGLUd0ZXlYd2VKOVVZZTFjY254QTRkNkdFX2NUdUJPTF9ydk0?oc=5,https://news.google.com/rss/articles/CBMicEFVX3lxTE0wWEJTaVpNTmNRSFBOUHV3cktVMGpwZGY3REVXVnplNmFrU2F4QzhYRFJ4UTlHalBJVlNEQk9GX0VOMjc1Z2dZVEtTdGxGLUd0ZXlYd2VKOVVZZTFjY254QTRkNkdFX2NUdUJPTF9ydk0?oc=5&hl=ko&gl=KR&ceid=KR%3Ako,68.3,digital_asset_stablecoin,digital_asset_stablecoin,,no_original_date_found,no_original_date_found_kept,0.0,-136.7,,0.0,,,0.0,,,,issue_representative_attempt,I182,self_strategic_reference:한국투자증권 카카오그룹 디지털자산 생태계 구축 맞손,카카오,자사 및 계열사 이슈,자사_및_계열사_이슈,자사_및_계열사_이슈,자사_및_계열사_이슈,자사 및 계열사 이슈,,
자사_및_계열사_이슈,자사 및 계열사 이슈,카카오,"한국투자증권, 카카오그룹과 '맞손'…디지털자산 발행·유통 사업 본격화",뉴스핌,뉴스핌,"Thu, 01 Oct 2026 00:45:00 GMT","Thu, 01 Oct 2026 00:45:00 GMT","한국투자증권, 카카오그룹과 '맞손'…디지털자산 발행·유통 사업 본격화 뉴스핌",Google 뉴스가 전세계 매체로부터 종합한 최신 뉴스,30,meta_description_short,-103.0,meta_description_not_full_body,40.0,False,False,https://news.google.com/rss/articles/CBMiXEFVX3lxTFBERVM2bnhqWEJzX2JLbE9McEx1X2tDcW1YclJhcHE4Rkdwbl9NWHg0OEwwUHlVUkJXTEtYMTBkZnZwTVJEMHJ3NGtubnczTkxneUg1S29aT3dPb0U4?oc=5,https://news.google.com/rss/articles/CBMiXEFVX3lxTFBERVM2bnhqWEJzX2JLbE9McEx1X2tDcW1YclJhcHE4Rkdwbl9NWHg0OEwwUHlVUkJXTEtYMTBkZnZwTVJEMHJ3NGtubnczTkxneUg1S29aT3dPb0U4?oc=5&hl=ko&gl=KR&ceid=KR%3Ako,68.3,digital_asset_stablecoin,digital_asset_stablecoin,,no_original_date_found,no_original_date_found_kept,0.0,-136.7,,0.0,,,0.0,,,,issue_representative_attempt,I183,self_strategic_reference:한국투자증권 카카오그룹과 맞손 디지털자산 발행 유통 사업 본격화,카카오,자사 및 계열사 이슈,자사_및_계열사_이슈,자사_및_계열사_이슈,자사_및_계열사_이슈,자사 및 계열사 이슈,,
자사_및_계열사_이슈,자사 및 계열사 이슈,카카오,"한투증권·카카오, 디지털자산 맞손…투자·송금 서비스 개발",v.daum.net,v.daum.net,"Thu, 01 Oct 2026 00:41:08 GMT","Thu, 01 Oct 2026 00:41:08 GMT","한투증권·카카오, 디지털자산 맞손…투자·송금 서비스 개발 v.daum.net",Google 뉴스가 전세계 매체로부터 종합한 최신 뉴스,30,meta_description_short,-103.0,meta_description_not_full_body,40.0,False,False,https://news.google.com/rss/articles/CBMiRkFVX3lxTE4teHUzWnYteUxiWUVLOGNkaGdSLXhyVDZ0cFR3WngwWlBsUS1vYVFWUlBMNVE2aTB2WnVfd3ZBbFBfeUdKQVE?oc=5,https://news.google.com/rss/articles/CBMiRkFVX3lxTE4teHUzWnYteUxiWUVLOGNkaGdSLXhyVDZ0cFR3WngwWlBsUS1vYVFWUlBMNVE2aTB2WnVfd3ZBbFBfeUdKQVE?oc=5&hl=ko&gl=KR&ceid=KR%3Ako,68.3,digital_asset_stablecoin,digital_asset_stablecoin,,no_original_date_found,no_original_date_found_kept,0.0,-136.7,,0.0,,,0.0,,,,issue_representative_attempt,I184,self_strategic_reference:한투증권 카카오 디지털자산 맞손 투자 송금 서비스 개발,카카오,자사 및 계열사 이슈,자사_및_계열사_이슈,자사_및_계열사_이슈,자사_및_계열사_이슈,자사 및 계열사 이슈,,
자사_및_계열사_이슈,자사 및 계열사 이슈,카카오,"카카오그룹·한국투자증권, 디지털자산 사업 맞손…금융서비스 공동 개발",브릿지경제,브릿지경제,"Thu, 01 Oct 2026 00:36:00 GMT","Thu, 01 Oct 2026 00:36:00 GMT","카카오그룹·한국투자증권, 디지털자산 사업 맞손…금융서비스 공동 개발 브릿지경제",Google 뉴스가 전세계 매체로부터 종합한 최신 뉴스,30,meta_description_short,-103.0,meta_description_not_full_body,40.0,False,False,https://news.google.com/rss/articles/CBMiWkFVX3lxTE91UUpsRjZwZWRPSXFCRE1MUzZRaU5oVEdETE5RbVl1eEtibjhlTmZVMEU3UmQzSjlBZXFsNC1sa2p1TUhKM2pNYjlrUFpldnVLM3cwWXo5U0VRQQ?oc=5,https://news.google.com/rss/articles/CBMiWkFVX3lxTE91UUpsRjZwZWRPSXFCRE1MUzZRaU5oVEdETE5RbVl1eEtibjhlTmZVMEU3UmQzSjlBZXFsNC1sa2p1TUhKM2pNYjlrUFpldnVLM3cwWXo5U0VRQQ?oc=5&hl=ko&gl=KR&ceid=KR%3Ako,68.3,digital_asset_stablecoin,digital_asset_stablecoin,,no_original_date_found,no_original_date_found_kept,0.0,-136.7,,0.0,,,0.0,,,,issue_representative_attempt,I185,self_strategic_reference:카카오그룹 한국투자증권 디지털자산 사업 맞손 금융서비스 공동 개발,카카오,자사 및 계열사 이슈,자사_및_계열사_이슈,자사_및_계열사_이슈,자사_및_계열사_이슈,자사 및 계열사 이슈,,
자사_및_계열사_이슈,자사 및 계열사 이슈,카카오,"카카오그룹·한투증권, 디지털자산 금융서비스 공동 개발",글로벌이코노믹,글로벌이코노믹,"Thu, 01 Oct 2026 00:29:45 GMT","Thu, 01 Oct 2026 00:29:45 GMT","카카오그룹·한투증권, 디지털자산 금융서비스 공동 개발 글로벌이코노믹",Google 뉴스가 전세계 매체로부터 종합한 최신 뉴스,30,meta_description_short,-103.0,meta_description_not_full_body,40.0,False,False,https://news.google.com/rss/articles/CBMihAFBVV95cUxPcXlxMmcxS25aLVRrQ2VrTmJ4bkFSQUttVm1JUHh3MGgyQkhQYkMtNVlNeEpCa2kwRU9jOElleXNhNGluRFlsYWUwdndocDhlaXMzZ0hIdWNZTlBzZ3hHVUNqTGljbi1PT1NtNFB0SWY1X0dDdEZTVDhfQzIzMEZtTGlfd0Y?oc=5,https://news.google.com/rss/articles/CBMihAFBVV95cUxPcXlxMmcxS25aLVRrQ2VrTmJ4bkFSQUttVm1JUHh3MGgyQkhQYkMtNVlNeEpCa2kwRU9jOElleXNhNGluRFlsYWUwdndocDhlaXMzZ0hIdWNZTlBzZ3hHVUNqTGljbi1PT1NtNFB0SWY1X0dDdEZTVDhfQzIzMEZtTGlfd0Y?oc=5&hl=ko&gl=KR&ceid=KR%3Ako,68.3,digital_asset_stablecoin,digital_asset_stablecoin,,no_original_date_found,no_original_date_found_kept,0.0,-136.7,,0.0,,,0.0,,,,issue_representative_attempt,I186,self_strategic_reference:카카오그룹 한투증권 디지털자산 금융서비스 공동 개발,카카오,자사 및 계열사 이슈,자사_및_계열사_이슈,자사_및_계열사_이슈,자사_및_계열사_이슈,자사 및 계열사 이슈,,
자사_및_계열사_이슈,자사 및 계열사 이슈,카카오,"카카오그룹, 한국투자증권과 MOU…“디지털자산 생태계 구축”",뉴시안,,"Thu, 01 Oct 2026 00:24:54 GMT",,"카카오그룹, 한국투자증권과 MOU…“디지털자산 생태계 구축” 뉴시안",,0,v24_pre_body_guardrail,-100.0,never_allow_title_only_low_value_or_caption,,False,,https://news.google.com/rss/articles/CBMia0FVX3lxTE9Ua0lYUU5oVHd3dFhiUzF2Yk5nTVNJY3ZoRDdFQ3p3UDZDZEN3blpMZFZFUmNGUTlFakRpWDN4cDBJRDh0YUFHUjJrWEc0XzJoZ1M1ZFdIZHlzQ0F3M2pycjBpRWhZLVkta0Jv0gFuQVVfeXFMTW0zTXdBaVY5b0tYaTRTZDB3TXBTUlBpSkdnZXh6ajV4RzJSVU13Q3ZGbUZuTkJyN09WX2RnN2V0aEs1Y01NbWxBdTJNX2FjUkNSRHBXdmZNZEg4TnE2YXNLSUI2TFhoeW1yaWs5ZXc?oc=5,https://news.google.com/rss/articles/CBMia0FVX3lxTE9Ua0lYUU5oVHd3dFhiUzF2Yk5nTVNJY3ZoRDdFQ3p3UDZDZEN3blpMZFZFUmNGUTlFakRpWDN4cDBJRDh0YUFHUjJrWEc0XzJoZ1M1ZFdIZHlzQ0F3M2pycjBpRWhZLVkta0Jv0gFuQVVfeXFMTW0zTXdBaVY5b0tYaTRTZDB3TXBTUlBpSkdnZXh6ajV4RzJSVU13Q3ZGbUZuTkJyN09WX2RnN2V0aEs1Y01NbWxBdTJNX2FjUkNSRHBXdmZNZEg4TnE2YXNLSUI2TFhoeW1yaWs5ZXc?oc=5,,,,,,,,,,,,,,,,,issue_representative_attempt,I187,self_strategic_reference:카카오그룹 한국투자증권과 mou 디지털자산 생태계 구축,카카오,자사 및 계열사 이슈,자사_및_계열사_이슈,자사_및_계열사_이슈,자사_및_계열사_이슈,자사 및 계열사 이슈,최종금지_대체필요,fail:never_allow_title_only
자사_및_계열사_이슈,자사 및 계열사 이슈,카카오,"한국투자증권, 카카오그룹과 디지털자산 협력…발행·유통 서비스 개발",SR타임스,SR타임스,"Thu, 01 Oct 2026 00:21:27 GMT","Thu, 01 Oct 2026 00:21:27 GMT","한국투자증권, 카카오그룹과 디지털자산 협력…발행·유통 서비스 개발 SR타임스",Google 뉴스가 전세계 매체로부터 종합한 최신 뉴스,30,meta_description_short,-103.0,meta_description_not_full_body,40.0,False,False,https://news.google.com/rss/articles/CBMiaEFVX3lxTFBZTFhEUGl1Ym0tWjFabUlZNERaOXpnLWFPdHVTQzk5QmZ6Q2c0UG1yQlhUaFdZUHA0WTNJU19rTzloN1pvNGVxYTNoVGw4czNuOEVfZWhlek5QNTJVUnE3VXRobTNoVkd10gFrQVVfeXFMUFZrZzZqZVIzaEZCSTBjbzFKM3MyWDY0Si11QldwRS1pTGVwSU1vZEFWelFMdFp2c25rMlFhXzhSTU1MYXVIa2FXQ3FXZ01XUUM4b3NzUW1NTUVqclYycWFxU0ptMXg5R0dPNlU?oc=5,https://news.google.com/rss/articles/CBMiaEFVX3lxTFBZTFhEUGl1Ym0tWjFabUlZNERaOXpnLWFPdHVTQzk5QmZ6Q2c0UG1yQlhUaFdZUHA0WTNJU19rTzloN1pvNGVxYTNoVGw4czNuOEVfZWhlek5QNTJVUnE3VXRobTNoVkd10gFrQVVfeXFMUFZrZzZqZVIzaEZCSTBjbzFKM3MyWDY0Si11QldwRS1pTGVwSU1vZEFWelFMdFp2c25rMlFhXzhSTU1MYXVIa2FXQ3FXZ01XUUM4b3NzUW1NTUVqclYycWFxU0ptMXg5R0dPNlU?oc=5&hl=ko&gl=KR&ceid=KR%3Ako,68.3,digital_asset_stablecoin,digital_asset_stablecoin,,no_original_date_found,no_original_date_found_kept,0.0,-136.7,,0.0,,,0.0,,,,issue_representative_attempt,I188,self_strategic_reference:한국투자증권 카카오그룹과 디지털자산 협력 발행 유통 서비스 개발,카카오,자사 및 계열사 이슈,자사_및_계열사_이슈,자사_및_계열사_이슈,자사_및_계열사_이슈,자사 및 계열사 이슈,,
자사_및_계열사_이슈,자사 및 계열사 이슈,카카오,"카카오 3사·한국투자증권, 디지털자산 사업 손잡는다…발행·유통부터 월렛까지",핀포인트뉴스,핀포인트뉴스,"Thu, 01 Oct 2026 00:14:44 GMT","Thu, 01 Oct 2026 00:14:44 GMT","카카오 3사·한국투자증권, 디지털자산 사업 손잡는다…발행·유통부터 월렛까지 핀포인트뉴스",Google 뉴스가 전세계 매체로부터 종합한 최신 뉴스,30,meta_description_short,-103.0,meta_description_not_full_body,40.0,False,False,https://news.google.com/rss/articles/CBMic0FVX3lxTE50aDlha0VUNk81VE9WTkZnOFJIRXE1cGFqSXFEeEZsT2laR2JMZzVyM1lGWW1yZ0FuZDExZFQ1WVpyVHhYZzkwQnkyR3dHYkFQMUxIZGM0RmwyaHU3R1EtTWxxRkVVRTZHbmJfczV3MjU2RXfSAXdBVV95cUxQejB6VVM4VDdhN1I2T084UFNBcDYyQ3htX3p3eFd6QlJPVzNtZjB5V2RLVlJzcXk2bU8tdjdqVktCSEt6MkJkaHNhbGxyZVFHNzItb1ZsaFY2YmVFY0hJb2pvTFBRUi1vUGxkYnNKaExQY0pQa2xLOA?oc=5,https://news.google.com/rss/articles/CBMic0FVX3lxTE50aDlha0VUNk81VE9WTkZnOFJIRXE1cGFqSXFEeEZsT2laR2JMZzVyM1lGWW1yZ0FuZDExZFQ1WVpyVHhYZzkwQnkyR3dHYkFQMUxIZGM0RmwyaHU3R1EtTWxxRkVVRTZHbmJfczV3MjU2RXfSAXdBVV95cUxQejB6VVM4VDdhN1I2T084UFNBcDYyQ3htX3p3eFd6QlJPVzNtZjB5V2RLVlJzcXk2bU8tdjdqVktCSEt6MkJkaHNhbGxyZVFHNzItb1ZsaFY2YmVFY0hJb2pvTFBRUi1vUGxkYnNKaExQY0pQa2xLOA?oc=5&hl=ko&gl=KR&ceid=KR%3Ako,68.3,digital_asset_stablecoin,digital_asset_stablecoin,,no_original_date_found,no_original_date_found_kept,0.0,-136.7,,0.0,,,0.0,,,,issue_representative_attempt,I189,self_strategic_reference:카카오 3사 한국투자증권 디지털자산 사업 손잡는다 발행 유통부터 월렛까지,카카오,자사 및 계열사 이슈,자사_및_계열사_이슈,자사_및_계열사_이슈,자사_및_계열사_이슈,자사 및 계열사 이슈,,
